{"num_qubits": 5, "depth": 12, "num_circuit": 4, "num_generation": 50, "current_generation": 24, "fitnessss": [[0.40088878116887405, 0.33695873202702076, 0.3843900197949271, 0.367694489381111], [0.40088878116887405, 0.36506318555381184, 0.34556523353366747, 0.3986415542592453], [0.3713544015323394, 0.40401143511927273, 0.40088878116887405, 0.3986415542592453], [0.3797736457489077, 0.40088878116887405, 0.3986415542592453, 0.3481444184717848], [0.40088878116887405, 0.3986415542592453, 0.3192506922949818, 0.3986415542592453], [0.3384891872410001, 0.35176746631931816, 0.3352390638681425, 0.38031409424470003], [0.38675686267397935, 0.3535501510323706, 0.3508528280497668, 0.42383118651769686], [0.35437693561429606, 0.38675686267397935, 0.4047525566247928, 0.3700610734584862], [0.4072257781920022, 0.3774311104941611, 0.4047525566247928, 0.39735096682514925], [0.4072257781920022, 0.38245228672113785, 0.4072257781920022, 0.3921391191374831], [0.4072257781920022, 0.3873276180320481, 0.4072257781920022, 0.39330756249618676], [0.4523646519436634, 0.3763606940843578, 0.4072257781920022, 0.4072257781920022], [0.4042860531632271, 0.4072257781920022, 0.42797488954740726, 0.3761984973715403], [0.4288130141395238, 0.43919636968700776, 0.4238710149855721, 0.400266097048402], [0.4417069239827988, 0.4032099464121018, 0.4434556463648886, 0.40982283637470013], [0.42626821401665255, 0.4417069239827988, 0.4148241005138094, 0.47219867686386224], [0.47219867686386224, 0.4417069239827988, 0.3567511081882917, 0.39658519332653164], [0.3775370718914585, 0.4417069239827988, 0.4109500379941459, 0.4559705873541612], [0.43297711239604697, 0.4417069239827988, 0.43134144142880626, 0.4434556463648886], [0.4434556463648886, 0.4517617500513012, 0.4208320886310924, 0.42043279700013836], [0.37876351030869493, 0.41323093258069443, 0.4434556463648886, 0.28382484612158365], [0.4149493267813395, 0.41323093258069443, 0.4408241245178098, 0.47187079199730136], [0.4287529784653553, 0.4408241245178098, 0.46676332717894936, 0.47833766437912795], [0.4052023983488165, 0.4500379121391635, 0.49883849456683116, 0.4384431262985933]], "best_fitnesss": [0.40088878116887405, 0.40088878116887405, 0.40401143511927273, 0.40088878116887405, 0.40088878116887405, 0.38031409424470003, 0.42383118651769686, 0.4047525566247928, 0.4072257781920022, 0.4072257781920022, 0.4072257781920022, 0.4523646519436634, 0.42797488954740726, 0.43919636968700776, 0.4434556463648886, 0.47219867686386224, 0.47219867686386224, 0.4559705873541612, 0.4434556463648886, 0.4517617500513012, 0.4434556463648886, 0.47187079199730136, 0.47833766437912795, 0.49883849456683116], "prob_mutate": 0.0625}