{"num_qubits": 4, "depth": 23, "num_circuit": 32, "num_generation": 50, "current_generation": 6, "fitnessss": [[0.7619967020491125, 0.8322610711433522, 0.7488919375540201, 0.8760308353110255, 0.7983004864250127, 0.8008946806997079, 0.780892261872949, 0.8461746971888184, 0.902345592401276, 0.8559578276443723, 0.8530592411776325, 0.8330032733936674, 0.8869401317167289, 0.7556855403412428, 0.8410845186459606, 0.8089777541982576, 0.8905799621969986, 0.8265174630859728, 0.8575844427371191, 0.803130985261714, 0.7810681901881965, 0.8883502850216125, 0.8221993021903419, 0.8103262252722578, 0.7966810809512193, 0.7630961933952013, 0.7832602027552668, 0.8563384600481166, 0.8523747213125874, 0.882098112073716, 0.6787583384644347, 0.8386864954274575], [0.902345592401276, 0.8905799621969986, 0.8446197248327868, 0.8578402508728576, 0.8883502850216125, 0.8869401317167289, 0.8511919527962137, 0.8883669834650443, 0.882098112073716, 0.8760308353110255, 0.8444920781198691, 0.8831150344220037, 0.8447460693982057, 0.8550872893486947, 0.8485566786314098, 0.8332303694983351, 0.8559578276443723, 0.8021906461507274, 0.8671184235246713, 0.7804658590820519, 0.8523747213125874, 0.8461746971888184, 0.7944900619196684, 0.862518892368729, 0.8410845186459606, 0.8386864954274575, 0.8925789902601518, 0.8006789368496896, 0.8330032733936674, 0.8322610711433522, 0.8095923910242062, 0.833304323050112], [0.8911115166955728, 0.8925789902601518, 0.8865226719388994, 0.8690932692738015, 0.8905799621969986, 0.8883669834650443, 0.8661036797742578, 0.8516653254670221, 0.8883502850216125, 0.8869401317167289, 0.8511919527962137, 0.8883669834650443, 0.8831150344220037, 0.882098112073716, 0.8831150344220037, 0.882098112073716, 0.8760308353110255, 0.8845122249297146, 0.8595073295613135, 0.8365123060806667, 0.862518892368729, 0.8578402508728576, 0.8257634339031048, 0.8545551804888125, 0.8559578276443723, 0.8550872893486947, 0.8869763959819801, 0.8313875971150327, 0.8523747213125874, 0.8511919527962137, 0.8627874339416362, 0.862060329473598], [0.8925789902601518, 0.8911115166955728, 0.8694870303979059, 0.8865226719388994, 0.8905799621969986, 0.8883669834650443, 0.8661036797742578, 0.8516653254670221, 0.8603297258669704, 0.8883502850216125, 0.8883669834650443, 0.8641994464665345, 0.8869763959819801, 0.8869401317167289, 0.8611665553958721, 0.8802605559423495, 0.8865226719388994, 0.8712025138650995, 0.8841246128415368, 0.8662845370034515, 0.8831150344220037, 0.8831150344220037, 0.8831150344220037, 0.8737112657358631, 0.882098112073716, 0.882098112073716, 0.882098112073716, 0.882098112073716, 0.8760308353110255, 0.8690932692738015, 0.8707519559878776, 0.8205149228862284], [0.8925789902601518, 0.8911115166955728, 0.8694870303979059, 0.8865226719388994, 0.8905799621969986, 0.8883669834650443, 0.8661036797742578, 0.8516653254670221, 0.8883669834650443, 0.8883502850216125, 0.8883669834650443, 0.8883502850216125, 0.8869763959819801, 0.8869401317167289, 0.8611665553958721, 0.8802605559423495, 0.8865226719388994, 0.8865226719388994, 0.8865226719388994, 0.8865226719388994, 0.8841246128415368, 0.8831150344220037, 0.8792002565018256, 0.8723156001847698, 0.8831150344220037, 0.8831150344220037, 0.8676226694961168, 0.8171536367025667, 0.882098112073716, 0.882098112073716, 0.882098112073716, 0.882098112073716], [0.8925789902601518, 0.8911115166955728, 0.8694870303979059, 0.8865226719388994, 0.8905799621969986, 0.8883669834650443, 0.8661036797742578, 0.8516653254670221, 0.8923727005060152, 0.8883669834650443, 0.8824958227923775, 0.8883669834650443, 0.8883502850216125, 0.8883502850216125, 0.8883502850216125, 0.8883502850216125, 0.8869763959819801, 0.8869401317167289, 0.8611665553958721, 0.8802605559423495, 0.8865226719388994, 0.8865226719388994, 0.8865226719388994, 0.8865226719388994, 0.8865226719388994, 0.8865226719388994, 0.8865226719388994, 0.8865226719388994, 0.908338645420646, 0.8841246128415368, 0.8841246128415368, 0.8865226719388994]], "best_fitnesss": [0.902345592401276, 0.902345592401276, 0.8925789902601518, 0.8925789902601518, 0.8925789902601518, 0.908338645420646], "prob_mutate": 0.004076086956521739}