{"num_qubits": 4, "depth": 23, "num_circuit": 32, "num_generation": 50, "current_generation": 1, "fitnessss": [[0.7619967020491125, 0.8322610711433522, 0.7488919375540201, 0.8760308353110255, 0.7983004864250127, 0.8008946806997079, 0.780892261872949, 0.8461746971888184, 0.902345592401276, 0.8559578276443723, 0.8530592411776325, 0.8330032733936674, 0.8869401317167289, 0.7556855403412428, 0.8410845186459606, 0.8089777541982576, 0.8905799621969986, 0.8265174630859728, 0.8575844427371191, 0.803130985261714, 0.7810681901881965, 0.8883502850216125, 0.8221993021903419, 0.8103262252722578, 0.7966810809512193, 0.7630961933952013, 0.7832602027552668, 0.8563384600481166, 0.8523747213125874, 0.882098112073716, 0.6787583384644347, 0.8386864954274575]], "best_fitnesss": [0.902345592401276], "prob_mutate": 0.004076086956521739}