{"num_qubits": 6, "depth": 34, "num_circuit": 4, "num_generation": 30, "current_generation": 5, "fitnessss": [[0.6456202756256759, 0.6601992041901177, 0.6166544541164687, 0.6225839860319005], [0.6529912124940618, 0.6456202756256759, 0.6424681641747243, 0.6302376081408674], [0.6205923425902654, 0.6456202756256759, 0.6282648114482761, 0.636247928557433], [0.6571186454765896, 0.636247928557433, 0.636247928557433, 0.6456202756256759], [0.6534835842833828, 0.6456202756256759, 0.6536575247068194, 0.6456202756256759]], "best_fitnesss": [0.6601992041901177, 0.6529912124940618, 0.6456202756256759, 0.6571186454765896, 0.6536575247068194], "prob_mutate": 0.022058823529411766}