{"num_qubits": 4, "depth": 5, "num_circuit": 8, "num_generation": 10, "current_generation": 10, "fitnessss": [[0.2597967573227836, 0.1973046562747284, 0.2344456214396969, 0.23123694056849767, 0.3301971242449922, 0.14683478489554275, 0.13858445159152363, 0.1899705051152319], [0.26608755544990315, 0.2597967573227836, 0.29382497528011153, 0.20996129562699664, 0.24789645252397516, 0.23123694056849767, 0.19546372767175585, 0.2930716259682507], [0.29382497528011153, 0.32755458800537274, 0.31559718710481177, 0.19086073270724171, 0.26608755544990315, 0.2597967573227836, 0.29382497528011153, 0.1844944504120918], [0.29295467215764975, 0.3557195446887196, 0.2930716259682507, 0.3770522771062428, 0.4215890498048142, 0.29382497528011153, 0.29382497528011153, 0.29382497528011153], [0.38440436655487203, 0.36284494774746123, 0.3621010780164678, 0.29315855924283535, 0.3557195446887196, 0.32104081912740423, 0.29382497528011153, 0.20750807101876828], [0.38440436655487203, 0.36284494774746123, 0.3943149207295375, 0.3468377655993832, 0.3621010780164678, 0.3557195446887196, 0.3756851984136914, 0.32915190722754073], [0.3943149207295375, 0.38440436655487203, 0.3960647192863592, 0.3549218705148499, 0.3216256245569144, 0.36284494774746123, 0.4173738575789544, 0.46400317339798514], [0.46400317339798514, 0.4173738575789544, 0.353597181236396, 0.40154240595926166, 0.3960647192863592, 0.4170687488987446, 0.3943149207295375, 0.31358674594808644], [0.46400317339798514, 0.3429621912078328, 0.36284494774746123, 0.40154240595926166, 0.4170687488987446, 0.40154240595926166, 0.31117656134591315, 0.4173738575789544], [0.29817946244415816, 0.4173738575789544, 0.36284494774746123, 0.40154240595926166, 0.4170687488987446, 0.40154240595926166, 0.31117656134591315, 0.34517105797942965]], "best_fitnesss": [0.3301971242449922, 0.29382497528011153, 0.32755458800537274, 0.4215890498048142, 0.38440436655487203, 0.3943149207295375, 0.46400317339798514, 0.46400317339798514, 0.46400317339798514, 0.4173738575789544], "prob_mutate": 0.075}