{"num_qubits": 4, "depth": 9, "num_circuit": 32, "num_generation": 50, "current_generation": 5, "fitnessss": [[0.4554330746015366, 0.4347090004772034, 0.5053743948383946, 0.48713012670780564, 0.5010388851063811, 0.49202721559089213, 0.4632675415234858, 0.460722454353799, 0.27760003086025864, 0.22089731376797603, 0.4380797158586828, 0.4370188125349661, 0.43411319558992556, 0.46671773063778976, 0.4118197908005402, 0.39109530502737067, 0.4321819714203675, 0.3836007694278935, 0.3799879742631897, 0.33706532870501366, 0.33526534778889433, 0.37501566258016955, 0.41215429608868065, 0.44657180503199545, 0.3879631972562464, 0.4429264782326868, 0.4593034266100144, 0.49748379276992016, 0.4277350985138842, 0.3535351988057179, 0.49256681509836975, 0.41857762100210094], [0.5053743948383946, 0.5010388851063811, 0.4879719082114827, 0.5334786661771693, 0.49748379276992016, 0.49256681509836975, 0.5082258029285862, 0.43778490420864696, 0.4922281803023833, 0.49659498913436073, 0.5128997303064056, 0.531941778346923, 0.46671773063778976, 0.4632675415234858, 0.3803069200282039, 0.46912516705518464, 0.460722454353799, 0.4593034266100144, 0.44939658155704293, 0.45456907801502267, 0.4554330746015366, 0.44657180503199545, 0.43387552412960906, 0.45886160503334583, 0.4429264782326868, 0.4380797158586828, 0.45634585326377364, 0.42921227237365844, 0.4370188125349661, 0.4347090004772034, 0.4280591301889124, 0.5172711659549268], [0.5334786661771693, 0.5119000662280196, 0.4896985499775175, 0.4734573439712208, 0.5172711659549268, 0.5128997303064056, 0.41673137337191424, 0.5153945712073699, 0.5082258029285862, 0.5053743948383946, 0.5470954042380508, 0.49958908252713413, 0.5010388851063811, 0.49748379276992016, 0.5087236560542217, 0.46004778516488265, 0.49659498913436073, 0.49256681509836975, 0.5590742700162182, 0.3957388589013867, 0.4922281803023833, 0.42694616051155326, 0.45693580607788553, 0.5619042341351557, 0.46912516705518464, 0.46671773063778976, 0.46912516705518464, 0.46671773063778976, 0.4632675415234858, 0.460722454353799, 0.45347520601940594, 0.4714477539855858], [0.5619042341351557, 0.5590742700162182, 0.49958908252713413, 0.5524780757823098, 0.5470954042380508, 0.5334786661771693, 0.5470954042380508, 0.5334786661771693, 0.5172711659549268, 0.5153945712073699, 0.5172711659549268, 0.5153945712073699, 0.5128997303064056, 0.5119000662280196, 0.49202721559089213, 0.4883704368418805, 0.5087236560542217, 0.5090811563011343, 0.5590647016474252, 0.49748379276992016, 0.5053743948383946, 0.5010388851063811, 0.4879719082114827, 0.5334786661771693, 0.49958908252713413, 0.49748379276992016, 0.5318136127619819, 0.5082258029285862, 0.5526343172673844, 0.49256681509836975, 0.5590742700162182, 0.3957388589013867], [0.5619042341351557, 0.5590742700162182, 0.49958908252713413, 0.5524780757823098, 0.5590742700162182, 0.5590647016474252, 0.5590742700162182, 0.5590647016474252, 0.5925871681185649, 0.5524780757823098, 0.5524780757823098, 0.5526343172673844, 0.5470954042380508, 0.5470954042380508, 0.5470954042380508, 0.5470954042380508, 0.5334786661771693, 0.5334786661771693, 0.5334786661771693, 0.5334786661771693, 0.5334786661771693, 0.5318136127619819, 0.5087236560542217, 0.5053743948383946, 0.5172711659549268, 0.5172711659549268, 0.5172711659549268, 0.48621169689214605, 0.5153945712073699, 0.5153945712073699, 0.5153945712073699, 0.5153945712073699]], "best_fitnesss": [0.5053743948383946, 0.5334786661771693, 0.5619042341351557, 0.5619042341351557, 0.5925871681185649], "prob_mutate": 0.010416666666666666}