{"num_qubits": 4, "depth": 23, "num_circuit": 8, "num_generation": 30, "current_generation": 4, "fitnessss": [[0.740984121314717, 0.7595269677564525, 0.8116617471069885, 0.8372612617701508, 0.8039875309965829, 0.7999672254275054, 0.8533777267438678, 0.8586501413269435], [0.8586501413269435, 0.8395931687189595, 0.7693608840717953, 0.8411041040260357, 0.8372612617701508, 0.8116617471069885, 0.8208439449118357, 0.7610949218326649], [0.8586501413269435, 0.8411041040260357, 0.841622501846883, 0.7832394228878121, 0.8395931687189595, 0.8085064014337631, 0.7831780388500867, 0.8349745613453358], [0.8586501413269435, 0.841622501846883, 0.8625573183987431, 0.8451467066125087, 0.8340723177892977, 0.8395931687189595, 0.8533777267438678, 0.8453580615722392]], "best_fitnesss": [0.8586501413269435, 0.8586501413269435, 0.8586501413269435, 0.8625573183987431], "prob_mutate": 0.016304347826086956}