{"num_qubits": 3, "depth": 14, "num_circuit": 32, "num_generation": 30, "current_generation": 2, "fitnessss": [[0.7171703361163267, 0.685107737346218, 0.8325647542190421, 0.8553910183318679, 0.8049615537381175, 0.8867489703328696, 0.789671744548254, 0.7810121590616085, 0.7783653345963835, 0.755813873713555, 0.694783523134025, 0.8071353510408088, 0.8603966002469005, 0.6082774706433354, 0.7852557595265908, 0.7388423748471247, 0.7872946040173453, 0.8621295581102164, 0.8967921749485847, 0.714461152298422, 0.7354228760666807, 0.71463185002581, 0.678309296518449, 0.8779463713631737, 0.7978460743708985, 0.8015035865174902, 0.8667652021898442, 0.6826208659634815, 0.8491824927590381, 0.6258066809931035, 0.7890207811210022, 0.8108988776658471], [0.8541830180658232, 0.9066795428564951, 0.8770160163404442, 0.9002961826090982, 0.7609767072990178, 0.8667652021898442, 0.8210668950612223, 0.8340669395141367, 0.8621295581102164, 0.8603966002469005, 0.9075309720175488, 0.821389157342961, 0.8553910183318679, 0.8491824927590381, 0.8833642144340083, 0.7402898511378709, 0.6857862184327542, 0.7833721333805995, 0.8209921198200003, 0.7320651603942047, 0.8071353510408088, 0.8049615537381175, 0.8286671394066287, 0.7191238279882889, 0.8015035865174902, 0.7978460743708985, 0.690087952175179, 0.8721999694974804, 0.789671744548254, 0.7890207811210022, 0.8036090829575903, 0.8448360642926873]], "best_fitnesss": [0.8967921749485847, 0.9075309720175488], "prob_mutate": 0.006696428571428571}