{"num_qubits": 2, "depth": 6, "num_circuit": 16, "num_generation": 10, "current_generation": 1, "fitnessss": [[0.7805271950574593, 0.7458458333769205, 0.8572684911050734, 0.7758643754548166, 0.7559515760272577, 0.6528355810418773, 0.8388119984662357, 0.7870391829300922, 0.8811200049197689, 0.6125019887539558, 0.7929558801350305, 0.7085221859386055, 0.7489456671014026, 0.4198824137162437, 0.6545496147986556, 0.7147165971126332]], "best_fitnesss": [0.8811200049197689], "prob_mutate": 0.03125}