{"num_qubits": 4, "depth": 29, "num_circuit": 16, "num_generation": 30, "current_generation": 3, "fitnessss": [[0.9207834346264174, 0.8764780779350584, 0.9058896935038809, 0.8876142969416853, 0.9124435626097679, 0.915743688197832, 0.8886184249169661, 0.9317500846669053, 0.9116472541526537, 0.9100539712821576, 0.9295425810436303, 0.918741679744094, 0.9101469156137793, 0.8700612328507413, 0.8934973451260898, 0.9294741045942411], [0.9317500846669053, 0.9295425810436303, 0.9131713201799393, 0.9312105861637063, 0.9294741045942411, 0.9207834346264174, 0.9050081106422322, 0.9109243838905039, 0.918741679744094, 0.915743688197832, 0.9024422323720106, 0.9115850234710005, 0.9124435626097679, 0.9116472541526537, 0.9027086554351385, 0.9286542145000599], [0.9317500846669053, 0.9312105861637063, 0.9317500846669053, 0.9312105861637063, 0.9295425810436303, 0.9294741045942411, 0.9173750368286875, 0.9164110040901893, 0.9286542145000599, 0.9207834346264174, 0.915791001617573, 0.9287381417191625, 0.918741679744094, 0.915743688197832, 0.9024422323720106, 0.9115850234710005]], "best_fitnesss": [0.9317500846669053, 0.9317500846669053, 0.9317500846669053], "prob_mutate": 0.00646551724137931}