{"num_qubits": 4, "depth": 10, "num_circuit": 16, "num_generation": 50, "current_generation": 3, "fitnessss": [[0.4013874995628475, 0.4373911503433857, 0.41082608186868175, 0.5144876635495066, 0.45360633230374797, 0.48633040574853403, 0.5042998361858935, 0.5424972105002415, 0.579157451175995, 0.5270190914011643, 0.37095119730918497, 0.5559906390327028, 0.47943527738938485, 0.568887625891943, 0.4177501995847369, 0.4737049540119653], [0.579157451175995, 0.568887625891943, 0.5259081626473145, 0.5027113335168367, 0.5559906390327028, 0.5424972105002415, 0.5350165989839825, 0.5389964628793178, 0.5153680851088398, 0.5144876635495066, 0.4865939253782295, 0.5282569382523286, 0.5042998361858935, 0.48633040574853403, 0.44973706358673243, 0.5170952905650941], [0.579157451175995, 0.568887625891943, 0.49845231608901797, 0.5027113335168367, 0.5559906390327028, 0.5424972105002415, 0.5350165989839825, 0.5241548214563369, 0.5389964628793178, 0.5350165989839825, 0.5424972105002415, 0.5964747554261007, 0.5282569382523286, 0.5259081626473145, 0.47953786919654073, 0.5547011393187726]], "best_fitnesss": [0.579157451175995, 0.579157451175995, 0.5964747554261007], "prob_mutate": 0.01875}