{"num_qubits": 5, "depth": 8, "num_circuit": 32, "num_generation": 10, "current_generation": 10, "fitnessss": [[0.2548693199707256, 0.28377931436312476, 0.22490601191555898, 0.2602550500094424, 0.24896885011155198, 0.2535382168693046, 0.18817671721280468, 0.21014905789501306, 0.20005625922600015, 0.20341105702970957, 0.2528600617318595, 0.14138824155497667, 0.25166532488194937, 0.2091527359768172, 0.2369576453498557, 0.21839281829612006, 0.30152436146174194, 0.21567327038846199, 0.18966957536541615, 0.16061198906739618, 0.19844504091151122, 0.26238226985653407, 0.22549236879362633, 0.1566717887678024, 0.2757915527321151, 0.22355734578760486, 0.22257660618670255, 0.14638376404025943, 0.26585341535471685, 0.10672965082121652, 0.305054671349201, 0.304338300249512], [0.305054671349201, 0.304338300249512, 0.24929163160922757, 0.33432312681051135, 0.30152436146174194, 0.28377931436312476, 0.25938749167300157, 0.23263300282813537, 0.2757915527321151, 0.26585341535471685, 0.25596722733083005, 0.29459612141100905, 0.26238226985653407, 0.2602550500094424, 0.30076025054477223, 0.22040905612808323, 0.2548693199707256, 0.2535382168693046, 0.29678454764651724, 0.32671329528093207, 0.2528600617318595, 0.23230069945730217, 0.23832950272095532, 0.2652315289246069, 0.25586790080177224, 0.2369576453498557, 0.25789974447008207, 0.19476254289319242, 0.22549236879362633, 0.22490601191555898, 0.24236426655639667, 0.13959470438483773], [0.33432312681051135, 0.32671329528093207, 0.27985549357342, 0.3505849059286669, 0.305054671349201, 0.304338300249512, 0.24929163160922757, 0.33432312681051135, 0.30152436146174194, 0.2712134814870798, 0.28687016638827656, 0.2694948397206857, 0.29678454764651724, 0.29459612141100905, 0.2895763228912953, 0.2727611389053698, 0.28377931436312476, 0.2757915527321151, 0.2695397988348649, 0.33930278249543894, 0.26585341535471685, 0.2652315289246069, 0.26848458076575643, 0.2522306971126656, 0.26238226985653407, 0.2602550500094424, 0.30076025054477223, 0.22040905612808323, 0.25938749167300157, 0.25789974447008207, 0.22319949173461034, 0.2718831190696515], [0.3505849059286669, 0.33930278249543894, 0.32056368612134606, 0.3346249952635726, 0.33432312681051135, 0.33432312681051135, 0.33432312681051135, 0.33432312681051135, 0.32671329528093207, 0.305054671349201, 0.37002885995699675, 0.2514005281829008, 0.304338300249512, 0.30152436146174194, 0.31436600026467154, 0.256873879375895, 0.30076025054477223, 0.29678454764651724, 0.2432258015382343, 0.3148445818574256, 0.29459612141100905, 0.25621100358838994, 0.29459612141100905, 0.2895763228912953, 0.28687016638827656, 0.28377931436312476, 0.25938749167300157, 0.2648590565913934, 0.27985549357342, 0.2757915527321151, 0.21610427057238119, 0.3153055599428728], [0.37002885995699675, 0.3505849059286669, 0.37002885995699675, 0.3402635844965324, 0.33930278249543894, 0.3346249952635726, 0.3346249952635726, 0.33930278249543894, 0.33432312681051135, 0.33432312681051135, 0.33432312681051135, 0.34712590361950924, 0.33432312681051135, 0.33432312681051135, 0.33432312681051135, 0.33432312681051135, 0.32671329528093207, 0.32056368612134606, 0.29720995056934363, 0.37039920474206955, 0.3153055599428728, 0.3148445818574256, 0.3185238539715611, 0.2901690664257369, 0.31436600026467154, 0.26334993899979897, 0.33432312681051135, 0.21825985754735738, 0.304338300249512, 0.30152436146174194, 0.31436600026467154, 0.256873879375895], [0.37039920474206955, 0.37002885995699675, 0.32171204629034483, 0.32671329528093207, 0.37002885995699675, 0.3505849059286669, 0.37002885995699675, 0.3505849059286669, 0.34712590361950924, 0.3402635844965324, 0.34712590361950924, 0.3402635844965324, 0.33930278249543894, 0.33930278249543894, 0.33930278249543894, 0.31549678462057296, 0.3346249952635726, 0.3346249952635726, 0.3346249952635726, 0.3346249952635726, 0.33432312681051135, 0.33432312681051135, 0.33432312681051135, 0.3006223983292491, 0.33432312681051135, 0.33432312681051135, 0.33432312681051135, 0.33432312681051135, 0.2840540720676775, 0.30142586173596586, 0.33432312681051135, 0.33432312681051135], [0.37039920474206955, 0.37002885995699675, 0.3505849059286669, 0.32671329528093207, 0.37002885995699675, 0.37002885995699675, 0.37002885995699675, 0.37002885995699675, 0.3505849059286669, 0.38406936696871197, 0.3505849059286669, 0.3505849059286669, 0.34712590361950924, 0.34712590361950924, 0.34712590361950924, 0.34712590361950924, 0.3402635844965324, 0.3402635844965324, 0.3402635844965324, 0.3402635844965324, 0.3124550794171762, 0.33930278249543894, 0.33930278249543894, 0.33930278249543894, 0.33930278249543894, 0.3346249952635726, 0.3346249952635726, 0.33930278249543894, 0.3346249952635726, 0.3346249952635726, 0.34080172517052826, 0.3346249952635726], [0.2747328378517665, 0.37039920474206955, 0.37039920474206955, 0.3451445621722053, 0.37002885995699675, 0.37002885995699675, 0.37002885995699675, 0.37002885995699675, 0.37002885995699675, 0.37002885995699675, 0.37002885995699675, 0.37002885995699675, 0.37002885995699675, 0.3505849059286669, 0.37002885995699675, 0.3505849059286669, 0.3505849059286669, 0.3505849059286669, 0.3505849059286669, 0.3505849059286669, 0.3505849059286669, 0.34712590361950924, 0.3505849059286669, 0.34712590361950924, 0.3197370844083596, 0.34712590361950924, 0.34712590361950924, 0.34712590361950924, 0.34712590361950924, 0.34080172517052826, 0.34712590361950924, 0.34080172517052826], [0.37039920474206955, 0.37039920474206955, 0.2628420196427062, 0.37039920474206955, 0.37002885995699675, 0.37002885995699675, 0.37002885995699675, 0.37002885995699675, 0.37002885995699675, 0.37002885995699675, 0.37002885995699675, 0.37002885995699675, 0.37002885995699675, 0.37002885995699675, 0.37002885995699675, 0.37002885995699675, 0.37002885995699675, 0.37002885995699675, 0.37002885995699675, 0.37002885995699675, 0.37002885995699675, 0.29938793700095706, 0.37002885995699675, 0.37002885995699675, 0.3505849059286669, 0.3505849059286669, 0.3505849059286669, 0.3505849059286669, 0.3505849059286669, 0.3505849059286669, 0.3505849059286669, 0.3505849059286669], [0.37039920474206955, 0.37039920474206955, 0.37039920474206955, 0.37039920474206955, 0.37039920474206955, 0.37002885995699675, 0.31282675428437007, 0.32671329528093207, 0.37002885995699675, 0.37002885995699675, 0.37002885995699675, 0.36817163977146616, 0.27618834570722717, 0.37002885995699675, 0.37002885995699675, 0.37002885995699675, 0.37002885995699675, 0.37002885995699675, 0.37002885995699675, 0.37002885995699675, 0.37002885995699675, 0.37002885995699675, 0.37002885995699675, 0.37002885995699675, 0.37002885995699675, 0.37002885995699675, 0.37002885995699675, 0.37002885995699675, 0.37002885995699675, 0.37002885995699675, 0.37002885995699675, 0.37002885995699675]], "best_fitnesss": [0.305054671349201, 0.33432312681051135, 0.3505849059286669, 0.37002885995699675, 0.37039920474206955, 0.37039920474206955, 0.38406936696871197, 0.37039920474206955, 0.37039920474206955, 0.37039920474206955], "prob_mutate": 0.01171875}