{"num_qubits": 4, "depth": 9, "num_circuit": 16, "num_generation": 20, "current_generation": 20, "fitnessss": [[0.189836484829929, 0.21479460354131752, 0.3654662711360872, 0.211246992104822, 0.16095311136333434, 0.4582349352943328, 0.3096529349633643, 0.47999615188531397, 0.28824669872835373, 0.27596974352548764, 0.18360580522617043, 0.24886013312164434, 0.19319255624876475, 0.35253585725072156, 0.3385700074478085, 0.3833666460990476], [0.3730750698054097, 0.4582349352943328, 0.29794436401609514, 0.19359831347953005, 0.2135600167931071, 0.3654662711360872, 0.23021882228225843, 0.277468952952175, 0.35253585725072156, 0.3385700074478085, 0.35539187372820025, 0.3249524225751257, 0.3096529349633643, 0.28824669872835373, 0.291130261754334, 0.20979840734852995], [0.4582349352943328, 0.3730750698054097, 0.1170512601246354, 0.3546938151956658, 0.3654662711360872, 0.35539187372820025, 0.3256070215489213, 0.16748005533751142, 0.35253585725072156, 0.3385700074478085, 0.35539187372820025, 0.4742381252865585, 0.3249524225751257, 0.3096529349633643, 0.3035186200054041, 0.20982722999581827], [0.28195880346774715, 0.4582349352943328, 0.33386311600728025, 0.3135521329578074, 0.3730750698054097, 0.3654662711360872, 0.2635859968173373, 0.2699593952430376, 0.35539187372820025, 0.35539187372820025, 0.35539187372820025, 0.35539187372820025, 0.3546938151956658, 0.35253585725072156, 0.47399813843599137, 0.30507644539273815], [0.47399813843599137, 0.4582349352943328, 0.4241398424415307, 0.3135521329578074, 0.3730750698054097, 0.3654662711360872, 0.2635859968173373, 0.2699593952430376, 0.35539187372820025, 0.35539187372820025, 0.35539187372820025, 0.46438345629397515, 0.2742691332931736, 0.35539187372820025, 0.35539187372820025, 0.2807819210012723], [0.47399813843599137, 0.6659947915106135, 0.30978034891440687, 0.4363335301579425, 0.4582349352943328, 0.4241398424415307, 0.4582349352943328, 0.4241398424415307, 0.3730750698054097, 0.3654662711360872, 0.2635859968173373, 0.2699593952430376, 0.35539187372820025, 0.24533002248298197, 0.35539187372820025, 0.35539187372820025], [0.6659947915106135, 0.47399813843599137, 0.26572832139787483, 0.30978034891440687, 0.4582349352943328, 0.4085847331928434, 0.4582349352943328, 0.4582349352943328, 0.4363335301579425, 0.4241398424415307, 0.36659714651330355, 0.43557004316991665, 0.4241398424415307, 0.3882166185549898, 0.3730750698054097, 0.4241398424415307], [0.6659947915106135, 0.47399813843599137, 0.26572832139787483, 0.30978034891440687, 0.4582349352943328, 0.4582349352943328, 0.4582349352943328, 0.4582349352943328, 0.4582349352943328, 0.4363335301579425, 0.3533354413690333, 0.36659714651330355, 0.2808165078084993, 0.4241398424415307, 0.4241398424415307, 0.43557004316991665], [0.6659947915106135, 0.47399813843599137, 0.26572832139787483, 0.4086441762117232, 0.48327975083110153, 0.4582349352943328, 0.4582349352943328, 0.4582349352943328, 0.4582349352943328, 0.4582349352943328, 0.4582349352943328, 0.4582349352943328, 0.4582349352943328, 0.4363335301579425, 0.3533354413690333, 0.36659714651330355], [0.6659947915106135, 0.48327975083110153, 0.39854778880204855, 0.36368144833168714, 0.47399813843599137, 0.4582349352943328, 0.4241398424415307, 0.3135521329578074, 0.4582349352943328, 0.4582349352943328, 0.4582349352943328, 0.4582349352943328, 0.4582349352943328, 0.2684275673810703, 0.4406116413550405, 0.4582349352943328], [0.46461749484755654, 0.48327975083110153, 0.39854778880204855, 0.2501019775783955, 0.47399813843599137, 0.4582349352943328, 0.4241398424415307, 0.3135521329578074, 0.24206939936492877, 0.4582349352943328, 0.2771047016170728, 0.4582349352943328, 0.3474639178970007, 0.27125691252483786, 0.4582349352943328, 0.4582349352943328], [0.2516838563321686, 0.47399813843599137, 0.3135521329578074, 0.2858831099136523, 0.46461749484755654, 0.4582349352943328, 0.3886690594879413, 0.28935616424565247, 0.4582349352943328, 0.4582349352943328, 0.3273125547328328, 0.4582349352943328, 0.4582349352943328, 0.4582349352943328, 0.4582349352943328, 0.4582349352943328], [0.47399813843599137, 0.46461749484755654, 0.323350098352128, 0.26572832139787483, 0.336253378767166, 0.4582349352943328, 0.16953738073837987, 0.4582349352943328, 0.4582349352943328, 0.3502066496941054, 0.4582349352943328, 0.4582349352943328, 0.4582349352943328, 0.4593762367586659, 0.4582349352943328, 0.4582349352943328], [0.47399813843599137, 0.46461749484755654, 0.28718913230304244, 0.26572832139787483, 0.4593762367586659, 0.4582349352943328, 0.4593762367586659, 0.25574722275837325, 0.4582349352943328, 0.4582349352943328, 0.4582349352943328, 0.4582349352943328, 0.4582349352943328, 0.4582349352943328, 0.4582349352943328, 0.4582349352943328], [0.3165199643963601, 0.46461749484755654, 0.28718913230304244, 0.26572832139787483, 0.4593762367586659, 0.4593762367586659, 0.26117860635566315, 0.4593762367586659, 0.4582349352943328, 0.4582349352943328, 0.4582349352943328, 0.38893216334106684, 0.4582349352943328, 0.4582349352943328, 0.4582349352943328, 0.4582349352943328], [0.46461749484755654, 0.4593762367586659, 0.3886690594879413, 0.3639931723183223, 0.4593762367586659, 0.4593762367586659, 0.4593762367586659, 0.40116897767671245, 0.4582349352943328, 0.4582349352943328, 0.4582349352943328, 0.4582349352943328, 0.43475549453745876, 0.31014557440025015, 0.4709398747710972, 0.4582349352943328], [0.4865252702744757, 0.46461749484755654, 0.30336432975037686, 0.3813702566065307, 0.4593762367586659, 0.4593762367586659, 0.4593762367586659, 0.4593762367586659, 0.4593762367586659, 0.4593762367586659, 0.4593762367586659, 0.4593762367586659, 0.4582349352943328, 0.4582349352943328, 0.4582349352943328, 0.4582349352943328], [0.4865252702744757, 0.46461749484755654, 0.24230399986676898, 0.3789367037050536, 0.31801327943041424, 0.17239240918315912, 0.4593762367586659, 0.4593762367586659, 0.4593762367586659, 0.3028176614057084, 0.4593762367586659, 0.4593762367586659, 0.4593762367586659, 0.4593762367586659, 0.4593762367586659, 0.4593762367586659], [0.4865252702744757, 0.46461749484755654, 0.24230399986676898, 0.3813702566065307, 0.4593762367586659, 0.4593762367586659, 0.4593762367586659, 0.4593762367586659, 0.4593762367586659, 0.4593762367586659, 0.334216932785549, 0.4593762367586659, 0.4593762367586659, 0.4593762367586659, 0.4593762367586659, 0.4593762367586659], [0.4865252702744757, 0.46461749484755654, 0.24230399986676898, 0.33387910694526435, 0.4593762367586659, 0.4593762367586659, 0.4593762367586659, 0.4593762367586659, 0.4593762367586659, 0.4593762367586659, 0.4593762367586659, 0.4593762367586659, 0.4593762367586659, 0.4593762367586659, 0.4593762367586659, 0.4593762367586659]], "best_fitnesss": [0.47999615188531397, 0.4582349352943328, 0.4742381252865585, 0.47399813843599137, 0.47399813843599137, 0.6659947915106135, 0.6659947915106135, 0.6659947915106135, 0.6659947915106135, 0.6659947915106135, 0.48327975083110153, 0.47399813843599137, 0.47399813843599137, 0.47399813843599137, 0.46461749484755654, 0.4709398747710972, 0.4865252702744757, 0.4865252702744757, 0.4865252702744757, 0.4865252702744757], "prob_mutate": 0.020833333333333332}