{"num_qubits": 9, "depth": 4, "num_circuit": 16, "num_generation": 20, "current_generation": 2, "fitnessss": [[0.023270764234017638, 0.06812017942226045, 0.0669405163656499, 0.05994681001551827, 0.11337719406728541, 0.035427555857000415, 0.06779830508628659, 0.16023812899131928, 0.030000000000000027, 0.13282066445284801, 0.2885929435267035, 0.09999999999999998, 0.06512032859838057, 0.06517381294702707, 0.06710129167202727, 0.29091608395056656], [0.09938909622412417, 0.29211582868381636, 0.13414781862029124, 0.13518788167602558, 0.16220527573874044, 0.13086249649436943, 0.13449436743600562, 0.11552275326043582, 0.11202477512038655, 0.09916705211232424, 0.08381224631629136, 0.06517381294702707, 0.06645835657963284, 0.06801287562541936, 0.1367503258037105, 0.03030932767196326]], "prob_mutate": 0.046875}