{"num_qubits": 4, "depth": 29, "num_circuit": 16, "num_generation": 50, "current_generation": 3, "fitnessss": [[0.8652364774525516, 0.9078433098817082, 0.8446788157630216, 0.8525864171971594, 0.902566980335106, 0.9247745159201621, 0.8954564970100062, 0.8701879054924415, 0.8257186778116171, 0.8979737169823027, 0.8917456480651624, 0.9000979659066253, 0.9046583122162589, 0.8821860725644383, 0.9394272220802883, 0.930815392329626], [0.9348701228023037, 0.930815392329626, 0.9343085977197049, 0.936524164701199, 0.9247745159201621, 0.9078433098817082, 0.9081726592671225, 0.9206924951355016, 0.9046583122162589, 0.9185331482803223, 0.9299823354633, 0.8921021765398056, 0.9000979659066253, 0.8979737169823027, 0.8972468231959617, 0.912851135649208], [0.936524164701199, 0.9348701228023037, 0.9224526927966222, 0.9348701228023037, 0.9343085977197049, 0.939839435765881, 0.9343085977197049, 0.930815392329626, 0.9299823354633, 0.9247745159201621, 0.9111533719234945, 0.8746729708411319, 0.9206924951355016, 0.9185331482803223, 0.8977533662289481, 0.9091783385233013]], "best_fitnesss": [0.9394272220802883, 0.936524164701199, 0.939839435765881], "prob_mutate": 0.00646551724137931}