{"num_qubits": 5, "depth": 17, "num_circuit": 32, "num_generation": 20, "current_generation": 2, "fitnessss": [[0.467847886337357, 0.4341428740474586, 0.4857667810051498, 0.5587920747952981, 0.5737115733471342, 0.5270495639714021, 0.47813964658285757, 0.5508797221259676, 0.4597102498570999, 0.49392337427939975, 0.43057530239842323, 0.523380763668025, 0.5379075250735317, 0.4467096322563261, 0.507500713925802, 0.5739283964090525, 0.4922678143383178, 0.5256426652616991, 0.559327169417192, 0.41566800079509436, 0.5126051623866925, 0.5719079042156894, 0.540601721664838, 0.48512308593049747, 0.5562346257566426, 0.5001910835512089, 0.5690120614974549, 0.5509294664821754, 0.48839291626870257, 0.5327350844711062, 0.4518106716553579, 0.5391336119832488], [0.5739283964090525, 0.5737115733471342, 0.5451412642028682, 0.4926933820772074, 0.5719079042156894, 0.5690120614974549, 0.5339044818598195, 0.578306589657753, 0.559327169417192, 0.5587920747952981, 0.5724527191507647, 0.5126349347218552, 0.5562346257566426, 0.5509294664821754, 0.5517860302434804, 0.572763366089787, 0.5508797221259676, 0.540601721664838, 0.5086291709366954, 0.641317598977053, 0.5391336119832488, 0.5379075250735317, 0.5361981698974091, 0.5481954101423444, 0.5327350844711062, 0.5270495639714021, 0.5618023840564691, 0.5562041264907175, 0.5256426652616991, 0.523380763668025, 0.4690703646668227, 0.5092459443861692]], "best_fitnesss": [0.5739283964090525, 0.641317598977053], "prob_mutate": 0.0055147058823529415}