{"num_qubits": 5, "depth": 17, "num_circuit": 16, "num_generation": 40, "current_generation": 1, "fitnessss": [[0.4371646238093289, 0.47529339597150155, 0.43042606592913624, 0.4796630992830715, 0.5413593630523824, 0.5692824787566249, 0.5451159098579179, 0.4894877546201453, 0.474824830529895, 0.4118306625007596, 0.5817864795259768, 0.4815855468444573, 0.44711400181925515, 0.5450476538759834, 0.5481810649715623, 0.48648919565550386]], "best_fitnesss": [0.5817864795259768], "prob_mutate": 0.011029411764705883}