{"num_qubits": 4, "depth": 9, "num_circuit": 16, "num_generation": 20, "current_generation": 20, "fitnessss": [[0.30308422569641613, 0.3506184634388839, 0.3143194318451874, 0.3149929969340395, 0.2956905022440991, 0.5589941976646082, 0.2310379595079184, 0.32879415423684555, 0.33759769296623077, 0.2204531803631843, 0.3685763003824982, 0.4288783402789911, 0.27649238197633286, 0.1940921389886181, 0.21360834223416947, 0.14768756475829936], [0.5589941976646082, 0.4288783402789911, 0.13948630404223228, 0.6113831900313654, 0.3685763003824982, 0.3506184634388839, 0.2554673700509762, 0.21360611923295836, 0.33759769296623077, 0.32879415423684555, 0.25505024382835395, 0.1941571575243779, 0.3149929969340395, 0.3143194318451874, 0.3035755443617931, 0.1394028393886213], [0.5095072754676234, 0.5589941976646082, 0.6113831900313654, 0.5589941976646082, 0.4288783402789911, 0.3685763003824982, 0.2895827384103554, 0.20075749359457096, 0.3506184634388839, 0.33759769296623077, 0.3915129270244643, 0.45269954350513897, 0.32879415423684555, 0.3149929969340395, 0.3294960232250447, 0.3859822898154869], [0.6113831900313654, 0.42983424537076176, 0.6113831900313654, 0.5589941976646082, 0.5589941976646082, 0.5095072754676234, 0.3015261257456967, 0.6113831900313654, 0.45269954350513897, 0.4288783402789911, 0.23749810287155226, 0.2581196114575418, 0.3915129270244643, 0.3983933737973253, 0.2981350713730553, 0.5575321204650202], [0.6113831900313654, 0.6113831900313654, 0.6113831900313654, 0.6113831900313654, 0.6113831900313654, 0.5589941976646082, 0.6113831900313654, 0.5589941976646082, 0.5589941976646082, 0.5575321204650202, 0.37106396816483955, 0.2643684358810955, 0.5095072754676234, 0.45269954350513897, 0.2581196114575418, 0.3997081982166939], [0.6113831900313654, 0.6113831900313654, 0.6113831900313654, 0.6113831900313654, 0.6113831900313654, 0.6113831900313654, 0.6113831900313654, 0.49391762584537735, 0.43499012094928147, 0.6113831900313654, 0.6113831900313654, 0.6113831900313654, 0.5589941976646082, 0.5589941976646082, 0.5589941976646082, 0.5589941976646082], [0.6113831900313654, 0.6113831900313654, 0.6113831900313654, 0.6113831900313654, 0.3701526245600085, 0.6113831900313654, 0.6113831900313654, 0.6066138886849471, 0.5724331938899713, 0.6113831900313654, 0.6113831900313654, 0.3965155704840718, 0.6113831900313654, 0.6113831900313654, 0.48572558929262233, 0.6113831900313654], [0.6113831900313654, 0.6113831900313654, 0.6113831900313654, 0.4292998872995297, 0.6113831900313654, 0.6113831900313654, 0.6113831900313654, 0.6113831900313654, 0.6113831900313654, 0.6113831900313654, 0.5041433580295254, 0.5566708177752188, 0.6113831900313654, 0.5073385763937637, 0.6113831900313654, 0.6113831900313654], [0.6113831900313654, 0.6113831900313654, 0.6113831900313654, 0.6113831900313654, 0.6113831900313654, 0.6113831900313654, 0.6113831900313654, 0.6113831900313654, 0.6113831900313654, 0.6113831900313654, 0.6113831900313654, 0.6121201259891278, 0.6113831900313654, 0.6113831900313654, 0.48644625368776107, 0.6113831900313654], [0.6121201259891278, 0.6113831900313654, 0.6121201259891278, 0.6113831900313654, 0.6113831900313654, 0.6113831900313654, 0.6113831900313654, 0.6113831900313654, 0.6113831900313654, 0.6113831900313654, 0.6113831900313654, 0.6113831900313654, 0.5541292711981782, 0.6113831900313654, 0.6113831900313654, 0.6113831900313654], [0.6121201259891278, 0.6121201259891278, 0.6121201259891278, 0.6121201259891278, 0.6113831900313654, 0.6113831900313654, 0.6113831900313654, 0.6113831900313654, 0.6113831900313654, 0.6113831900313654, 0.31213451551541005, 0.38862419593407627, 0.6113831900313654, 0.6113831900313654, 0.6113831900313654, 0.6113831900313654], [0.5279393576451755, 0.48619162939731253, 0.6121201259891278, 0.6121201259891278, 0.6121201259891278, 0.5484760438058374, 0.355295993460948, 0.6121201259891278, 0.49714486386445955, 0.6113831900313654, 0.6113831900313654, 0.6113831900313654, 0.6113831900313654, 0.6113831900313654, 0.6113831900313654, 0.6113831900313654], [0.6121201259891278, 0.6121201259891278, 0.6121201259891278, 0.6121201259891278, 0.6121201259891278, 0.6121201259891278, 0.6121201259891278, 0.6121201259891278, 0.6113831900313654, 0.6113831900313654, 0.6113831900313654, 0.6113831900313654, 0.6113831900313654, 0.6113831900313654, 0.6113831900313654, 0.4555682291407981], [0.6408823800980951, 0.6121201259891278, 0.6121201259891278, 0.6121201259891278, 0.4964244580973296, 0.6121201259891278, 0.6121201259891278, 0.6121201259891278, 0.6121201259891278, 0.6121201259891278, 0.6121201259891278, 0.6121201259891278, 0.6121201259891278, 0.6121201259891278, 0.6121201259891278, 0.6121201259891278], [0.6408823800980951, 0.6121201259891278, 0.6121201259891278, 0.6408823800980951, 0.6121201259891278, 0.30038365735259787, 0.6121201259891278, 0.6121201259891278, 0.6121201259891278, 0.263044277160142, 0.6121201259891278, 0.6598636203488139, 0.6121201259891278, 0.6121201259891278, 0.6121201259891278, 0.6121201259891278], [0.6598636203488139, 0.6408823800980951, 0.4866603421396801, 0.6121201259891278, 0.6408823800980951, 0.6121201259891278, 0.6121201259891278, 0.43022485015603484, 0.6121201259891278, 0.5788086173266024, 0.6121201259891278, 0.6121201259891278, 0.6121201259891278, 0.561334016072627, 0.6121201259891278, 0.47106913290587693], [0.6598636203488139, 0.6408823800980951, 0.4866603421396801, 0.6121201259891278, 0.6408823800980951, 0.4550032247013315, 0.6121201259891278, 0.6408823800980951, 0.3353474213429313, 0.6121201259891278, 0.6121201259891278, 0.6121201259891278, 0.6121201259891278, 0.6121201259891278, 0.6121201259891278, 0.6121201259891278], [0.6598636203488139, 0.6408823800980951, 0.4866603421396801, 0.6121201259891278, 0.6408823800980951, 0.6408823800980951, 0.6408823800980951, 0.6408823800980951, 0.6121201259891278, 0.5560915989170809, 0.6121201259891278, 0.6121201259891278, 0.6121201259891278, 0.6121201259891278, 0.6121201259891278, 0.6121201259891278], [0.6598636203488139, 0.6408823800980951, 0.4042113351322778, 0.6121201259891278, 0.3588529353673172, 0.6408823800980951, 0.6408823800980951, 0.6408823800980951, 0.6408823800980951, 0.6408823800980951, 0.6408823800980951, 0.6408823800980951, 0.6121201259891278, 0.6121201259891278, 0.6121201259891278, 0.6121201259891278], [0.6598636203488139, 0.6408823800980951, 0.4866603421396801, 0.6121201259891278, 0.6408823800980951, 0.6408823800980951, 0.6408823800980951, 0.6408823800980951, 0.6408823800980951, 0.6408823800980951, 0.4432407776718511, 0.6408823800980951, 0.5643466421292465, 0.6408823800980951, 0.6408823800980951, 0.6408823800980951]], "best_fitnesss": [0.5589941976646082, 0.6113831900313654, 0.6113831900313654, 0.6113831900313654, 0.6113831900313654, 0.6113831900313654, 0.6113831900313654, 0.6113831900313654, 0.6121201259891278, 0.6121201259891278, 0.6121201259891278, 0.6121201259891278, 0.6121201259891278, 0.6408823800980951, 0.6598636203488139, 0.6598636203488139, 0.6598636203488139, 0.6598636203488139, 0.6598636203488139, 0.6598636203488139], "prob_mutate": 0.020833333333333332}