{"num_qubits": 5, "depth": 24, "num_circuit": 4, "num_generation": 20, "current_generation": 2, "fitnessss": [[0.6306177414952604, 0.6372656657883102, 0.6995575358083045, 0.7202054087244049], [0.724614437648132, 0.6995575358083045, 0.711217337290966, 0.5891038175466072]], "best_fitnesss": [0.7202054087244049, 0.724614437648132], "prob_mutate": 0.03125}