{"num_qubits": 4, "depth": 26, "num_circuit": 32, "num_generation": 30, "current_generation": 1, "fitnessss": [[0.8980081129823102, 0.8563916978809825, 0.8678326563302774, 0.8983343018176917, 0.8571543049392162, 0.844367324584842, 0.9072299680915309, 0.8369569101934319, 0.9233777197182693, 0.8961485228034386, 0.8555065079530572, 0.915288125674844, 0.8800370918580865, 0.8757049788868198, 0.8428052930481854, 0.8190604824503923, 0.9086064980956493, 0.8575953672393359, 0.8381225397797223, 0.8180476275591184, 0.9026219590295135, 0.8746872604875465, 0.8386523925098827, 0.8460019824389315, 0.8929613645095371, 0.8288959699892935, 0.8567458877654135, 0.7808547596572815, 0.852524088193503, 0.8907539871515644, 0.8883012411282513, 0.9300358415176936]], "best_fitnesss": [0.9300358415176936], "prob_mutate": 0.003605769230769231}