{"num_qubits": 6, "depth": 31, "num_circuit": 32, "num_generation": 40, "current_generation": 1, "fitnessss": [[0.6180589605258994, 0.6432735798776282, 0.571569182856298, 0.643513249624161, 0.6272016805234302, 0.5496767888725727, 0.6211687297023397, 0.5713659801691193, 0.6131977005555702, 0.6330592204321188, 0.5864515366573705, 0.6317356019290592, 0.6215082512501139, 0.5847519961051016, 0.6364815208003488, 0.6184459917179832, 0.5598359385309466, 0.5798929572286503, 0.6114589408524498, 0.5665519260868124, 0.5592600739160638, 0.6466927250554478, 0.606796159494397, 0.5466527763593766, 0.5471725949525076, 0.6382325432713679, 0.6547226349433416, 0.5590096733972544, 0.6102203352851058, 0.5244101362129303, 0.6187930045683894, 0.5805643018993196]], "best_fitnesss": [0.6547226349433416], "prob_mutate": 0.0030241935483870967}