{"num_qubits": 2, "depth": 4, "num_circuit": 8, "num_generation": 40, "current_generation": 2, "fitnessss": [[0.5285571023113793, 0.7342914743192817, 0.6586746569542283, 0.6782482623812938, 0.7008894221856564, 0.40051823024329797, 0.4144620146278301, 0.4141864666362361], [0.7826633521747325, 0.4481976272034641, 0.6077345340267764, 0.5699291300847047, 0.6977073281725715, 0.6586746569542283, 0.7593168513934045, 0.6655822303918985]], "best_fitnesss": [0.7342914743192817, 0.7826633521747325], "prob_mutate": 0.09375}