{"num_qubits": 8, "depth": 30, "num_circuit": 32, "num_generation": 20, "current_generation": 20, "fitnessss": [[0.10590163399734812, 0.05948953817578675, 0.03582992402313746, 0.056507837512174294, 0.06855132516500653, 0.25969897156400124, 0.12461958524029688, 0.08689981839605175, 0.0471176064455382, 0.05368976656560337, 0.16598286182237149, 0.0731157678729674, 0.039692736262425574, 0.0755718466648984, 0.17699972914572729, 0.040723846030036606, 0.04488309672133757, 0.07880554854770135, 0.05259501574678662, 0.044216086947600784, 0.09847344816390695, 0.03960279512750323, 0.041340968569223036, 0.041135990412445325, 0.047771942757484635, 0.0420988908469462, 0.17163237472302562, 0.04748348696186759, 0.11237418036759461, 0.04823243135045481, 0.04154150741699559, 0.0565979578107307], [0.22456800338793262, 0.14424554776919812, 0.0810482061246944, 0.0888404900801319, 0.212300052660837, 0.17264935588594593, 0.04896542260808616, 0.13341041143747018, 0.12343942453063964, 0.17239722206122485, 0.10018609265491799, 0.054645440234352874, 0.1006113748721135, 0.05040160579315574, 0.08107727715394583, 0.06426901984956056, 0.06692629208841896, 0.07450720289439058, 0.058861338366847885, 0.07660681334843762, 0.05992779478923579, 0.08557980045160549, 0.06312989963847698, 0.2457645964218514, 0.06185337334712092, 0.061236004550955424, 0.10890790693011751, 0.05607060131616663, 0.05279227834331664, 0.05000123176168749, 0.05472395891088148, 0.12281749818595353], [0.27926139118686205, 0.29155768161796003, 0.06211448720972209, 0.04838376055525776, 0.2232120301722369, 0.20676160929439297, 0.04574542631697924, 0.10028444566832281, 0.16615710808939793, 0.1522315192379703, 0.07266449609011175, 0.22061925772628851, 0.10066769525455954, 0.08506265314494575, 0.13621039326723738, 0.16066416007071121, 0.18653835656108703, 0.11299561306696768, 0.12115759495789276, 0.06503836668048343, 0.09900380945313134, 0.1678800917358243, 0.26654563277134813, 0.07075207289571055, 0.12304810759177695, 0.07180965291428902, 0.08237778618470552, 0.08563479041759589, 0.07175017060612883, 0.1123773115806552, 0.15050110274591538, 0.11495396294103051], [0.22182185692735784, 0.29349752208012314, 0.05522251789631958, 0.07050265776877494, 0.2560445682599035, 0.20713332823876845, 0.09984552587399734, 0.12585920044208296, 0.18952609716528498, 0.13843471345799527, 0.05265490586549367, 0.2452562489376296, 0.12108334045927623, 0.19070371075507306, 0.06448554072729697, 0.05103769654859251, 0.1743594929224677, 0.17989902784159595, 0.20220180519831316, 0.2828573213456309, 0.1372904527356163, 0.14415932810844537, 0.1310211166162672, 0.16927215489222275, 0.16992528341475482, 0.12489343991253829, 0.14524728016193836, 0.15062120815794938, 0.11246546682953125, 0.12544884468766312, 0.05049665535970597, 0.07119125131028277], [0.09196909676012605, 0.2722959160287733, 0.18049109322510098, 0.14069871376497586, 0.2765338758610351, 0.25125093682590055, 0.16610004491853575, 0.11780341881826562, 0.24078627640205624, 0.0632564858115702, 0.1776540154521227, 0.06861393229803274, 0.2158552500555763, 0.18948104653306896, 0.1540578847602248, 0.16098453405408658, 0.17452770314580618, 0.20383055754566531, 0.14347313149753177, 0.2529719677036383, 0.1523914784280522, 0.1395698439771427, 0.10584162848883232, 0.26622539029932313, 0.1284466464797807, 0.17407084077728896, 0.1631987243965946, 0.14207139886927922, 0.1506997130196824, 0.15530564361284202, 0.17302958695715365, 0.1045581478562008], [0.23307089222391392, 0.27255530235275266, 0.1449060295135985, 0.14350431518723536, 0.2770034573005103, 0.26134999442378554, 0.288427832818297, 0.2905799885561867, 0.24957830252720817, 0.24576011375738802, 0.12195468968329437, 0.14632489221027237, 0.19347271343787745, 0.17273922885702614, 0.10476414837006531, 0.17386215721235604, 0.22606272631946717, 0.1745240185530761, 0.313178792798302, 0.19246356975829917, 0.04621825960277095, 0.2254135035504575, 0.1864270703691282, 0.15464875924227667, 0.1571900211794991, 0.17606353547176126, 0.23735333045994728, 0.13649712408450632, 0.16839590489636272, 0.17160893535467553, 0.07968626139224431, 0.31616576493849435], [0.2955545153950104, 0.20190747366753206, 0.1692176423205334, 0.10141307670856055, 0.24169947782109857, 0.26451630801014936, 0.20780650175644366, 0.22522967152845438, 0.2576154660772885, 0.24230369219690745, 0.2824795700672629, 0.13092368952247826, 0.15390503410177894, 0.24127221678753158, 0.12365936368346789, 0.2730685619955369, 0.2668893599120449, 0.23909641224755268, 0.10543891400637632, 0.13738003908893123, 0.2586424783472755, 0.2035961467550572, 0.08073999503418453, 0.10188315285721154, 0.18543475328145848, 0.1861724091982238, 0.1240959304868728, 0.14914523524085505, 0.17843907073023643, 0.19453745511057344, 0.19102397877431804, 0.22512017073929025], [0.22008521787901963, 0.250155186285095, 0.13445297516039684, 0.2129697380094638, 0.321329383628064, 0.2470856695375107, 0.14729866512892772, 0.20175419471739517, 0.2744169735856357, 0.19551253843414823, 0.1254823448286504, 0.16352104642489446, 0.2634469551865544, 0.2651564770778407, 0.2945627578803095, 0.30563830955335, 0.16927520632801146, 0.2570595062593505, 0.2791032416013476, 0.2522015905388579, 0.23155234410193531, 0.17398302622139425, 0.1827123508267742, 0.18144783651445384, 0.2238805175406371, 0.19484552208370004, 0.21593650056544983, 0.22913304244182653, 0.1977260921531704, 0.20763825900198257, 0.27589929528418417, 0.1815124498015091], [0.2621072217096881, 0.16051507888050048, 0.2740499631274299, 0.2318589119292187, 0.26845113916350805, 0.2027888680261026, 0.24918600613819689, 0.2930800569777611, 0.20166724873891556, 0.1879171680642478, 0.2919403964176556, 0.2517791946472378, 0.26730305389737624, 0.2717645650707831, 0.27194969048065354, 0.281228772878002, 0.2669134000596027, 0.2653420658306725, 0.28281567407348696, 0.28974664140318096, 0.2762012180990736, 0.27934489313082944, 0.16524833344550421, 0.21134854013048102, 0.2581994944386631, 0.23739674515048095, 0.22556717419827105, 0.06927597760857215, 0.24258466731549455, 0.2597773684218131, 0.2351760984027203, 0.11146898040545691], [0.2611130878864178, 0.24854112050091196, 0.24963132897689028, 0.22971443535571204, 0.3089962659046094, 0.2995648239514344, 0.27085385727743455, 0.2662619075471966, 0.2120943338011696, 0.11130000904116191, 0.08736044082895297, 0.1943952193296547, 0.2320244207768079, 0.24503128331638968, 0.27063178719055525, 0.24577570501673202, 0.3063035854987135, 0.27231434196862125, 0.28370621665527346, 0.2606412067587146, 0.2746174950137278, 0.24859529713069528, 0.27861923026342483, 0.27240062530518927, 0.20102027240190382, 0.26450941153064933, 0.28526578525306856, 0.27801351726788354, 0.25435658483667145, 0.22868265837039353, 0.20949340402819808, 0.1710021883519916], [0.255371328247474, 0.22547927043271807, 0.27575716789780413, 0.10995775848109184, 0.19717177334942462, 0.24649563793889206, 0.2690561586290916, 0.26172868304247227, 0.2613469835681377, 0.28112865084375105, 0.2159554186359068, 0.23046740399815907, 0.21522884802392764, 0.2677391047427149, 0.2884397815466806, 0.11730707124083337, 0.30029766802350233, 0.2673354981481349, 0.2036508239337386, 0.2609711627741257, 0.3057830503925111, 0.2584021782522973, 0.28800653576684937, 0.2846773742354648, 0.27027507575260135, 0.25445925408597253, 0.30389217922664125, 0.2634421405154913, 0.2148217714159819, 0.23790131388272936, 0.20941530413158443, 0.2402380902628239], [0.25716802455790394, 0.23997410137226466, 0.2775971604356163, 0.26017370869623396, 0.24576906227934225, 0.24880329447625332, 0.1512326888262798, 0.2903368838901851, 0.24733735609499147, 0.24435678064098112, 0.2888390187803262, 0.2628960684802141, 0.24767144319111073, 0.23427231224336564, 0.30725631331020514, 0.26950150510858084, 0.29873899373813456, 0.24899452447634554, 0.2932997621230079, 0.2329524165935374, 0.25196090021323014, 0.2534544516558773, 0.24229408212821565, 0.23961173717136583, 0.2940864034204435, 0.25891766181145714, 0.2810641684127836, 0.2956505247909812, 