{"num_qubits": 6, "depth": 32, "num_circuit": 32, "num_generation": 20, "current_generation": 1, "fitnessss": [[0.6078488905941386, 0.47643117816309244, 0.5363898910538363, 0.5969386051732358, 0.6280065480988114, 0.5487908874176501, 0.6179730320459524, 0.577315462806548, 0.6282406403359084, 0.6047476079711543, 0.6073745664754674, 0.6195402672613013, 0.6500259635179834, 0.6152497335937533, 0.66479368265144, 0.652793105546658, 0.659912038120509, 0.5300924211746485, 0.5995705975665995, 0.6387813367933213, 0.6333721410968864, 0.6467386067316727, 0.6048445938818408, 0.6141339776610664, 0.6076403689945824, 0.624107323102413, 0.6194962329019832, 0.6312980606332114, 0.5711262763413478, 0.6475046382874716, 0.6116121078624779, 0.551271001687723]], "best_fitnesss": [0.66479368265144], "prob_mutate": 0.0029296875}