{"num_qubits": 4, "depth": 28, "num_circuit": 16, "num_generation": 10, "current_generation": 6, "fitnessss": [[0.9402762786427765, 0.924621474954832, 0.8948789923204805, 0.8970720196232245, 0.8914343992273901, 0.8848664702545583, 0.8999641889669372, 0.8559607281482405, 0.8739747544899036, 0.851792174793059, 0.8780864860360961, 0.8603568509815286, 0.9032178898766908, 0.8909239087939479, 0.9229925967631869, 0.9376246634649682], [0.9266354161559075, 0.9376246634649682, 0.93812451846751, 0.9171668702682332, 0.924621474954832, 0.9229925967631869, 0.9367221308629737, 0.9171705386282719, 0.8903091901769532, 0.8999641889669372, 0.8957155560936296, 0.9101730186687693, 0.8970720196232245, 0.8948789923204805, 0.9242485207689448, 0.918034763616258], [0.93812451846751, 0.9376246634649682, 0.93812451846751, 0.9192412816051412, 0.9367221308629737, 0.9266354161559075, 0.9239396940300649, 0.93975219406866, 0.924621474954832, 0.9242485207689448, 0.9149174912592125, 0.9350570023100522, 0.9229925967631869, 0.918034763616258, 0.9073870926221155, 0.8992470425005971], [0.93975219406866, 0.93812451846751, 0.93812451846751, 0.93975219406866, 0.93812451846751, 0.9376246634649682, 0.93812451846751, 0.9376246634649682, 0.9367221308629737, 0.9350570023100522, 0.924621474954832, 0.924726750227477, 0.9266354161559075, 0.924621474954832, 0.9242837761371003, 0.9239396940300649], [0.93975219406866, 0.93975219406866, 0.93975219406866, 0.9336857535722712, 0.9117037068173218, 0.93812451846751, 0.93812451846751, 0.93812451846751, 0.93812451846751, 0.93812451846751, 0.93812451846751, 0.93812451846751, 0.9376246634649682, 0.9376246634649682, 0.9376246634649682, 0.9376246634649682], [0.9501456878325637, 0.93975219406866, 0.93975219406866, 0.93975219406866, 0.93975219406866, 0.93812451846751, 0.93812451846751, 0.93975219406866, 0.93812451846751, 0.9299496991047986, 0.93812451846751, 0.93812451846751, 0.93812451846751, 0.93812451846751, 0.93812451846751, 0.93812451846751]], "best_fitnesss": [0.9402762786427765, 0.93812451846751, 0.93975219406866, 0.93975219406866, 0.93975219406866, 0.9501456878325637], "prob_mutate": 0.006696428571428571}