{"num_qubits": 6, "depth": 26, "num_circuit": 32, "num_generation": 30, "current_generation": 1, "fitnessss": [[0.46379893440787673, 0.4786263017792779, 0.5502694049595157, 0.5317106833835522, 0.4993087773850272, 0.4946093239163319, 0.5607007161620358, 0.48926063797063046, 0.5705554550736067, 0.4317707717591455, 0.5272289888863182, 0.557485340667191, 0.5390434092980554, 0.5153906535143605, 0.5086502388459474, 0.5093965648133539, 0.47445283499332885, 0.5285233082538344, 0.479143507640501, 0.5359249306721441, 0.5050455667263017, 0.4343466640085656, 0.5176080393360756, 0.5296172847112197, 0.4974641107869947, 0.5419991492305792, 0.5958012802432807, 0.5123664979855944, 0.5211579463117739, 0.4427903902194962, 0.499450380276369, 0.46642340079908245]], "best_fitnesss": [0.5958012802432807], "prob_mutate": 0.003605769230769231}