{"num_qubits": 4, "depth": 21, "num_circuit": 32, "num_generation": 10, "current_generation": 1, "fitnessss": [[0.8367635919291526, 0.8090302713903437, 0.6741332926542246, 0.7291940189405339, 0.7673934478408412, 0.8102528919677898, 0.756298613896277, 0.7583291135952366, 0.6995287678408729, 0.8787424477838647, 0.8716928992550208, 0.7956454242327228, 0.7652457694831623, 0.807435493782459, 0.8748206912936549, 0.7520647184198921, 0.8515199810581351, 0.8065289672004574, 0.7902524284573363, 0.715157661367771, 0.8406405123032513, 0.8084987178240588, 0.8249764864733141, 0.793290869481452, 0.7355200836845083, 0.8249080037441914, 0.7908556288100891, 0.8729746436021901, 0.7594320825911277, 0.7906617167859644, 0.9035515374245955, 0.8672988994631619]], "best_fitnesss": [0.9035515374245955], "prob_mutate": 0.004464285714285714}