{"num_qubits": 4, "depth": 15, "num_circuit": 32, "num_generation": 40, "current_generation": 1, "fitnessss": [[0.60804, 0.65963, 0.59642, 0.6721299999999999, 0.60581, 0.62826, 0.54396, 0.67598, 0.52227, 0.67868, 0.63283, 0.57606, 0.5416700000000001, 0.7945499999999999, 0.57634, 0.6721199999999999, 0.71848, 0.7062999999999999, 0.5837600000000001, 0.57934, 0.59375, 0.65507, 0.66579, 0.6165199999999998, 0.6173299999999999, 0.66591, 0.6867399999999999, 0.73457, 0.68057, 0.7014199999999999, 0.69332, 0.72148]], "best_fitnesss": [0.7945499999999999], "prob_mutate": 0.00625}