{"num_qubits": 5, "depth": 22, "num_circuit": 4, "num_generation": 40, "current_generation": 2, "fitnessss": [[0.6390072770979461, 0.6615108470962292, 0.6646354524771353, 0.6206433078170135], [0.6539844818274723, 0.6615108470962292, 0.7184076034350462, 0.5715065447905444]], "best_fitnesss": [0.6646354524771353, 0.7184076034350462], "prob_mutate": 0.03409090909090909}