{"num_qubits": 5, "depth": 29, "num_circuit": 16, "num_generation": 50, "current_generation": 2, "fitnessss": [[0.8096472284211815, 0.7968181485922385, 0.7822921264492723, 0.7585734134301594, 0.753389088410296, 0.7874645040599104, 0.7512713651521423, 0.7786649286483249, 0.694433319747706, 0.7266188506914176, 0.7492661028593323, 0.7815793775882984, 0.7256356975836805, 0.6910154555351392, 0.7175369917872199, 0.7690992759476933], [0.7941415431532413, 0.7968181485922385, 0.8011215602957804, 0.8264252543573798, 0.7874645040599104, 0.7822921264492723, 0.7992636906930187, 0.8058167623437681, 0.7815793775882984, 0.7786649286483249, 0.810541864867146, 0.7080714631247658, 0.7690992759476933, 0.8000437162958389, 0.7918417920883476, 0.7521921742103767]], "best_fitnesss": [0.8096472284211815, 0.8264252543573798], "prob_mutate": 0.00646551724137931}