{"num_qubits": 4, "depth": 18, "num_circuit": 32, "num_generation": 30, "current_generation": 5, "fitnessss": [[0.7928105217866135, 0.7170949217985122, 0.8743324043742158, 0.647126135254093, 0.7153615256499835, 0.6174049333329445, 0.628157859133543, 0.7436894571385131, 0.7432318100137807, 0.7744252591683439, 0.7852642398964648, 0.724474061488296, 0.7045606122546448, 0.7884650639237981, 0.6293454702701864, 0.5921034559225196, 0.6562932640356027, 0.7284288406734942, 0.7225067651174438, 0.689837863859797, 0.672060625366103, 0.6599807140304536, 0.7680355185850182, 0.6830578454422412, 0.6250198718601887, 0.7577737862611085, 0.6633688558003143, 0.6683367223261163, 0.5791239328380311, 0.7255729559090348, 0.6852564923292597, 0.7572392369838798], [0.8743324043742158, 0.7928105217866135, 0.8025119959302737, 0.7913082447365476, 0.7884650639237981, 0.7810648946812628, 0.6928475483501134, 0.7890749388705938, 0.7744252591683439, 0.7680355185850182, 0.8254482104036409, 0.7797291243225732, 0.7577737862611085, 0.7572392369838798, 0.8017398932953206, 0.6759059310899479, 0.7436894571385131, 0.7432318100137807, 0.7541220789253468, 0.7351238100137812, 0.7284288406734942, 0.7255729559090348, 0.7540277772503587, 0.7764341203933193, 0.724474061488296, 0.7225067651174438, 0.7085497977851909, 0.716053877336828, 0.7170949217985122, 0.7153615256499835, 0.7931248945772473, 0.6369406863094732], [0.8743324043742158, 0.8159504789136756, 0.7930966668904447, 0.8235270631857089, 0.8025119959302737, 0.8017398932953206, 0.8215614960224309, 0.8072793810632998, 0.7931248945772473, 0.7928105217866135, 0.7258676151637429, 0.8288710514678064, 0.7913082447365476, 0.7890749388705938, 0.7894796723488082, 0.8375807044040723, 0.7884650639237981, 0.8125759697861348, 0.7599864126789486, 0.8210794238641359, 0.7797291243225732, 0.7764341203933193, 0.7633296050805805, 0.7290276995665528, 0.7744252591683439, 0.7680355185850182, 0.8295999050618048, 0.7797291243225732, 0.7577737862611085, 0.7572392369838798, 0.8017398932953206, 0.6759059310899479], [0.8743324043742158, 0.8375807044040723, 0.8743324043742158, 0.8375807044040723, 0.8295999050618048, 0.8288710514678064, 0.8540990446178922, 0.7791062728469184, 0.8235270631857089, 0.8215614960224309, 0.8078022972868194, 0.8743324043742158, 0.8210794238641359, 0.8159504789136756, 0.7891182603107939, 0.7765792749391307, 0.8125759697861348, 0.8072793810632998, 0.7902245729187081, 0.773285496077957, 0.8025119959302737, 0.8017398932953206, 0.8215614960224309, 0.8072793810632998, 0.8017398932953206, 0.7931248945772473, 0.8407112830829048, 0.7591778883682101, 0.7930966668904447, 0.7928105217866135, 0.8025119959302737, 0.7655685925583039], [0.8743324043742158, 0.8743324043742158, 0.8743324043742158, 0.8743324043742158, 0.8303060022915922, 0.8540990446178922, 0.866435168851875, 0.8235270631857089, 0.8407112830829048, 0.8375807044040723, 0.7532297307298795, 0.7866325005189705, 0.8375807044040723, 0.8295999050618048, 0.8386593879913766, 0.8235270631857089, 0.8288710514678064, 0.8235270631857089, 0.7913082447365476, 0.8540990446178922, 0.8215614960224309, 0.8215614960224309, 0.8215614960224309, 0.8215614960224309, 0.8210794238641359, 0.8159504789136756, 0.7891182603107939, 0.7765792749391307, 0.8125759697861348, 0.8078022972868194, 0.8014104982635475, 0.8054361004031166]], "best_fitnesss": [0.8743324043742158, 0.8743324043742158, 0.8743324043742158, 0.8743324043742158, 0.8743324043742158], "prob_mutate": 0.005208333333333333}