{"num_qubits": 4, "depth": 26, "num_circuit": 4, "num_generation": 50, "current_generation": 13, "fitnessss": [[0.9329128017083399, 0.9011825088698773, 0.8989468680980067, 0.7947587512308235], [0.9329128017083399, 0.8811533191333923, 0.9092190900461394, 0.8899702547230275], [0.9245274836578513, 0.9092190900461394, 0.9092190900461394, 0.9329128017083399], [0.9329128017083399, 0.9245274836578513, 0.9329128017083399, 0.9245274836578513], [0.9226506044156537, 0.9329128017083399, 0.9329128017083399, 0.901068618583467], [0.9329128017083399, 0.9329128017083399, 0.9329128017083399, 0.9329128017083399], [0.9329128017083399, 0.9329128017083399, 0.9329128017083399, 0.8933186420575007], [0.9033117070040293, 0.9312062588705393, 0.9329128017083399, 0.9211501845009185], [0.9329128017083399, 0.9134647749657819, 0.9329128017083399, 0.9003484484684157], [0.9177294153782108, 0.925083307900492, 0.9329128017083399, 0.9306591722893085], [0.9329128017083399, 0.8483915966804367, 0.9306591722893085, 0.9329128017083399], [0.9329128017083399, 0.9329128017083399, 0.9329128017083399, 0.9050067733333901], [0.9385163678405848, 0.9329128017083399, 0.9276634232694325, 0.9164755294530383]], "best_fitnesss": [0.9329128017083399, 0.9329128017083399, 0.9329128017083399, 0.9329128017083399, 0.9329128017083399, 0.9329128017083399, 0.9329128017083399, 0.9329128017083399, 0.9329128017083399, 0.9329128017083399, 0.9329128017083399, 0.9329128017083399, 0.9385163678405848], "prob_mutate": 0.028846153846153848}