{"num_qubits": 3, "depth": 9, "num_circuit": 16, "num_generation": 50, "current_generation": 4, "fitnessss": [[0.7029943545310047, 0.5680553134725504, 0.784700066101294, 0.6656416708221352, 0.4608306201401309, 0.6413824980700149, 0.6785414025878548, 0.5519057913786776, 0.5523174937661957, 0.6425513996053225, 0.6269309038481564, 0.6264658122350786, 0.5611316248138103, 0.7750729437108467, 0.5940554490295483, 0.6438352335101183], [0.784700066101294, 0.7750729437108467, 0.5774420456772492, 0.6928574007870905, 0.7029943545310047, 0.6785414025878548, 0.6739354401890287, 0.5473820783442712, 0.47036248218016186, 0.6438352335101183, 0.6414266822670518, 0.4879036005321069, 0.6425513996053225, 0.6413824980700149, 0.6356067677469379, 0.7137539924901355], [0.784700066101294, 0.7750729437108467, 0.5774420456772492, 0.6928574007870905, 0.7035817219270031, 0.7029943545310047, 0.6910424845888127, 0.7070530327280651, 0.6217832778152301, 0.6785414025878548, 0.6784699276373148, 0.7496164266476624, 0.6739354401890287, 0.6438352335101183, 0.6729875886492073, 0.5295696296912209], [0.700066779755059, 0.7021182210820781, 0.5774420456772492, 0.6928574007870905, 0.7532849361255974, 0.7070530327280651, 0.629865431413494, 0.7312635563472206, 0.6253407626463312, 0.7029943545310047, 0.5894093420036216, 0.7070530327280651, 0.6928574007870905, 0.7255190708617834, 0.6285221711758177, 0.815178156034999]], "best_fitnesss": [0.784700066101294, 0.784700066101294, 0.784700066101294, 0.815178156034999], "prob_mutate": 0.020833333333333332}