{"num_qubits": 2, "depth": 5, "num_circuit": 32, "num_generation": 10, "current_generation": 1, "fitnessss": [[0.6266618885727991, 0.8283176418854389, 0.5574391632229675, 0.46590005384474786, 0.779157020081233, 0.4753220357354295, 0.7442875556316094, 0.7141894807684189, 0.3791030344456647, 0.32039343092639117, 0.6766884067832858, 0.5607810321822738, 0.7176023476871113, 0.654276567570676, 0.5501759524120771, 0.7156953483129407, 0.7106709436708556, 0.5369712082245244, 0.7117738502528249, 0.7672574187560108, 0.6664026270579747, 0.2797826142364297, 0.6112632967584173, 0.38647892534496997, 0.7018135490565973, 0.717134109786124, 0.6088887042494182, 0.5454249336910428, 0.7242384675392807, 0.7303889535090964, 0.6008684244724887, 0.7302947790855273]], "best_fitnesss": [0.8283176418854389], "prob_mutate": 0.01875}