{"num_qubits": 4, "depth": 9, "num_circuit": 16, "num_generation": 20, "current_generation": 20, "fitnessss": [[0.20950650455059738, 0.1719337825984969, 0.18334355979275707, 0.14606398456414094, 0.29089099689491693, 0.254523871347621, 0.3137751417364155, 0.27723289165789144, 0.04828601059062532, 0.452700210763187, 0.5039306894002283, 0.30337917972570483, 0.24368906077853691, 0.24558965289096568, 0.3769200433214229, 0.20753586720033268], [0.5039306894002283, 0.452700210763187, 0.3623397185893953, 0.1790171052996271, 0.3769200433214229, 0.3137751417364155, 0.43223378421843184, 0.3853435489713689, 0.30337917972570483, 0.29089099689491693, 0.30772625747319526, 0.3744527201758172, 0.27723289165789144, 0.254523871347621, 0.17797341526460553, 0.2130714707145288], [0.5039306894002283, 0.452700210763187, 0.3623397185893953, 0.5701535588704096, 0.43223378421843184, 0.37552653553928983, 0.3769200433214229, 0.3137751417364155, 0.3769200433214229, 0.3744527201758172, 0.29247223194383, 0.3437435628790493, 0.3623397185893953, 0.3137751417364155, 0.5171427418893375, 0.37717566811483194], [0.5701535588704096, 0.5171427418893375, 0.22746624185045972, 0.6070656243089417, 0.5039306894002283, 0.452700210763187, 0.4680579985457016, 0.29431320373762304, 0.43223378421843184, 0.37717566811483194, 0.3948506970220468, 0.3137751417364155, 0.3769200433214229, 0.3769200433214229, 0.3769200433214229, 0.3769200433214229], [0.6070656243089417, 0.586554070770754, 0.6070656243089417, 0.5701535588704096, 0.42190459802337954, 0.5039306894002283, 0.5039306894002283, 0.5171427418893375, 0.4680579985457016, 0.452700210763187, 0.3623397185893953, 0.2535533741823299, 0.43223378421843184, 0.3948506970220468, 0.3948506970220468, 0.5074514823897974], [0.6070656243089417, 0.6070656243089417, 0.6070656243089417, 0.6070656243089417, 0.586554070770754, 0.5701535588704096, 0.586554070770754, 0.5701535588704096, 0.5171427418893375, 0.5074514823897974, 0.5015315643175492, 0.30115805300027065, 0.5039306894002283, 0.27725967610926705, 0.5039306894002283, 0.5039306894002283], [0.6070656243089417, 0.6070656243089417, 0.6070656243089417, 0.5135941340598102, 0.6070656243089417, 0.6070656243089417, 0.5078227102841726, 0.3149092106235021, 0.586554070770754, 0.586554070770754, 0.586554070770754, 0.586554070770754, 0.5701535588704096, 0.5701535588704096, 0.5701535588704096, 0.5701535588704096], [0.6070656243089417, 0.4507661205080713, 0.40512376964419394, 0.6070656243089417, 0.6070656243089417, 0.6070656243089417, 0.6070656243089417, 0.5270276476162143, 0.6070656243089417, 0.586554070770754, 0.49545689760692835, 0.2654758235436747, 0.586554070770754, 0.586554070770754, 0.586554070770754, 0.586554070770754], [0.6070656243089417, 0.25240531535895694, 0.572604556502382, 0.6070656243089417, 0.5920981466675604, 0.45353952589829405, 0.6070656243089417, 0.6070656243089417, 0.6070656243089417, 0.6070656243089417, 0.6070656243089417, 0.6070656243089417, 0.586554070770754, 0.586554070770754, 0.586554070770754, 0.586554070770754], [0.6070656243089417, 0.6070656243089417, 0.6070656243089417, 0.6070656243089417, 0.6070656243089417, 0.6070656243089417, 0.6070656243089417, 0.6070656243089417, 0.6070656243089417, 0.6070656243089417, 0.6070656243089417, 0.6070656243089417, 0.6070656243089417, 0.6070656243089417, 0.6070656243089417, 0.5297158155987495], [0.44950587929155295, 0.6070656243089417, 0.6070656243089417, 0.6070656243089417, 0.6070656243089417, 0.6070656243089417, 0.6070656243089417, 0.6070656243089417, 0.6070656243089417, 0.6070656243089417, 0.6070656243089417, 0.6134657721091754, 0.6070656243089417, 0.6070656243089417, 0.6070656243089417, 0.6070656243089417], [0.6134657721091754, 0.6070656243089417, 0.6134657721091754, 0.6070656243089417, 0.6070656243089417, 0.6070656243089417, 0.6070656243089417, 0.6070656243089417, 0.6070656243089417, 0.6070656243089417, 0.6070656243089417, 0.6070656243089417, 0.6070656243089417, 0.6070656243089417, 0.6070656243089417, 0.6070656243089417], [0.6134657721091754, 0.6134657721091754, 0.6134657721091754, 0.6134657721091754, 0.6070656243089417, 0.6070656243089417, 0.6070656243089417, 0.6070656243089417, 0.44503005786501026, 0.6070656243089417, 0.6070656243089417, 0.6070656243089417, 0.6070656243089417, 0.6070656243089417, 0.6070656243089417, 0.6070656243089417], [0.6134657721091754, 0.6134657721091754, 0.4994526548777928, 0.6134657721091754, 0.6134657721091754, 0.6134657721091754, 0.6134657721091754, 0.6134657721091754, 0.6070656243089417, 0.5979927143989162, 0.5223442410947127, 0.5657188808632856, 0.6070656243089417, 0.5834788807129027, 0.5969183553048427, 0.6070656243089417], [0.3226866323783961, 0.6134657721091754, 0.6134657721091754, 0.6134657721091754, 0.30987501423099073, 0.6134657721091754, 0.6134657721091754, 0.6134657721091754, 0.6134657721091754, 0.6134657721091754, 0.6134657721091754, 0.6134657721091754, 0.5814148267005572, 0.6070656243089417, 0.6134657721091754, 0.6070656243089417], [0.6134657721091754, 0.4654977466679464, 0.6134657721091754, 0.5346556523133063, 0.6134657721091754, 0.6134657721091754, 0.6134657721091754, 0.6134657721091754, 0.6134657721091754, 0.6134657721091754, 0.6134657721091754, 0.6134657721091754, 0.5381756009652184, 0.6134657721091754, 0.6134657721091754, 0.6134657721091754], [0.6134657721091754, 0.6134657721091754, 0.6134657721091754, 0.6134657721091754, 0.6134657721091754, 0.6246131133791115, 0.6134657721091754, 0.6134657721091754, 0.4780896747148, 0.6134657721091754, 0.6134657721091754, 0.6134657721091754, 0.6134657721091754, 0.6134657721091754, 0.6134657721091754, 0.6134657721091754], [0.6246131133791115, 0.6134657721091754, 0.6246131133791115, 0.6134657721091754, 0.5348572502943847, 0.6134657721091754, 0.6134657721091754, 0.6134657721091754, 0.6134657721091754, 0.6134657721091754, 0.6134657721091754, 0.6134657721091754, 0.6134657721091754, 0.6134657721091754, 0.5102055687769245, 0.5061219611023955], [0.6246131133791115, 0.6246131133791115, 0.6246131133791115, 0.6246131133791115, 0.6134657721091754, 0.6134657721091754, 0.6134657721091754, 0.4828631654115121, 0.6134657721091754, 0.6134657721091754, 0.6134657721091754, 0.6134657721091754, 0.6134657721091754, 0.6134657721091754, 0.6134657721091754, 0.6134657721091754], [0.6246131133791115, 0.6246131133791115, 0.6246131133791115, 0.6246131133791115, 0.6246131133791115, 0.6246131133791115, 0.6246131133791115, 0.6246131133791115, 0.6134657721091754, 0.6134657721091754, 0.6134657721091754, 0.6134657721091754, 0.6134657721091754, 0.6134657721091754, 0.6134657721091754, 0.6134657721091754]], "best_fitnesss": [0.5039306894002283, 0.5039306894002283, 0.5701535588704096, 0.6070656243089417, 0.6070656243089417, 0.6070656243089417, 0.6070656243089417, 0.6070656243089417, 0.6070656243089417, 0.6070656243089417, 0.6134657721091754, 0.6134657721091754, 0.6134657721091754, 0.6134657721091754, 0.6134657721091754, 0.6134657721091754, 0.6246131133791115, 0.6246131133791115, 0.6246131133791115, 0.6246131133791115], "prob_mutate": 0.020833333333333332}