{"num_qubits": 6, "depth": 24, "num_circuit": 16, "num_generation": 20, "current_generation": 2, "fitnessss": [[0.4679206056609613, 0.4147463036181832, 0.5009137940280776, 0.39151003273598406, 0.4459060067738284, 0.4508376747750649, 0.4684972917125306, 0.46377800437632316, 0.4411839284971199, 0.47898197123681896, 0.5549055464670187, 0.48988679877742314, 0.5511172386357516, 0.46436558813086215, 0.4727663741403669, 0.4436520844333737], [0.5549055464670187, 0.5511172386357516, 0.5506132277138964, 0.5282258540458977, 0.5009137940280776, 0.48101475007643224, 0.5214505188561662, 0.498967627332795, 0.47898197123681896, 0.4727663741403669, 0.45275770024134926, 0.48309698127819456, 0.4684972917125306, 0.4679206056609613, 0.4811033370202408, 0.4706366024776177]], "best_fitnesss": [0.5549055464670187, 0.5549055464670187], "prob_mutate": 0.0078125}