{"num_qubits": 6, "depth": 33, "num_circuit": 8, "num_generation": 40, "current_generation": 1, "fitnessss": [[0.613050752236091, 0.6419382023985711, 0.5523428001441095, 0.6636755842423738, 0.6349652415225308, 0.5824051721477297, 0.6454463395816923, 0.5822609824863568]], "best_fitnesss": [0.6636755842423738], "prob_mutate": 0.011363636363636364}