{"num_qubits": 5, "depth": 12, "num_circuit": 32, "num_generation": 40, "current_generation": 16, "fitnessss": [[0.22749745211599315, 0.3129282034265237, 0.31569937089871636, 0.3819087777746251, 0.34082368413355624, 0.39282243367181036, 0.24909553424370162, 0.38268527639008865, 0.3274632968978867, 0.3517124646944178, 0.22817149268269832, 0.34111614142357577, 0.2951095698504261, 0.3121741700464086, 0.4491817552686473, 0.30304024169518984, 0.2891316444169217, 0.29397192031548786, 0.35929685823468904, 0.3003157210597733, 0.4788141432914711, 0.3020508102438071, 0.2969516132544031, 0.3128356270618215, 0.3103720062829514, 0.39188100497772693, 0.3640296882110473, 0.29041138833533, 0.35923537222926605, 0.37658515960447253, 0.25421009009092793, 0.2888561664551413], [0.4788141432914711, 0.4491817552686473, 0.3987320598135208, 0.45288811069382556, 0.39282243367181036, 0.39188100497772693, 0.5041154947197108, 0.3544812616362166, 0.38268527639008865, 0.3819087777746251, 0.4092307388719106, 0.3885161614401424, 0.3493554936272177, 0.3640296882110473, 0.3875773981309024, 0.39554397305151434, 0.35929685823468904, 0.35923537222926605, 0.4427605422574027, 0.3902344798528944, 0.3517124646944178, 0.34111614142357577, 0.3740295917043007, 0.3044588420665527, 0.34082368413355624, 0.3274632968978867, 0.3976952413822815, 0.35134950152944755, 0.31569937089871636, 0.3129282034265237, 0.4084883685022615, 0.2989947323909486], [0.5041154947197108, 0.4788141432914711, 0.42590783044634045, 0.41909902095307067, 0.45288811069382556, 0.4491817552686473, 0.44587899218083715, 0.4604813313290985, 0.4427605422574027, 0.4092307388719106, 0.4090088985441859, 0.36001465798830024, 0.4084883685022615, 0.3987320598135208, 0.4163340139325717, 0.44146263484344156, 0.3976952413822815, 0.39554397305151434, 0.3325108997380785, 0.392378659416354, 0.39282243367181036, 0.39188100497772693, 0.5041154947197108, 0.3544812616362166, 0.3902344798528944, 0.3885161614401424, 0.3917017972656791, 0.3979258917374741, 0.3866599284321698, 0.38268527639008865, 0.38997223143909854, 0.4163423362558046], [0.5041154947197108, 0.5041154947197108, 0.5041154947197108, 0.5041154947197108, 0.4788141432914711, 0.4604813313290985, 0.4788141432914711, 0.4604813313290985, 0.45288811069382556, 0.4491817552686473, 0.44587899218083715, 0.4604813313290985, 0.44587899218083715, 0.4427605422574027, 0.3860220961051523, 0.3754866967802468, 0.44146263484344156, 0.42590783044634045, 0.4788141432914711, 0.4348966174683501, 0.41909902095307067, 0.4163423362558046, 0.396892696559105, 0.41303198893786874, 0.4163340139325717, 0.37009953844963883, 0.3726601127328225, 0.3523480893568388, 0.4090088985441859, 0.41271659554089224, 0.4282511704290834, 0.3726601127328225], [0.5041154947197108, 0.5041154947197108, 0.5041154947197108, 0.5041154947197108, 0.5041154947197108, 0.5041154947197108, 0.5041154947197108, 0.5041154947197108, 0.4788141432914711, 0.4788141432914711, 0.4788141432914711, 0.4312563157560659, 0.4788141432914711, 0.4604813313290985, 0.4788141432914711, 0.4604813313290985, 0.4604813313290985, 0.4604813313290985, 0.4604813313290985, 0.4604813313290985, 0.45288811069382556, 0.4491817552686473, 0.44587899218083715, 0.4604813313290985, 0.44587899218083715, 0.44587899218083715, 0.4701839773573476, 0.44587899218083715, 0.4427605422574027, 0.44146263484344156, 0.4282511704290834, 0.40089314923833247], [0.5041154947197108, 0.5041154947197108, 0.5041154947197108, 0.5041154947197108, 0.5041154947197108, 0.5041154947197108, 0.5041154947197108, 0.5041154947197108, 0.5041154947197108, 0.5041154947197108, 0.5041154947197108, 0.5041154947197108, 0.5041154947197108, 0.5041154947197108, 0.5041154947197108, 0.5041154947197108, 0.4788141432914711, 0.4788141432914711, 0.4788141432914711, 0.4788141432914711, 0.4788141432914711, 0.4788141432914711, 0.4788141432914711, 0.4788141432914711, 0.4788141432914711, 0.4701839773573476, 0.4167631854132597, 0.45288811069382556, 0.4604813313290985, 0.4604813313290985, 0.4604813313290985, 0.4604813313290985], [0.5041154947197108, 0.3966737530925514, 0.5041154947197108, 0.5041154947197108, 0.46859935641119155, 0.5041154947197108, 0.5041154947197108, 0.5041154947197108, 0.5041154947197108, 0.5041154947197108, 0.5041154947197108, 0.5041154947197108, 0.5041154947197108, 0.5041154947197108, 0.5041154947197108, 0.5041154947197108, 0.5041154947197108, 0.5041154947197108, 0.5041154947197108, 0.5041154947197108, 0.5041154947197108, 0.5041154947197108, 0.4173472980839909, 0.5041154947197108, 0.5041154947197108, 0.5041154947197108, 0.5041154947197108, 0.5041154947197108, 0.43168801618397284, 0.5041154947197108, 0.5041154947197108, 0.5041154947197108], [0.5041154947197108, 0.5041154947197108, 0.5041154947197108, 0.5041154947197108, 0.5041154947197108, 0.5041154947197108, 0.5041154947197108, 0.5041154947197108, 0.5041154947197108, 0.5041154947197108, 0.5041154947197108, 0.5041154947197108, 0.5041154947197108, 0.5041154947197108, 0.4946098158203312, 0.5030037707479637, 0.5041154947197108, 0.5041154947197108, 0.5041154947197108, 0.4726030322530012, 0.5041154947197108, 0.5041154947197108, 0.5041154947197108, 0.5041154947197108, 0.5041154947197108, 0.5041154947197108, 0.5041154947197108, 0.5041154947197108, 0.5041154947197108, 0.5041154947197108, 0.5041154947197108, 0.5041154947197108], [0.5041154947197108, 0.5041154947197108, 0.5041154947197108, 0.5041154947197108, 0.5041154947197108, 0.5041154947197108, 0.5041154947197108, 0.5041154947197108, 0.5041154947197108, 0.5041154947197108, 0.5041154947197108, 0.5041154947197108, 0.5041154947197108, 0.5041154947197108, 0.44007955071386695, 0.5041154947197108, 0.5041154947197108, 0.5041154947197108, 0.5041154947197108, 0.5041154947197108, 0.5041154947197108, 0.5041154947197108, 0.4478692823858137, 0.47095538766158745, 0.5041154947197108, 0.5041154947197108, 0.5041154947197108, 0.5041154947197108, 0.5041154947197108, 0.5041154947197108, 0.5041154947197108, 0.5041154947197108], [0.5041154947197108, 0.5041154947197108, 0.5041154947197108, 0.5041154947197108, 0.5041154947197108, 0.5041154947197108, 0.5041154947197108, 0.5041154947197108, 0.5041154947197108, 0.5041154947197108, 0.5041154947197108, 0.5041154947197108, 0.5041154947197108, 0.5041154947197108, 0.5041154947197108, 0.5041154947197108, 0.5041154947197108, 0.5041154947197108, 0.5041154947197108, 0.5041154947197108, 0.5041154947197108, 0.5041154947197108, 0.5041154947197108, 0.5041154947197108, 0.5041154947197108, 0.5041154947197108, 0.5041154947197108, 0.5041154947197108, 0.5041154947197108, 0.5041154947197108, 0.5041154947197108, 0.5041154947197108], [0.4967058443738446, 0.5041154947197108, 0.5041154947197108, 0.5041154947197108, 0.5041154947197108, 0.5041154947197108, 0.5041154947197108, 0.5041154947197108, 0.5041154947197108, 0.5041154947197108, 0.5041154947197108, 0.5041154947197108, 0.5041154947197108, 0.5041154947197108, 0.5041154947197108, 0.5041154947197108, 0.5041154947197108, 0.5041154947197108, 0.5041154947197108, 0.5041154947197108, 0.5041154947197108, 0.5041154947197108, 0.5041154947197108, 0.5041154947197108, 0.5041154947197108, 0.5041154947197108, 0.5041154947197108, 0.4550693230364115, 0.5041154947197108, 0.5041154947197108, 0.5041154947197108, 0.5041154947197108], [0.5041154947197108, 0.5041154947197108, 0.5041154947197108, 0.4892354800087887, 0.41565623370445604, 0.5041154947197108, 0.5041154947197108, 0.5041154947197108, 0.5041154947197108, 0.5041154947197108, 0.5041154947197108, 0.5041154947197108, 0.5041154947197108, 0.5041154947197108, 0.5041154947197108, 0.5041154947197108, 0.5041154947197108, 0.5041154947197108, 0.5041154947197108, 0.43211803938870696, 0.5041154947197108, 0.5041154947197108, 0.5041154947197108, 0.5041154947197108, 0.5041154947197108, 0.5041154947197108, 0.5041154947197108, 0.5041154947197108, 0.5041154947197108, 0.5041154947197108, 0.44922238343193693, 0.5041154947197108], [0.5041154947197108, 0.5041154947197108, 0.5041154947197108, 0.5041154947197108, 0.5041154947197108, 0.5041154947197108, 