{"num_qubits": 5, "depth": 8, "num_circuit": 16, "num_generation": 30, "current_generation": 7, "fitnessss": [[0.2125525966412864, 0.17369522299634504, 0.20236428859680097, 0.1901690104493555, 0.29346719723830383, 0.3028131189349369, 0.28669551799430726, 0.1797861902875979, 0.2604995246974108, 0.20113415370480778, 0.1698971028763851, 0.37919255705250743, 0.24333078306823547, 0.18664850758376347, 0.18535969310093015, 0.28027776461405585], [0.37919255705250743, 0.3028131189349369, 0.2914970002081797, 0.30067499407989284, 0.29346719723830383, 0.24404791125832476, 0.29670521558514434, 0.2898194115355377, 0.28027776461405585, 0.2604995246974108, 0.2181984938642251, 0.27196470089961877, 0.24333078306823547, 0.2125525966412864, 0.2861213674421795, 0.17184911244494436], [0.37919255705250743, 0.3345977684734796, 0.2914970002081797, 0.30067499407989284, 0.30067499407989284, 0.29670521558514434, 0.3100662769629263, 0.30611266564746725, 0.29346719723830383, 0.2914970002081797, 0.26709666936869014, 0.234981469374969, 0.2898194115355377, 0.2647046583307687, 0.30389830245148536, 0.2265059084480618], [0.37919255705250743, 0.3345977684734796, 0.2759583735728547, 0.30067499407989284, 0.3100662769629263, 0.30611266564746725, 0.3259181889780032, 0.29670521558514434, 0.30389830245148536, 0.30067499407989284, 0.2828710572951647, 0.3261762322175924, 0.30067499407989284, 0.27340307130306307, 0.3160318909833383, 0.30611266564746725], [0.37919255705250743, 0.29180433899139796, 0.2759583735728547, 0.30067499407989284, 0.3261762322175924, 0.3259181889780032, 0.30067499407989284, 0.28877792703779803, 0.3160318909833383, 0.3100662769629263, 0.3160318909833383, 0.36743452883771194, 0.30611266564746725, 0.30611266564746725, 0.30611266564746725, 0.30611266564746725], [0.37919255705250743, 0.36743452883771194, 0.3175163246357108, 0.29582206379892717, 0.3261762322175924, 0.3259181889780032, 0.30067499407989284, 0.1845784266801036, 0.3160318909833383, 0.3160318909833383, 0.3160318909833383, 0.3160318909833383, 0.2807928319813314, 0.30611266564746725, 0.3259181889780032, 0.29670521558514434], [0.37919255705250743, 0.36743452883771194, 0.3175163246357108, 0.21514681166769495, 0.3261762322175924, 0.3259181889780032, 0.30067499407989284, 0.30650252667868677, 0.3259181889780032, 0.3175163246357108, 0.36743452883771194, 0.37919255705250743, 0.3160318909833383, 0.3160318909833383, 0.3160318909833383, 0.30298638099033925]], "best_fitnesss": [0.37919255705250743, 0.37919255705250743, 0.37919255705250743, 0.37919255705250743, 0.37919255705250743, 0.37919255705250743, 0.37919255705250743], "prob_mutate": 0.0234375}