{"num_qubits": 4, "depth": 19, "num_circuit": 16, "num_generation": 30, "current_generation": 10, "fitnessss": [[0.7799345294263922, 0.7297506891895666, 0.7891659706609846, 0.7289294940387726, 0.7791751040384132, 0.8136317052704138, 0.7496631982342081, 0.779088467866572, 0.7366926603370771, 0.7353698965765846, 0.8756583704753768, 0.8639615929955996, 0.7307761356558833, 0.6981688930767656, 0.816389252866834, 0.8239418446392431], [0.8756583704753768, 0.8639615929955996, 0.8181913268059816, 0.8163398140876799, 0.8239418446392431, 0.816389252866834, 0.773041949974156, 0.755011038976821, 0.8136317052704138, 0.7891659706609846, 0.7684667571019759, 0.8645102840327146, 0.7799345294263922, 0.7438155771073779, 0.7666019009704754, 0.7138665503057566], [0.8756583704753768, 0.8645102840327146, 0.8281645886807253, 0.7455395192699433, 0.8639615929955996, 0.8239418446392431, 0.8429778706440473, 0.7919058817773553, 0.7809153230437708, 0.816389252866834, 0.8284287153003517, 0.8154574150290983, 0.824275079530346, 0.8136317052704138, 0.846650802289558, 0.8341264587718792], [0.8756583704753768, 0.8168969622373435, 0.8281645886807253, 0.8196815418309965, 0.8639615929955996, 0.846650802289558, 0.846650802289558, 0.8639615929955996, 0.8429778706440473, 0.8341264587718792, 0.8163398140876799, 0.835009881758469, 0.8284287153003517, 0.8281645886807253, 0.8281645886807253, 0.8284287153003517], [0.8756583704753768, 0.8639615929955996, 0.864250518097265, 0.8163398140876799, 0.8320597305078309, 0.846650802289558, 0.846650802289558, 0.8639615929955996, 0.8631261200276896, 0.8429778706440473, 0.8429778706440473, 0.825811384145428, 0.835009881758469, 0.8341264587718792, 0.8341264587718792, 0.835009881758469], [0.8756583704753768, 0.848901652602383, 0.864250518097265, 0.8756583704753768, 0.8639615929955996, 0.8639615929955996, 0.8639615929955996, 0.8639615929955996, 0.8631261200276896, 0.846650802289558, 0.7688104306444452, 0.8631261200276896, 0.846650802289558, 0.8429778706440473, 0.8429778706440473, 0.8462549504536792], [0.8756583704753768, 0.8756583704753768, 0.8756583704753768, 0.8756583704753768, 0.864250518097265, 0.8639615929955996, 0.864250518097265, 0.8639615929955996, 0.8639615929955996, 0.8639615929955996, 0.8639615929955996, 0.8639615929955996, 0.8639615929955996, 0.8631261200276896, 0.8631261200276896, 0.8639615929955996], [0.8756583704753768, 0.8756583704753768, 0.8756583704753768, 0.8756583704753768, 0.8756583704753768, 0.8756583704753768, 0.8756583704753768, 0.8756583704753768, 0.864250518097265, 0.864250518097265, 0.864250518097265, 0.8540778046447677, 0.8639615929955996, 0.8639615929955996, 0.8639615929955996, 0.8639615929955996], [0.8756583704753768, 0.8756583704753768, 0.8756583704753768, 0.8756583704753768, 0.8568351879148464, 0.8756583704753768, 0.8756583704753768, 0.8756583704753768, 0.8343594417450989, 0.8756583704753768, 0.8756583704753768, 0.8435124973212537, 0.8756583704753768, 0.8756583704753768, 0.8430264532698246, 0.8756583704753768], [0.8756583704753768, 0.8101979495473854, 0.8756583704753768, 0.8756583704753768, 0.8756583704753768, 0.8756583704753768, 0.8756583704753768, 0.8380288788902852, 0.8756583704753768, 0.8787223312163688, 0.8756583704753768, 0.8756583704753768, 0.8075642844958051, 0.8498149175764563, 0.8756583704753768, 0.8756583704753768]], "best_fitnesss": [0.8756583704753768, 0.8756583704753768, 0.8756583704753768, 0.8756583704753768, 0.8756583704753768, 0.8756583704753768, 0.8756583704753768, 0.8756583704753768, 0.8756583704753768, 0.8787223312163688], "prob_mutate": 0.009868421052631578}