{"num_qubits": 4, "depth": 9, "num_circuit": 16, "num_generation": 20, "current_generation": 20, "fitnessss": [[0.15687102335991432, 0.20555223317965265, 0.23786628707888924, 0.22628719306064782, 0.2431959372890098, 0.267758240481043, 0.17529356158210363, 0.39889857587143174, 0.202061278852685, 0.2669178303666314, 0.15369316976734493, 0.38156305187092887, 0.48778203982704316, 0.38649614932409826, 0.12062537650948124, 0.33257087671837815], [0.48778203982704316, 0.39889857587143174, 0.4188496488271065, 0.26839354668126325, 0.38649614932409826, 0.38156305187092887, 0.37242608560558443, 0.29531657525244537, 0.33257087671837815, 0.267758240481043, 0.3327034320317228, 0.2636404534578054, 0.2669178303666314, 0.2431959372890098, 0.26983184767485136, 0.20157020310584417], [0.48778203982704316, 0.4188496488271065, 0.4188496488271065, 0.48778203982704316, 0.39889857587143174, 0.38649614932409826, 0.39009665832456775, 0.34929082947297674, 0.38156305187092887, 0.37242608560558443, 0.31747404679840563, 0.37242608560558443, 0.3327034320317228, 0.33257087671837815, 0.33257087671837815, 0.3327034320317228], [0.48778203982704316, 0.48778203982704316, 0.48778203982704316, 0.48778203982704316, 0.4188496488271065, 0.4188496488271065, 0.23932489995115758, 0.16289514675058991, 0.39889857587143174, 0.17256211999722648, 0.39009665832456775, 0.39889857587143174, 0.38649614932409826, 0.38156305187092887, 0.37242608560558443, 0.3061578871920456], [0.48778203982704316, 0.48778203982704316, 0.48778203982704316, 0.48778203982704316, 0.48778203982704316, 0.48778203982704316, 0.48778203982704316, 0.2232321901215577, 0.4188496488271065, 0.4188496488271065, 0.4188496488271065, 0.4188496488271065, 0.39889857587143174, 0.39889857587143174, 0.39889857587143174, 0.39889857587143174], [0.48778203982704316, 0.48778203982704316, 0.48778203982704316, 0.48778203982704316, 0.48778203982704316, 0.48778203982704316, 0.48778203982704316, 0.2774805647905121, 0.48778203982704316, 0.48778203982704316, 0.48778203982704316, 0.48778203982704316, 0.48778203982704316, 0.4188496488271065, 0.4188496488271065, 0.48778203982704316], [0.436626094417613, 0.48778203982704316, 0.48778203982704316, 0.48778203982704316, 0.48778203982704316, 0.48778203982704316, 0.48778203982704316, 0.48778203982704316, 0.48778203982704316, 0.48778203982704316, 0.3172584907433993, 0.48778203982704316, 0.23615708035470195, 0.48778203982704316, 0.4008241398391452, 0.48778203982704316], [0.48778203982704316, 0.48778203982704316, 0.48778203982704316, 0.48778203982704316, 0.48778203982704316, 0.48778203982704316, 0.48778203982704316, 0.48778203982704316, 0.48778203982704316, 0.48778203982704316, 0.48778203982704316, 0.2588932910018026, 0.48778203982704316, 0.48778203982704316, 0.3332859072775911, 0.48778203982704316], [0.48778203982704316, 0.48778203982704316, 0.27718736128493204, 0.48778203982704316, 0.48778203982704316, 0.31396019693170596, 0.48778203982704316, 0.48778203982704316, 0.4869039140520469, 0.48778203982704316, 0.48778203982704316, 0.48778203982704316, 0.48778203982704316, 0.48778203982704316, 0.48778203982704316, 0.48778203982704316], [0.48778203982704316, 0.48778203982704316, 0.48778203982704316, 0.48778203982704316, 0.48778203982704316, 0.48778203982704316, 0.48778203982704316, 0.48778203982704316, 0.23479035035536933, 0.48778203982704316, 0.48778203982704316, 0.48778203982704316, 0.48778203982704316, 0.48778203982704316, 0.48778203982704316, 0.48778203982704316], [0.48778203982704316, 0.2838376164908708, 0.45139256152551765, 0.48778203982704316, 0.47791574073715126, 0.48778203982704316, 0.48778203982704316, 0.48778203982704316, 0.48778203982704316, 0.48778203982704316, 0.48778203982704316, 0.48778203982704316, 0.48778203982704316, 0.48778203982704316, 0.48778203982704316, 0.48778203982704316], [0.3102559396546447, 0.48778203982704316, 0.2192295501972199, 0.48778203982704316, 0.48778203982704316, 0.48778203982704316, 0.48778203982704316, 0.48778203982704316, 0.48778203982704316, 0.48778203982704316, 0.3799952174835062, 0.48778203982704316, 0.48778203982704316, 0.48778203982704316, 0.48778203982704316, 0.48778203982704316], [0.48778203982704316, 0.48778203982704316, 0.48778203982704316, 0.3774160545745191, 0.48778203982704316, 0.39868134501105723, 0.48778203982704316, 0.48778203982704316, 0.48778203982704316, 0.4513925615255179, 0.48778203982704316, 0.48778203982704316, 0.48778203982704316, 0.48778203982704316, 0.48778203982704316, 0.48778203982704316], [0.48778203982704316, 0.48778203982704316, 0.48778203982704316, 0.48778203982704316, 0.48778203982704316, 0.3821378129672872, 0.48778203982704316, 0.48778203982704316, 0.48778203982704316, 0.28310220144944054, 0.48778203982704316, 0.25233612541341666, 0.2694476301979676, 0.48778203982704316, 0.48778203982704316, 0.48778203982704316], [0.24833330788962515, 0.48778203982704316, 0.48778203982704316, 0.48778203982704316, 0.48778203982704316, 0.48778203982704316, 0.48778203982704316, 0.48778203982704316, 0.48778203982704316, 0.48778203982704316, 0.2951999875202145, 0.48778203982704316, 0.4064395068890183, 0.48778203982704316, 0.48778203982704316, 0.48778203982704316], [0.48778203982704316, 0.48778203982704316, 0.48778203982704316, 0.48778203982704316, 0.48778203982704316, 0.48778203982704316, 0.48778203982704316, 0.48778203982704316, 0.48778203982704316, 0.48778203982704316, 0.5359568532219158, 0.48778203982704316, 0.48778203982704316, 0.48778203982704316, 0.48778203982704316, 0.3694880752405315], [0.5359568532219158, 0.48778203982704316, 0.5359568532219158, 0.48778203982704316, 0.48778203982704316, 0.48778203982704316, 0.48778203982704316, 0.48778203982704316, 0.48778203982704316, 0.41758998006935344, 0.3438088959286656, 0.48778203982704316, 0.48778203982704316, 0.35998586548914957, 0.48778203982704316, 0.48778203982704316], [0.5359568532219158, 0.5359568532219158, 0.5359568532219158, 0.5359568532219158, 0.48778203982704316, 0.35856962853294205, 0.48778203982704316, 0.48778203982704316, 0.48778203982704316, 0.48778203982704316, 0.48778203982704316, 0.48778203982704316, 0.48778203982704316, 0.48778203982704316, 0.48778203982704316, 0.48778203982704316], [0.5359568532219158, 0.5359568532219158, 0.5359568532219158, 0.5359568532219158, 0.5359568532219158, 0.5359568532219158, 0.5359568532219158, 0.5359568532219158, 0.48778203982704316, 0.4833787370017617, 0.48778203982704316, 0.48778203982704316, 0.48778203982704316, 0.48778203982704316, 0.48778203982704316, 0.48778203982704316], [0.5359568532219158, 0.5359568532219158, 0.5359568532219158, 0.5359568532219158, 0.5359568532219158, 0.5243109063641874, 0.5359568532219158, 0.5359568532219158, 0.5359568532219158, 0.5359568532219158, 0.5359568532219158, 0.5359568532219158, 0.5359568532219158, 0.5359568532219158, 0.4569535305750074, 0.5359568532219158]], "best_fitnesss": [0.48778203982704316, 0.48778203982704316, 0.48778203982704316, 0.48778203982704316, 0.48778203982704316, 0.48778203982704316, 0.48778203982704316, 0.48778203982704316, 0.48778203982704316, 0.48778203982704316, 0.48778203982704316, 0.48778203982704316, 0.48778203982704316, 0.48778203982704316, 0.48778203982704316, 0.5359568532219158, 0.5359568532219158, 0.5359568532219158, 0.5359568532219158, 0.5359568532219158], "prob_mutate": 0.020833333333333332}