{"num_qubits": 5, "depth": 28, "num_circuit": 16, "num_generation": 20, "current_generation": 2, "fitnessss": [[0.7913402133415658, 0.8021803814971561, 0.7379299223078054, 0.6961171330879001, 0.6635741829664752, 0.6904348760953065, 0.7983871160949564, 0.7885774441210488, 0.7126782118179402, 0.7750322080850462, 0.7974083677456982, 0.7600776068882766, 0.7254083598916959, 0.7737488372521844, 0.7272763721597441, 0.7298882073840757], [0.7438552807853507, 0.7983871160949564, 0.7733402036475032, 0.7453444768626376, 0.7974083677456982, 0.7913402133415658, 0.8145473666030292, 0.7989116203137552, 0.7885774441210488, 0.7750322080850462, 0.8111298520827427, 0.7444125920908033, 0.7602628496505717, 0.761549492523761, 0.763670572250955, 0.7028358364548734]], "best_fitnesss": [0.8021803814971561, 0.8145473666030292], "prob_mutate": 0.006696428571428571}