{"num_qubits": 6, "depth": 23, "num_circuit": 32, "num_generation": 20, "current_generation": 1, "fitnessss": [[0.49841167538550557, 0.4499729386551589, 0.47378003726018514, 0.43504393273402614, 0.4593497398768376, 0.4584267781223142, 0.3602853082931049, 0.4937811751802987, 0.4574786039985336, 0.5344666941554724, 0.45957955356842656, 0.47910623245014267, 0.42527389379582053, 0.3778595651296789, 0.4946950967707693, 0.43324378068682445, 0.41866056497872295, 0.4683780081911425, 0.46346099849132527, 0.5023563771298523, 0.4596052756440514, 0.43800224862219306, 0.4399811827251326, 0.43835076562580666, 0.4458832455443549, 0.43773198026050225, 0.46727209573088774, 0.4585223386873551, 0.46975251045054095, 0.43885022291954057, 0.4660496992623096, 0.4072371266375109]], "best_fitnesss": [0.5344666941554724], "prob_mutate": 0.004076086956521739}