{"num_qubits": 4, "depth": 25, "num_circuit": 4, "num_generation": 10, "current_generation": 4, "fitnessss": [[0.8562313492792126, 0.8643948247551881, 0.8619510376105082, 0.8135505337987835], [0.6994164112019663, 0.8619510376105082, 0.8167232706893724, 0.8408782394443202], [0.8175959536180392, 0.8408782394443202, 0.8408782394443202, 0.8619510376105082], [0.8555215884056893, 0.8408782394443202, 0.8408782394443202, 0.8733495189028995]], "best_fitnesss": [0.8643948247551881, 0.8619510376105082, 0.8619510376105082, 0.8733495189028995], "prob_mutate": 0.03}