{"num_qubits": 5, "depth": 24, "num_circuit": 4, "num_generation": 50, "current_generation": 5, "fitnessss": [[0.6541939513136745, 0.6245051463899512, 0.6859874489539651, 0.6526254205925148], [0.6765921678233285, 0.6089367065809438, 0.676154128536567, 0.5987248293608929], [0.6765921678233285, 0.6636103822442687, 0.676154128536567, 0.6697143871424276], [0.6728230407555471, 0.6825209438279906, 0.6485083480189174, 0.6765921678233285], [0.6779764533209336, 0.6765921678233285, 0.6765921678233285, 0.6767630074663135]], "best_fitnesss": [0.6859874489539651, 0.6765921678233285, 0.6765921678233285, 0.6825209438279906, 0.6779764533209336], "prob_mutate": 0.03125}