{"num_qubits": 5, "depth": 30, "num_circuit": 8, "num_generation": 10, "current_generation": 2, "fitnessss": [[0.7682464844058317, 0.8142541498423513, 0.6361519282971078, 0.793662331182676, 0.7568875985293475, 0.8165599642754799, 0.7495881234222408, 0.7527595468533216], [0.801206456763927, 0.8142541498423513, 0.8382213242534196, 0.7742303351939002, 0.793662331182676, 0.7913851164835388, 0.7539821574803748, 0.7789262742528729]], "best_fitnesss": [0.8165599642754799, 0.8382213242534196], "prob_mutate": 0.0125}