{"num_qubits": 5, "depth": 28, "num_circuit": 4, "num_generation": 10, "current_generation": 2, "fitnessss": [[0.7504947804907308, 0.7311341067938194, 0.7096197943881638, 0.7473495592631573], [0.7119046274053555, 0.7743005149172373, 0.766117845484098, 0.7798228267097981]], "best_fitnesss": [0.7504947804907308, 0.7798228267097981], "prob_mutate": 0.026785714285714284}