{"num_qubits": 4, "depth": 7, "num_circuit": 32, "num_generation": 20, "current_generation": 17, "fitnessss": [[0.35775412208058305, 0.2397001691009212, 0.3159312638180346, 0.4184933508786255, 0.25517710151857864, 0.3281722771368941, 0.3260159540898437, 0.3781847989201192, 0.29521187502898905, 0.3555157112465993, 0.38074308618956076, 0.29645470289030906, 0.2149325012255229, 0.37338169964952234, 0.35953919729886197, 0.30555298161992045, 0.2462791731144061, 0.4147661459951498, 0.3631456560728025, 0.32633014668726634, 0.37216788862470285, 0.3403476775894173, 0.43704681671183643, 0.3169253826082077, 0.36751673181354916, 0.14371530389635195, 0.29809191272543245, 0.314294785084846, 0.33400496138971414, 0.3987092737532648, 0.3313884111658697, 0.3527991771139008], [0.43704681671183643, 0.4184933508786255, 0.42689304339489464, 0.5221523742286381, 0.4147661459951498, 0.3987092737532648, 0.4190187161148657, 0.2853589873777215, 0.38074308618956076, 0.3781847989201192, 0.4130570143919069, 0.42288989043996866, 0.37338169964952234, 0.37216788862470285, 0.336546923709194, 0.4480123307399486, 0.31759816684266273, 0.3631456560728025, 0.2727833463203543, 0.4471484099590253, 0.35953919729886197, 0.35775412208058305, 0.229255418443601, 0.27609511550535615, 0.3555157112465993, 0.3527991771139008, 0.34009538540416884, 0.36790691875626874, 0.3403476775894173, 0.33400496138971414, 0.3098827298755042, 0.401860122604827], [0.5221523742286381, 0.4480123307399486, 0.48994473219981155, 0.4339397811164723, 0.4471484099590253, 0.43704681671183643, 0.49704891728076495, 0.39042915756416435, 0.42689304339489464, 0.42288989043996866, 0.43158365009152544, 0.33207630311510705, 0.4190187161148657, 0.4184933508786255, 0.3871474193601204, 0.48507679431854533, 0.4147661459951498, 0.4130570143919069, 0.37981107368685146, 0.3384761383738679, 0.401860122604827, 0.3987092737532648, 0.3394899296464664, 0.34198010013412555, 0.38074308618956076, 0.3781847989201192, 0.4130570143919069, 0.334459134599374, 0.37338169964952234, 0.37216788862470285, 0.336546923709194, 0.4480123307399486], [0.5221523742286381, 0.49704891728076495, 0.5221523742286381, 0.49704891728076495, 0.48994473219981155, 0.48507679431854533, 0.48507679431854533, 0.48994473219981155, 0.4480123307399486, 0.4480123307399486, 0.4480123307399486, 0.4480123307399486, 0.4471484099590253, 0.43704681671183643, 0.49704891728076495, 0.39042915756416435, 0.4339397811164723, 0.43158365009152544, 0.40592549809795786, 0.43704681671183643, 0.42689304339489464, 0.42288989043996866, 0.43158365009152544, 0.33207630311510705, 0.4190187161148657, 0.4184933508786255, 0.3871474193601204, 0.4708688790839384, 0.4147661459951498, 0.4216564229194876, 0.37981107368685146, 0.3384761383738679], [0.5221523742286381, 0.5221523742286381, 0.5221523742286381, 0.5221523742286381, 0.49704891728076495, 0.49704891728076495, 0.49704891728076495, 0.49704891728076495, 0.49704891728076495, 0.48994473219981155, 0.39850790055515306, 0.5221523742286381, 0.48994473219981155, 0.48507679431854533, 0.48507679431854533, 0.48994473219981155, 0.48507679431854533, 0.4708688790839384, 0.4708688790839384, 0.48507679431854533, 0.4480123307399486, 0.4480123307399486, 0.4480123307399486, 0.4480123307399486, 0.4480123307399486, 0.4480123307399486, 0.4480123307399486, 0.4480123307399486, 0.4471484099590253, 0.43704681671183643, 0.49704891728076495, 0.39042915756416435], [0.5221523742286381, 0.5221523742286381, 0.5221523742286381, 0.5221523742286381, 0.5221523742286381, 0.5221523742286381, 0.5221523742286381, 0.5221523742286381, 0.5221523742286381, 0.49704891728076495, 0.5221523742286381, 0.49704891728076495, 0.49704891728076495, 0.49704891728076495, 0.49704891728076495, 0.36736814947782537, 0.49704891728076495, 0.49704891728076495, 0.49704891728076495, 0.38015862318228827, 0.49704891728076495, 0.48994473219981155, 0.42386697894630665, 0.5221523742286381, 0.48994473219981155, 0.48994473219981155, 0.48994473219981155, 0.48994473219981155, 0.48507679431854533, 0.48507679431854533, 0.48507679431854533, 0.48507679431854533], [0.5221523742286381, 0.5221523742286381, 0.5221523742286381, 0.5221523742286381, 0.5221523742286381, 0.5221523742286381, 0.5221523742286381, 0.5221523742286381, 0.5221523742286381, 0.5221523742286381, 0.5221523742286381, 0.5221523742286381, 0.5221523742286381, 0.5221523742286381, 0.5221523742286381, 0.5221523742286381, 0.5221523742286381, 0.5221523742286381, 0.5221523742286381, 0.5221523742286381, 0.5221523742286381, 0.49704891728076495, 0.46479201302226736, 0.49704891728076495, 0.49704891728076495, 0.49704891728076495, 0.49704891728076495, 0.49704891728076495, 0.49704891728076495, 0.49704891728076495, 0.49704891728076495, 0.49704891728076495], [0.5221523742286381, 0.5221523742286381, 0.5221523742286381, 0.43808149055866696, 0.5221523742286381, 0.5221523742286381, 0.5221523742286381, 0.5221523742286381, 0.5221523742286381, 0.5221523742286381, 0.5221523742286381, 0.5221523742286381, 0.5221523742286381, 0.5221523742286381, 0.5221523742286381, 0.5221523742286381, 0.5221523742286381, 0.5221523742286381, 0.5221523742286381, 0.5221523742286381, 0.5221523742286381, 0.5221523742286381, 0.5505416548836037, 0.5221523742286381, 0.5221523742286381, 0.5221523742286381, 0.5221523742286381, 0.5221523742286381, 0.5221523742286381, 0.5221523742286381, 0.5221523742286381, 0.5221523742286381], [0.5505416548836037, 0.5221523742286381, 0.5533425049202852, 0.5505416548836037, 0.5221523742286381, 0.5221523742286381, 0.5221523742286381, 0.5221523742286381, 0.5221523742286381, 0.5221523742286381, 0.5221523742286381, 0.5221523742286381, 0.5221523742286381, 0.5221523742286381, 0.5221523742286381, 0.5221185290371382, 0.5221523742286381, 0.5221523742286381, 0.5221523742286381, 0.5221523742286381, 0.5221523742286381, 0.5221523742286381, 0.43460983752023746, 0.5221523742286381, 0.5221523742286381, 0.5221523742286381, 0.5221523742286381, 0.5221523742286381, 0.5221523742286381, 0.5221523742286381, 0.5221523742286381, 0.5221523742286381], [0.5533425049202852, 0.5505416548836037, 0.5505416548836037, 0.5533425049202852, 0.5505416548836037, 0.5221523742286381, 0.5221523742286381, 0.5505416548836037, 0.5221523742286381, 0.5221523742286381, 0.5221523742286381, 0.5221523742286381, 0.5221523742286381, 0.5221523742286381, 0.5221523742286381, 0.5221523742286381, 0.5221523742286381, 0.5221523742286381, 0.5221523742286381, 0.5221523742286381, 0.5221523742286381, 0.4371103133795298, 0.5221523742286381, 0.5221523742286381, 0.5221523742286381, 0.5221523742286381, 0.5221523742286381, 0.5221523742286381, 0.5221523742286381, 0.5221523742286381, 0.5221523742286381, 0.5221523742286381], [0.5533425049202852, 0.5533425049202852, 0.564820138420463, 0.5533425049202852, 0.5505416548836037, 0.5505416548836037, 0.5505416548836037, 0.5505416548836037, 0.5505416548836037, 0.5505416548836037, 0.5505416548836037, 0.5505416548836037, 0.5221523742286381, 0.5221523742286381, 0.5221523742286381, 0.5221523742286381, 0.5221523742286381, 0.5221523742286381, 0.5221523742286381, 0.5221523742286381, 0.5221523742286381, 0.5221523742286381, 0.5221523742286381, 0.5221523742286381, 0.5221523742286381, 0.5221523742286381, 0.5221523742286381, 0.5221523742286381, 0.5221523742286381, 0.5221523742286381, 0.5221523742286381, 0.5221523742286381], [0.564820138420463, 0.5533425049202852, 0.5533425049202852, 0.564820138420463, 0.5533425049202852, 0.5533425049202852, 0.5533425049202852, 0.4729558303119691, 0.5505416548836037, 0.5505416548836037, 0.5328558296102063, 0.5505416548836037, 0.5505416548836037, 0.5505416548836037, 0.5505416548836037, 0.5505416548836037, 0.5505416548836037, 0.5505416548836037, 0.5505416548836037, 0.5505416548836037, 0.5505416548836037, 0.5505416548836037, 0.5505416548836037, 0.5505416548836037, 0.5221523742286381, 0.5221523742286381, 0.5221523742286381, 0.5221523742286381, 0.5221523742286381, 0.5221523742286381, 0.5221523742286381, 0.5221523742286381], [0.564820138420463, 0.564820138420463, 0.5210192952936821, 0.564820138420463, 