{"num_qubits": 6, "depth": 33, "num_circuit": 16, "num_generation": 20, "current_generation": 1, "fitnessss": [[0.6230152829889136, 0.5180594129588656, 0.6627354653510172, 0.6636842544517114, 0.6088861885761674, 0.5812351660042931, 0.6332781170019061, 0.6538358381027775, 0.6735211910526067, 0.5831686394009254, 0.6591445268167131, 0.6222266215488481, 0.5446063092034329, 0.5670793148690146, 0.5779699234172424, 0.6492396336289287]], "best_fitnesss": [0.6735211910526067], "prob_mutate": 0.005681818181818182}