{"num_qubits": 5, "depth": 12, "num_circuit": 8, "num_generation": 30, "current_generation": 3, "fitnessss": [[0.2619526391941663, 0.42769870071259597, 0.3022153337235002, 0.349431512950901, 0.40289411643668754, 0.3335039094790423, 0.41863589315714334, 0.2978866550957311], [0.3975648585088312, 0.41863589315714334, 0.47357863255372445, 0.33108556251404875, 0.36582531462426715, 0.349431512950901, 0.34425248149529025, 0.4270407370918113], [0.49877183334727054, 0.3645081008092565, 0.40775220462281886, 0.4237457274012483, 0.41863589315714334, 0.3975648585088312, 0.3448151118061048, 0.42958571468960505]], "best_fitnesss": [0.42769870071259597, 0.47357863255372445, 0.49877183334727054], "prob_mutate": 0.03125}