{"num_qubits": 5, "depth": 5, "num_circuit": 8, "num_generation": 40, "current_generation": 40, "fitnessss": [[0.18103694343222704, 0.21664221603902814, 0.180108192749105, 0.22380655999458918, 0.14206457575868744, 0.13362258875633098, 0.11539037120795567, 0.18777867124716108], [0.22380655999458918, 0.21664221603902814, 0.2140067287494034, 0.20181502679870977, 0.18777867124716108, 0.18103694343222704, 0.1590527886927943, 0.19040065241314322], [0.2358018403388426, 0.21664221603902814, 0.2140067287494034, 0.20181502679870977, 0.2140067287494034, 0.20181502679870977, 0.23126401105746835, 0.21105391992761438], [0.2358018403388426, 0.23126401105746835, 0.20429606870637929, 0.2358018403388426, 0.21664221603902814, 0.17613515247971367, 0.21664221603902814, 0.19851051930482805], [0.2358018403388426, 0.22564148020277336, 0.2358018403388426, 0.2358018403388426, 0.18077674075115996, 0.21664221603902814, 0.2265895949224685, 0.15343905066036262], [0.2358018403388426, 0.2358018403388426, 0.2358018403388426, 0.2358018403388426, 0.190703408535094, 0.2265895949224685, 0.2265895949224685, 0.2358018403388426], [0.2358018403388426, 0.24561344249308883, 0.22776764928876614, 0.20466484814352856, 0.21904188193229693, 0.2358018403388426, 0.2358018403388426, 0.2358018403388426], [0.24561344249308883, 0.2358018403388426, 0.19833903010011483, 0.2358018403388426, 0.2358018403388426, 0.2358018403388426, 0.2358018403388426, 0.2358018403388426], [0.24561344249308883, 0.2358018403388426, 0.24561344249308883, 0.2358018403388426, 0.23108275693054825, 0.2358018403388426, 0.2358018403388426, 0.2358018403388426], [0.24561344249308883, 0.24561344249308883, 0.18828148523402535, 0.24561344249308883, 0.2358018403388426, 0.2358018403388426, 0.2358018403388426, 0.23186611320343728], [0.24561344249308883, 0.12610147745548178, 0.24561344249308883, 0.24561344249308883, 0.24561344249308883, 0.2186844933364937, 0.24561344249308883, 0.2358018403388426], [0.20591401634575682, 0.24561344249308883, 0.1707196680493385, 0.24561344249308883, 0.24561344249308883, 0.24561344249308883, 0.24561344249308883, 0.24561344249308883], [0.24561344249308883, 0.19397336354687336, 0.1428322651007253, 0.24561344249308883, 0.24561344249308883, 0.24561344249308883, 0.24561344249308883, 0.24561344249308883], [0.24561344249308883, 0.24561344249308883, 0.24561344249308883, 0.24561344249308883, 0.21427809694850147, 0.24561344249308883, 0.24561344249308883, 0.18282733601559664], [0.24561344249308883, 0.24561344249308883, 0.24561344249308883, 0.24561344249308883, 0.24561344249308883, 0.24561344249308883, 0.12804479402647717, 0.24561344249308883], [0.2187812180040453, 0.24561344249308883, 0.2297050661068556, 0.24561344249308883, 0.18799497231712553, 0.2126219592668867, 0.24561344249308883, 0.2319364720527756], [0.24561344249308883, 0.24561344249308883, 0.24561344249308883, 0.24561344249308883, 0.22114088289434325, 0.2319364720527756, 0.22995165672867435, 0.2319364720527756], [0.18364537797825453, 0.19443602117430275, 0.24561344249308883, 0.24561344249308883, 0.24561344249308883, 0.24717074872966252, 0.20715391930716778, 0.24561344249308883], [0.2157747197800986, 0.24561344249308883, 0.22702041719948865, 0.22030816162750053, 0.24561344249308883, 0.24561344249308883, 0.24561344249308883, 0.2376423834479421], [0.24561344249308883, 0.12804479402647717, 0.18452832083492846, 0.24561344249308883, 0.24561344249308883, 0.14222826804641986, 0.24561344249308883, 0.24561344249308883], [0.24561344249308883, 0.24561344249308883, 0.24561344249308883, 0.24561344249308883, 0.24561344249308883, 0.24561344249308883, 0.1744154967704905, 0.2299617089026127], [0.24561344249308883, 0.24561344249308883, 0.24561344249308883, 0.24561344249308883, 0.23731962263269155, 0.24561344249308883, 0.24561344249308883, 0.24561344249308883], [0.24561344249308883, 0.21019260375387452, 0.24561344249308883, 0.24561344249308883, 0.24561344249308883, 0.24561344249308883, 0.2229274733211284, 0.24561344249308883], [0.18117733917772358, 0.21124300992056488, 0.19969596488720612, 0.24561344249308883, 0.24561344249308883, 0.24561344249308883, 0.24561344249308883, 0.24561344249308883], [0.2177151060894869, 0.21419442766242405, 0.24561344249308883, 0.24561344249308883, 0.24561344249308883, 0.24561344249308883, 0.1824688363908254, 0.24561344249308883], [0.24561344249308883, 0.24561344249308883, 0.1424303068976176, 0.24561344249308883, 0.22955314456536496, 0.24561344249308883, 0.24561344249308883, 0.24561344249308883], [0.19458569184408053, 0.24561344249308883, 0.16043975228665208, 0.24561344249308883, 0.24561344249308883, 0.22422347332370168, 0.2567523101455591, 0.24561344249308883], [0.2567523101455591, 0.24284838014463422, 0.24561344249308883, 0.1536323506292483, 0.20721915903447224, 0.24561344249308883, 0.24561344249308883, 0.24561344249308883], [0.2567523101455591, 0.2197038688123778, 0.24561344249308883, 0.2567523101455591, 0.22586692590116622, 0.24561344249308883, 0.24561344249308883, 0.2125024477014338], [0.2567523101455591, 0.2567523101455591, 0.15285288404294783, 0.2567523101455591, 0.24561344249308883, 0.24561344249308883, 0.24561344249308883, 0.24561344249308883], [0.2567523101455591, 0.19544049920859213, 0.2567523101455591, 0.13441362444734764, 0.21179506044461416, 0.2059577899728824, 0.24561344249308883, 0.2567523101455591], [0.2567523101455591, 0.2567523101455591, 0.22094710259405098, 0.2567523101455591, 0.2567523101455591, 0.24561344249308883, 0.24561344249308883, 0.2567523101455591], [0.2567523101455591, 0.12477158430164684, 0.2009031661773853, 0.2567523101455591, 0.13518614338715929, 0.20665261413672611, 0.2567523101455591, 0.12720856233469718], [0.2567523101455591, 0.16676472330988107, 0.22470411624834652, 0.2567523101455591, 0.1845164307158526, 0.188709910191624, 0.2567523101455591, 0.20665261413672611], [0.1520122287959275, 0.21180188503840897, 0.20520297033268645, 0.2104539017893757, 0.2567523101455591, 0.22470411624834652, 0.22470411624834652, 0.2567523101455591], [0.12477158430164684, 0.2567523101455591, 0.2567523101455591, 0.2567523101455591, 0.14145096350813036, 0.16461000842792672, 0.22470411624834652, 0.1769013046917071], [0.1823582109057329, 0.16091145660326284, 0.2567523101455591, 0.2567523101455591, 0.2314126476295824, 0.22470411624834652, 0.22470411624834652, 0.19292376822096108], [0.1762533240738407, 0.20234441071358983, 0.2567523101455591, 0.2567523101455591, 0.2314126476295824, 0.22470411624834652, 0.22470411624834652, 0.2314126476295824], [0.1831381479121098, 0.16913623533804273, 0.2567523101455591, 0.24474342646843006, 0.24148533389564308, 0.2314126476295824, 0.2314126476295824, 0.2180795448495613], [0.2567523101455591, 0.24474342646843006, 0.2567523101455591, 0.24474342646843006, 0.24148533389564308, 0.23365520927223696, 0.2521130435313109, 0.24994558112399373]], "best_fitnesss": [0.22380655999458918, 0.22380655999458918, 0.2358018403388426, 0.2358018403388426, 0.2358018403388426, 0.2358018403388426, 0.24561344249308883, 0.24561344249308883, 0.24561344249308883, 0.24561344249308883, 0.24561344249308883, 0.24561344249308883, 0.24561344249308883, 0.24561344249308883, 0.24561344249308883, 0.24561344249308883, 0.24561344249308883, 0.24717074872966252, 0.24561344249308883, 0.24561344249308883, 0.24561344249308883, 0.24561344249308883, 0.24561344249308883, 0.24561344249308883, 0.24561344249308883, 0.24561344249308883, 0.2567523101455591, 0.2567523101455591, 0.2567523101455591, 0.2567523101455591, 0.2567523101455591, 0.2567523101455591, 0.2567523101455591, 0.2567523101455591, 0.2567523101455591, 0.2567523101455591, 0.2567523101455591, 0.2567523101455591, 0.2567523101455591, 0.2567523101455591], "prob_mutate": 0.075}