{"num_qubits": 2, "depth": 6, "num_circuit": 16, "num_generation": 40, "current_generation": 1, "fitnessss": [[0.7034791647669361, 0.8036507494656375, 0.6019673304439035, 0.4242604970667808, 0.6775070968389086, 0.7534144095065465, 0.5071693391290432, 0.8747759849649835, 0.7973505300524699, 0.6534631692554831, 0.6044325296210521, 0.559911539102912, 0.5526739980236793, 0.4719460832732465, 0.7846377243984973, 0.8132306692237536]], "best_fitnesss": [0.8747759849649835], "prob_mutate": 0.03125}