{"num_qubits": 5, "depth": 23, "num_circuit": 4, "num_generation": 40, "current_generation": 2, "fitnessss": [[0.6939141161000244, 0.6303135901870671, 0.643036398151012, 0.6772018393366339], [0.6939141161000244, 0.6772018393366339, 0.6133798663428149, 0.7119669965015679]], "best_fitnesss": [0.6939141161000244, 0.7119669965015679], "prob_mutate": 0.03260869565217391}