{"num_qubits": 2, "depth": 4, "num_circuit": 8, "num_generation": 10, "current_generation": 2, "fitnessss": [[0.6471262407983478, 0.5860056841278347, 0.7591325891056574, 0.37333067875424575, 0.6565712062093833, 0.5978321497076787, 0.6174851574114495, 0.6553530240852459], [0.7591325891056574, 0.7178880509903592, 0.766900692500179, 0.7957497411307012, 0.4568803289668176, 0.6471262407983478, 0.6495160415556541, 0.45242540544144294]], "best_fitnesss": [0.7591325891056574, 0.7957497411307012], "prob_mutate": 0.09375}