{"num_qubits": 4, "depth": 24, "num_circuit": 4, "num_generation": 10, "current_generation": 4, "fitnessss": [[0.8681231396569042, 0.8300417153274953, 0.8647112768934452, 0.9227604735354695], [0.9227604735354695, 0.9005308308822494, 0.827521456500296, 0.8587499417490919], [0.9042855757979676, 0.848871870057631, 0.850681725180215, 0.9093480435018136], [0.913524134502358, 0.900609600075974, 0.9263776147713187, 0.8877313424749449]], "best_fitnesss": [0.9227604735354695, 0.9227604735354695, 0.9093480435018136, 0.9263776147713187], "prob_mutate": 0.03125}