{"num_qubits": 4, "depth": 21, "num_circuit": 32, "num_generation": 10, "current_generation": 2, "fitnessss": [[0.7931090311862891, 0.7385889520531792, 0.7647184758211838, 0.7576582105717514, 0.6423781946303467, 0.7368568040025643, 0.7708084047415651, 0.855472284900892, 0.8099041658888441, 0.8147337165703148, 0.8403227955083755, 0.7633709099693795, 0.7831961598086493, 0.7354538897516351, 0.8528134939551706, 0.7347652524646724, 0.8048317669649446, 0.815862245110478, 0.8294374720200738, 0.8355652641789998, 0.7616264089376412, 0.8432496254290107, 0.7628634473932403, 0.7544457886304168, 0.7759026936629413, 0.7902730569493103, 0.7884271050265651, 0.7850142348779018, 0.7595935901305974, 0.7739049541104552, 0.8088008895587573, 0.8023527790028868], [0.855472284900892, 0.8528134939551706, 0.8574014599337987, 0.8338959774682998, 0.8432496254290107, 0.8314103279912626, 0.8257422701701502, 0.8134063740012183, 0.8355652641789998, 0.8294374720200738, 0.8491208480445565, 0.7460890885584333, 0.815862245110478, 0.8147337165703148, 0.6976104985283968, 0.8352619784775914, 0.8099041658888441, 0.7788158931993112, 0.8773572863834801, 0.8371763683595124, 0.8086733949054807, 0.8023527790028868, 0.8772166561041669, 0.7115208470950767, 0.7931090311862891, 0.7902730569493103, 0.841460040553207, 0.7674162951032344, 0.7884271050265651, 0.7850142348779018, 0.6747230384484615, 0.7982813947498679]], "best_fitnesss": [0.855472284900892, 0.8773572863834801], "prob_mutate": 0.004464285714285714}