{"num_qubits": 2, "depth": 7, "num_circuit": 8, "num_generation": 50, "current_generation": 1, "fitnessss": [[0.7385924505628971, 0.8282645807901462, 0.6746431980458806, 0.8192956064758249, 0.6953585659106546, 0.8296417033254416, 0.7530312962889794, 0.49665094866881043]], "best_fitnesss": [0.8296417033254416], "prob_mutate": 0.05357142857142857}