{"num_qubits": 6, "depth": 27, "num_circuit": 16, "num_generation": 30, "current_generation": 2, "fitnessss": [[0.49298340475265096, 0.5597731656908473, 0.5258743726119578, 0.47023505375255004, 0.529070060663669, 0.5135046768257976, 0.5380631379414773, 0.5289423757974436, 0.5496478801100811, 0.5022042220168462, 0.5294854461931585, 0.502625199541216, 0.4580425522407105, 0.4481907861275566, 0.48664034353344177, 0.6173387181861664], [0.5935862964301626, 0.5597731656908473, 0.6063963244978415, 0.5382833745863849, 0.5496478801100811, 0.5380631379414773, 0.5486522534444371, 0.5575935983003119, 0.4951565953984442, 0.529070060663669, 0.5573996642622034, 0.535738121901894, 0.5289423757974436, 0.5433560554169464, 0.4935151027972042, 0.5388707993812142]], "best_fitnesss": [0.6173387181861664, 0.6063963244978415], "prob_mutate": 0.006944444444444444}