{"num_qubits": 4, "depth": 2, "num_circuit": 8, "num_generation": 30, "current_generation": 25, "fitnessss": [[0.12799208999611922, 0.10163512553843983, 0.12421605040649139, 0.1429649819512031, 0.15791152997070046, 0.15588074184438933, 0.14424342474399032, 0.10669441680353542], [0.16213538547771084, 0.15588074184438933, 0.1548510949478069, 0.17820506086247212, 0.1349349963824472, 0.1429649819512031, 0.11442197206702209, 0.1596848150024743], [0.14888442581233577, 0.16213538547771084, 0.17820506086247212, 0.16213538547771084, 0.1596848150024743, 0.15588074184438933, 0.15104893625335358, 0.13385190730241608], [0.17820506086247212, 0.16213538547771084, 0.22530084684024007, 0.16213538547771084, 0.16213538547771084, 0.13385190730241608, 0.20970602610250805, 0.1255232576936005], [0.22530084684024007, 0.1436325154016633, 0.11562774931674724, 0.16385537629368163, 0.13334515005278863, 0.16213538547771084, 0.18176261987024964, 0.16213538547771084], [0.22530084684024007, 0.18176261987024964, 0.12465994161360186, 0.18305622207068814, 0.16385537629368163, 0.16213538547771084, 0.11305019563913547, 0.23634455222194975], [0.23634455222194975, 0.22530084684024007, 0.24360865478893423, 0.17201399467782313, 0.18305622207068814, 0.20022030455121104, 0.18176261987024964, 0.18305622207068814], [0.24360865478893423, 0.17495561331028348, 0.1665228985583331, 0.24360865478893423, 0.22530084684024007, 0.0782017671862277, 0.24160921840496458, 0.1436325154016633], [0.13455129924492476, 0.24360865478893423, 0.12522165464946927, 0.08000053538505583, 0.24160921840496458, 0.22530084684024007, 0.22530084684024007, 0.24160921840496458], [0.19549498344861757, 0.24160921840496458, 0.15108306082584055, 0.20097446697873736, 0.24160921840496458, 0.17918789609249033, 0.22530084684024007, 0.13270324123700014], [0.1881039296542455, 0.24160921840496458, 0.24160921840496458, 0.23286988445403534, 0.19696763003345835, 0.20097446697873736, 0.20097446697873736, 0.15321880334936058], [0.24160921840496458, 0.15535166885161908, 0.24160921840496458, 0.24160921840496458, 0.23286988445403534, 0.20097446697873736, 0.1499788408125884, 0.27676823321838695], [0.24148651993675951, 0.24160921840496458, 0.27676823321838695, 0.18573020420991457, 0.24160921840496458, 0.24160921840496458, 0.17396816146946975, 0.1545786957753707], [0.27676823321838695, 0.24160921840496458, 0.189109857865365, 0.24160921840496458, 0.24160921840496458, 0.2367382457426687, 0.24160921840496458, 0.24160921840496458], [0.27676823321838695, 0.24160921840496458, 0.27676823321838695, 0.24160921840496458, 0.24160921840496458, 0.15362179426305564, 0.2385805965067112, 0.23172717093399098], [0.23078614011910825, 0.2192250213270866, 0.27676823321838695, 0.27676823321838695, 0.24160921840496458, 0.24160921840496458, 0.21029052681387927, 0.24160921840496458], [0.27676823321838695, 0.16359703701906975, 0.27676823321838695, 0.27676823321838695, 0.24160921840496458, 0.24160921840496458, 0.20022030455121104, 0.24160921840496458], [0.27676823321838695, 0.27676823321838695, 0.21271481995808803, 0.20380612200475437, 0.27676823321838695, 0.24160921840496458, 0.27676823321838695, 0.24160921840496458], [0.27676823321838695, 0.21861657148883568, 0.27676823321838695, 0.27676823321838695, 0.27676823321838695, 0.27676823321838695, 0.19378722300671408, 0.27676823321838695], [0.27676823321838695, 0.27676823321838695, 0.2102646351363683, 0.27676823321838695, 0.27676823321838695, 0.21029052681387927, 0.27676823321838695, 0.27676823321838695], [0.14379492798811794, 0.2726881108728068, 0.27676823321838695, 0.27676823321838695, 0.31288299005931053, 0.27676823321838695, 0.22347383336956486, 0.27676823321838695], [0.31288299005931053, 0.27676823321838695, 0.31288299005931053, 0.20022030455121104, 0.27676823321838695, 0.27676823321838695, 0.23491030315801212, 0.27676823321838695], [0.20022030455121104, 0.23764448401405716, 0.31288299005931053, 0.24160921840496466, 0.27676823321838695, 0.27676823321838695, 0.27676823321838695, 0.27676823321838695], [0.31288299005931053, 0.20947747038368317, 0.31288299005931053, 0.27676823321838695, 0.27676823321838695, 0.27676823321838695, 0.20449872161439359, 0.16875985845099964], [0.2291077688653532, 0.31288299005931053, 0.31288299005931053, 0.31288299005931053, 0.25132361521256563, 0.27676823321838695, 0.27676823321838695, 0.16875985845099964]], "best_fitnesss": [0.15791152997070046, 0.17820506086247212, 0.17820506086247212, 0.22530084684024007, 0.22530084684024007, 0.23634455222194975, 0.24360865478893423, 0.24360865478893423, 0.24360865478893423, 0.24160921840496458, 0.24160921840496458, 0.27676823321838695, 0.27676823321838695, 0.27676823321838695, 0.27676823321838695, 0.27676823321838695, 0.27676823321838695, 0.27676823321838695, 0.27676823321838695, 0.27676823321838695, 0.31288299005931053, 0.31288299005931053, 0.31288299005931053, 0.31288299005931053, 0.31288299005931053], "prob_mutate": 0.1875}