{"num_qubits": 5, "depth": 27, "num_circuit": 8, "num_generation": 30, "current_generation": 2, "fitnessss": [[0.6961166216592114, 0.6926697019561611, 0.761374558709585, 0.726720715270706, 0.7456475664976121, 0.7434437499047222, 0.748129657075197, 0.7558874910573354], [0.7591456875047011, 0.7934812999680061, 0.736141828834937, 0.7373076318907532, 0.748129657075197, 0.7500368828891523, 0.7434759873688387, 0.7574041187531325]], "best_fitnesss": [0.761374558709585, 0.7934812999680061], "prob_mutate": 0.013888888888888888}