{"num_qubits": 5, "depth": 24, "num_circuit": 16, "num_generation": 20, "current_generation": 8, "fitnessss": [[0.6399650525746814, 0.633561829245757, 0.720990559828854, 0.702661253476818, 0.6559284232973376, 0.5316198918892792, 0.7147912938505687, 0.7718159025043887, 0.7379982027002545, 0.6993802331066108, 0.6973352393062611, 0.7544687749507861, 0.7314947359898307, 0.6817050548420621, 0.7256712213190148, 0.5751857404208554], [0.7434721066912576, 0.7544687749507861, 0.7397635185066435, 0.7207804353570733, 0.7379982027002545, 0.7150098266828186, 0.6858093115783065, 0.6609796062231281, 0.7256712213190148, 0.720990559828854, 0.7483040304328504, 0.7008617786543688, 0.7147912938505687, 0.702661253476818, 0.7283615836121823, 0.6544990704499859], [0.7023190285214834, 0.7315396380012997, 0.7574520049453107, 0.7341436503596537, 0.7434721066912576, 0.7397635185066435, 0.745410095200042, 0.7434721066912576, 0.7379982027002545, 0.7283615836121823, 0.7564073209615978, 0.6523826060934594, 0.7256712213190148, 0.720990559828854, 0.7243437735799019, 0.7070288148762032], [0.7574520049453107, 0.7564073209615978, 0.714859475304734, 0.7464738485631033, 0.7246260590974748, 0.7529773639451267, 0.7392176003263228, 0.7397635185066435, 0.7434721066912576, 0.7397635185066435, 0.7242669947292482, 0.7434721066912576, 0.7379982027002545, 0.7341436503596537, 0.715655612779373, 0.6988287555612935], [0.7574520049453107, 0.7564073209615978, 0.759802203961977, 0.7464738485631033, 0.7529773639451267, 0.7464738485631033, 0.7275877750325215, 0.7449545681682197, 0.7434721066912576, 0.7434721066912576, 0.7434721066912576, 0.7434721066912576, 0.7397635185066435, 0.7397635185066435, 0.7397635185066435, 0.7397635185066435], [0.7484221313197761, 0.7574520049453107, 0.7574520049453107, 0.759802203961977, 0.7581595038974904, 0.7529773639451267, 0.7449545681682197, 0.7204854454790736, 0.7464738485631033, 0.7464738485631033, 0.7464738485631033, 0.7464738485631033, 0.7449545681682197, 0.7434721066912576, 0.7449545681682197, 0.7434721066912576], [0.7422958647022633, 0.7581595038974904, 0.7582101314593764, 0.7564073209615978, 0.7574520049453107, 0.7574520049453107, 0.7574520049453107, 0.7574520049453107, 0.7529773639451267, 0.7484221313197761, 0.7204854454790736, 0.7228500695425335, 0.7464738485631033, 0.7464738485631033, 0.7308369372611885, 0.7464738485631033], [0.7582101314593764, 0.7581595038974904, 0.7582101314593764, 0.7735557897234443, 0.7574520049453107, 0.7574520049453107, 0.7574520049453107, 0.7574520049453107, 0.7574520049453107, 0.7574520049453107, 0.7353539313957811, 0.7574520049453107, 0.7564073209615978, 0.7529773639451267, 0.7449545681682197, 0.7204854454790736]], "best_fitnesss": [0.7718159025043887, 0.7544687749507861, 0.7574520049453107, 0.7574520049453107, 0.759802203961977, 0.759802203961977, 0.7582101314593764, 0.7735557897234443], "prob_mutate": 0.0078125}