{"num_qubits": 4, "depth": 9, "num_circuit": 16, "num_generation": 20, "current_generation": 20, "fitnessss": [[0.1603256898987937, 0.2621908987420065, 0.3401577522208622, 0.4244797519053166, 0.4427587373802593, 0.12933056171873258, 0.2456551918153066, 0.4413830553930038, 0.36419629702523904, 0.3374085370489375, 0.24720928784242469, 0.22829427526804824, 0.2944298649854291, 0.3098838681811731, 0.16903155580877605, 0.2822552690451723], [0.4427587373802593, 0.4413830553930038, 0.44201222270698526, 0.1879521003650073, 0.3575469376593965, 0.3952231444033083, 0.28725121226642036, 0.31956213340897366, 0.3401577522208622, 0.3374085370489375, 0.2457464733659449, 0.12746900726899568, 0.3098838681811731, 0.2944298649854291, 0.36604508565825256, 0.36249341217367526], [0.4427587373802593, 0.44201222270698526, 0.44201222270698526, 0.4427587373802593, 0.4413830553930038, 0.3952231444033083, 0.19601498464421285, 0.25278925094538596, 0.36604508565825256, 0.36249341217367526, 0.3098838681811731, 0.3401155806831003, 0.3575469376593965, 0.3401577522208622, 0.19446645402298057, 0.22857018707626353], [0.4427587373802593, 0.4427587373802593, 0.4427587373802593, 0.4427587373802593, 0.44201222270698526, 0.3973422337622623, 0.44201222270698526, 0.3699651186122115, 0.4413830553930038, 0.3952231444033083, 0.15878746877240002, 0.25278925094538596, 0.36604508565825256, 0.3922083475415453, 0.35628952012409365, 0.2944298649854291], [0.4427587373802593, 0.4427587373802593, 0.4427587373802593, 0.4427587373802593, 0.4427587373802593, 0.4427587373802593, 0.4427587373802593, 0.4427587373802593, 0.4172732273548264, 0.24397828161470292, 0.44201222270698526, 0.44201222270698526, 0.4413830553930038, 0.3973422337622623, 0.35802044993693727, 0.30671900413652997], [0.4427587373802593, 0.4427587373802593, 0.26068829513340186, 0.4427587373802593, 0.42424553160016854, 0.4427587373802593, 0.4427587373802593, 0.4427587373802593, 0.4427587373802593, 0.4427587373802593, 0.4427587373802593, 0.24663052697019328, 0.4427587373802593, 0.4157639383981344, 0.4427587373802593, 0.4427587373802593], [0.4427587373802593, 0.4427587373802593, 0.4427587373802593, 0.4427587373802593, 0.4427587373802593, 0.4427587373802593, 0.4427587373802593, 0.3224631453532052, 0.4427587373802593, 0.4427587373802593, 0.4427587373802593, 0.3882170623039596, 0.4427587373802593, 0.4427587373802593, 0.4427587373802593, 0.4427587373802593], [0.30193260968556357, 0.4427587373802593, 0.4427587373802593, 0.4427587373802593, 0.4427587373802593, 0.4427587373802593, 0.4427587373802593, 0.2470036041994066, 0.4427587373802593, 0.4427587373802593, 0.4427587373802593, 0.26648243815063166, 0.4427587373802593, 0.4836866220872922, 0.31590203055964594, 0.4427587373802593], [0.4836866220872922, 0.4427587373802593, 0.4836866220872922, 0.4427587373802593, 0.48050998139265855, 0.2252810389839982, 0.4427587373802593, 0.4427587373802593, 0.4427587373802593, 0.4427587373802593, 0.4427587373802593, 0.4427587373802593, 0.4427587373802593, 0.4427587373802593, 0.30601973200836774, 0.4427587373802593], [0.4836866220872922, 0.4836866220872922, 0.2703900480576682, 0.4836866220872922, 0.29010121408877865, 0.4427587373802593, 0.33378782657570927, 0.34852134237607735, 0.4427587373802593, 0.4427587373802593, 0.4427587373802593, 0.4427587373802593, 0.4427587373802593, 0.33857692934417183, 0.4427587373802593, 0.4427587373802593], [0.4836866220872922, 0.4836866220872922, 0.45157094951964905, 0.4836866220872922, 0.4836866220872922, 0.4427587373802593, 0.4836866220872922, 0.4427587373802593, 0.4427587373802593, 0.4427587373802593, 0.4427587373802593, 0.4427587373802593, 0.4427587373802593, 0.2416235657643797, 0.39238259811600096, 0.4427587373802593], [0.4836866220872922, 0.4836866220872922, 0.4836866220872922, 0.4836866220872922, 0.4836866220872922, 0.4836866220872922, 0.4836866220872922, 0.4836866220872922, 0.4836866220872922, 0.45157094951964905, 0.4836866220872922, 0.2110407388061819, 0.4427587373802593, 0.4427587373802593, 0.4427587373802593, 0.33861692600585425], [0.4836866220872922, 0.4836866220872922, 0.4836866220872922, 0.4836866220872922, 0.4836866220872922, 0.4836866220872922, 0.4836866220872922, 0.4836866220872922, 0.4836866220872922, 0.4836866220872922, 0.4836866220872922, 0.4836866220872922, 0.30427154632474596, 0.4836866220872922, 0.4836866220872922, 0.4836866220872922], [0.17455801828908835, 0.4836866220872922, 0.2689020075656856, 0.4836866220872922, 0.4836866220872922, 0.4836866220872922, 0.4836866220872922, 0.4836866220872922, 0.4836866220872922, 0.3745722185965775, 0.4836866220872922, 0.2708175760901942, 0.4836866220872922, 0.4836866220872922, 0.26935013332243196, 0.35282210836155203], [0.4836866220872922, 0.4836866220872922, 0.4836866220872922, 0.4836866220872922, 0.4836866220872922, 0.4836866220872922, 0.3098231410001132, 0.5551646564153592, 0.4836866220872922, 0.4836866220872922, 0.4836866220872922, 0.3994190708830828, 0.2509196001420345, 0.4836866220872922, 0.4836866220872922, 0.4836866220872922], [0.5551646564153592, 0.4836866220872922, 0.5551646564153592, 0.4836866220872922, 0.4836866220872922, 0.4836866220872922, 0.4836866220872922, 0.4836866220872922, 0.4836866220872922, 0.4836866220872922, 0.4836866220872922, 0.4836866220872922, 0.4243450446714051, 0.4836866220872922, 0.2536832245526228, 0.4836866220872922], [0.5551646564153592, 0.5551646564153592, 0.5551646564153592, 0.5551646564153592, 0.4836866220872922, 0.4836866220872922, 0.4836866220872922, 0.4836866220872922, 0.4836866220872922, 0.4836866220872922, 0.4836866220872922, 0.4836866220872922, 0.21837726875924435, 0.4836866220872922, 0.4836866220872922, 0.4836866220872922], [0.5551646564153592, 0.3833212193030604, 0.28384393105344263, 0.5275333865113787, 0.5551646564153592, 0.5551646564153592, 0.5551646564153592, 0.3446402315473547, 0.4836866220872922, 0.4836866220872922, 0.4836866220872922, 0.4836866220872922, 0.39633234138553897, 0.4463967163091649, 0.4836866220872922, 0.22519916335244272], [0.5551646564153592, 0.5551646564153592, 0.5551646564153592, 0.2828492180270651, 0.5551646564153592, 0.5551646564153592, 0.5551646564153592, 0.5551646564153592, 0.5275333865113787, 0.4836866220872922, 0.28449318584277594, 0.4836866220872922, 0.4836866220872922, 0.4836866220872922, 0.4836866220872922, 0.4836866220872922], [0.5551646564153592, 0.5551646564153592, 0.4691819255330476, 0.5551646564153592, 0.5551646564153592, 0.5551646564153592, 0.5551646564153592, 0.5551646564153592, 0.5551646564153592, 0.5551646564153592, 0.5551646564153592, 0.5551646564153592, 0.5551646564153592, 0.5275333865113787, 0.3471475855294559, 0.5275333865113787]], "best_fitnesss": [0.4427587373802593, 0.4427587373802593, 0.4427587373802593, 0.4427587373802593, 0.4427587373802593, 0.4427587373802593, 0.4427587373802593, 0.4836866220872922, 0.4836866220872922, 0.4836866220872922, 0.4836866220872922, 0.4836866220872922, 0.4836866220872922, 0.4836866220872922, 0.5551646564153592, 0.5551646564153592, 0.5551646564153592, 0.5551646564153592, 0.5551646564153592, 0.5551646564153592], "prob_mutate": 0.020833333333333332}