{"num_qubits": 4, "depth": 19, "num_circuit": 16, "num_generation": 20, "current_generation": 1, "fitnessss": [[0.7396993643669391, 0.7981076002480954, 0.6856667406756056, 0.7365084285692287, 0.6351597989154432, 0.7312586286355234, 0.7502777022172357, 0.7684410190652256, 0.7361204021109675, 0.6776061427907696, 0.6973829826505281, 0.6423381403272338, 0.711136634112204, 0.756100999058176, 0.6401503751211419, 0.8170839448909403]], "best_fitnesss": [0.8170839448909403], "prob_mutate": 0.009868421052631578}