{"num_qubits": 2, "depth": 3, "num_circuit": 4, "num_generation": 10, "current_generation": 6, "fitnessss": [[0.3838639742799437, 0.4253444363935964, 0.43730259039770647, 0.6092901664442488], [0.6092901664442488, 0.43730259039770647, 0.43730259039770647, 0.6092901664442488], [0.5931976669022788, 0.5646092258260264, 0.6092901664442488, 0.6627570957539604], [0.6627570957539604, 0.5947288653945587, 0.5646447625495249, 0.5718902678802238], [0.6627570957539604, 0.5947288653945587, 0.5947288653945587, 0.6627570957539604], [0.43362515358985015, 0.6440840556342728, 0.4972670465313488, 0.7104076129221115]], "best_fitnesss": [0.6092901664442488, 0.6092901664442488, 0.6627570957539604, 0.6627570957539604, 0.6627570957539604, 0.7104076129221115], "prob_mutate": 0.25}