{"num_qubits": 8, "depth": 5, "num_circuit": 4, "num_generation": 2, "current_generation": 2, "fitnessss": [[0.5019071457046099, 0.568221997291144, 0.6302688108160049, 0.5804057820101377], [0.6302688108160049, 0.5804057820101377, 0.5681191216802556, 0.5163871310018305]], "prob_mutate": 0.075}