{"num_qubits": 5, "depth": 8, "num_circuit": 32, "num_generation": 30, "current_generation": 22, "fitnessss": [[0.2864166312941966, 0.24304854447230304, 0.23094196479863832, 0.2557531986238869, 0.15352788533965314, 0.2670019592320525, 0.2511320435883989, 0.22171119185346208, 0.18763778891035882, 0.2186799439770768, 0.26143969944651924, 0.2085449881930467, 0.20381010183225698, 0.2801038228886755, 0.24600175643747155, 0.3121455032530631, 0.17863904869681588, 0.15047040264060008, 0.2747826404674166, 0.2633234704356084, 0.25065805114827244, 0.24307074810794177, 0.21812322217447702, 0.20318531317124028, 0.1613926390814171, 0.252356641716759, 0.2757816128435809, 0.2488199647284496, 0.2647333761030681, 0.2054353186913739, 0.25399401343905426, 0.2526839627398992], [0.25169717070575237, 0.2864166312941966, 0.3345237592077264, 0.2270868960369162, 0.2801038228886755, 0.2757816128435809, 0.2648001587381928, 0.22276452702265376, 0.2747826404674166, 0.2493390484456392, 0.3270875420855046, 0.2503201926577844, 0.2647333761030681, 0.2633234704356084, 0.343192924759337, 0.23742874517355367, 0.26143969944651924, 0.2557531986238869, 0.26723695643030315, 0.26355386215383564, 0.25399401343905426, 0.2526839627398992, 0.22326272760916913, 0.2961772503790371, 0.252356641716759, 0.2511320435883989, 0.20968469748703628, 0.30753181748235203, 0.25065805114827244, 0.2488199647284496, 0.24121151267499058, 0.21477536481018378], [0.343192924759337, 0.3345237592077264, 0.25852070015185785, 0.31061270885153347, 0.3270875420855046, 0.30753181748235203, 0.2607954870284338, 0.30147082690893, 0.2961772503790371, 0.2864166312941966, 0.27381155501376764, 0.30229848116924407, 0.2801038228886755, 0.2757816128435809, 0.2648001587381928, 0.22276452702265376, 0.2747826404674166, 0.26723695643030315, 0.2414658124190859, 0.2711326665235795, 0.2648001587381928, 0.2635780574563856, 0.2495485391744067, 0.33095385089737006, 0.21256902632238509, 0.2633234704356084, 0.20552566966657415, 0.18336572376725357, 0.26143969944651924, 0.2557531986238869, 0.26723695643030315, 0.2316648302159912], [0.343192924759337, 0.3345237592077264, 0.25852070015185785, 0.31061270885153347, 0.3500208579827755, 0.3270875420855046, 0.28237141340347494, 0.3021825272485429, 0.31061270885153347, 0.30753181748235203, 0.2691024032036545, 0.28684300577472055, 0.30229848116924407, 0.30147082690893, 0.2745202483233156, 0.3004387709786391, 0.2961772503790371, 0.2910658520587555, 0.27381155501376764, 0.30229848116924407, 0.24480590088881912, 0.2757816128435809, 0.2648001587381928, 0.22276452702265376, 0.2747826404674166, 0.27381155501376764, 0.3032006942412587, 0.21716359628611054, 0.2711326665235795, 0.26723695643030315, 0.26723695643030315, 0.2711326665235795], [0.3500208579827755, 0.3250187770128402, 0.28450154894406304, 0.33095385089737006, 0.3345237592077264, 0.3270875420855046, 0.28259688221327295, 0.3032006942412587, 0.31061270885153347, 0.2893760571849984, 0.2923007197449663, 0.31061270885153347, 0.30753181748235203, 0.3032006942412587, 0.32117713125842806, 0.3380885681124585, 0.30229848116924407, 0.30229848116924407, 0.30229848116924407, 0.30229848116924407, 0.3021825272485429, 0.30147082690893, 0.28163568434541764, 0.329246592081862, 0.3004387709786391, 0.2961772503790371, 0.3004387709786391, 0.25849281867043405, 0.2910658520587555, 0.28684300577472055, 0.2129186191217797, 0.34338836415016505], [0.3500208579827755, 0.34338836415016505, 0.3701025972624462, 0.329246592081862, 0.2621636482638099, 0.3345237592077264, 0.24102747037919978, 0.2977393253969383, 0.33095385089737006, 0.329246592081862, 0.33095385089737006, 0.329246592081862, 0.3270875420855046, 0.3250187770128402, 0.25384549694747083, 0.265896655916785, 0.32117713125842806, 0.31061270885153347, 0.28684300577472055, 0.3345237592077264, 0.31061270885153347, 0.30753181748235203, 0.2691024032036545, 0.28684300577472055, 0.3032006942412587, 0.3032006942412587, 0.3032006942412587, 0.3032006942412587, 0.30229848116924407, 0.30229848116924407, 0.30229848116924407, 0.30229848116924407], [0.3701025972624462, 0.3500208579827755, 0.3500208579827755, 0.3701025972624462, 0.34338836415016505, 0.3345237592077264, 0.32117713125842806, 0.3833259008751029, 0.3345237592077264, 0.33095385089737006, 0.25653160094240307, 0.25852070015185785, 0.33095385089737006, 0.329246592081862, 0.33095385089737006, 0.329246592081862, 0.329246592081862, 0.329246592081862, 0.329246592081862, 0.329246592081862, 0.3270875420855046, 0.3250187770128402, 0.25384549694747083, 0.265896655916785, 0.32117713125842806, 0.31061270885153347, 0.28684300577472055, 0.3345237592077264, 0.31061270885153347, 0.30753181748235203, 0.2691024032036545, 0.28684300577472055], [0.3833259008751029, 0.3701025972624462, 0.3833259008751029, 0.3701025972624462, 0.3701025972624462, 0.3500208579827755, 0.3500208579827755, 0.3701025972624462, 0.3500208579827755, 0.34338836415016505, 0.3701025972624462, 0.329246592081862, 0.3345237592077264, 0.3345237592077264, 0.2725047160666608, 0.3974593601201831, 0.3345237592077264, 0.33095385089737006, 0.25653160094240307, 0.25852070015185785, 0.33095385089737006, 0.33095385089737006, 0.33095385089737006, 0.23585528538846395, 0.25573199382639356, 0.329246592081862, 0.329246592081862, 0.329246592081862, 0.329246592081862, 0.329246592081862, 0.329246592081862, 0.329246592081862], [0.3974593601201831, 0.3833259008751029, 0.33180709055387086, 0.3345237592077264, 0.3833259008751029, 0.3701025972624462, 0.3833259008751029, 0.3701025972624462, 0.3701025972624462, 0.3263039391100401, 0.3701025972624462, 0.3701025972624462, 0.3701025972624462, 0.3701025972624462, 0.3701025972624462, 0.3701025972624462, 0.35643072089867534, 0.3500208579827755, 0.3500208579827755, 0.3500208579827755, 0.3500208579827755, 0.34338836415016505, 0.3701025972624462, 0.329246592081862, 0.3345237592077264, 0.3345237592077264, 0.3345237592077264, 0.3345237592077264, 0.3345237592077264, 0.33095385089737006, 0.25653160094240307, 0.25852070015185785], [0.2617004094858025, 0.3833259008751029, 0.33180709055387086, 0.3345237592077264, 0.3833259008751029, 0.3833259008751029, 0.3833259008751029, 0.3833259008751029, 0.3701025972624462, 0.3701025972624462, 0.3701025972624462, 0.3701025972624462, 0.3701025972624462, 0.3701025972624462, 0.3701025972624462, 0.3701025972624462, 0.3701025972624462, 0.3701025972624462, 0.3701025972624462, 0.3234470518814441, 0.3701025972624462, 0.3701025972624462, 0.3701025972624462, 0.3701025972624462, 0.3701025972624462, 0.3701025972624462, 0.3701025972624462, 0.3701025972624462, 0.35643072089867534, 0.3500208579827755, 0.3500208579827755, 0.35643072089867534], [0.3833259008751029, 0.3833259008751029, 0.3833259008751029, 0.2670752356059256, 0.3833259008751029, 0.3833259008751029, 0.3833259008751029, 0.3833259008751029, 0.3833259008751029, 0.3701025972624462, 0.3833259008751029, 0.3701025972624462, 0.3701025972624462, 0.3701025972624462, 0.3701025972624462, 0.3701025972624462, 0.3701025972624462, 0.3701025972624462, 0.3701025972624462, 0.3701025972624462, 0.3701025972624462, 0.3701025972624462, 0.3701025972624462, 0.3701025972624462, 0.3701025972624462, 0.3701025972624462, 0.3701025972624462, 0.3701025972624462, 0.3701025972624462, 0.3701025972624462, 0.3701025972624462, 0.31704028634020476], [0.33100963674015044, 0.3833259008751029, 0.3833259008751029, 0.3833259008751029, 0.3833259008751029, 0.3833259008751029, 0.3833259008751029, 0.3833259008751029, 0.3833259008751029, 0.3833259008751029, 0.3833259008751029, 0.3833259008751029, 0.32915588661982165, 0.2985339188630993, 0.3833259008751029, 0.3833259008751029, 0.3833259008751029, 0.3701025972624462, 0.3833259008751029, 0.3701025972624462, 0.3701025972624462, 0.3701025972624462, 0.3701025972624462, 0.3701025972624462, 0.3701025972624462, 0.3701025972624462, 0.3701025972624462, 0.3701025972624462, 0.3701025972624462, 0.3701025972624462, 0.29331745739603743, 0.3701025972624462], [0.3833259008751029, 0.3833259008751029, 0.3833259008751029, 0.3833259008751029, 