{"num_qubits": 2, "depth": 3, "num_circuit": 16, "num_generation": 30, "current_generation": 2, "fitnessss": [[0.39744995105828745, 0.17689048064441187, 0.5546814427529135, 0.5398833774587153, 0.6033486541492786, 0.34679824348254107, 0.47149754745957717, 0.25884331986485953, 0.4007392581286043, 0.5667759490250478, 0.6445183592900094, 0.25884331986485953, 0.5540318068839754, 0.5906427966940863, 0.25884331986485953, 0.3211303582751661], [0.6310044913236212, 0.6033486541492786, 0.5841195624464509, 0.6610215920727894, 0.5906427966940863, 0.3655947413702396, 0.5816834710786994, 0.527487173112066, 0.5546814427529135, 0.5540318068839754, 0.5791247593064228, 0.45327519788814, 0.5398833774587153, 0.47149754745957717, 0.6320670158892505, 0.6273443084607525]], "best_fitnesss": [0.6445183592900094, 0.6610215920727894], "prob_mutate": 0.0625}