{"num_qubits": 4, "depth": 8, "num_circuit": 16, "num_generation": 40, "current_generation": 2, "fitnessss": [[0.41906822546601913, 0.40045889049767014, 0.2739523000461743, 0.317999333707507, 0.4318266472218683, 0.4770819681693378, 0.3066519395706557, 0.314567593431094, 0.42061590409316113, 0.3798157825262193, 0.34969563259941705, 0.3943975765465031, 0.3283420377979488, 0.5281135582839421, 0.23241427337462922, 0.49626661558619656], [0.5281135582839421, 0.49626661558619656, 0.5335767643938117, 0.4837888081630252, 0.4770819681693378, 0.4318266472218683, 0.44794682930122426, 0.47468677630295286, 0.42061590409316113, 0.41906822546601913, 0.37504677940590303, 0.5253552663673282, 0.40045889049767014, 0.3943975765465031, 0.4766535503398409, 0.43256574500369316]], "best_fitnesss": [0.5281135582839421, 0.5335767643938117], "prob_mutate": 0.0234375}