{"num_qubits": 3, "depth": 6, "num_circuit": 16, "num_generation": 40, "current_generation": 40, "fitnessss": [[0.33638209337262737, 0.31837102465698097, 0.4570897250772923, 0.3292180722156634, 0.40751978189463, 0.42190781828739504, 0.5335760619499103, 0.3008404666140105, 0.4189095140002318, 0.4425932077584889, 0.21699896618130113, 0.6507465343316953, 0.4006628167722825, 0.5697137939638662, 0.5672473211091904, 0.5178853499863199], [0.5860052264662357, 0.5697137939638662, 0.3548733150873282, 0.284134807831829, 0.5672473211091904, 0.5335760619499103, 0.5585486625491017, 0.3614382301000935, 0.5178853499863199, 0.4570897250772923, 0.5028782522126357, 0.5391955457831197, 0.4425932077584889, 0.42190781828739504, 0.47560035553003577, 0.17426084144332962], [0.5860052264662357, 0.5697137939638662, 0.4614485956070517, 0.48733400814589867, 0.4967143593591133, 0.5585486625491017, 0.6121038292036539, 0.38747733796495887, 0.5391955457831197, 0.5335760619499103, 0.5698956115824328, 0.4250905862711911, 0.5178853499863199, 0.5028782522126357, 0.5028782522126357, 0.5178853499863199], [0.6121038292036539, 0.5860052264662357, 0.6304492525159436, 0.4979605289484924, 0.5698956115824328, 0.5697137939638662, 0.41746242740634587, 0.5748575573016355, 0.5585486625491017, 0.5391955457831197, 0.5332892364336195, 0.5698956115824328, 0.5335760619499103, 0.5178853499863199, 0.5456663373935582, 0.5511712033082423], [0.179479766200561, 0.6121038292036539, 0.6121038292036539, 0.5698149871603394, 0.5860052264662357, 0.5748575573016355, 0.4979605289484924, 0.44055490198121133, 0.5698956115824328, 0.5698956115824328, 0.5698956115824328, 0.4718160497765035, 0.5697137939638662, 0.5585486625491017, 0.5748575573016355, 0.5625862447830119], [0.6121038292036539, 0.6121038292036539, 0.6121038292036539, 0.6121038292036539, 0.5860052264662357, 0.5748575573016355, 0.4979605289484924, 0.5730875097672198, 0.5748575573016355, 0.44333066588450815, 0.5748575573016355, 0.5698956115824328, 0.5698956115824328, 0.5698956115824328, 0.5698956115824328, 0.5698956115824328], [0.6121038292036539, 0.6121038292036539, 0.6121038292036539, 0.6121038292036539, 0.6125860665069732, 0.6121038292036539, 0.576683045414803, 0.6121038292036539, 0.5860052264662357, 0.5748575573016355, 0.4979605289484924, 0.48733400814589867, 0.5748575573016355, 0.5748575573016355, 0.5748575573016355, 0.5748575573016355], [0.6125860665069732, 0.6121038292036539, 0.6121038292036539, 0.4175421548402406, 0.6121038292036539, 0.5353195495415464, 0.6121038292036539, 0.6121038292036539, 0.6121038292036539, 0.6121038292036539, 0.6121038292036539, 0.6121038292036539, 0.6121038292036539, 0.5860052264662357, 0.6304492525159436, 0.4979605289484924], [0.6304492525159436, 0.6125860665069732, 0.6125860665069732, 0.6304492525159436, 0.6121038292036539, 0.6121038292036539, 0.6121038292036539, 0.5944958308876787, 0.6121038292036539, 0.6121038292036539, 0.6121038292036539, 0.6121038292036539, 0.6121038292036539, 0.6121038292036539, 0.6121038292036539, 0.6121038292036539], [0.6304492525159436, 0.6304492525159436, 0.6304492525159436, 0.6304492525159436, 0.6125860665069732, 0.6125860665069732, 0.6125860665069732, 0.6125860665069732, 0.6121038292036539, 0.6121038292036539, 0.4692060030500052, 0.6121038292036539, 0.6121038292036539, 0.6121038292036539, 0.49554001621480825, 0.6121038292036539], [0.261231441175939, 0.6304492525159436, 0.6304492525159436, 0.6304492525159436, 0.4594842932580915, 0.6304492525159436, 0.6304492525159436, 0.6304492525159436, 0.6125860665069732, 0.6125860665069732, 0.6125860665069732, 0.6125860665069732, 0.6125860665069732, 0.6125860665069732, 0.6125860665069732, 0.489340100662125], [0.6179587422621116, 0.6304492525159436, 0.6304492525159436, 0.6304492525159436, 0.6304492525159436, 0.6304492525159436, 0.6304492525159436, 0.6304492525159436, 0.5181414649963995, 0.6304492525159436, 0.6304492525159436, 0.6304492525159436, 0.6125860665069732, 0.6125860665069732, 0.6125860665069732, 0.6125860665069732], [0.6304492525159436, 0.6304492525159436, 0.6304492525159436, 0.6304492525159436, 0.6304492525159436, 0.6304492525159436, 0.6304492525159436, 0.6304492525159436, 0.6304492525159436, 0.6304492525159436, 0.6304492525159436, 0.6304492525159436, 0.6304492525159436, 0.6304492525159436, 0.579725629055773, 0.6304492525159436], [0.5114064697553269, 0.261231441175939, 0.6304492525159436, 0.6304492525159436, 0.6304492525159436, 0.6304492525159436, 0.6304492525159436, 0.6304492525159436, 0.6304492525159436, 0.6304492525159436, 0.6304492525159436, 0.6304492525159436, 0.6304492525159436, 0.5741672892655763, 0.6304492525159436, 0.5451016439895646], [0.6304492525159436, 0.6304492525159436, 0.6304492525159436, 0.6304492525159436, 0.6304492525159436, 0.6304492525159436, 0.6304492525159436, 0.6304492525159436, 0.6304492525159436, 0.6304492525159436, 0.6304492525159436, 0.6304492525159436, 0.5385009851596334, 0.6304492525159436, 0.6304492525159436, 0.6304492525159436], [0.6304492525159436, 0.6304492525159436, 0.6160017132463448, 0.6304492525159436, 0.6304492525159436, 0.564531102989164, 0.6304492525159436, 0.6304492525159436, 0.6304492525159436, 0.6304492525159436, 0.6304492525159436, 0.5749714726391338, 0.5824501698385276, 0.6304492525159436, 0.6304492525159436, 0.6304492525159436], [0.6304492525159436, 0.6304492525159436, 0.6304492525159436, 0.6433500209442077, 0.6304492525159436, 0.6304492525159436, 0.29049444742573594, 0.6304492525159436, 0.6304492525159436, 0.6304492525159436, 0.6304492525159436, 0.5096289499556267, 0.6304492525159436, 0.608570604682132, 0.6304492525159436, 0.6304492525159436], [0.6433500209442077, 0.6304492525159436, 0.6433500209442077, 0.6304492525159436, 0.6304492525159436, 0.46579055499387606, 0.6304492525159436, 0.6304492525159436, 0.6304492525159436, 0.36352838927334175, 0.6304492525159436, 0.6304492525159436, 0.6418249876597366, 0.6304492525159436, 0.6304492525159436, 0.6304492525159436], [0.6433500209442077, 0.6252201036815792, 0.6433500209442077, 0.6433500209442077, 0.6418249876597366, 0.6304492525159436, 0.6304492525159436, 0.5368657242491452, 0.6304492525159436, 0.6304492525159436, 0.6304492525159436, 0.6304492525159436, 0.6304492525159436, 0.6304492525159436, 0.6304492525159436, 0.6304492525159436], [0.6433500209442077, 0.6433500209442077, 0.5768752134801058, 0.6433500209442077, 0.6433500209442077, 0.6418249876597366, 0.5821586500802755, 0.6197762197839165, 0.6304492525159436, 0.6304492525159436, 0.6304492525159436, 0.6304492525159436, 0.6304492525159436, 0.6304492525159436, 0.6067379044163078, 0.34729298130345965], [0.610106381374979, 0.5735207845675954, 0.6433500209442077, 0.6433500209442077, 0.6433500209442077, 0.6433500209442077, 0.6433500209442077, 0.6433500209442077, 0.25510308808426785, 0.6304492525159436, 0.28535515405097756, 0.6418249876597366, 0.5845542705840293, 0.6304492525159436, 0.5466687315172659, 0.6304492525159436], [0.6433500209442077, 0.6433500209442077, 0.6433500209442077, 0.6433500209442077, 0.6433500209442077, 0.6433500209442077, 0.6433500209442077, 0.6198320761418888, 0.6433500209442077, 0.6433500209442077, 0.6433500209442077, 0.6433500209442077, 0.45628239495038264, 0.6304492525159436, 0.6304492525159436, 0.6418249876597366], [0.5150853752537479, 0.5390029628222359, 0.6433500209442077, 0.6433500209442077, 0.6433500209442077, 0.6433500209442077, 0.6433500209442077, 0.6024408916485384, 0.6433500209442077, 0.5725102372671933, 0.6433500209442077, 0.6433500209442077, 0.5310951209877369, 0.5391363102068815, 0.6433500209442077, 0.6433500209442077], [0.6433500209442077, 0.6433500209442077, 0.6433500209442077, 0.6433500209442077, 0.6433500209442077, 0.6433500209442077, 0.6433500209442077, 0.5738224714794312, 0.6433500209442077, 0.6433500209442077, 0.6433500209442077, 0.6433500209442077, 0.6433500209442077, 0.5094020646191011, 0.6433500209442077, 0.6433500209442077], [0.6040725336817847, 0.6433500209442077, 0.6433500209442077, 0.6433500209442077, 0.6433500209442077, 0.6433500209442077, 0.6433500209442077, 