{"num_qubits": 4, "depth": 11, "num_circuit": 32, "num_generation": 10, "current_generation": 1, "fitnessss": [[0.5481254356960829, 0.5360099778668758, 0.34035252971818275, 0.49084859948659865, 0.5242784931316828, 0.5204056423143045, 0.5798761134724219, 0.47760052299052214, 0.41946667615148786, 0.48723560058489124, 0.49028731372401335, 0.5626324984679947, 0.4702759884847275, 0.41269126151758434, 0.4841361479409871, 0.44954891156677945, 0.36792382099273296, 0.5671720186194156, 0.4977708347106368, 0.5355101923593777, 0.40163625268283026, 0.46531137798873096, 0.47478576746591444, 0.6618790063596649, 0.5469447378864414, 0.4834285604794627, 0.6500246214766082, 0.55395667410242, 0.3935916302716832, 0.4962215452814368, 0.4811024439331023, 0.5196171247135748]], "best_fitnesss": [0.6618790063596649], "prob_mutate": 0.008522727272727272}