{"num_qubits": 4, "depth": 23, "num_circuit": 32, "num_generation": 40, "current_generation": 1, "fitnessss": [[0.827750141735166, 0.8167137704158444, 0.8723788736603464, 0.7911962551482106, 0.845198604597041, 0.8448999521235978, 0.889726599729505, 0.7796740347083733, 0.7989823284300502, 0.8682307375597833, 0.7624983191662945, 0.839971155679935, 0.8476940787844166, 0.8464484112486078, 0.7775949438567655, 0.8157962327645192, 0.8755135677975806, 0.7884115709521755, 0.8600218456587256, 0.8430949286740621, 0.8228793898377134, 0.8656344611557174, 0.7639131633337417, 0.8666032461531785, 0.8365581669622036, 0.8521228074778225, 0.7983147759999877, 0.7811634073096837, 0.8435711228179681, 0.7407202592357521, 0.8482999436082574, 0.8484519558388012]], "best_fitnesss": [0.889726599729505], "prob_mutate": 0.004076086956521739}