{"num_qubits": 6, "depth": 22, "num_circuit": 32, "num_generation": 30, "current_generation": 2, "fitnessss": [[0.4571683024146015, 0.41730951561734075, 0.4298963673534919, 0.45141022942793263, 0.43511619356235903, 0.45552237053159306, 0.4601738603924705, 0.48086554926820735, 0.43694973885086935, 0.4690378156210109, 0.38425730411343567, 0.43317032217394286, 0.3827504014749984, 0.42022526992168574, 0.4274492867353764, 0.3854504848820862, 0.3909809942533039, 0.36812643304112846, 0.44390642922438894, 0.3701120405451733, 0.40569100720233725, 0.43609150100253985, 0.42488355395748867, 0.4086070812458097, 0.46924081746319796, 0.4242703645851863, 0.4250756665333764, 0.41045408116693916, 0.42489042279037453, 0.4584180712867337, 0.4048052432480228, 0.38254168975118], [0.48086554926820735, 0.46924081746319796, 0.48393316509593676, 0.47698971102689713, 0.4690378156210109, 0.4601738603924705, 0.4352618522007344, 0.4560534350595171, 0.4584180712867337, 0.45703413333809567, 0.4370425530333689, 0.4589997754854065, 0.45552237053159306, 0.45141022942793263, 0.41688958858736874, 0.5123667876654853, 0.44390642922438894, 0.43694973885086935, 0.44606278655831677, 0.45901130392360806, 0.4517270018484605, 0.467901127306518, 0.4185603032901346, 0.43638498112613444, 0.43317032217394286, 0.4298963673534919, 0.4654562324302634, 0.4239916279573472, 0.4274492867353764, 0.4250756665333764, 0.41876407348356715, 0.473423241621584]], "best_fitnesss": [0.48086554926820735, 0.5123667876654853], "prob_mutate": 0.004261363636363636}