{"num_qubits": 6, "depth": 22, "num_circuit": 32, "num_generation": 30, "current_generation": 1, "fitnessss": [[0.4571683024146015, 0.41730951561734075, 0.4298963673534919, 0.45141022942793263, 0.43511619356235903, 0.45552237053159306, 0.4601738603924705, 0.48086554926820735, 0.43694973885086935, 0.4690378156210109, 0.38425730411343567, 0.43317032217394286, 0.3827504014749984, 0.42022526992168574, 0.4274492867353764, 0.3854504848820862, 0.3909809942533039, 0.36812643304112846, 0.44390642922438894, 0.3701120405451733, 0.40569100720233725, 0.43609150100253985, 0.42488355395748867, 0.4086070812458097, 0.46924081746319796, 0.4242703645851863, 0.4250756665333764, 0.41045408116693916, 0.42489042279037453, 0.4584180712867337, 0.4048052432480228, 0.38254168975118]], "best_fitnesss": [0.48086554926820735], "prob_mutate": 0.004261363636363636}