{"num_qubits": 3, "depth": 13, "num_circuit": 8, "num_generation": 10, "current_generation": 2, "fitnessss": [[0.8345687469700056, 0.7598491592773399, 0.6818272491654878, 0.8663466543444119, 0.7466515563768048, 0.6549474863622319, 0.8503839711620866, 0.8177124792400925], [0.8663466543444119, 0.8503839711620866, 0.8546084763122443, 0.9030712514230764, 0.8345687469700056, 0.8177124792400925, 0.7073693438586736, 0.7494299364396905]], "best_fitnesss": [0.8663466543444119, 0.9030712514230764], "prob_mutate": 0.028846153846153848}