{"num_qubits": 4, "depth": 5, "num_circuit": 16, "num_generation": 40, "current_generation": 40, "fitnessss": [[0.20628277970328002, 0.364694153166906, 0.31795786654944136, 0.20209902648823178, 0.2623025726650227, 0.15482681304582496, 0.3501148370733489, 0.3584593928194432, 0.2961854342966495, 0.32687304732069455, 0.24076638369239886, 0.22826461357229794, 0.27950290132736394, 0.24976221896607212, 0.35418026052466633, 0.34305493835772966], [0.35773175307957983, 0.3584593928194432, 0.2871630497075849, 0.2924542266706156, 0.35418026052466633, 0.3501148370733489, 0.277709755195713, 0.2569041744314561, 0.34305493835772966, 0.32687304732069455, 0.2546353238115134, 0.23238715937383853, 0.31795786654944136, 0.2961854342966495, 0.30764577857373976, 0.3261995065219164], [0.3584593928194432, 0.35773175307957983, 0.3100430610756306, 0.19124250459963282, 0.35418026052466633, 0.359385275287613, 0.277709755195713, 0.2569041744314561, 0.34305493835772966, 0.32687304732069455, 0.2546353238115134, 0.23238715937383853, 0.3261995065219164, 0.16743251632149922, 0.3261995065219164, 0.31795786654944136], [0.359385275287613, 0.32003046973110527, 0.3741033058553123, 0.2730742450111247, 0.35773175307957983, 0.35418026052466633, 0.31083897024714, 0.36237801324549634, 0.34305493835772966, 0.32687304732069455, 0.2546353238115134, 0.30931248703955994, 0.38592428497940706, 0.3261995065219164, 0.3261995065219164, 0.3261995065219164], [0.38592428497940706, 0.3741033058553123, 0.39793331665360643, 0.3632885967681261, 0.36237801324549634, 0.25665164952894315, 0.277709755195713, 0.2834864482320766, 0.35773175307957983, 0.35418026052466633, 0.31083897024714, 0.31610948197578376, 0.3387190928886263, 0.32687304732069455, 0.275280319049142, 0.23238715937383853], [0.39793331665360643, 0.26765339513238573, 0.38592428497940706, 0.39793331665360643, 0.3741033058553123, 0.33027649056890573, 0.3632885967681261, 0.33921248160811507, 0.349534317482125, 0.35773175307957983, 0.3882609067336122, 0.35773175307957983, 0.35418026052466633, 0.3387190928886263, 0.3403200206832497, 0.31754060011120083], [0.39793331665360643, 0.39793331665360643, 0.21361052973322478, 0.36225633794412904, 0.3882609067336122, 0.38592428497940706, 0.35486166552060006, 0.3464047928983251, 0.3741033058553123, 0.3632885967681261, 0.3632885967681261, 0.3741033058553123, 0.35773175307957983, 0.35773175307957983, 0.28253708509430664, 0.35773175307957983], [0.31301837880638506, 0.39793331665360643, 0.39793331665360643, 0.3648320423045699, 0.3882609067336122, 0.38592428497940706, 0.35486166552060006, 0.3416040431261815, 0.3741033058553123, 0.3741033058553123, 0.3741033058553123, 0.3741033058553123, 0.3632885967681261, 0.3632885967681261, 0.3632885967681261, 0.3632885967681261], [0.39793331665360643, 0.33053120438061273, 0.39793331665360643, 0.32773598650126684, 0.3882609067336122, 0.38592428497940706, 0.35486166552060006, 0.3464047928983251, 0.3741033058553123, 0.3741033058553123, 0.3741033058553123, 0.3741033058553123, 0.3741033058553123, 0.33186879921172735, 0.3741033058553123, 0.3741033058553123], [0.39793331665360643, 0.39793331665360643, 0.39793331665360643, 0.39793331665360643, 0.3882609067336122, 0.38592428497940706, 0.3246042152957637, 0.3464047928983251, 0.3741033058553123, 0.3741033058553123, 0.3823306655830425, 0.3741033058553123, 0.32714687151385746, 0.3741033058553123, 0.3741033058553123, 0.3741033058553123], [0.39793331665360643, 0.3755513435566953, 0.39793331665360643, 0.39793331665360643, 0.39793331665360643, 0.39793331665360643, 0.39793331665360643, 0.39793331665360643, 0.3882609067336122, 0.38592428497940706, 0.35486166552060006, 0.23164015370528887, 0.3823306655830425, 0.3741033058553123, 0.4001390388848809, 0.4326021602270246], [0.4326021602270246, 0.4001390388848809, 0.3741033058553123, 0.3823306655830425, 0.39793331665360643, 0.39793331665360643, 0.39793331665360643, 0.39793331665360643, 0.39793331665360643, 0.39793331665360643, 0.39793331665360643, 0.39793331665360643, 0.39793331665360643, 0.3264613492612686, 0.28315147074516067, 0.320779664381591], [0.4326021602270246, 0.4001390388848809, 0.3741033058553123, 0.22373922126857843, 0.33368758203352505, 0.39793331665360643, 0.39793331665360643, 0.39793331665360643, 0.39793331665360643, 0.3279218582489637, 0.39793331665360643, 0.39793331665360643, 0.39793331665360643, 0.39793331665360643, 0.39793331665360643, 0.39793331665360643], [0.4326021602270246, 0.4001390388848809, 0.3741033058553123, 0.3823306655830425, 0.39793331665360643, 0.39793331665360643, 0.31959673638881114, 0.34926457681533857, 0.39793331665360643, 0.39793331665360643, 0.39793331665360643, 0.39793331665360643, 0.39793331665360643, 0.39793331665360643, 0.39793331665360643, 0.39793331665360643], [0.4326021602270246, 0.4001390388848809, 0.3741033058553123, 0.366449012035722, 0.39793331665360643, 0.39793331665360643, 0.39793331665360643, 0.39793331665360643, 0.39793331665360643, 0.39793331665360643, 0.39793331665360643, 0.35515098175391535, 0.39793331665360643, 0.39793331665360643, 0.39793331665360643, 0.39793331665360643], [0.4326021602270246, 0.4001390388848809, 0.3741033058553123, 0.3823306655830425, 0.39793331665360643, 0.39793331665360643, 0.39793331665360643, 0.39635458779812227, 0.39793331665360643, 0.39793331665360643, 0.39793331665360643, 0.39793331665360643, 0.39793331665360643, 0.39793331665360643, 0.39793331665360643, 0.39793331665360643], [0.4326021602270246, 0.4001390388848809, 0.3741033058553123, 0.3823306655830425, 0.39793331665360643, 0.39793331665360643, 0.39793331665360643, 0.39793331665360643, 0.39793331665360643, 0.39793331665360643, 0.39793331665360643, 0.39793331665360643, 0.39793331665360643, 0.39793331665360643, 0.39793331665360643, 0.39793331665360643], [0.43314882054296727, 0.4001390388848809, 0.3741033058553123, 0.3823306655830425, 0.28043593475188155, 0.39793331665360643, 0.39793331665360643, 0.39793331665360643, 0.39793331665360643, 0.39793331665360643, 0.39793331665360643, 0.39793331665360643, 0.37081107937279983, 0.39793331665360643, 0.39793331665360643, 0.33597464740604066], [0.43314882054296727, 0.4001390388848809, 0.3741033058553123, 0.34897636484873573, 0.39793331665360643, 0.39793331665360643, 0.2671421508272408, 0.39793331665360643, 0.39793331665360643, 0.39793331665360643, 0.39793331665360643, 0.32800054957702335, 0.31281113097651936, 0.26830022943298887, 0.33758654375795843, 0.39793331665360643], [0.43314882054296727, 0.3835808607812203, 0.3741033058553123, 0.34897636484873573, 0.39793331665360643, 0.39793331665360643, 0.39793331665360643, 0.39793331665360643, 0.39793331665360643, 0.364596678225021, 0.39793331665360643, 0.39793331665360643, 0.39793331665360643, 0.39793331665360643, 0.39793331665360643, 0.39793331665360643], [0.43314882054296727, 0.39793331665360643, 0.3741033058553123, 0.37770684329377024, 0.39793331665360643, 0.39793331665360643, 0.39793331665360643, 0.39793331665360643, 0.39793331665360643, 0.39793331665360643, 0.39793331665360643, 0.39793331665360643, 0.39793331665360643, 0.39793331665360643, 0.39793331665360643, 0.39793331665360643], [0.43314882054296727, 0.3376570646865722, 0.3741033058553123, 0.37770684329377024, 0.39793331665360643, 0.39793331665360643, 0.39793331665360643, 0.39793331665360643, 0.39793331665360643, 0.39793331665360643, 0.39793331665360643, 0.39793331665360643, 0.39793331665360643, 0.39793331665360643, 0.39793331665360643, 0.39793331665360643], [0.43314882054296727, 0.39793331665360643, 0.3741033058553123, 0.37770684329377024, 0.39793331665360643, 0.30974674329356977, 0.39793331665360643, 0.39793331665360643, 0.39793331665360643, 0.39793331665360643, 0.39793331665360643, 0.39793331665360643, 0.39793331665360643, 0.39793331665360643, 0.359216045498174, 0.39793331665360643], [0.32999787596901103, 0.39793331665360643, 0.3741033058553123, 0.37770684329377024, 0.39793331665360643, 0.37768253917592964, 0.39793331665360643, 0.39793331665360643, 0.39793331665360643, 0.39793331665360643, 0.39793331665360643, 0.39793331665360643, 