{"num_qubits": 4, "depth": 21, "num_circuit": 16, "num_generation": 20, "current_generation": 1, "fitnessss": [[0.7844627863000653, 0.7727571576979065, 0.8295028963226881, 0.7948957518220949, 0.5867846181290612, 0.7962559333480083, 0.8044662198807758, 0.7441370265355706, 0.787256810030444, 0.8721297012016167, 0.7893492639313685, 0.750962630082529, 0.8464767795146264, 0.7415173388926316, 0.7962813757281904, 0.8313158776359927]], "best_fitnesss": [0.8721297012016167], "prob_mutate": 0.008928571428571428}