{"num_qubits": 4, "depth": 8, "num_circuit": 32, "num_generation": 40, "current_generation": 14, "fitnessss": [[0.44826850967873444, 0.33992820831843545, 0.411180237109871, 0.3733012256213836, 0.38630275165189554, 0.42834454803650013, 0.4362504329152957, 0.34724233720124653, 0.3054192376032826, 0.463876683398044, 0.4204935599789402, 0.2663049828976669, 0.3748568268521751, 0.43271366481989626, 0.3797107839677703, 0.3999401843897047, 0.42571217799914624, 0.359640299846764, 0.37154820095573954, 0.4640699194029927, 0.48476027734302585, 0.3529936849653514, 0.200592640758713, 0.39831853791190036, 0.32438009411129415, 0.40409003976362623, 0.2990742406298395, 0.39091053339346676, 0.4620050308398911, 0.4459618978773709, 0.4153888848956397, 0.33907950309794554], [0.48476027734302585, 0.4640699194029927, 0.4248219456007078, 0.39775066899543476, 0.463876683398044, 0.4620050308398911, 0.4868363128734082, 0.421596363008889, 0.44826850967873444, 0.4459618978773709, 0.4356876122251342, 0.38938362576902774, 0.4362504329152957, 0.43271366481989626, 0.4505096284847019, 0.40738982469152096, 0.3789186965202964, 0.42571217799914624, 0.43348585786232025, 0.42338800701434465, 0.4204935599789402, 0.4153888848956397, 0.41536630671762625, 0.4375207861853429, 0.411180237109871, 0.40409003976362623, 0.4133102997576657, 0.36388941814365056, 0.3999401843897047, 0.39831853791190036, 0.4893878877569451, 0.4293761981886489], [0.4893878877569451, 0.4868363128734082, 0.45435252129315734, 0.4128176700117108, 0.48476027734302585, 0.4640699194029927, 0.4248219456007078, 0.39775066899543476, 0.463876683398044, 0.4620050308398911, 0.4868363128734082, 0.421596363008889, 0.4505096284847019, 0.44826850967873444, 0.406034678740672, 0.5206502088844822, 0.4459618978773709, 0.4375207861853429, 0.4757715290523798, 0.4223149361996487, 0.4362504329152957, 0.4356876122251342, 0.43015158171826384, 0.3885175585627764, 0.43348585786232025, 0.436248240378074, 0.42406096169678964, 0.473349180056631, 0.4293761981886489, 0.42571217799914624, 0.4716799548486155, 0.31924631925674857], [0.5206502088844822, 0.4893878877569451, 0.4491352908097116, 0.4912139760610497, 0.4868363128734082, 0.4868363128734082, 0.4868363128734082, 0.4868363128734082, 0.48476027734302585, 0.4757715290523798, 0.3992415150491905, 0.36019741513033604, 0.473349180056631, 0.4716799548486155, 0.473349180056631, 0.4716799548486155, 0.4341121304478112, 0.463876683398044, 0.4823717529970996, 0.36564202050487393, 0.4620050308398911, 0.45435252129315734, 0.4620050308398911, 0.45435252129315734, 0.4505096284847019, 0.44826850967873444, 0.406034678740672, 0.5206502088844822, 0.4459618978773709, 0.4375207861853429, 0.4757715290523798, 0.4223149361996487], [0.5206502088844822, 0.5206502088844822, 0.5206502088844822, 0.5206502088844822, 0.4912139760610497, 0.4893878877569451, 0.4893878877569451, 0.4912139760610497, 0.4868363128734082, 0.4868363128734082, 0.4868363128734082, 0.4868363128734082, 0.4868363128734082, 0.4868363128734082, 0.4868363128734082, 0.4868363128734082, 0.48476027734302585, 0.4823717529970996, 0.3892461838963903, 0.39775066899543476, 0.4757715290523798, 0.4757715290523798, 0.4757715290523798, 0.4757715290523798, 0.473349180056631, 0.473349180056631, 0.473349180056631, 0.473349180056631, 0.4716799548486155, 0.4716799548486155, 0.4716799548486155, 0.4716799548486155], [0.5206502088844822, 0.5206502088844822, 0.5206502088844822, 0.5206502088844822, 0.5206502088844822, 0.5206502088844822, 0.5206502088844822, 0.5206502088844822, 0.4912139760610497, 0.4912139760610497, 0.4912139760610497, 0.4912139760610497, 0.4893878877569451, 0.4893878877569451, 0.4893878877569451, 0.4893878877569451, 0.4868363128734082, 0.4868363128734082, 0.4810085916461455, 0.4421166094402304, 0.4868363128734082, 0.4868363128734082, 0.4868363128734082, 0.4055693568800409, 0.4868363128734082, 0.4868363128734082, 0.4868363128734082, 0.4868363128734082, 0.4868363128734082, 0.4868363128734082, 0.4868363128734082, 0.4552903955016706], [0.5206502088844822, 0.5206502088844822, 0.5206502088844822, 0.5206502088844822, 0.5206502088844822, 0.5206502088844822, 0.5206502088844822, 0.5206502088844822, 0.5206502088844822, 0.5206502088844822, 0.5206502088844822, 0.5206502088844822, 0.3802643588431936, 0.5206502088844822, 0.5206502088844822, 0.5206502088844822, 0.4912139760610497, 0.4912139760610497, 0.4912139760610497, 0.4912139760610497, 0.4912139760610497, 0.4912139760610497, 0.4912139760610497, 0.4912139760610497, 0.4893878877569451, 0.4893878877569451, 0.4893878877569451, 0.4893878877569451, 0.4893878877569451, 0.4893878877569451, 0.4893878877569451, 0.4893878877569451], [0.4370611691104987, 0.5206502088844822, 0.5206502088844822, 0.5206502088844822, 0.5206502088844822, 0.5206502088844822, 0.5206502088844822, 0.5206502088844822, 0.5206502088844822, 0.4918019859756928, 0.5206502088844822, 0.5206502088844822, 0.5206502088844822, 0.5206502088844822, 0.5206502088844822, 0.5206502088844822, 0.5206502088844822, 0.5206502088844822, 0.5206502088844822, 0.5206502088844822, 0.5206502088844822, 0.5206502088844822, 0.5206502088844822, 0.5206502088844822, 0.5206502088844822, 0.5206502088844822, 0.5206502088844822, 0.5206502088844822, 0.5206502088844822, 0.4912139760610497, 0.5206502088844822, 0.4912139760610497], [0.5206502088844822, 0.5206502088844822, 0.5206502088844822, 0.5206502088844822, 0.4624296570317899, 0.5206502088844822, 0.5206502088844822, 0.5206502088844822, 0.5206502088844822, 0.5206502088844822, 0.5206502088844822, 0.5206502088844822, 0.5206502088844822, 0.5206502088844822, 0.5206502088844822, 0.5206502088844822, 0.5206502088844822, 0.5206502088844822, 0.5206502088844822, 0.5206502088844822, 0.5206502088844822, 0.5206502088844822, 0.5091743581168291, 0.5206502088844822, 0.5206502088844822, 0.5206502088844822, 0.5206502088844822, 0.5206502088844822, 0.5206502088844822, 0.3891149537926347, 0.5206502088844822, 0.5206502088844822], [0.5206502088844822, 0.5206502088844822, 0.5206502088844822, 0.5206502088844822, 0.5206502088844822, 0.5206502088844822, 0.5206502088844822, 0.5206502088844822, 0.5206502088844822, 0.5206502088844822, 0.5206502088844822, 0.5206502088844822, 0.5206502088844822, 0.5206502088844822, 0.5206502088844822, 0.5206502088844822, 0.5206502088844822, 0.5206502088844822, 0.5206502088844822, 0.5206502088844822, 0.5206502088844822, 0.5206502088844822, 0.5206502088844822, 0.5206502088844822, 0.5206502088844822, 0.5206502088844822, 0.5206502088844822, 0.5206502088844822, 0.5206502088844822, 0.5206502088844822, 0.35955752212726677, 0.5206502088844822], [0.5206502088844822, 0.5206502088844822, 0.44290879076636686, 0.5206502088844822, 0.5206502088844822, 0.5206502088844822, 0.5206502088844822, 0.5206502088844822, 0.5206502088844822, 0.5206502088844822, 0.5206502088844822, 0.34585015368478234, 0.4868559906413905, 0.5206502088844822, 0.5206502088844822, 0.5206502088844822, 0.5206502088844822, 0.5206502088844822, 0.5206502088844822, 0.5206502088844822, 0.5206502088844822, 0.5206502088844822, 0.5206502088844822, 0.5206502088844822, 0.5206502088844822, 0.5206502088844822, 0.5206502088844822, 0.5206502088844822, 0.5206502088844822, 0.5206502088844822, 0.5206502088844822, 0.5206502088844822], [0.5206502088844822, 0.5206502088844822, 0.5206502088844822, 0.5206502088844822, 0.5206502088844822, 0.5206502088844822, 0.5206502088844822, 0.5206502088844822, 0.5206502088844822, 0.5206502088844822, 0.5206502088844822, 0.5206502088844822, 0.5206502088844822, 0.5206502088844822, 0.5206502088844822, 0.40364675802020944, 0.5206502088844822, 0.5206502088844822, 0.5206502088844822, 0.4671488917937891, 0.5206502088844822, 0.5206502088844822, 0.5206502088844822, 0.5206502088844822, 0.5206502088844822, 0.5206502088844822, 0.5206502088844822, 0.5206502088844822, 0.4532290304973916, 0.5206502088844822, 0.5206502088844822, 0.5206502088844822], [0.5206502088844822, 0.45414414052514285, 0.5206502088844822, 0.4989189038769415, 0.5206502088844822, 0.5206502088844822, 0.5206502088844822, 