{"num_qubits": 4, "depth": 8, "num_circuit": 4, "num_generation": 30, "current_generation": 30, "fitnessss": [[0.3722855691230618, 0.45638299458901654, 0.4604369202879921, 0.29624966076594034], [0.42776141969563575, 0.45638299458901654, 0.5120434924217039, 0.3154705243812489], [0.4391804968823004, 0.45638299458901654, 0.5079091037675226, 0.4791734988606935], [0.5361759159055847, 0.47108628676165887, 0.5120434924217039, 0.3788845657285997], [0.513010913939788, 0.5120434924217039, 0.43129128985019366, 0.5079091037675226], [0.5078652790748674, 0.43064423277917, 0.5214403080613715, 0.5079091037675226], [0.5214403080613715, 0.5054606258309147, 0.39811881060875826, 0.5113774033227839], [0.5214403080613715, 0.5113774033227839, 0.5214403080613715, 0.5006061742826684], [0.5733326475837869, 0.5214403080613715, 0.5501393988295005, 0.5214403080613715], [0.5111581952134001, 0.4869741498555271, 0.5214403080613715, 0.5107578563368183], [0.4790395861553359, 0.487899846133464, 0.5733326475837869, 0.5574835461967267], [0.5733326475837869, 0.5574835461967267, 0.5214403080613715, 0.5111581952134001], [0.5303174092605548, 0.3647319036332233, 0.5491757548600719, 0.4815068002231446], [0.43213507927920214, 0.5303174092605548, 0.5303174092605548, 0.5491757548600719], [0.5125139887030747, 0.5303174092605548, 0.5411732894344452, 0.5491757548600719], [0.5491757548600719, 0.4876148582411983, 0.5303174092605548, 0.49915824418241755], [0.4024565559789289, 0.5303174092605548, 0.5454218677700564, 0.47543247750352985], [0.36623131201083936, 0.5335084807260543, 0.4986319809708357, 0.5303174092605548], [0.49619327462698726, 0.5303174092605548, 0.5335084807260543, 0.5422076765689013], [0.5422076765689013, 0.48601994410095645, 0.47476324957550464, 0.391987762024902], [0.4818954920638743, 0.49295420068557183, 0.5422076765689013, 0.49898935870471267], [0.46991301388264645, 0.49898935870471267, 0.3392994542786053, 0.48601994410095645], [0.47191803854337644, 0.48601994410095645, 0.48601994410095645, 0.49898935870471267], [0.5110586881284774, 0.4048904894622355, 0.43483733157561666, 0.5030219367495841], [0.48420303497104744, 0.5030219367495841, 0.4604135121384848, 0.44720230856091714], [0.37674834177724537, 0.48420303497104744, 0.4837566802376584, 0.5160025350506452], [0.5160025350506452, 0.48420303497104744, 0.4669614050957945, 0.4464986519367051], [0.5160025350506452, 0.40013050217778223, 0.4290368641200109, 0.5160025350506452], [0.5160025350506452, 0.48923557354309155, 0.5160025350506452, 0.5160025350506452], [0.4201687337227481, 0.4515610913887695, 0.526824486780447, 0.3912874586486802]], "best_fitnesss": [0.4604369202879921, 0.5120434924217039, 0.5079091037675226, 0.5361759159055847, 0.513010913939788, 0.5214403080613715, 0.5214403080613715, 0.5214403080613715, 0.5733326475837869, 0.5214403080613715, 0.5733326475837869, 0.5733326475837869, 0.5491757548600719, 0.5491757548600719, 0.5491757548600719, 0.5491757548600719, 0.5454218677700564, 0.5335084807260543, 0.5422076765689013, 0.5422076765689013, 0.5422076765689013, 0.49898935870471267, 0.49898935870471267, 0.5110586881284774, 0.5030219367495841, 0.5160025350506452, 0.5160025350506452, 0.5160025350506452, 0.5160025350506452, 0.526824486780447], "prob_mutate": 0.09375}