{"num_qubits": 2, "depth": 2, "num_circuit": 8, "num_generation": 10, "current_generation": 10, "fitnessss": [[0.38851860419592854, 0.5047326829303518, 0.2679891851553655, 0.13516436141463467, 0.13516436141463467, 0.41359950896411035, 0.6197011764270193, 0.13516436141463467], [0.6197011764270193, 0.5047326829303518, 0.5190645420948626, 0.45057926106190455, 0.2679891851553656, 0.38851860419592854, 0.5920741816410209, 0.4006536855950572], [0.6197011764270193, 0.5920741816410209, 0.28244974379968907, 0.566824465503574, 0.5190645420948626, 0.5047326829303518, 0.5190645420948626, 0.5047326829303518], [0.6197011764270193, 0.5920741816410209, 0.38851860419592854, 0.4553376442301179, 0.566824465503574, 0.36051354645139727, 0.5509399517228701, 0.6197011764270193], [0.19630702759825658, 0.6197011764270193, 0.5103266819088265, 0.6197011764270193, 0.5920741816410209, 0.566824465503574, 0.566824465503574, 0.5920741816410209], [0.6197011764270193, 0.5376950792938539, 0.6197011764270193, 0.6197011764270193, 0.5683160211174051, 0.5920741816410209, 0.45871937684594427, 0.5920741816410209], [0.6197011764270193, 0.6197011764270193, 0.6197011764270193, 0.6197011764270193, 0.6197011764270193, 0.5920741816410209, 0.28244974379968907, 0.5668244655035741], [0.4005915110511834, 0.6197011764270193, 0.3895658455146539, 0.6277056659464444, 0.6197011764270193, 0.6197011764270193, 0.6197011764270193, 0.6197011764270193], [0.6277056659464444, 0.47933437732477724, 0.48625780567303745, 0.7765521088078282, 0.3895658455146539, 0.6197011764270193, 0.6197011764270193, 0.6197011764270193], [0.6466723204179604, 0.47307719020742944, 0.6197011764270193, 0.7214386519159343, 0.5926924190328767, 0.5926924190328767, 0.6197011764270193, 0.3895658455146539]], "best_fitnesss": [0.6197011764270193, 0.6197011764270193, 0.6197011764270193, 0.6197011764270193, 0.6197011764270193, 0.6197011764270193, 0.6197011764270193, 0.6277056659464444, 0.7765521088078282, 0.7214386519159343], "prob_mutate": 0.1875}