{"num_qubits": 6, "depth": 38, "num_circuit": 16, "num_generation": 30, "current_generation": 1, "fitnessss": [[0.7121487507739582, 0.639046248473218, 0.6731599479289175, 0.7280559925935208, 0.6532754918673462, 0.6454684597978142, 0.6696111371809498, 0.6629059566097364, 0.6834530890234097, 0.6968249850136917, 0.6526974377697661, 0.7013179918666466, 0.7437090809510949, 0.6389241743415248, 0.6594746210447495, 0.6777890887263525]], "best_fitnesss": [0.7437090809510949], "prob_mutate": 0.004934210526315789}