{"num_qubits": 6, "depth": 38, "num_circuit": 16, "num_generation": 30, "current_generation": 3, "fitnessss": [[0.7121487507739582, 0.639046248473218, 0.6731599479289175, 0.7280559925935208, 0.6532754918673462, 0.6454684597978142, 0.6696111371809498, 0.6629059566097364, 0.6834530890234097, 0.6968249850136917, 0.6526974377697661, 0.7013179918666466, 0.7437090809510949, 0.6389241743415248, 0.6594746210447495, 0.6777890887263525], [0.7437090809510949, 0.7280559925935208, 0.7369538251800847, 0.7324061981617898, 0.7121487507739582, 0.7013179918666466, 0.7146719971660158, 0.7026610356439036, 0.68345175060407, 0.6834530890234097, 0.7171563923780899, 0.6840907695867167, 0.6777890887263525, 0.7060000380177816, 0.705398607941348, 0.7115470126759599], [0.7437090809510949, 0.7369538251800847, 0.7369538251800847, 0.7437090809510949, 0.7324061981617898, 0.7280559925935208, 0.7280559925935208, 0.7324061981617898, 0.7171563923780899, 0.7146719971660158, 0.6896582861633986, 0.6868862646575449, 0.7167537516703628, 0.7115470126759599, 0.6841641331478218, 0.6867006989763371]], "best_fitnesss": [0.7437090809510949, 0.7437090809510949, 0.7437090809510949], "prob_mutate": 0.004934210526315789}