{"num_qubits": 10, "depth": 4, "num_circuit": 16, "num_generation": 20, "current_generation": 9, "fitnessss": [[0.03781498660600624, 0.12290251397008323, 0.023066020654414987, 0.003004513550838639, 0.004761335156235003, 0.03165088939990246, 0.036620531669892764, 0.05527781861544079, 0.0062193400956124245, 0.06795922835961732, 0.29211582868381636, 0.03170252504718363, 0.06463910708219145, 0.07972830098932193, 0.08032614476652644, 0.03843876950035052], [0.28760965756124957, 0.1218200639959941, 0.13195622230212367, 0.2907045749477867, 0.10702743603176701, 0.07690737192847219, 0.015215759671185602, 0.13362825530838096, 0.06506684730939183, 0.0598404390743027, 0.06399786325030221, 0.015215759671185602, 0.05654888838901673, 0.01724875985832508, 0.07037642026463209, 0.13703997775099686], [0.2894368430603793, 0.29367146454358795, 0.29352990155279746, 0.2939546756758459, 0.13264770709935858, 0.13339743826826822, 0.29225710883118017, 0.07102206700051261, 0.04579876336277999, 0.11219371482287877, 0.13132284478064005, 0.11580545127217612, 0.11163070741948766, 0.07717824039525378, 0.016943541804439355, 0.13063241376273982], [0.2959403434367227, 0.29042266101572833, 0.29148041664326596, 0.2941671585991482, 0.08070679323732632, 0.29225710883118017, 0.25267142433866485, 0.0633570584262112, 0.29338836692281955, 0.1356505336381586, 0.13345513676440268, 0.1340323331671095, 0.13074744751597078, 0.1152966598910119, 0.13472547708834048, 0.032115709394971104], [0.2957273255336397, 0.29077507094011423, 0.28922577424332563, 0.21942329012453876, 0.29091608395056656, 0.28950721326673556, 0.248601304233232, 0.29091608395056656, 0.29586933030864215, 0.2907045749477867, 0.29084557394034405, 0.2698630265491275, 0.2530729620638974, 0.13247478422814707, 0.24946685616156827, 0.13362825530838096], [0.29000000000000004, 0.28901476808586235, 0.291339291338937, 0.2901408590431479, 0.2881011307776926, 0.2957273255336397, 0.2959403434367227, 0.2856471460125606, 0.06165038498435982, 0.28971836571680953, 0.29218646523254443, 0.1197727566133846, 0.29352990155279746, 0.295230534146094, 0.2936006795020256, 0.2927518115965231], [0.2842486465259042, 0.2941671585991482, 0.28866323024885043, 0.2911276560621088, 0.29367146454358795, 0.297219806767436, 0.2880308995468974, 0.29084557394034405, 0.2929639330274586, 0.2928932188134524, 0.28760965756124957, 0.2896479745928784, 0.2923984171866205, 0.12051151229819956, 0.2939546756758459, 0.2932468606366152], [0.2883821250137122, 0.2706852531314069, 0.29693528036175787, 0.28985916889676033, 0.29197457672764315, 0.2836900112381512, 0.2889444466147528, 0.29140985047772505, 0.2871185231751354, 0.29352990155279746, 0.13040239190761338, 0.29907204364499773, 0.2881713689377198, 0.29190396131598073, 0.29757562684656225, 0.29077507094011423], [0.2904931289973295, 0.29140985047772505, 0.29028174604283985, 0.2881011307776926, 0.2918333529457914, 0.297219806767436, 0.285857157145715, 0.2929639330274586, 0.29077507094011423, 0.29466320101670573, 0.29352990155279746, 0.28257404563258237, 0.29077507094011423, 0.29197457672764315, 0.29992857507251447, 0.2941671585991482]], "prob_mutate": 0.046875}