{"num_qubits": 2, "depth": 4, "num_circuit": 32, "num_generation": 10, "current_generation": 2, "fitnessss": [[0.5332861737602105, 0.31789170850742277, 0.4360533359310157, 0.4772382562805852, 0.5893204326055181, 0.6801618534008915, 0.6135005670173258, 0.5645574439544554, 0.6591781356943729, 0.5770582010846841, 0.7649207766367814, 0.7972190019762218, 0.5721991348818201, 0.32179053322886336, 0.5078937558792267, 0.5546741842997578, 0.34196304315056403, 0.7719781745349893, 0.7059947492535553, 0.6284571010263114, 0.48513339179434645, 0.5271532314606437, 0.4546122932492171, 0.4661869521037058, 0.7078027552645141, 0.6882744222867387, 0.6929064590722879, 0.7334230450146395, 0.5631101908407359, 0.8187559840237395, 0.35766213153680504, 0.4586281530772367], [0.8187559840237395, 0.7972190019762218, 0.7572195263076067, 0.8600064789761681, 0.7719781745349893, 0.7649207766367814, 0.7880492805187582, 0.7971309369600301, 0.7334230450146395, 0.7078027552645141, 0.6242104469866698, 0.7094301225469672, 0.7059947492535553, 0.6929064590722879, 0.8372143089151386, 0.6830796625358305, 0.6882744222867387, 0.6801618534008915, 0.8094752102278457, 0.6963037004771477, 0.6591781356943729, 0.6284571010263114, 0.5072807785842428, 0.7840079322180937, 0.6135005670173258, 0.5893204326055181, 0.521130037467038, 0.6978238515569929, 0.5770582010846841, 0.6962592783697725, 0.5876850479457632, 0.7724385072433554]], "best_fitnesss": [0.8187559840237395, 0.8600064789761681], "prob_mutate": 0.0234375}