{"num_qubits": 4, "depth": 28, "num_circuit": 32, "num_generation": 40, "current_generation": 1, "fitnessss": [[0.8727073864448338, 0.8776063869580556, 0.9098590098953754, 0.9154110683265293, 0.9114970723334, 0.8679534326886319, 0.9048493071203184, 0.9175775064283652, 0.8858858958159322, 0.900387677537327, 0.919151103979407, 0.9137569955817002, 0.9148783411818681, 0.8632893634866402, 0.8434385070512416, 0.9282919652429685, 0.9469412601463606, 0.920897169394746, 0.8307939805755403, 0.8749409703437214, 0.8892976084834585, 0.9147935140970521, 0.9370272426383555, 0.901576924590963, 0.8928999182511838, 0.9029008175483281, 0.8705180430367939, 0.8971449533167937, 0.8602490506566204, 0.9041375213674305, 0.925648327617942, 0.9203460520030943]], "best_fitnesss": [0.9469412601463606], "prob_mutate": 0.0033482142857142855}