{"num_qubits": 4, "depth": 28, "num_circuit": 32, "num_generation": 40, "current_generation": 3, "fitnessss": [[0.8727073864448338, 0.8776063869580556, 0.9098590098953754, 0.9154110683265293, 0.9114970723334, 0.8679534326886319, 0.9048493071203184, 0.9175775064283652, 0.8858858958159322, 0.900387677537327, 0.919151103979407, 0.9137569955817002, 0.9148783411818681, 0.8632893634866402, 0.8434385070512416, 0.9282919652429685, 0.9469412601463606, 0.920897169394746, 0.8307939805755403, 0.8749409703437214, 0.8892976084834585, 0.9147935140970521, 0.9370272426383555, 0.901576924590963, 0.8928999182511838, 0.9029008175483281, 0.8705180430367939, 0.8971449533167937, 0.8602490506566204, 0.9041375213674305, 0.925648327617942, 0.9203460520030943], [0.9469412601463606, 0.9370272426383555, 0.920952982390886, 0.9287754753285927, 0.9282919652429685, 0.925648327617942, 0.9323218715833086, 0.9354665841906552, 0.920897169394746, 0.9203460520030943, 0.9062808750313549, 0.8951381781095373, 0.919151103979407, 0.9175775064283652, 0.9127058169027402, 0.9204380713285054, 0.9154110683265293, 0.9148783411818681, 0.9084643032169168, 0.9198613321295529, 0.9147935140970521, 0.9137569955817002, 0.8961340301844143, 0.8927103087512537, 0.9114970723334, 0.9098590098953754, 0.9088227287304782, 0.9244293037043902, 0.9048493071203184, 0.897568539090231, 0.9085726033796181, 0.9159888085063912], [0.9469412601463606, 0.9370272426383555, 0.920952982390886, 0.9086027258820302, 0.9354665841906552, 0.9323218715833086, 0.925648327617942, 0.9282919652429685, 0.9287754753285927, 0.9414066963265141, 0.9362479489247948, 0.9220363180834582, 0.925648327617942, 0.9244293037043902, 0.947094538317877, 0.9016682128248151, 0.920952982390886, 0.920897169394746, 0.9353906851113767, 0.9075408424509271, 0.9204380713285054, 0.8979408274757746, 0.8997842695085538, 0.9125507822485182, 0.9198613321295529, 0.919151103979407, 0.8999920140113573, 0.907841071638612, 0.9175775064283652, 0.9159888085063912, 0.9107679685546598, 0.9054398522034134]], "best_fitnesss": [0.9469412601463606, 0.9469412601463606, 0.947094538317877], "prob_mutate": 0.0033482142857142855}