{"num_qubits": 3, "depth": 12, "num_circuit": 8, "num_generation": 30, "current_generation": 2, "fitnessss": [[0.610416710613024, 0.5908505477144257, 0.6581420393436549, 0.6371071818532548, 0.7051746487199652, 0.7559870960727372, 0.8015965016786744, 0.6890891647954598], [0.8015965016786744, 0.7559870960727372, 0.8270392919372279, 0.8512150980370168, 0.7051746487199652, 0.6890891647954598, 0.782218695470316, 0.7754223599096071]], "best_fitnesss": [0.8015965016786744, 0.8512150980370168], "prob_mutate": 0.03125}