{"num_qubits": 8, "depth": 11, "num_circuit": 8, "num_generation": 20, "current_generation": 20, "fitnessss": [[0.772050141475094, 0.684108420692571, 0.09703513978539126, 0.8936749844352686, 0.28687296983795824, 0.22834166652528376, 0.16325774838542323, 0.21332873651734224], [0.18107830319947021, 0.7308607418503984, 0.6675058148097508, 0.15626217371050025, 0.8171759481633266, 0.8319309387517124, 0.25227312181504397, 0.7473980808280287], [0.8913723638361833, 0.48923490590296465, 0.865469673104285, 0.2352095108632862, 0.7815085691209649, 0.7543496504191594, 0.8939205757824855, 0.579699970722627], [0.8938274740663037, 0.8290196071624978, 0.2717382112180563, 0.8913304424730433, 0.8151348148664439, 0.7623505516151078, 0.625245159498059, 0.6990609448770335], [0.5256097246531313, 0.8930223540370582, 0.4028641124999, 0.8861567520271324, 0.7715786422966819, 0.8108056793673054, 0.2738565930010254, 0.8908621477707156], [0.8918089120783668, 0.7299644313934622, 0.3971214858339413, 0.8186940818978469, 0.8281812151418425, 0.8754273196940863, 0.8253062796657119, 0.823221498016931], [0.4817503779772978, 0.8622325134569527, 0.8538478274526087, 0.42812363534271675, 0.7747416750367331, 0.8108866536664696, 0.8213383567299418, 0.8366472932392417], [0.8061403491984451, 0.8669534611771226, 0.8220150512818026, 0.8592956959043011, 0.8726424054177789, 0.798504311731206, 0.8889246511222989, 0.8925248604351307], [0.8908154190744589, 0.8885532556364065, 0.8219013357478113, 0.8881867278978735, 0.8416365065257645, 0.8111000817038023, 0.8808039195769316, 0.7592125825840613], [0.812357089156148, 0.8451300022213755, 0.8928506423002617, 0.882905568917429, 0.3560296905992498, 0.3198546342592286, 0.890310883678679, 0.8390711444676399], [0.8888345807991451, 0.8894739567660304, 0.8879781586749192, 0.6861276970496445, 0.8858569668984652, 0.8913697356892729, 0.8453928251738188, 0.8906428701855328], [0.88264709665927, 0.8912293834831928, 0.8907031707927631, 0.8868066004443831, 0.8918109356562974, 0.6973622763954292, 0.889887398560974, 0.7492091743612125], [0.8888015480368463, 0.802323664929, 0.886887762621322, 0.7477977704332692, 0.7531377281623737, 0.8872103816519541, 0.8917160219876799, 0.8379017338997565], [0.6019133577266566, 0.8925820754401513, 0.6713777412010705, 0.7108066381360711, 0.8843246777023754, 0.8310068128895638, 0.884099503860055, 0.8826107751058669], [0.8914115839704427, 0.8812318368516436, 0.8883608725034214, 0.8293949392108235, 0.8814667802088433, 0.8812153550734786, 0.8828097534116894, 0.8337823190458182], [0.8909835824770862, 0.8896575630084017, 0.8842088918642377, 0.8598859617403061, 0.877585406004998, 0.8319499025212828, 0.5640758770079974, 0.8887201869735707], [0.5084223006860731, 0.7566229345046734, 0.5603712319505629, 0.5943879985397105, 0.8889682139965143, 0.8815875635053263, 0.8835529508465741, 0.8880883787430808], [0.8805074315065952, 0.8844198468742854, 0.39825681068555274, 0.8871382909548305, 0.7491678685047151, 0.88826459416999, 0.8798064532975509, 0.8872552910150642], [0.8875336829528754, 0.88441223502497, 0.8895405890168122, 0.7545613202557784, 0.8869085260490313, 0.8878733474141682, 0.8583278214897012, 0.8872700444628221], [0.8889693351389496, 0.3963696556420587, 0.8848675488126366, 0.8851346762522271, 0.8891971935334319, 0.884255270276079, 0.8927289554015369, 0.8880356264291166]], "best_fitnesss": [0.8936749844352686, 0.8319309387517124, 0.8939205757824855, 0.8938274740663037, 0.8930223540370582, 0.8918089120783668, 0.8622325134569527, 0.8925248604351307, 0.8908154190744589, 0.8928506423002617, 0.8913697356892729, 0.8918109356562974, 0.8917160219876799, 0.8925820754401513, 0.8914115839704427, 0.8909835824770862, 0.8889682139965143, 0.88826459416999, 0.8895405890168122, 0.8927289554015369], "prob_mutate": 0.03409090909090909}