{"num_qubits": 6, "depth": 22, "num_circuit": 8, "num_generation": 30, "current_generation": 7, "fitnessss": [[0.4627857693553688, 0.44275202161924393, 0.40131121789674457, 0.40710815527716254, 0.45276740972568297, 0.4216506926813488, 0.3936071170977118, 0.3954348496151413], [0.4627857693553688, 0.45276740972568297, 0.4562227558431392, 0.4648983832237469, 0.4749125282364145, 0.4621297715859177, 0.4799786902483481, 0.3672682233872798], [0.43320775148471197, 0.43100091729316964, 0.44275202161924393, 0.46428958675223625, 0.4768486843623445, 0.4627857693553688, 0.4705722390284353, 0.49911953659467095], [0.49911953659467095, 0.4768486843623445, 0.49911953659467095, 0.45788753162786033, 0.4705722390284353, 0.46428958675223625, 0.4790579623791408, 0.44386786218520163], [0.49911953659467095, 0.49911953659467095, 0.4919908800242177, 0.49497364614491424, 0.4770832945004736, 0.4768486843623445, 0.4648983832237469, 0.47282783731005457], [0.48330605108740177, 0.49911953659467095, 0.49911953659467095, 0.49911953659467095, 0.49497364614491424, 0.471639355114361, 0.4919908800242177, 0.5301266609031307], [0.5105011941404396, 0.49911953659467095, 0.47021736228311334, 0.5089179081314683, 0.49911953659467095, 0.49911953659467095, 0.49911953659467095, 0.49911953659467095]], "best_fitnesss": [0.4627857693553688, 0.4799786902483481, 0.49911953659467095, 0.49911953659467095, 0.49911953659467095, 0.5301266609031307, 0.5105011941404396], "prob_mutate": 0.017045454545454544}