{"num_qubits": 4, "depth": 9, "num_circuit": 16, "num_generation": 20, "current_generation": 20, "fitnessss": [[0.2351015378962088, 0.2003216614020028, 0.41436020163806153, 0.2491978945126736, 0.22566418471228966, 0.27200995395242467, 0.2912200241430013, 0.23623223085605072, 0.38747621020048106, 0.3919855945456874, 0.2618374579840911, 0.15406456749133335, 0.13785164344693013, 0.22093192956820096, 0.26932604600602406, 0.26890508454646067], [0.41436020163806153, 0.3919855945456874, 0.3690730408271745, 0.2987088505457317, 0.38747621020048106, 0.2912200241430013, 0.20084224831954933, 0.5754868393580893, 0.27200995395242467, 0.26932604600602406, 0.47528850930134614, 0.21173106657183127, 0.21277878621395574, 0.2618374579840911, 0.2878288861741789, 0.24922997850031758], [0.5754868393580893, 0.47528850930134614, 0.37646501904912755, 0.46091761014729316, 0.41436020163806153, 0.3486184115013975, 0.3690730408271745, 0.2987088505457317, 0.1811611926863399, 0.3690730408271745, 0.30626207849037834, 0.4859509873541402, 0.2987088505457317, 0.2912200241430013, 0.245494496037578, 0.37530637578494974], [0.5754868393580893, 0.4859509873541402, 0.5754868393580893, 0.4859509873541402, 0.353411007193159, 0.46091761014729316, 0.46091761014729316, 0.3424015531357991, 0.41436020163806153, 0.37646501904912755, 0.4396155650416238, 0.37530637578494974, 0.37530637578494974, 0.3690730408271745, 0.3142846231113574, 0.41436020163806153], [0.5754868393580893, 0.28367906193949766, 0.5754868393580893, 0.5754868393580893, 0.4859509873541402, 0.4859509873541402, 0.26030367479748473, 0.4859509873541402, 0.46091761014729316, 0.46091761014729316, 0.46091761014729316, 0.46091761014729316, 0.4396155650416238, 0.41436020163806153, 0.41436020163806153, 0.2961981839620359], [0.5754868393580893, 0.5754868393580893, 0.5754868393580893, 0.3103685318480113, 0.5754868393580893, 0.4859509873541402, 0.5754868393580893, 0.4859509873541402, 0.4248727473158749, 0.4859509873541402, 0.4859509873541402, 0.4859509873541402, 0.46091761014729316, 0.46091761014729316, 0.46091761014729316, 0.46091761014729316], [0.5754868393580893, 0.5754868393580893, 0.5754868393580893, 0.5754868393580893, 0.2484805434326922, 0.4509451060118128, 0.5754868393580893, 0.22632870131453864, 0.5754868393580893, 0.4859509873541402, 0.5754868393580893, 0.4859509873541402, 0.4859509873541402, 0.44112376730686553, 0.4859509873541402, 0.4859509873541402], [0.5754868393580893, 0.37272400737735745, 0.5754868393580893, 0.5754868393580893, 0.5644383606483367, 0.5754868393580893, 0.5754868393580893, 0.3500709857601745, 0.5511437115328464, 0.5754868393580893, 0.32541048218437274, 0.5287276206590735, 0.3727048498353306, 0.4859509873541402, 0.5754868393580893, 0.4859509873541402], [0.5754868393580893, 0.5754868393580893, 0.5754868393580893, 0.5754868393580893, 0.5754868393580893, 0.5754868393580893, 0.5754868393580893, 0.26496754727324257, 0.5754868393580893, 0.5754868393580893, 0.5754868393580893, 0.5754868393580893, 0.5754868393580893, 0.5644383606483367, 0.5754868393580893, 0.3586323219477554], [0.5754868393580893, 0.5754868393580893, 0.5754868393580893, 0.5754868393580893, 0.5754868393580893, 0.5754868393580893, 0.5754868393580893, 0.5754868393580893, 0.5754868393580893, 0.3796168427971335, 0.5754868393580893, 0.5754868393580893, 0.5754868393580893, 0.5754868393580893, 0.5754868393580893, 0.5754868393580893], [0.5754868393580893, 0.5754868393580893, 0.5754868393580893, 0.5754868393580893, 0.5754868393580893, 0.5754868393580893, 0.5754868393580893, 0.23844560004505944, 0.5754868393580893, 0.5754868393580893, 0.5754868393580893, 0.5754868393580893, 0.5754868393580893, 0.5754868393580893, 0.5754868393580893, 0.5754868393580893], [0.5754868393580893, 0.5754868393580893, 0.5754868393580893, 0.39964986448516426, 0.5754868393580893, 0.5754868393580893, 0.5754868393580893, 0.5754868393580893, 0.5754868393580893, 0.5754868393580893, 0.5754868393580893, 0.5754868393580893, 0.5754868393580893, 0.5754868393580893, 0.5754868393580893, 0.4250191152683416], [0.5754868393580893, 0.39694129094630504, 0.5754868393580893, 0.45253224113434753, 0.5754868393580893, 0.5754868393580893, 0.5754868393580893, 0.5754868393580893, 0.5754868393580893, 0.5754868393580893, 0.5754868393580893, 0.360834460669875, 0.4354953209463268, 0.5754868393580893, 0.5754868393580893, 0.4068472117141553], [0.5754868393580893, 0.5754868393580893, 0.5754868393580893, 0.5754868393580893, 0.5754868393580893, 0.47931134461843083, 0.5754868393580893, 0.24082242832109257, 0.5754868393580893, 0.5754868393580893, 0.5754868393580893, 0.5754868393580893, 0.5754868393580893, 0.5754868393580893, 0.5754868393580893, 0.5754868393580893], [0.5754868393580893, 0.5754868393580893, 0.5754868393580893, 0.5754868393580893, 0.5754868393580893, 0.5754868393580893, 0.5754868393580893, 0.5754868393580893, 0.5754868393580893, 0.49328658804406156, 0.5754868393580893, 0.5754868393580893, 0.5754868393580893, 0.5754868393580893, 0.47309425003673433, 0.5754868393580893], [0.5754868393580893, 0.5754868393580893, 0.5754868393580893, 0.5754868393580893, 0.5754868393580893, 0.5754868393580893, 0.5754868393580893, 0.5754868393580893, 0.5754868393580893, 0.5754868393580893, 0.5754868393580893, 0.5754868393580893, 0.5754868393580893, 0.5754868393580893, 0.5754868393580893, 0.5754868393580893], [0.5754868393580893, 0.5754868393580893, 0.5754868393580893, 0.4673564045069334, 0.5754868393580893, 0.5754868393580893, 0.5754868393580893, 0.5754868393580893, 0.5754868393580893, 0.5754868393580893, 0.5754868393580893, 0.5055904782154405, 0.5929875478780443, 0.5754868393580893, 0.5754868393580893, 0.3615433435329619], [0.5929875478780443, 0.5754868393580893, 0.5929875478780443, 0.5754868393580893, 0.5754868393580893, 0.5754868393580893, 0.5754868393580893, 0.5754868393580893, 0.5754868393580893, 0.5754868393580893, 0.509686492815336, 0.5754868393580893, 0.5754868393580893, 0.5754868393580893, 0.5754868393580893, 0.5754868393580893], [0.5929875478780443, 0.4567581732655678, 0.5929875478780443, 0.5929875478780443, 0.4895920376441435, 0.5754868393580893, 0.5754868393580893, 0.5754868393580893, 0.5754868393580893, 0.5754868393580893, 0.5754868393580893, 0.5754868393580893, 0.5754868393580893, 0.4816122180898903, 0.5754868393580893, 0.5754868393580893], [0.5929875478780443, 0.5929875478780443, 0.5929875478780443, 0.5929875478780443, 0.5929875478780443, 0.5754868393580893, 0.5929875478780443, 0.5754868393580893, 0.39747501772105065, 0.5754868393580893, 0.5754868393580893, 0.5754868393580893, 0.5754868393580893, 0.5754868393580893, 0.5754868393580893, 0.5754868393580893]], "best_fitnesss": [0.41436020163806153, 0.5754868393580893, 0.5754868393580893, 0.5754868393580893, 0.5754868393580893, 0.5754868393580893, 0.5754868393580893, 0.5754868393580893, 0.5754868393580893, 0.5754868393580893, 0.5754868393580893, 0.5754868393580893, 0.5754868393580893, 0.5754868393580893, 0.5754868393580893, 0.5754868393580893, 0.5929875478780443, 0.5929875478780443, 0.5929875478780443, 0.5929875478780443], "prob_mutate": 0.020833333333333332}