{"num_qubits": 5, "depth": 27, "num_circuit": 4, "num_generation": 50, "current_generation": 2, "fitnessss": [[0.7251946868441348, 0.7807004725455454, 0.7341459153012625, 0.7451031787959173], [0.7807004725455454, 0.7451031787959173, 0.7663414020373365, 0.7328245195039634]], "best_fitnesss": [0.7807004725455454, 0.7807004725455454], "prob_mutate": 0.027777777777777776}