{"num_qubits": 6, "depth": 32, "num_circuit": 16, "num_generation": 30, "current_generation": 6, "fitnessss": [[0.5996830377211932, 0.6782426992088297, 0.6140307084984953, 0.5810418646826931, 0.6186229477168519, 0.6109750534629181, 0.5568901709385324, 0.5832705008554316, 0.635306620186636, 0.6163461424770135, 0.601091113192575, 0.5851155048170792, 0.6032304392036556, 0.579602001643297, 0.6196755152411532, 0.6464552476111958], [0.6782426992088297, 0.6464552476111958, 0.6658854147690721, 0.6304787040822684, 0.635306620186636, 0.6177659526034992, 0.600852799028884, 0.6036497450367714, 0.6186229477168519, 0.6163461424770135, 0.6118072850621228, 0.612657663848915, 0.6140307084984953, 0.6109750534629181, 0.6330834996662448, 0.5932848470339477], [0.6782426992088297, 0.6658854147690721, 0.6658854147690721, 0.6782426992088297, 0.6464552476111958, 0.635306620186636, 0.6533607244050785, 0.6141344262625552, 0.6330834996662448, 0.6304787040822684, 0.6482723991432282, 0.58788913281346, 0.6186229477168519, 0.5872756613438315, 0.6327671639801622, 0.5817006330601113], [0.6782426992088297, 0.6782426992088297, 0.6782426992088297, 0.6782426992088297, 0.6658854147690721, 0.6658854147690721, 0.6650955869304426, 0.6658854147690721, 0.6533607244050785, 0.6674936283920454, 0.6565808173634767, 0.672973429186956, 0.6464552476111958, 0.635306620186636, 0.6533392232858455, 0.6141344262625552], [0.6782426992088297, 0.6782426992088297, 0.6782426992088297, 0.6782426992088297, 0.6782426992088297, 0.6782426992088297, 0.6782426992088297, 0.6782426992088297, 0.672973429186956, 0.6674936283920454, 0.6482723991432282, 0.6695453935122186, 0.6658854147690721, 0.6658854147690721, 0.6658854147690721, 0.6658854147690721], [0.6782426992088297, 0.6782426992088297, 0.6699878568638, 0.6782426992088297, 0.6782426992088297, 0.6782426992088297, 0.6782426992088297, 0.6782426992088297, 0.6782426992088297, 0.6754822407450138, 0.6782426992088297, 0.6782426992088297, 0.6782426992088297, 0.6782426992088297, 0.6782426992088297, 0.6782426992088297]], "best_fitnesss": [0.6782426992088297, 0.6782426992088297, 0.6782426992088297, 0.6782426992088297, 0.6782426992088297, 0.6782426992088297], "prob_mutate": 0.005859375}