{"num_qubits": 5, "depth": 35, "num_circuit": 16, "num_generation": 10, "current_generation": 6, "fitnessss": [[0.8526033053887263, 0.8488095229715442, 0.7671439309197525, 0.8307902609920237, 0.8008098777363228, 0.826628629126632, 0.7995488953839154, 0.7801807651018402, 0.8133940958557817, 0.8868360600119146, 0.7897334486628442, 0.8383575310805952, 0.8286677572981217, 0.8597177849608351, 0.8480879794779528, 0.8467453538629485], [0.8868360600119146, 0.8597177849608351, 0.8594249015569556, 0.878178968542578, 0.8526033053887263, 0.8361916625397041, 0.8207372075134346, 0.8189688256568972, 0.8400550782853091, 0.8467453538629485, 0.8273888807534091, 0.8348128171790521, 0.8383575310805952, 0.8307902609920237, 0.8409144291842446, 0.8282347759308056], [0.8868360600119146, 0.878178968542578, 0.8691719472660401, 0.878178968542578, 0.8597177849608351, 0.8594249015569556, 0.8597177849608351, 0.8594249015569556, 0.8526033053887263, 0.8467453538629485, 0.843949216504431, 0.8577254269560056, 0.8409144291842446, 0.8400550782853091, 0.8566183537535352, 0.8316168658166448], [0.8868360600119146, 0.878178968542578, 0.8868360600119146, 0.878178968542578, 0.878178968542578, 0.8691719472660401, 0.8541881272309867, 0.8868360600119146, 0.8597177849608351, 0.8597177849608351, 0.8597177849608351, 0.8597177849608351, 0.8594249015569556, 0.8594249015569556, 0.8356624256624545, 0.8594249015569556], [0.8868360600119146, 0.8868360600119146, 0.8868360600119146, 0.8868360600119146, 0.8868360600119146, 0.878178968542578, 0.8868360600119146, 0.8848043500137894, 0.8829670512313506, 0.878178968542578, 0.878178968542578, 0.878178968542578, 0.8691719472660401, 0.8597177849608351, 0.8594249015569556, 0.8541881272309867], [0.8868360600119146, 0.8808314491240556, 0.8868360600119146, 0.8868360600119146, 0.8868360600119146, 0.8868360600119146, 0.8651081279271049, 0.8868360600119146, 0.8803315695307402, 0.8868360600119146, 0.8868360600119146, 0.8868360600119146, 0.8848043500137894, 0.8829670512313506, 0.8882691981134079, 0.8829670512313506]], "best_fitnesss": [0.8868360600119146, 0.8868360600119146, 0.8868360600119146, 0.8868360600119146, 0.8868360600119146, 0.8882691981134079], "prob_mutate": 0.005357142857142857}