{"num_qubits": 4, "depth": 28, "num_circuit": 32, "num_generation": 10, "current_generation": 2, "fitnessss": [[0.9204310200029349, 0.8761615376060018, 0.8835525539057782, 0.8303049112682561, 0.9129095408847722, 0.8938893218043782, 0.9069270139177517, 0.9089589941738669, 0.845232380971187, 0.9242822371187105, 0.9176468189036283, 0.9226857251657871, 0.8572392865857663, 0.9195365093105613, 0.898671475825412, 0.9239823632280124, 0.8777016857383171, 0.8431686699873122, 0.8217602231203518, 0.8998097602871316, 0.8842088345239179, 0.9004946610999458, 0.8995651582403685, 0.9318241237151282, 0.9014614768817937, 0.8392003521508513, 0.8922521230890436, 0.9033429037702791, 0.9102367136671017, 0.9107147768949708, 0.9050648450028387, 0.8961129966610892], [0.9318241237151282, 0.9242822371187105, 0.9143066077893444, 0.936293718677787, 0.9239823632280124, 0.9226857251657871, 0.9048646616096621, 0.9204592916672464, 0.9204310200029349, 0.9195365093105613, 0.9309614531072745, 0.923883751331366, 0.9176468189036283, 0.9129095408847722, 0.9266185239159664, 0.9290047415775537, 0.9107147768949708, 0.9102367136671017, 0.9018740356541803, 0.9307451364587053, 0.9089589941738669, 0.9069270139177517, 0.9017602989859725, 0.9095770310539871, 0.9050648450028387, 0.9033429037702791, 0.907741464617094, 0.8882330610585061, 0.9014614768817937, 0.9004946610999458, 0.8749499766418708, 0.8981023060315453]], "best_fitnesss": [0.9318241237151282, 0.936293718677787], "prob_mutate": 0.0033482142857142855}