{"num_qubits": 4, "depth": 8, "num_circuit": 4, "num_generation": 50, "current_generation": 9, "fitnessss": [[0.36438146236962277, 0.49863636407905626, 0.4023762367958841, 0.41706038496898107], [0.4319706622676106, 0.3138959826520825, 0.38555979514821903, 0.5264087438246349], [0.5264087438246349, 0.4219205257819466, 0.45707750585685697, 0.45281624468591836], [0.4790340941326482, 0.45707750585685697, 0.45707750585685697, 0.5264087438246349], [0.45554756784989675, 0.46871917871782864, 0.4675031254025754, 0.5272557359004162], [0.4150470787612436, 0.47422872651577475, 0.4298973451954148, 0.47420531098207325], [0.4407349974412881, 0.47420531098207325, 0.3904130331739597, 0.42576107078430914], [0.43015284872916054, 0.3914939344102578, 0.44480074135876835, 0.4469744948352026], [0.5264290449172854, 0.44480074135876835, 0.44167929881754053, 0.45179116052855306]], "best_fitnesss": [0.49863636407905626, 0.5264087438246349, 0.5264087438246349, 0.5264087438246349, 0.5272557359004162, 0.47422872651577475, 0.47420531098207325, 0.4469744948352026, 0.5264290449172854], "prob_mutate": 0.09375}