{"num_qubits": 3, "depth": 8, "num_circuit": 32, "num_generation": 40, "current_generation": 3, "fitnessss": [[0.6092226237686655, 0.5947478271898496, 0.5062402778246132, 0.6350091941298301, 0.5939107403673767, 0.5494166135725115, 0.4080370265633643, 0.5683800362982703, 0.5919852018261522, 0.585900704354247, 0.6937869020978914, 0.5797811119840011, 0.618456750800446, 0.6100018261072286, 0.56633195153126, 0.6273137727002298, 0.5916372424489117, 0.7147449157567349, 0.5900655159586462, 0.3444372454492142, 0.5052510158411018, 0.3495002659017245, 0.5594932507368313, 0.6063511483726927, 0.35633630638377584, 0.6965921990748043, 0.6497413817535124, 0.34104620848984185, 0.5508775314071092, 0.7933715670309365, 0.7167101734534592, 0.6670086984476941], [0.7933715670309365, 0.7167101734534592, 0.6100354107378918, 0.6846427842411218, 0.7147449157567349, 0.6965921990748043, 0.6850683223665814, 0.6337975469828552, 0.6937869020978914, 0.6670086984476941, 0.6733276317865229, 0.5709445017596374, 0.6497413817535124, 0.6350091941298301, 0.594361551399262, 0.5284242660575902, 0.6273137727002298, 0.618456750800446, 0.6162842692424235, 0.6761201171714442, 0.6100018261072286, 0.6092226237686655, 0.6578725828012214, 0.5382476898033628, 0.6063511483726927, 0.6692324232220622, 0.5990101175980062, 0.651141502263066, 0.5939107403673767, 0.5919852018261522, 0.5755817342148831, 0.5909059924477985], [0.7933715670309365, 0.7167101734534592, 0.6847839720650523, 0.6846427842411218, 0.7147449157567349, 0.6142208322252188, 0.6850683223665814, 0.6337975469828552, 0.6937869020978914, 0.6850683223665814, 0.8019446257344833, 0.532204961863446, 0.6846427842411218, 0.6761201171714442, 0.6380836882546779, 0.683799430575804, 0.6733276317865229, 0.6692324232220622, 0.5491760523276825, 0.7270874420702369, 0.6670086984476941, 0.6578725828012214, 0.5595629311348548, 0.7666059942477685, 0.651141502263066, 0.6497413817535124, 0.5795982050504837, 0.6163082793249, 0.6350091941298301, 0.6337975469828552, 0.6597153220741433, 0.6773782817020185]], "best_fitnesss": [0.7933715670309365, 0.7933715670309365, 0.8019446257344833], "prob_mutate": 0.01171875}