{"num_qubits": 3, "depth": 12, "num_circuit": 4, "num_generation": 10, "current_generation": 2, "fitnessss": [[0.8521196567526793, 0.7567711613107615, 0.7449361384853064, 0.8100965262338718], [0.8589876911031542, 0.8004126343882557, 0.8370650466964953, 0.7754863631050459]], "best_fitnesss": [0.8521196567526793, 0.8589876911031542], "prob_mutate": 0.0625}