{"num_qubits": 5, "depth": 7, "num_circuit": 32, "num_generation": 50, "current_generation": 28, "fitnessss": [[0.11464562818320112, 0.14286883513214826, 0.22907617769170066, 0.21600349324947485, 0.19479323156977918, 0.24770336454394054, 0.1943153054724553, 0.2747684190063752, 0.1978850951151676, 0.18435578969368485, 0.22088813339471985, 0.21032841865241406, 0.19744342129124948, 0.2064544035695745, 0.1732450964645061, 0.24385006978838245, 0.2241504139862128, 0.2659233093820673, 0.2358668428872283, 0.21451192828944143, 0.20171805843369944, 0.21518816600886118, 0.24872977471293325, 0.19057220125411994, 0.21858916067321327, 0.16810553778062248, 0.19382216751333325, 0.20960758358236334, 0.3041798881643746, 0.23742418430508722, 0.21093367723299322, 0.220865416285694], [0.3041798881643746, 0.2747684190063752, 0.29951992119296494, 0.35511498536503605, 0.2659233093820673, 0.24872977471293325, 0.298114991674091, 0.1432912218899012, 0.24770336454394054, 0.24385006978838245, 0.25719889985817607, 0.24572595417010995, 0.23742418430508722, 0.2358668428872283, 0.266211989421597, 0.1910419443686096, 0.22907617769170066, 0.21228225399328435, 0.23599090493881017, 0.20021825676634147, 0.22088813339471985, 0.220865416285694, 0.2502927242484846, 0.19148328622982888, 0.21858916067321327, 0.21600349324947485, 0.2846294848821005, 0.14937038992534785, 0.21518816600886118, 0.21451192828944143, 0.20224816248866304, 0.21816979727488453], [0.35511498536503605, 0.3041798881643746, 0.35511498536503605, 0.3041798881643746, 0.29951992119296494, 0.298114991674091, 0.2473621858758676, 0.27987847332100746, 0.2846294848821005, 0.2747684190063752, 0.3122747621194698, 0.3116543365061052, 0.266211989421597, 0.2659233093820673, 0.26594997176832147, 0.2573915035046262, 0.25719889985817607, 0.2502927242484846, 0.2510693845949121, 0.2792911339838059, 0.24872977471293325, 0.24770336454394054, 0.2341465482422597, 0.22589755368474407, 0.24572595417010995, 0.24385006978838245, 0.24385006978838245, 0.24572595417010995, 0.23742418430508722, 0.23599090493881017, 0.24255370108551394, 0.2843033901511245], [0.35511498536503605, 0.35511498536503605, 0.35511498536503605, 0.35511498536503605, 0.3122747621194698, 0.3116543365061052, 0.22915751528328876, 0.2747684190063752, 0.3041798881643746, 0.3041798881643746, 0.2993007464867744, 0.3041798881643746, 0.29951992119296494, 0.298114991674091, 0.2473621858758676, 0.27987847332100746, 0.2846294848821005, 0.2843033901511245, 0.24429793386768256, 0.26559913242465827, 0.27987847332100746, 0.2792911339838059, 0.28184844178777224, 0.2361258919250954, 0.2747684190063752, 0.266211989421597, 0.3494950281306714, 0.2310422120700258, 0.26594997176832147, 0.2659233093820673, 0.26594997176832147, 0.2659233093820673], [0.35511498536503605, 0.35511498536503605, 0.35511498536503605, 0.35511498536503605, 0.35511498536503605, 0.35511498536503605, 0.35511498536503605, 0.35511498536503605, 0.3494950281306714, 0.3122747621194698, 0.2747684190063752, 0.3176472571190751, 0.3116543365061052, 0.3041798881643746, 0.35511498536503605, 0.2912920550331074, 0.3041798881643746, 0.3041798881643746, 0.3041798881643746, 0.3041798881643746, 0.29951992119296494, 0.2993007464867744, 0.2993007464867744, 0.29951992119296494, 0.298114991674091, 0.2846294848821005, 0.28574422525180243, 0.25227292629551756, 0.2843033901511245, 0.28184844178777224, 0.21432414174046954, 0.3254805225557739], [0.35511498536503605, 0.35511498536503605, 0.35511498536503605, 0.35511498536503605, 0.35511498536503605, 0.35511498536503605, 0.35511498536503605, 0.35511498536503605, 0.35511498536503605, 0.35511498536503605, 0.35511498536503605, 0.35511498536503605, 0.35511498536503605, 0.35511498536503605, 0.35511498536503605, 0.28913875117134424, 0.35511498536503605, 0.25274414766745246, 0.3494950281306714, 0.35511498536503605, 0.2714989859649356, 0.3176472571190751, 0.2573915035046262, 0.2684181423385852, 0.3122747621194698, 0.3116543365061052, 0.2424393165768705, 0.2747684190063752, 0.3041798881643746, 0.3041798881643746, 0.3041798881643746, 0.3041798881643746], [0.35511498536503605, 0.35511498536503605, 0.35511498536503605, 0.31264768646688185, 0.35511498536503605, 0.35511498536503605, 0.35511498536503605, 0.35511498536503605, 0.27894578863462505, 0.35511498536503605, 0.35511498536503605, 0.3089186094824628, 0.35511498536503605, 0.35511498536503605, 0.3539485131763691, 0.35511498536503605, 0.35511498536503605, 0.35511498536503605, 0.35511498536503605, 0.35511498536503605, 0.35511498536503605, 0.35511498536503605, 0.35511498536503605, 0.2558391409388266, 0.35511498536503605, 0.35511498536503605, 0.35511498536503605, 0.35511498536503605, 0.35511498536503605, 0.35511498536503605, 0.35511498536503605, 0.35511498536503605], [0.35511498536503605, 0.35511498536503605, 0.35511498536503605, 0.35511498536503605, 0.3431968918717967, 0.35511498536503605, 0.32062938387973594, 0.3367587905702919, 0.35511498536503605, 0.3443631341259551, 0.35511498536503605, 0.35511498536503605, 0.35511498536503605, 0.35511498536503605, 0.35511498536503605, 0.35511498536503605, 0.35511498536503605, 0.35511498536503605, 0.35511498536503605, 0.29733774417468595, 0.35511498536503605, 0.35511498536503605, 0.35511498536503605, 0.35511498536503605, 0.35511498536503605, 0.35511498536503605, 0.35511498536503605, 0.35511498536503605, 0.35511498536503605, 0.35511498536503605, 0.35511498536503605, 0.31430249733013566], [0.35511498536503605, 0.35511498536503605, 0.35511498536503605, 0.35511498536503605, 0.35511498536503605, 0.35511498536503605, 0.35511498536503605, 0.35511498536503605, 0.35511498536503605, 0.35511498536503605, 0.35511498536503605, 0.35511498536503605, 0.35511498536503605, 0.35511498536503605, 0.35511498536503605, 0.35511498536503605, 0.35511498536503605, 0.2994375635649854, 0.35511498536503605, 0.35511498536503605, 0.35511498536503605, 0.35511498536503605, 0.35511498536503605, 0.35511498536503605, 0.35511498536503605, 0.23982266569461705, 0.35511498536503605, 0.35511498536503605, 0.35511498536503605, 0.35511498536503605, 0.35511498536503605, 0.35511498536503605], [0.35511498536503605, 0.35511498536503605, 0.35511498536503605, 0.35511498536503605, 0.35511498536503605, 0.35511498536503605, 0.35511498536503605, 0.35511498536503605, 0.35511498536503605, 0.35511498536503605, 0.35511498536503605, 0.35511498536503605, 0.35511498536503605, 0.35511498536503605, 0.35511498536503605, 0.28333031753769683, 0.35511498536503605, 0.35511498536503605, 0.35511498536503605, 0.35511498536503605, 0.35511498536503605, 0.30133913448578153, 0.35511498536503605, 0.35511498536503605, 0.35511498536503605, 0.35511498536503605, 0.35511498536503605, 0.35511498536503605, 0.35511498536503605, 0.35511498536503605, 0.35511498536503605, 0.35511498536503605], [0.35511498536503605, 0.31117429322771695, 0.35511498536503605, 0.35511498536503605, 0.35511498536503605, 0.35511498536503605, 0.35511498536503605, 0.35511498536503605, 0.35511498536503605, 0.35511498536503605, 0.35511498536503605, 0.35511498536503605, 0.35511498536503605, 0.35511498536503605, 0.35511498536503605, 0.35511498536503605, 0.35511498536503605, 0.35511498536503605, 0.35511498536503605, 0.35511498536503605, 0.35511498536503605, 0.35511498536503605, 0.3015726665888619, 0.35511498536503605, 0.35511498536503605, 0.35511498536503605, 0.35511498536503605, 0.35511498536503605, 0.35511498536503605, 0.35511498536503605, 0.35511498536503605, 0.35511498536503605], [0.35511498536503605, 0.308507919589985, 0.35511498536503605, 0.35511498536503605, 0.35511498536503605, 0.35511498536503605, 0.1706453842975126, 0.2835362504974562, 0.3016527033004927, 0.35511498536503605, 0.35511498536503605, 0.35511498536503605, 0.35511498536503605, 0.35511498536503605, 0.35511498536503605, 0.35511498536503605, 0.35511498536503605, 0.35511498536503605, 0.35511498536503605, 0.35511498536503605, 0.35511498536503605, 0.3236464470367656, 0.35511498536503605, 0.35511498536503605, 0.35511498536503605, 0.35511498536503605, 0.35511498536503605, 