{"num_qubits": 5, "depth": 11, "num_circuit": 4, "num_generation": 20, "current_generation": 9, "fitnessss": [[0.2615897443787985, 0.33808258753354686, 0.3181004503046333, 0.33580848538155017], [0.33808258753354686, 0.33240291631028696, 0.313878504663893, 0.3008703989703981], [0.33808258753354686, 0.33240291631028696, 0.35140298975443984, 0.34830585428751765], [0.35140298975443984, 0.3399658108943703, 0.36652024325621524, 0.37088831433127284], [0.34934297524821756, 0.33063626772592086, 0.2906145635269587, 0.27504620683477804], [0.31502675766103144, 0.3214151508954052, 0.35959165710957935, 0.3390661667543946], [0.37412408143352194, 0.2511624923008849, 0.34934297524821756, 0.33063626772592086], [0.37412408143352194, 0.34934297524821756, 0.39794979222591104, 0.35959165710957935], [0.39794979222591104, 0.3926495881342242, 0.43488935865647116, 0.35847832701455606]], "best_fitnesss": [0.33808258753354686, 0.33808258753354686, 0.35140298975443984, 0.37088831433127284, 0.34934297524821756, 0.35959165710957935, 0.37412408143352194, 0.39794979222591104, 0.43488935865647116], "prob_mutate": 0.06818181818181818}