{"num_qubits": 5, "depth": 11, "num_circuit": 4, "num_generation": 20, "current_generation": 20, "fitnessss": [[0.2615897443787985, 0.33808258753354686, 0.3181004503046333, 0.33580848538155017], [0.33808258753354686, 0.33240291631028696, 0.313878504663893, 0.3008703989703981], [0.33808258753354686, 0.33240291631028696, 0.35140298975443984, 0.34830585428751765], [0.35140298975443984, 0.3399658108943703, 0.36652024325621524, 0.37088831433127284], [0.34934297524821756, 0.33063626772592086, 0.2906145635269587, 0.27504620683477804], [0.31502675766103144, 0.3214151508954052, 0.35959165710957935, 0.3390661667543946], [0.37412408143352194, 0.2511624923008849, 0.34934297524821756, 0.33063626772592086], [0.37412408143352194, 0.34934297524821756, 0.39794979222591104, 0.35959165710957935], [0.39794979222591104, 0.3926495881342242, 0.43488935865647116, 0.35847832701455606], [0.2983508796279972, 0.36258792678550955, 0.3584730655595865, 0.39589168747351067], [0.384815209259146, 0.36258792678550955, 0.32540114550887833, 0.28560920643687104], [0.34894876239601763, 0.36258792678550955, 0.367785132397642, 0.3380138347288022], [0.3650255854262991, 0.36258792678550955, 0.3345488328812653, 0.36258792678550955], [0.35288537448084745, 0.33895390663088965, 0.367785132397642, 0.36621117330270925], [0.367785132397642, 0.35252346803434387, 0.3650255854262991, 0.36258792678550955], [0.367785132397642, 0.3650255854262991, 0.37086807753828294, 0.367785132397642], [0.37086807753828294, 0.3186600414900926, 0.399232913983503, 0.4294085857426431], [0.42591524897656363, 0.34550912316446264, 0.3765271399957357, 0.4157035146993103], [0.4264196119102343, 0.4157035146993103, 0.44442104863328724, 0.38541347594003017], [0.4498666841935681, 0.36933360195125325, 0.3235210431605104, 0.4175434053013765]], "best_fitnesss": [0.33808258753354686, 0.33808258753354686, 0.35140298975443984, 0.37088831433127284, 0.34934297524821756, 0.35959165710957935, 0.37412408143352194, 0.39794979222591104, 0.43488935865647116, 0.39589168747351067, 0.384815209259146, 0.367785132397642, 0.3650255854262991, 0.367785132397642, 0.367785132397642, 0.37086807753828294, 0.4294085857426431, 0.42591524897656363, 0.44442104863328724, 0.4498666841935681], "prob_mutate": 0.06818181818181818}