{"num_qubits": 5, "depth": 11, "num_circuit": 4, "num_generation": 20, "current_generation": 2, "fitnessss": [[0.2615897443787985, 0.33808258753354686, 0.3181004503046333, 0.33580848538155017], [0.33808258753354686, 0.33240291631028696, 0.313878504663893, 0.3008703989703981]], "best_fitnesss": [0.33808258753354686, 0.33808258753354686], "prob_mutate": 0.06818181818181818}