{"num_qubits": 3, "depth": 9, "num_circuit": 32, "num_generation": 20, "current_generation": 20, "fitnessss": [[0.6989362495561251, 0.5783695091835674, 0.6347966919939723, 0.6547761639355653, 0.5273719444796015, 0.5811714165156884, 0.6771489425324453, 0.6293165012158701, 0.6218876038238992, 0.5264204484500771, 0.6065249450347239, 0.5979908531842593, 0.6499829683129904, 0.5390939834687959, 0.6561605560628806, 0.6611198657903398, 0.7373486332856409, 0.41737710378000087, 0.7072225055814492, 0.7044895326983412, 0.8070973800687847, 0.5444589148470427, 0.5602286849789688, 0.5083950988912974, 0.7080728231101843, 0.6355315595533317, 0.6353867904324827, 0.6079983875673283, 0.6544280054841772, 0.5833245825208482, 0.4551426988203495, 0.8567073251393733], [0.8567073251393733, 0.8070973800687847, 0.7333992557266031, 0.790076130155804, 0.6918325373386587, 0.7080728231101843, 0.7511533342567149, 0.6070302603610818, 0.6647816801769156, 0.7044895326983412, 0.671733735223571, 0.6967210755014711, 0.6989362495561251, 0.5682081870972672, 0.684511926592842, 0.5830293602959212, 0.6515774628015648, 0.6561605560628806, 0.7211593375653027, 0.6841989417992267, 0.6375181296925531, 0.6544280054841772, 0.5161530455874213, 0.7343227372554236, 0.6499829683129904, 0.6355315595533317, 0.6791770897764371, 0.6140016084887217, 0.6353867904324827, 0.6347966919939723, 0.6473106921907045, 0.6354857988998416], [0.8567073251393733, 0.8070973800687847, 0.7333992557266031, 0.790076130155804, 0.790076130155804, 0.7511533342567149, 0.6621964556808952, 0.7579827205557518, 0.7343227372554236, 0.7333992557266031, 0.8068639038692786, 0.7467225753990222, 0.7211593375653027, 0.7080728231101843, 0.7043430400801032, 0.6022220888313059, 0.7044895326983412, 0.6989362495561251, 0.6284541952475684, 0.6614044517982053, 0.6967210755014711, 0.6918325373386587, 0.6907739007265997, 0.8018887087646833, 0.684511926592842, 0.6841989417992267, 0.6943738864207776, 0.6131069925820427, 0.6458275164702226, 0.671733735223571, 0.6490709277878246, 0.6644314531792621], [0.8567073251393733, 0.8070973800687847, 0.7333992557266031, 0.790076130155804, 0.8068639038692786, 0.8018887087646833, 0.7723118268410826, 0.7641740343328536, 0.790076130155804, 0.790076130155804, 0.790076130155804, 0.790076130155804, 0.7579827205557518, 0.7511533342567149, 0.7511533342567149, 0.8079982588753793, 0.7467225753990222, 0.7343227372554236, 0.7792351153507108, 0.6450385892738532, 0.7333992557266031, 0.7797608535662219, 0.7333992557266031, 0.7333992557266031, 0.7211593375653027, 0.7080728231101843, 0.7043430400801032, 0.6022220888313059, 0.7044895326983412, 0.7043430400801032, 0.6798662594574727, 0.7701961716984151], [0.8567073251393733, 0.6939681244816598, 0.8567073251393733, 0.8079982588753793, 0.8070973800687847, 0.8068639038692786, 0.8070973800687847, 0.8068639038692786, 0.8018887087646833, 0.790076130155804, 0.6396818950392074, 0.7806799588400362, 0.790076130155804, 0.790076130155804, 0.790076130155804, 0.790076130155804, 0.790076130155804, 0.790076130155804, 0.790076130155804, 0.5705650124505048, 0.7797608535662219, 0.7792351153507108, 0.7083262617458017, 0.7797608535662219, 0.7723118268410826, 0.7701961716984151, 0.7170344578300252, 0.7588066677890173, 0.7641740343328536, 0.7579827205557518, 0.6629256230798043, 0.7390878588380353], [0.8567073251393733, 0.8567073251393733, 0.8567073251393733, 0.8567073251393733, 0.8079982588753793, 0.8070973800687847, 0.7218579164519408, 0.790076130155804, 0.8070973800687847, 0.8068639038692786, 0.8070973800687847, 0.8068639038692786, 0.8068639038692786, 0.8018887087646833, 0.7723118268410826, 0.7641740343328536, 0.6103422600218824, 0.790076130155804, 0.790076130155804, 0.790076130155804, 0.790076130155804, 0.790076130155804, 0.790076130155804, 0.790076130155804, 0.790076130155804, 0.790076130155804, 0.6730478770349076, 0.790076130155804, 0.790076130155804, 0.790076130155804, 0.790076130155804, 0.790076130155804], [0.8567073251393733, 0.8567073251393733, 0.8567073251393733, 0.8567073251393733, 0.8567073251393733, 0.8567073251393733, 0.8567073251393733, 0.8567073251393733, 0.8079982588753793, 0.8070973800687847, 0.7218579164519408, 0.790076130155804, 0.8070973800687847, 0.6880338140225843, 0.8070973800687847, 0.8070973800687847, 0.8068639038692786, 0.8068639038692786, 0.8068639038692786, 0.8068639038692786, 0.8068639038692786, 0.8018887087646833, 0.7723118268410826, 0.7641740343328536, 0.790076130155804, 0.790076130155804, 0.790076130155804, 0.6961386799029675, 0.790076130155804, 0.790076130155804, 0.790076130155804, 0.790076130155804], [0.8567073251393733, 0.8567073251393733, 0.8567073251393733, 0.8567073251393733, 0.8567073251393733, 0.8567073251393733, 0.8567073251393733, 0.8567073251393733, 0.7369357239361622, 0.8567073251393733, 0.8567073251393733, 0.8567073251393733, 0.8567073251393733, 0.8567073251393733, 0.8567073251393733, 0.8567073251393733, 0.8079982588753793, 0.8070973800687847, 0.7218579164519408, 0.790076130155804, 0.8070973800687847, 0.8070973800687847, 0.8070973800687847, 0.7976262561600279, 0.8070973800687847, 0.8068639038692786, 0.8070973800687847, 0.8068639038692786, 0.8068639038692786, 0.8068639038692786, 0.8068639038692786, 0.8068639038692786], [0.8567073251393733, 0.8567073251393733, 0.8567073251393733, 0.8567073251393733, 0.8567073251393733, 0.8567073251393733, 0.8567073251393733, 0.8567073251393733, 0.8567073251393733, 0.8567073251393733, 0.8567073251393733, 0.8567073251393733, 0.8567073251393733, 0.8567073251393733, 0.8567073251393733, 0.8567073251393733, 0.8567073251393733, 0.8567073251393733, 0.8567073251393733, 0.8567073251393733, 0.8567073251393733, 0.8567073251393733, 0.8567073251393733, 0.8567073251393733, 0.8567073251393733, 0.8567073251393733, 0.8567073251393733, 0.8567073251393733, 0.8567073251393733, 0.8079982588753793, 0.8567073251393733, 0.8079982588753793], [0.8567073251393733, 0.8567073251393733, 0.8567073251393733, 0.8567073251393733, 0.8567073251393733, 0.8567073251393733, 0.8567073251393733, 0.8498326435337213, 0.8567073251393733, 0.8567073251393733, 0.8567073251393733, 0.8567073251393733, 0.8567073251393733, 0.8567073251393733, 0.8395114900672536, 0.8567073251393733, 0.8567073251393733, 0.8567073251393733, 0.8567073251393733, 0.8567073251393733, 0.8567073251393733, 0.8567073251393733, 0.6952407332438352, 0.8567073251393733, 0.7516741295050321, 0.8567073251393733, 0.7563462880282552, 0.8567073251393733, 0.8567073251393733, 0.8567073251393733, 0.8567073251393733, 0.7686467839970222], [0.8567073251393733, 0.8567073251393733, 0.8567073251393733, 0.8567073251393733, 0.8567073251393733, 0.8567073251393733, 0.8567073251393733, 0.8567073251393733, 0.8567073251393733, 0.811283362292676, 0.8567073251393733, 0.8567073251393733, 0.8567073251393733, 0.8567073251393733, 0.8567073251393733, 0.8567073251393733, 0.8567073251393733, 0.8567073251393733, 0.8567073251393733, 0.8567073251393733, 0.8403821061708205, 0.8567073251393733, 0.8567073251393733, 0.8567073251393733, 0.8567073251393733, 0.7208132271625934, 0.7960567964476748, 0.8567073251393733, 0.8567073251393733, 0.7184673603304054, 0.8567073251393733, 0.8567073251393733], [0.8567073251393733, 0.8567073251393733, 0.8567073251393733, 0.8567073251393733, 0.8567073251393733, 0.8567073251393733, 0.8567073251393733, 0.6733646737384293, 0.8567073251393733, 0.8567073251393733, 0.8567073251393733, 0.8567073251393733, 0.8567073251393733, 0.8567073251393733, 0.8567073251393733, 0.8567073251393733, 0.8567073251393733, 0.8567073251393733, 0.8567073251393733, 0.7659364172826311, 0.8567073251393733, 0.8567073251393733, 0.8567073251393733, 0.8567073251393733, 0.8567073251393733, 0.8567073251393733, 0.8567073251393733, 0.8567073251393733, 0.8567073251393733, 0.8567073251393733, 0.8567073251393733, 0.8567073251393733], [0.8567073251393733, 0.8567073251393733, 0.8567073251393733, 0.8567073251393733, 0.8567073251393733, 0.8567073251393733, 0.8567073251393733, 0.8567073251393733, 0.8567073251393733, 0.8567073251393733, 0.8567073251393733, 