{"num_qubits": 6, "depth": 27, "num_circuit": 16, "num_generation": 20, "current_generation": 1, "fitnessss": [[0.5710414854972053, 0.4070308747784098, 0.4714504143541768, 0.535051206188377, 0.5299856178990683, 0.5562588258519381, 0.5059798340154517, 0.5655675809445322, 0.581886835541838, 0.5163732608013032, 0.5020525963921375, 0.5301719457653902, 0.5582614604681252, 0.5396896398259823, 0.5274402095311153, 0.5288469093569704]], "best_fitnesss": [0.581886835541838], "prob_mutate": 0.006944444444444444}