{"num_qubits": 4, "depth": 23, "num_circuit": 8, "num_generation": 10, "current_generation": 3, "fitnessss": [[0.8265627287144968, 0.8831744777438211, 0.8717514425619413, 0.8051378730128969, 0.7921012707275616, 0.8498782085621022, 0.8768022049835607, 0.8946700716395913], [0.8946700716395913, 0.8523869084795969, 0.8926136902194788, 0.8751124576986017, 0.8752692443485968, 0.8717514425619413, 0.8848717952618319, 0.8574284418567792], [0.8908008322957522, 0.8926136902194788, 0.8926136902194788, 0.8962472804440924, 0.8895404630900192, 0.8752692443485968, 0.8752692443485968, 0.8848717952618319]], "best_fitnesss": [0.8946700716395913, 0.8946700716395913, 0.8962472804440924], "prob_mutate": 0.016304347826086956}