{"num_qubits": 3, "depth": 4, "num_circuit": 8, "num_generation": 20, "current_generation": 2, "fitnessss": [[0.11900475950654336, 0.31820947211244643, 0.2782767492984416, 0.40319106582123154, 0.3379297308959591, 0.2510070617139998, 0.4349330885432673, 0.39335255252278], [0.4349330885432673, 0.40319106582123154, 0.22848905049524765, 0.3526488889122777, 0.39335255252278, 0.4112968556972424, 0.3160716156060781, 0.3644126032514993]], "best_fitnesss": [0.4349330885432673, 0.4349330885432673], "prob_mutate": 0.09375}