{"num_qubits": 4, "depth": 13, "num_circuit": 8, "num_generation": 20, "current_generation": 1, "fitnessss": [[0.6313510238220426, 0.6050266618916998, 0.5055045911170041, 0.6176422462986021, 0.7260708252201755, 0.5399658035660291, 0.7120284459850477, 0.62502430203775]], "best_fitnesss": [0.7260708252201755], "prob_mutate": 0.028846153846153848}