{"num_qubits": 4, "depth": 28, "num_circuit": 32, "num_generation": 50, "current_generation": 2, "fitnessss": [[0.9139788165460573, 0.8761861438755367, 0.9029742727601395, 0.8416640912534289, 0.8974864874530951, 0.9228265073635328, 0.8910849894484786, 0.8436021402346304, 0.8976982448478619, 0.8812291107379353, 0.8858250914113904, 0.8950158735991657, 0.8850176285068034, 0.9047698980275524, 0.8402934560849518, 0.8835804402831352, 0.9150556295365002, 0.8516629866667891, 0.8998899396518298, 0.9102872359671424, 0.9113261612425528, 0.9221239711628199, 0.8875925042697606, 0.8965345493399799, 0.8123570110871506, 0.8580423372665786, 0.8829881506848466, 0.8808077800763712, 0.9274083397583995, 0.8761640802763928, 0.8502361020703877, 0.9239485166954745], [0.9274083397583995, 0.9239485166954745, 0.9390747529735266, 0.9197938284526158, 0.9228265073635328, 0.9221239711628199, 0.9257722168018816, 0.8652437880270345, 0.9150556295365002, 0.9139788165460573, 0.9123349819994451, 0.9193968216288217, 0.9113261612425528, 0.9102872359671424, 0.8829749041533699, 0.9218485672287479, 0.9047698980275524, 0.8770842162585477, 0.8766396733050639, 0.9107741280697109, 0.8998899396518298, 0.8976982448478619, 0.8872919461928314, 0.90645001109236, 0.8974864874530951, 0.8965345493399799, 0.8850548438492638, 0.9130489002678972, 0.8950158735991657, 0.8910849894484786, 0.885343318801412, 0.8924180902326068]], "best_fitnesss": [0.9274083397583995, 0.9390747529735266], "prob_mutate": 0.0033482142857142855}