{"num_qubits": 6, "depth": 29, "num_circuit": 8, "num_generation": 10, "current_generation": 2, "fitnessss": [[0.5693068434740317, 0.5174643079809769, 0.5594193547509789, 0.6141514216098449, 0.6051496702992445, 0.5890877605267659, 0.5125781482201787, 0.5983817683177196], [0.6141514216098449, 0.6193337402497869, 0.6002936946856225, 0.5912523739228506, 0.5983817683177196, 0.5480590561185847, 0.5899333885013855, 0.5702040708591396]], "best_fitnesss": [0.6141514216098449, 0.6193337402497869], "prob_mutate": 0.01293103448275862}