{"num_qubits": 5, "depth": 6, "num_circuit": 32, "num_generation": 10, "current_generation": 9, "fitnessss": [[0.1522930196004361, 0.10570255091724853, 0.16887999017559613, 0.20711571651414432, 0.16271531193525385, 0.15523067422738468, 0.10669972782543809, 0.15539642561644218, 0.21085855776695853, 0.2124694248422933, 0.11684608268778182, 0.2146845229461925, 0.22125774919183136, 0.16598962189585995, 0.1725670665369275, 0.19040632134113816, 0.18634922003434656, 0.12673724331301406, 0.16705506252275265, 0.1779294170782658, 0.20192079714650704, 0.16361683097148685, 0.15550030441839452, 0.11906780672869477, 0.23266589259559387, 0.1917099046125208, 0.1566085342555478, 0.22624027361113405, 0.2545906217834997, 0.23377347942780827, 0.1941142021279624, 0.25603717599218156], [0.25603717599218156, 0.2545906217834997, 0.26578270948941585, 0.2440550958833713, 0.23377347942780827, 0.23266589259559387, 0.23178215257827736, 0.21292805071810178, 0.22624027361113405, 0.22125774919183136, 0.2671897008431319, 0.154641172752698, 0.2146845229461925, 0.2124694248422933, 0.21030318639988774, 0.23041890927276962, 0.21085855776695853, 0.20711571651414432, 0.21755361914909047, 0.21178431428236574, 0.20192079714650704, 0.1941142021279624, 0.15793222795007286, 0.18784986737887802, 0.1917099046125208, 0.19040632134113816, 0.20367635885940683, 0.17868192830131152, 0.18634922003434656, 0.1779294170782658, 0.11110533403969045, 0.15879148071320232], [0.2671897008431319, 0.26578270948941585, 0.1990439828387742, 0.23200009896025647, 0.25603717599218156, 0.2545906217834997, 0.2722466431576901, 0.2440550958833713, 0.2440550958833713, 0.23377347942780827, 0.23840654691575863, 0.18799187333842496, 0.23266589259559387, 0.23178215257827736, 0.23266589259559387, 0.23178215257827736, 0.23041890927276962, 0.22624027361113405, 0.17743752082769498, 0.23037530642663367, 0.22125774919183136, 0.21755361914909047, 0.19647399723184686, 0.1536277299364408, 0.17494322619509556, 0.21292805071810178, 0.17564111812394056, 0.2093560119933528, 0.2124694248422933, 0.21178431428236574, 0.23599538890815638, 0.2214250178051947], [0.2722466431576901, 0.2671897008431319, 0.2597772860993707, 0.1990439828387742, 0.26578270948941585, 0.25603717599218156, 0.2542787168331808, 0.25247880653980426, 0.2545906217834997, 0.2440550958833713, 0.2440550958833713, 0.2545906217834997, 0.2440550958833713, 0.23840654691575863, 0.26367547026500976, 0.2440550958833713, 0.23599538890815638, 0.23377347942780827, 0.2042084117618062, 0.20753189140329656, 0.23266589259559387, 0.23266589259559387, 0.23266589259559387, 0.23266589259559387, 0.23200009896025647, 0.23178215257827736, 0.24482402236419754, 0.21774249026001766, 0.23178215257827736, 0.23041890927276962, 0.1617725172256292, 0.19563125449587396], [0.2722466431576901, 0.2671897008431319, 0.2920549711247439, 0.1990439828387742, 0.26578270948941585, 0.26367547026500976, 0.2915384201871595, 0.27990663443219743, 0.2597772860993707, 0.25603717599218156, 0.25603717599218156, 0.2597772860993707, 0.2545906217834997, 0.2545906217834997, 0.2545906217834997, 0.2545906217834997, 0.2542787168331808, 0.25247880653980426, 0.2336369042580908, 0.25603717599218156, 0.24482402236419754, 0.2440550958833713, 0.2542787168331808, 0.23346110681302004, 0.2440550958833713, 0.2440550958833713, 0.2440550958833713, 0.2440550958833713, 0.2440550958833713, 0.23840654691575863, 0.23840654691575863, 0.2440550958833713], [0.2920549711247439, 0.2915384201871595, 0.27775168383950544, 0.23200009896025647, 0.27990663443219743, 0.2610712153561111, 0.27990663443219743, 0.2722466431576901, 0.2671897008431319, 0.26578270948941585, 0.1990439828387742, 0.23200009896025647, 0.26367547026500976, 0.2597772860993707, 0.2886816300544578, 0.2407210434259075, 0.2597772860993707, 0.25603717599218156, 0.25603717599218156, 0.2597772860993707, 0.25603717599218156, 0.25603717599218156, 0.25603717599218156, 0.25603717599218156, 0.2545906217834997, 0.2545906217834997, 0.2545906217834997, 0.2545906217834997, 0.2545906217834997, 0.2545906217834997, 0.2217563857619203, 0.2545906217834997], [0.2920549711247439, 0.2915384201871595, 0.27775168383950544, 0.23200009896025647, 0.2886816300544578, 0.27990663443219743, 0.25191144583715397, 0.2886816300544578, 0.27990663443219743, 0.1751648878937992, 0.26367547026500976, 0.22146048897881115, 0.2722466431576901, 0.2671897008431319, 0.2597772860993707, 0.1990439828387742, 0.26578270948941585, 0.26367547026500976, 0.2915384201871595, 0.27990663443219743, 0.2610712153561111, 0.2597772860993707, 0.2597772860993707, 0.2610712153561111, 0.2597772860993707, 0.2597772860993707, 0.2597772860993707, 0.2597772860993707, 0.25603717599218156, 0.25603717599218156, 0.24715892957444424, 0.25603717599218156], [0.2920549711247439, 0.2915384201871595, 0.27775168383950544, 0.23378768887794393, 0.2915384201871595, 0.2886816300544578, 0.23200009896025647, 0.26367547026500976, 0.2886816300544578, 0.27990663443219743, 0.27990663443219743, 0.2886816300544578, 0.27990663443219743, 0.27990663443219743, 0.27990663443219743, 0.27990663443219743, 0.27775168383950544, 0.2722466431576901, 0.22146048897881115, 0.2407210434259075, 0.2671897008431319, 0.26578270948941585, 0.1990439828387742, 0.2547089175758757, 0.26367547026500976, 0.26367547026500976, 0.26367547026500976, 0.26367547026500976, 0.2610712153561111, 0.2610712153561111, 0.2610712153561111, 0.2610712153561111], [0.2920549711247439, 0.19461748156737443, 0.27775168383950544, 0.23200009896025647, 0.2915384201871595, 0.2886816300544578, 0.23200009896025647, 0.26367547026500976, 0.2886816300544578, 0.2886816300544578, 0.2886816300544578, 0.3261817153442717, 0.27990663443219743, 0.27990663443219743, 0.27990663443219743, 0.27990663443219743, 0.27990663443219743, 0.27990663443219743, 0.27990663443219743, 0.27990663443219743, 0.27990663443219743, 0.27990663443219743, 0.27990663443219743, 0.27990663443219743, 0.2796965332940998, 0.27775168383950544, 0.27775168383950544, 0.27775168383950544, 0.2722466431576901, 0.2671897008431319, 0.2597772860993707, 0.1990439828387742]], "best_fitnesss": [0.25603717599218156, 0.2671897008431319, 0.2722466431576901, 0.2722466431576901, 0.2920549711247439, 0.2920549711247439, 0.2920549711247439, 0.2920549711247439, 0.3261817153442717], "prob_mutate": 0.015625}