{"num_qubits": 4, "depth": 18, "num_circuit": 16, "num_generation": 40, "current_generation": 2, "fitnessss": [[0.6071345344211883, 0.7165819746737332, 0.6949630712920324, 0.6084290441859322, 0.722078154552504, 0.7562609723023419, 0.7518454161650674, 0.7263407857451846, 0.7559992792332839, 0.6571389718364982, 0.7929625221410407, 0.7318174778068129, 0.7325507069989444, 0.7171071008585521, 0.6676781493159348, 0.7286404812206162], [0.7929625221410407, 0.7562609723023419, 0.7532123965184203, 0.8212351563835899, 0.7559992792332839, 0.7518454161650674, 0.7760332815340479, 0.7165981343620542, 0.7426680704674228, 0.7318174778068129, 0.6813006637936158, 0.7531896722363183, 0.7286404812206162, 0.7263407857451846, 0.7209404346312824, 0.6859154747680849]], "best_fitnesss": [0.7929625221410407, 0.8212351563835899], "prob_mutate": 0.010416666666666666}