{"num_qubits": 3, "depth": 5, "num_circuit": 4, "num_generation": 50, "current_generation": 7, "fitnessss": [[0.30912783260321985, 0.40285804045478424, 0.1409664161710287, 0.44702576827236096], [0.2835517010116493, 0.40285804045478424, 0.3575121590671356, 0.18721300997213905], [0.4628871209481, 0.4062174913736231, 0.3552317294782655, 0.3575121590671356], [0.391040021822588, 0.40999141758740265, 0.39360522802825954, 0.5063217997695694], [0.4100905058841384, 0.3687789340618772, 0.4198096596211145, 0.4470121324054387], [0.4882322615116318, 0.4198096596211145, 0.40999141758740265, 0.4115352839108205], [0.473756077654255, 0.4310047862745681, 0.5562608800654918, 0.4115352839108205]], "best_fitnesss": [0.44702576827236096, 0.40285804045478424, 0.4628871209481, 0.5063217997695694, 0.4470121324054387, 0.4882322615116318, 0.5562608800654918], "prob_mutate": 0.15}