{"num_qubits": 6, "depth": 29, "num_circuit": 32, "num_generation": 10, "current_generation": 1, "fitnessss": [[0.589492181945318, 0.5443830339149324, 0.5923726448737848, 0.5620544288435103, 0.5986599920152822, 0.5966679771150808, 0.5861404868834118, 0.5903942070562235, 0.5830226976074313, 0.5919920039733464, 0.5929519790704375, 0.6030113336686576, 0.5578592736814962, 0.5846265779226212, 0.5628469146994742, 0.6053989252742598, 0.5356783271276739, 0.5746997634597596, 0.5642805842933353, 0.5842823566976799, 0.605142554032197, 0.5901888467575606, 0.5519892296311997, 0.5285958214030771, 0.596086119646153, 0.6024526292923009, 0.6079035750515529, 0.6113784595912766, 0.5075686372824009, 0.6425274731465509, 0.590706538320896, 0.5496600090604097]], "best_fitnesss": [0.6425274731465509], "prob_mutate": 0.003232758620689655}