{"num_qubits": 4, "depth": 9, "num_circuit": 16, "num_generation": 20, "current_generation": 20, "fitnessss": [[0.22428157095022994, 0.1647189879708032, 0.4003811742194553, 0.38389245011636886, 0.3199799835390944, 0.31030356082068977, 0.4199339472257926, 0.39853912121109814, 0.42223661173198423, 0.17896273232896154, 0.2610359224125911, 0.4402082884395936, 0.29587709744934787, 0.2088021447658065, 0.21076851828668586, 0.285286834169854], [0.4402082884395936, 0.3859937800914952, 0.35166660366997105, 0.26175788332588756, 0.4199339472257926, 0.25347382297128274, 0.07064722373070464, 0.25956699626549584, 0.39853912121109814, 0.38389245011636886, 0.32713906241468416, 0.2327118793978944, 0.35652985461401365, 0.31030356082068977, 0.19385967848977437, 0.423147064809523], [0.4402082884395936, 0.423147064809523, 0.34491121122821866, 0.42009611471957475, 0.4199339472257926, 0.39853912121109814, 0.16337385414102312, 0.2921484714786272, 0.3859937800914952, 0.38389245011636886, 0.5324522762663699, 0.3803954133212267, 0.35652985461401365, 0.35166660366997105, 0.16094693950507943, 0.3205534807523118], [0.26700062893347765, 0.4402082884395936, 0.26175788332588756, 0.46663799132690365, 0.423147064809523, 0.42009611471957475, 0.42009611471957475, 0.423147064809523, 0.2618096839473256, 0.39853912121109814, 0.2624765886635151, 0.13080662442547075, 0.4994081635471508, 0.35267286889761873, 0.5324522762663699, 0.3803954133212267], [0.5324522762663699, 0.4994081635471508, 0.3859937800914952, 0.28607023277944454, 0.46663799132690365, 0.4402082884395936, 0.4402082884395936, 0.46663799132690365, 0.423147064809523, 0.423147064809523, 0.423147064809523, 0.423147064809523, 0.42009611471957475, 0.42009611471957475, 0.42009611471957475, 0.42009611471957475], [0.5324522762663699, 0.4994081635471508, 0.3859937800914952, 0.28607023277944454, 0.46663799132690365, 0.46663799132690365, 0.46663799132690365, 0.46663799132690365, 0.4402082884395936, 0.4402082884395936, 0.4402082884395936, 0.4402082884395936, 0.423147064809523, 0.423147064809523, 0.423147064809523, 0.423147064809523], [0.5324522762663699, 0.4994081635471508, 0.3859937800914952, 0.26202442267125803, 0.4651125490511192, 0.46663799132690365, 0.46663799132690365, 0.46663799132690365, 0.46663799132690365, 0.46663799132690365, 0.46663799132690365, 0.46663799132690365, 0.4402082884395936, 0.4402082884395936, 0.4079762660264842, 0.4402082884395936], [0.5324522762663699, 0.32656305859139856, 0.3859937800914952, 0.28607023277944454, 0.46663799132690365, 0.4497333276361257, 0.46663799132690365, 0.46663799132690365, 0.46663799132690365, 0.46663799132690365, 0.46663799132690365, 0.44726272682308676, 0.46663799132690365, 0.46663799132690365, 0.46663799132690365, 0.46663799132690365], [0.5324522762663699, 0.46663799132690365, 0.5324522762663699, 0.46663799132690365, 0.46663799132690365, 0.46663799132690365, 0.46663799132690365, 0.46663799132690365, 0.3401269994959195, 0.44967445358731006, 0.46663799132690365, 0.46663799132690365, 0.46663799132690365, 0.46663799132690365, 0.46663799132690365, 0.24568328841875886], [0.5324522762663699, 0.3058857360122966, 0.5324522762663699, 0.5324522762663699, 0.46663799132690365, 0.46663799132690365, 0.46663799132690365, 0.46663799132690365, 0.46663799132690365, 0.46663799132690365, 0.46663799132690365, 0.46663799132690365, 0.46663799132690365, 0.46663799132690365, 0.46663799132690365, 0.46663799132690365], [0.5324522762663699, 0.5324522762663699, 0.5324522762663699, 0.20882073369774212, 0.5324522762663699, 0.4591191707259126, 0.5324522762663699, 0.46663799132690365, 0.46663799132690365, 0.46663799132690365, 0.46663799132690365, 0.46663799132690365, 0.5328206752073429, 0.46663799132690365, 0.46663799132690365, 0.46663799132690365], [0.5328206752073429, 0.5324522762663699, 0.46663799132690365, 0.5758593056322703, 0.44134547614103514, 0.5324522762663699, 0.5324522762663699, 0.5324522762663699, 0.5324522762663699, 0.5324522762663699, 0.5383520045212222, 0.5324522762663699, 0.46663799132690365, 0.46663799132690365, 0.46663799132690365, 0.46663799132690365], [0.5758593056322703, 0.5383520045212222, 0.45957837853201633, 0.5758593056322703, 0.5328206752073429, 0.5324522762663699, 0.46663799132690365, 0.5758593056322703, 0.5324522762663699, 0.5324522762663699, 0.5324522762663699, 0.3326311857964017, 0.4454044966288686, 0.5324522762663699, 0.5324522762663699, 0.5324522762663699], [0.5758593056322703, 0.5758593056322703, 0.4116535638927583, 0.5758593056322703, 0.35305475066008074, 0.5383520045212222, 0.5383520045212222, 0.5758593056322703, 0.21057334731001542, 0.5324522762663699, 0.5644777358885741, 0.5758593056322703, 0.5324522762663699, 0.5324522762663699, 0.5324522762663699, 0.18487030234624036], [0.3838687867506565, 0.5758593056322703, 0.5758593056322703, 0.5758593056322703, 0.5758593056322703, 0.5282322848137799, 0.4753784706488283, 0.5758593056322703, 0.5758593056322703, 0.5644777358885741, 0.5324522762663699, 0.642684952018778, 0.5383520045212222, 0.5383520045212222, 0.5383520045212222, 0.5383520045212222], [0.642684952018778, 0.5758593056322703, 0.642684952018778, 0.5758593056322703, 0.5758593056322703, 0.5758593056322703, 0.5758593056322703, 0.5758593056322703, 0.5758593056322703, 0.5758593056322703, 0.5758593056322703, 0.5758593056322703, 0.5758593056322703, 0.5644777358885741, 0.24864437401735273, 0.642684952018778], [0.642684952018778, 0.642684952018778, 0.642684952018778, 0.642684952018778, 0.642684952018778, 0.5758593056322703, 0.642684952018778, 0.5758593056322703, 0.5758593056322703, 0.5758593056322703, 0.5758593056322703, 0.5687910067404793, 0.5758593056322703, 0.5758593056322703, 0.5758593056322703, 0.5758593056322703], [0.642684952018778, 0.642684952018778, 0.642684952018778, 0.642684952018778, 0.6568307827995782, 0.642684952018778, 0.642684952018778, 0.642684952018778, 0.642684952018778, 0.642684952018778, 0.38571348732316113, 0.642684952018778, 0.23679951621041173, 0.5758593056322703, 0.6003332969205178, 0.6182841916447834], [0.6568307827995782, 0.642684952018778, 0.6568307827995782, 0.642684952018778, 0.442016278408903, 0.642684952018778, 0.642684952018778, 0.642684952018778, 0.642684952018778, 0.642684952018778, 0.642684952018778, 0.642684952018778, 0.642684952018778, 0.642684952018778, 0.642684952018778, 0.642684952018778], [0.6568307827995782, 0.6568307827995782, 0.6568307827995782, 0.6568307827995782, 0.5141136027766632, 0.642684952018778, 0.642684952018778, 0.642684952018778, 0.642684952018778, 0.5894229728991354, 0.642684952018778, 0.642684952018778, 0.642684952018778, 0.642684952018778, 0.642684952018778, 0.642684952018778]], "best_fitnesss": [0.4402082884395936, 0.4402082884395936, 0.5324522762663699, 0.5324522762663699, 0.5324522762663699, 0.5324522762663699, 0.5324522762663699, 0.5324522762663699, 0.5324522762663699, 0.5324522762663699, 0.5328206752073429, 0.5758593056322703, 0.5758593056322703, 0.5758593056322703, 0.642684952018778, 0.642684952018778, 0.642684952018778, 0.6568307827995782, 0.6568307827995782, 0.6568307827995782], "prob_mutate": 0.020833333333333332}