{"num_qubits": 4, "depth": 26, "num_circuit": 4, "num_generation": 10, "current_generation": 2, "fitnessss": [[0.8287907497684323, 0.8053024714433938, 0.887747189559031, 0.8465170174780088], [0.8937178749064743, 0.8465170174780088, 0.8927206260534477, 0.8577675658426834]], "best_fitnesss": [0.887747189559031, 0.8937178749064743], "prob_mutate": 0.028846153846153848}