{"num_qubits": 5, "depth": 12, "num_circuit": 16, "num_generation": 30, "current_generation": 5, "fitnessss": [[0.382450606607588, 0.3478411214796506, 0.3499921546077402, 0.37209465016236, 0.37234145268951346, 0.3415749479944349, 0.35618462823045594, 0.31501385020661654, 0.34642206320711344, 0.36200350447533314, 0.41583017788912524, 0.3725325551209166, 0.2916301139298112, 0.3232352144649381, 0.26250092809112263, 0.42096500282154514], [0.42096500282154514, 0.41583017788912524, 0.3244505464903501, 0.43720521701732656, 0.382450606607588, 0.3725325551209166, 0.34759361407886813, 0.3218481008080405, 0.37234145268951346, 0.37209465016236, 0.3688863091435528, 0.37003937629369654, 0.36200350447533314, 0.35618462823045594, 0.3519887421518753, 0.39438018600185193], [0.43720521701732656, 0.42096500282154514, 0.42289454361183143, 0.42096500282154514, 0.41583017788912524, 0.3851699542034301, 0.3861891782251898, 0.3724781509529365, 0.382450606607588, 0.3725325551209166, 0.34759361407886813, 0.31367843241068255, 0.36642631441397083, 0.37209465016236, 0.3688863091435528, 0.37003937629369654], [0.43720521701732656, 0.42289454361183143, 0.42289454361183143, 0.43720521701732656, 0.42096500282154514, 0.42096500282154514, 0.42096500282154514, 0.42096500282154514, 0.41583017788912524, 0.3861891782251898, 0.3861891782251898, 0.41583017788912524, 0.3851699542034301, 0.3338003306880652, 0.38075541919588174, 0.30156770488198503], [0.5024743386877455, 0.43720521701732656, 0.43720521701732656, 0.43720521701732656, 0.4818287535162507, 0.42289454361183143, 0.42289454361183143, 0.42289454361183143, 0.42096500282154514, 0.42096500282154514, 0.42096500282154514, 0.42096500282154514, 0.42096500282154514, 0.41175247784055646, 0.42096500282154514, 0.42096500282154514]], "best_fitnesss": [0.42096500282154514, 0.43720521701732656, 0.43720521701732656, 0.43720521701732656, 0.5024743386877455], "prob_mutate": 0.015625}