{"num_qubits": 4, "depth": 5, "num_circuit": 8, "num_generation": 20, "current_generation": 20, "fitnessss": [[0.16294785613333723, 0.27775639979864997, 0.37046672614552817, 0.24634986236642628, 0.24803903939878902, 0.22458022417448822, 0.31413468390547933, 0.3728398958024376], [0.3728398958024376, 0.37046672614552817, 0.3288355022076228, 0.20423809257404119, 0.31413468390547933, 0.27775639979864997, 0.3213062175470324, 0.3170604920794421], [0.3728398958024376, 0.37046672614552817, 0.3288355022076228, 0.3177074743936601, 0.3288355022076228, 0.3213062175470324, 0.3083408807986078, 0.4220154082801718], [0.3953014908245086, 0.3728398958024376, 0.25962528553257236, 0.3412106132223368, 0.3068913398834334, 0.3288355022076228, 0.21122348897170223, 0.36782878419839016], [0.32575976333091006, 0.294613041936138, 0.3826236329103896, 0.34845051792368775, 0.21490879587493167, 0.34709450862992525, 0.3412106132223368, 0.36782878419839016], [0.3966748827701077, 0.36782878419839016, 0.42094671534400563, 0.25105516076374385, 0.34845051792368775, 0.34709450862992525, 0.34709450862992525, 0.34845051792368775], [0.42094671534400563, 0.339391340514766, 0.3966748827701077, 0.42094671534400563, 0.37633439559921567, 0.34845051792368775, 0.29267424113397944, 0.36782878419839016], [0.42094671534400563, 0.4114961420649547, 0.43442488024728493, 0.42094671534400563, 0.2814445106568536, 0.37633439559921567, 0.42094671534400563, 0.19141311272673553], [0.328738618255705, 0.42094671534400563, 0.42094671534400563, 0.43442488024728493, 0.3150478000932877, 0.2933224821314947, 0.42094671534400563, 0.42094671534400563], [0.377288868961589, 0.4178482834569143, 0.42094671534400563, 0.43442488024728493, 0.42094671534400563, 0.42094671534400563, 0.42094671534400563, 0.42094671534400563], [0.43442488024728493, 0.41210611221431304, 0.42094671534400563, 0.43442488024728493, 0.42094671534400563, 0.42094671534400563, 0.42094671534400563, 0.36976060464860877], [0.2533584456783362, 0.43442488024728493, 0.43442488024728493, 0.43442488024728493, 0.42094671534400563, 0.45298234642085156, 0.42094671534400563, 0.3898552866092765], [0.36826933921464355, 0.43442488024728493, 0.43442488024728493, 0.45298234642085156, 0.18546074683835906, 0.43442488024728493, 0.43442488024728493, 0.43442488024728493], [0.45298234642085156, 0.43442488024728493, 0.43442488024728493, 0.42410043166120986, 0.2256472517196057, 0.3932346840209436, 0.26656132886304323, 0.43442488024728493], [0.2757134698827274, 0.36328287061066783, 0.43442488024728493, 0.45298234642085156, 0.43442488024728493, 0.3588357967735452, 0.43442488024728493, 0.3260623733893962], [0.45298234642085156, 0.43442488024728493, 0.43442488024728493, 0.45298234642085156, 0.2713947202264295, 0.43442488024728493, 0.43442488024728493, 0.41491612808407685], [0.45298234642085156, 0.45298234642085156, 0.45298234642085156, 0.45298234642085156, 0.43442488024728493, 0.43442488024728493, 0.29189409259411153, 0.2978353078091435], [0.3945099694298692, 0.4078168071784007, 0.45298234642085156, 0.45298234642085156, 0.3338881180309906, 0.45298234642085156, 0.45298234642085156, 0.45298234642085156], [0.42657557556517106, 0.25484274613373004, 0.39445071282597743, 0.45298234642085156, 0.45298234642085156, 0.45298234642085156, 0.45298234642085156, 0.45298234642085156], [0.45298234642085156, 0.45298234642085156, 0.24129698388352935, 0.40110455432341097, 0.45298234642085156, 0.45298234642085156, 0.45298234642085156, 0.45298234642085156]], "best_fitnesss": [0.3728398958024376, 0.3728398958024376, 0.4220154082801718, 0.3953014908245086, 0.3826236329103896, 0.42094671534400563, 0.42094671534400563, 0.43442488024728493, 0.43442488024728493, 0.43442488024728493, 0.43442488024728493, 0.45298234642085156, 0.45298234642085156, 0.45298234642085156, 0.45298234642085156, 0.45298234642085156, 0.45298234642085156, 0.45298234642085156, 0.45298234642085156, 0.45298234642085156], "prob_mutate": 0.075}