{"num_qubits": 5, "depth": 39, "num_circuit": 8, "num_generation": 10, "current_generation": 3, "fitnessss": [[0.8920127394395998, 0.8570690451870965, 0.877957612208467, 0.8602992254727791, 0.9086803317987201, 0.8609211823692012, 0.8583202842100685, 0.8468237430027944], [0.9086803317987201, 0.8920127394395998, 0.8870894479495552, 0.8640035550794606, 0.877957612208467, 0.8609211823692012, 0.875818100300167, 0.8459439511438223], [0.9096127138296854, 0.8920127394395998, 0.8870894479495552, 0.898828168722488, 0.8870894479495552, 0.877957612208467, 0.8984920580235954, 0.8782288746793514]], "best_fitnesss": [0.9086803317987201, 0.9086803317987201, 0.9096127138296854], "prob_mutate": 0.009615384615384616}