{"num_qubits": 4, "depth": 9, "num_circuit": 8, "num_generation": 50, "current_generation": 22, "fitnessss": [[0.4861361452338189, 0.44540322719096787, 0.46040201489993465, 0.2517750364974881, 0.48201251493603736, 0.3912783444280636, 0.4393493497578018, 0.47994415106827315], [0.4861361452338189, 0.48201251493603736, 0.5137313393755514, 0.5470775678537978, 0.47994415106827315, 0.4469048737755846, 0.48574994612553474, 0.4679397253588308], [0.5409897570438653, 0.5137313393755514, 0.48201251493603736, 0.4487432763983377, 0.4861361452338189, 0.574669354151427, 0.5479290132461834, 0.5645516537738786], [0.5436095832575505, 0.3539753510910378, 0.5645516537738786, 0.574669354151427, 0.5479290132461834, 0.5409897570438653, 0.3468085525081333, 0.4468011142348255], [0.574669354151427, 0.5645516537738786, 0.5645516537738786, 0.574669354151427, 0.5479290132461834, 0.5436095832575505, 0.5908264112251985, 0.4583614777932049], [0.5908264112251985, 0.574669354151427, 0.5795735602263246, 0.47179996629101384, 0.574669354151427, 0.5645516537738786, 0.5645516537738786, 0.574669354151427], [0.5487116465401003, 0.5795735602263246, 0.5908264112251985, 0.5795735602263246, 0.574669354151427, 0.574669354151427, 0.574669354151427, 0.574669354151427], [0.5908264112251985, 0.5444655620930663, 0.5908264112251985, 0.5795735602263246, 0.5795735602263246, 0.574669354151427, 0.5795735602263246, 0.574669354151427], [0.49373095133594447, 0.5908264112251985, 0.5908264112251985, 0.5908264112251985, 0.5795735602263246, 0.5795735602263246, 0.541771617525397, 0.5795735602263246], [0.5908264112251985, 0.5871118293827623, 0.5908264112251985, 0.5908264112251985, 0.5908264112251985, 0.5795735602263246, 0.5908264112251985, 0.4658029893819665], [0.5908264112251985, 0.5908264112251985, 0.5908264112251985, 0.5908264112251985, 0.5908264112251985, 0.5908264112251985, 0.5088870166806034, 0.5908264112251985], [0.5908264112251985, 0.5309291017576061, 0.5908264112251985, 0.5908264112251985, 0.5908264112251985, 0.5908264112251985, 0.5908264112251985, 0.5908264112251985], [0.5908264112251985, 0.5908264112251985, 0.55303402165887, 0.5908264112251985, 0.5908264112251985, 0.513066093934447, 0.5908264112251985, 0.5473009641696494], [0.5349020641300889, 0.5908264112251985, 0.5908264112251985, 0.5908264112251985, 0.5908264112251985, 0.4955306158071857, 0.5908264112251985, 0.5908264112251985], [0.5908264112251985, 0.5908264112251985, 0.48990145655877376, 0.5908264112251985, 0.5908264112251985, 0.4936846739255712, 0.5908264112251985, 0.5543020417200925], [0.5908264112251985, 0.5908264112251985, 0.5908264112251985, 0.5908264112251985, 0.5908264112251985, 0.5812384328282134, 0.5908264112251985, 0.5908264112251985], [0.5030131253919832, 0.5908264112251985, 0.5908264112251985, 0.5396709526407364, 0.5908264112251985, 0.5436596860032805, 0.5908264112251985, 0.5509597640756537], [0.5908264112251985, 0.538069180486731, 0.5310277448749372, 0.48192592656754724, 0.5908264112251985, 0.5585954759140118, 0.5908264112251985, 0.4863518822632245], [0.5908264112251985, 0.5908264112251985, 0.5908264112251985, 0.5399584955749549, 0.5908264112251985, 0.5585954759140118, 0.45839071339182436, 0.5908264112251985], [0.5908264112251985, 0.5908264112251985, 0.5908264112251985, 0.5908264112251985, 0.5908264112251985, 0.5908264112251985, 0.5908264112251985, 0.5908264112251985], [0.5908264112251985, 0.5908264112251985, 0.5214734777849918, 0.5908264112251985, 0.5908264112251985, 0.5908264112251985, 0.5231926795087527, 0.5908264112251985], [0.5908264112251985, 0.5908264112251985, 0.5908264112251985, 0.49312950715728776, 0.5908264112251985, 0.5908264112251985, 0.5927336313353267, 0.5908264112251985]], "best_fitnesss": [0.4861361452338189, 0.5470775678537978, 0.574669354151427, 0.574669354151427, 0.5908264112251985, 0.5908264112251985, 0.5908264112251985, 0.5908264112251985, 0.5908264112251985, 0.5908264112251985, 0.5908264112251985, 0.5908264112251985, 0.5908264112251985, 0.5908264112251985, 0.5908264112251985, 0.5908264112251985, 0.5908264112251985, 0.5908264112251985, 0.5908264112251985, 0.5908264112251985, 0.5908264112251985, 0.5927336313353267], "prob_mutate": 0.041666666666666664}