{"num_qubits": 3, "depth": 14, "num_circuit": 8, "num_generation": 20, "current_generation": 3, "fitnessss": [[0.6467658541773256, 0.7649091442355805, 0.7770396166583418, 0.7620260064081404, 0.8710910485907772, 0.7708788728137701, 0.7970993733546441, 0.8027849546902607], [0.7188906346966475, 0.8163673969465789, 0.7664609643325951, 0.8414567900503626, 0.7970993733546441, 0.7770396166583418, 0.8034439739131276, 0.7434901809732661], [0.8414567900503626, 0.8163673969465789, 0.6556283398234265, 0.8814232222905309, 0.8034439739131276, 0.7970993733546441, 0.7970993733546441, 0.8034439739131276]], "best_fitnesss": [0.8710910485907772, 0.8414567900503626, 0.8814232222905309], "prob_mutate": 0.026785714285714284}