{"num_qubits": 6, "depth": 20, "num_circuit": 32, "num_generation": 40, "current_generation": 1, "fitnessss": [[0.38441808479904077, 0.38656352258772386, 0.38800499421896834, 0.37631759856108127, 0.33816116407351376, 0.4253583826460804, 0.4169117903419469, 0.3538997355725142, 0.41686991697287795, 0.37893641625759134, 0.4444789132831713, 0.3717866208103183, 0.3092765510008728, 0.46726958045542544, 0.4401961080038991, 0.37051264236020975, 0.3496521658998047, 0.379112718517528, 0.3962941144606539, 0.39073986966008367, 0.4254016234220333, 0.3920785120126084, 0.3486262576244108, 0.38151945114088404, 0.38580134009637895, 0.35081183165508734, 0.3989734015635285, 0.42093996512139054, 0.38933321384197717, 0.3463932176377183, 0.4101905321259995, 0.34615537044155376]], "best_fitnesss": [0.46726958045542544], "prob_mutate": 0.0046875}