{"num_qubits": 6, "depth": 20, "num_circuit": 32, "num_generation": 40, "current_generation": 6, "fitnessss": [[0.38441808479904077, 0.38656352258772386, 0.38800499421896834, 0.37631759856108127, 0.33816116407351376, 0.4253583826460804, 0.4169117903419469, 0.3538997355725142, 0.41686991697287795, 0.37893641625759134, 0.4444789132831713, 0.3717866208103183, 0.3092765510008728, 0.46726958045542544, 0.4401961080038991, 0.37051264236020975, 0.3496521658998047, 0.379112718517528, 0.3962941144606539, 0.39073986966008367, 0.4254016234220333, 0.3920785120126084, 0.3486262576244108, 0.38151945114088404, 0.38580134009637895, 0.35081183165508734, 0.3989734015635285, 0.42093996512139054, 0.38933321384197717, 0.3463932176377183, 0.4101905321259995, 0.34615537044155376], [0.42738212853534463, 0.4444789132831713, 0.3911310095983272, 0.43675086913486477, 0.4401961080038991, 0.4254016234220333, 0.3590182022027526, 0.47517508754325233, 0.4253583826460804, 0.42093996512139054, 0.38161193824293743, 0.4572456893323893, 0.4169117903419469, 0.41686991697287795, 0.4480665836694486, 0.3743344991179411, 0.4101905321259995, 0.3989734015635285, 0.37685207676603355, 0.40466216847236786, 0.3962941144606539, 0.3920785120126084, 0.37835742572324793, 0.3963919662306326, 0.37471206089492143, 0.38933321384197717, 0.38789753458511306, 0.4373495971655297, 0.38800499421896834, 0.38656352258772386, 0.40599896699847376, 0.4003651914221701], [0.47517508754325233, 0.4572456893323893, 0.4318326041306896, 0.4913204984049796, 0.4480665836694486, 0.4444789132831713, 0.4085935987992812, 0.39911865990857776, 0.4401961080038991, 0.4373495971655297, 0.39897335818131746, 0.4810899969043799, 0.4149657850118116, 0.4200610806469314, 0.43675086913486477, 0.39015771209175554, 0.4254016234220333, 0.4253583826460804, 0.4318326041306896, 0.36686148146125064, 0.42093996512139054, 0.4169117903419469, 0.3743728970007171, 0.481868409151552, 0.41686991697287795, 0.4101905321259995, 0.4060562941142313, 0.3600869375125655, 0.40599896699847376, 0.40466216847236786, 0.3845176456613353, 0.4000731767099313], [0.4913204984049796, 0.481868409151552, 0.42093996512139054, 0.4983903659138921, 0.4810899969043799, 0.47517508754325233, 0.4810899969043799, 0.47517508754325233, 0.4572456893323893, 0.4480665836694486, 0.406537353333187, 0.47595261091940044, 0.4444789132831713, 0.4331209102235906, 0.45916007260721886, 0.3816288214995739, 0.4373495971655297, 0.42331850709530583, 0.4445950682572112, 0.4229069383262458, 0.4318326041306896, 0.4318326041306896, 0.4318326041306896, 0.4318326041306896, 0.4254016234220333, 0.4253583826460804, 0.4318326041306896, 0.36686148146125064, 0.42093996512139054, 0.4200610806469314, 0.4709949669691881, 0.4300546919272203], [0.4983903659138921, 0.4913204984049796, 0.4983903659138921, 0.4913204984049796, 0.481868409151552, 0.4810899969043799, 0.4983903659138921, 0.44962163328985794, 0.4810899969043799, 0.47595261091940044, 0.4432641295977192, 0.4983903659138921, 0.47517508754325233, 0.47517508754325233, 0.47517508754325233, 0.47517508754325233, 0.4709949669691881, 0.45916007260721886, 0.4569700980024254, 0.43675086913486477, 0.4572456893323893, 0.43713903318398906, 0.406537353333187, 0.47595261091940044, 0.4445950682572112, 0.4444789132831713, 0.42471272782218517, 0.4584898326532437, 0.4373495971655297, 0.4331209102235906, 0.4670428783948505, 0.4316292983560312], [0.4983903659138921, 0.4983903659138921, 0.4983903659138921, 0.4983903659138921, 0.4787279056190664, 0.4983903659138921, 0.4983903659138921, 0.4983903659138921, 0.4913204984049796, 0.4913204984049796, 0.4913204984049796, 0.4913204984049796, 0.481868409151552, 0.4810899969043799, 0.4983903659138921, 0.44962163328985794, 0.4810899969043799, 0.47595261091940044, 0.4432641295977192, 0.4983903659138921, 0.436775462499044, 0.47517508754325233, 0.4983903659138921, 0.4319247066416761, 0.47517508754325233, 0.47517508754325233, 0.47517508754325233, 0.47517508754325233, 0.47517508754325233, 0.4709949669691881, 0.4095708800268577, 0.4913204984049796]], "best_fitnesss": [0.46726958045542544, 0.47517508754325233, 0.4913204984049796, 0.4983903659138921, 0.4983903659138921, 0.4983903659138921], "prob_mutate": 0.0046875}