{"num_qubits": 4, "depth": 9, "num_circuit": 16, "num_generation": 20, "current_generation": 20, "fitnessss": [[0.39259677081752353, 0.25525040662894705, 0.28456185667501543, 0.25446698226687137, 0.24796010774312083, 0.3081667240970495, 0.3479018922750622, 0.5112951147014708, 0.27560800238895644, 0.0606776621283599, 0.14021397012159809, 0.27498987722662327, 0.20150933321848818, 0.45508141622778053, 0.34003792058420235, 0.20505537085101433], [0.5112951147014708, 0.46974224563253975, 0.5812384483897001, 0.2899982625305837, 0.38807884814212346, 0.3479018922750622, 0.2803759170413235, 0.4216352702269862, 0.27933144096063633, 0.3081667240970495, 0.186225687598648, 0.27234130944812873, 0.28456185667501543, 0.27560800238895644, 0.25753125534620125, 0.17868311320399566], [0.5812384483897001, 0.5112951147014708, 0.5112951147014708, 0.5812384483897001, 0.4063000565325351, 0.4216352702269862, 0.3576038979167553, 0.5298058996389522, 0.38807884814212346, 0.3479018922750622, 0.2803759170413235, 0.21959308092112484, 0.3081667240970495, 0.2899982625305837, 0.23646504775151345, 0.12366605500764527], [0.5812384483897001, 0.5812384483897001, 0.5812384483897001, 0.5812384483897001, 0.5298058996389522, 0.5112951147014708, 0.14258000423600536, 0.44745006919937946, 0.5112951147014708, 0.4216352702269862, 0.4537787528028555, 0.14258000423600536, 0.4063000565325351, 0.38807884814212346, 0.27866403859951683, 0.42944477517476065], [0.5812384483897001, 0.5812384483897001, 0.5812384483897001, 0.3501034637218918, 0.5812384483897001, 0.5812384483897001, 0.5812384483897001, 0.5812384483897001, 0.5298058996389522, 0.5112951147014708, 0.14258000423600536, 0.487560653593058, 0.2685409133665668, 0.4537787528028555, 0.4537787528028555, 0.5112951147014708], [0.5812384483897001, 0.5812384483897001, 0.5812384483897001, 0.5812384483897001, 0.5812384483897001, 0.5812384483897001, 0.5812384483897001, 0.5812384483897001, 0.5812384483897001, 0.5812384483897001, 0.5812384483897001, 0.5812384483897001, 0.5812384483897001, 0.5298058996389522, 0.44745006919937946, 0.5709833786617168], [0.5812384483897001, 0.5812384483897001, 0.33317571288602454, 0.5812384483897001, 0.5812384483897001, 0.5812384483897001, 0.5812384483897001, 0.5812384483897001, 0.5812384483897001, 0.5812384483897001, 0.5812384483897001, 0.5812384483897001, 0.5812384483897001, 0.5812384483897001, 0.5812384483897001, 0.5812384483897001], [0.5812384483897001, 0.5732983308275268, 0.5812384483897001, 0.5812384483897001, 0.4397881912952163, 0.42275977523455155, 0.5812384483897001, 0.6125074633462904, 0.5812384483897001, 0.49591715654281887, 0.5812384483897001, 0.5906179298738765, 0.5812384483897001, 0.5812384483897001, 0.5812384483897001, 0.5812384483897001], [0.6125074633462904, 0.5692660276135939, 0.5812384483897001, 0.5934373619759585, 0.5812384483897001, 0.5812384483897001, 0.5812384483897001, 0.5812384483897001, 0.5812384483897001, 0.5812384483897001, 0.5812384483897001, 0.4718563470128242, 0.5812384483897001, 0.5812384483897001, 0.5812384483897001, 0.5001799664382709], [0.5570659574458928, 0.5934373619759585, 0.6125074633462904, 0.5934373619759585, 0.5812384483897001, 0.5812384483897001, 0.5812384483897001, 0.5812384483897001, 0.5812384483897001, 0.5812384483897001, 0.5812384483897001, 0.5812384483897001, 0.4291318748271712, 0.5812384483897001, 0.5812384483897001, 0.5812384483897001], [0.6125074633462904, 0.5934373619759585, 0.5295456593208341, 0.5934373619759585, 0.5934373619759585, 0.5812384483897001, 0.5906179298738765, 0.6125074633462904, 0.4432087148498267, 0.5812384483897001, 0.5812384483897001, 0.5277939123301306, 0.5812384483897001, 0.5812384483897001, 0.5812384483897001, 0.5812384483897001], [0.546005257476966, 0.6125074633462904, 0.6125074633462904, 0.6125074633462904, 0.5355251249971065, 0.5934373619759585, 0.5934373619759585, 0.5934373619759585, 0.5934373619759585, 0.5535595706542613, 0.41481312193033304, 0.29890410302735615, 0.5812384483897001, 0.5812384483897001, 0.5812384483897001, 0.5216392458990644], [0.6125074633462904, 0.6125074633462904, 0.6125074633462904, 0.6125074633462904, 0.6125074633462904, 0.5488896815875168, 0.6125074633462904, 0.5934373619759585, 0.5934373619759585, 0.5934373619759585, 0.5731140034910608, 0.5934373619759585, 0.5184187065477164, 0.5812384483897001, 0.5906179298738765, 0.6125074633462904], [0.6125074633462904, 0.6125074633462904, 0.6125074633462904, 0.6125074633462904, 0.6125074633462904, 0.6125074633462904, 0.6125074633462904, 0.6125074633462904, 0.6125074633462904, 0.6125074633462904, 0.5151221995126396, 0.43862653158590237, 0.5145813069146385, 0.5934373619759585, 0.6125074633462904, 0.5934373619759585], [0.6125074633462904, 0.6125074633462904, 0.6125074633462904, 0.5350459680354772, 0.6125074633462904, 0.6125074633462904, 0.6125074633462904, 0.6125074633462904, 0.46231465397499993, 0.6125074633462904, 0.45220156982274395, 0.6125074633462904, 0.6125074633462904, 0.6125074633462904, 0.6125074633462904, 0.6125074633462904], [0.6125074633462904, 0.6125074633462904, 0.4451350395183782, 0.6125074633462904, 0.6125074633462904, 0.6125074633462904, 0.6125074633462904, 0.6125074633462904, 0.6125074633462904, 0.6125074633462904, 0.6125074633462904, 0.6125074633462904, 0.6125074633462904, 0.4488660918456636, 0.6125074633462904, 0.6125074633462904], [0.6125074633462904, 0.6125074633462904, 0.6125074633462904, 0.6125074633462904, 0.6125074633462904, 0.6125074633462904, 0.6125074633462904, 0.6125074633462904, 0.6125074633462904, 0.6125074633462904, 0.5115681483629997, 0.48642131110030784, 0.6125074633462904, 0.6125074633462904, 0.6125074633462904, 0.6125074633462904], [0.6125074633462904, 0.6125074633462904, 0.6125074633462904, 0.6125074633462904, 0.6125074633462904, 0.499747751178526, 0.6125074633462904, 0.5358226146399954, 0.6125074633462904, 0.6125074633462904, 0.6125074633462904, 0.6125074633462904, 0.6125074633462904, 0.6125074633462904, 0.5063957252695935, 0.6125074633462904], [0.6125074633462904, 0.6125074633462904, 0.6125074633462904, 0.6125074633462904, 0.6230660668693083, 0.6125074633462904, 0.4226423904709743, 0.6125074633462904, 0.6125074633462904, 0.6125074633462904, 0.5185772933671138, 0.4887002670780085, 0.6125074633462904, 0.49874082245509754, 0.6125074633462904, 0.6125074633462904], [0.6230660668693083, 0.6125074633462904, 0.6125074633462904, 0.6230660668693083, 0.6125074633462904, 0.6125074633462904, 0.6125074633462904, 0.6125074633462904, 0.6125074633462904, 0.3650936544487152, 0.6125074633462904, 0.6125074633462904, 0.6125074633462904, 0.6125074633462904, 0.6125074633462904, 0.6125074633462904]], "best_fitnesss": [0.5112951147014708, 0.5812384483897001, 0.5812384483897001, 0.5812384483897001, 0.5812384483897001, 0.5812384483897001, 0.5812384483897001, 0.6125074633462904, 0.6125074633462904, 0.6125074633462904, 0.6125074633462904, 0.6125074633462904, 0.6125074633462904, 0.6125074633462904, 0.6125074633462904, 0.6125074633462904, 0.6125074633462904, 0.6125074633462904, 0.6230660668693083, 0.6230660668693083], "prob_mutate": 0.020833333333333332}