{"num_qubits": 4, "depth": 17, "num_circuit": 32, "num_generation": 40, "current_generation": 1, "fitnessss": [[0.73291, 0.71025, 0.6569, 0.76405, 0.7501300000000001, 0.6461699999999999, 0.72203, 0.7729299999999999, 0.65762, 0.7773900000000001, 0.74649, 0.7193599999999999, 0.61829, 0.77286, 0.71602, 0.63109, 0.6866899999999999, 0.6267600000000001, 0.68776, 0.63196, 0.808, 0.6978, 0.6116199999999999, 0.72082, 0.73218, 0.68356, 0.6879599999999999, 0.6946199999999999, 0.7590600000000001, 0.6652500000000001, 0.7234, 0.7127699999999999]], "best_fitnesss": [0.808], "prob_mutate": 0.0055147058823529415}