{"num_qubits": 4, "depth": 16, "num_circuit": 32, "num_generation": 40, "current_generation": 1, "fitnessss": [[0.6401100000000001, 0.75661, 0.68643, 0.6936, 0.71645, 0.68948, 0.7187899999999999, 0.6567000000000001, 0.67137, 0.5727, 0.60712, 0.7728499999999999, 0.57489, 0.69085, 0.63482, 0.65541, 0.65126, 0.5835800000000001, 0.66912, 0.6701, 0.74379, 0.6723, 0.51439, 0.53703, 0.76844, 0.6279299999999999, 0.59968, 0.75385, 0.6758299999999999, 0.60907, 0.78524, 0.71323]], "best_fitnesss": [0.78524], "prob_mutate": 0.005859375}