{"num_qubits": 6, "depth": 37, "num_circuit": 8, "num_generation": 40, "current_generation": 2, "fitnessss": [[0.7224249419570308, 0.6335295943333763, 0.6911186525710808, 0.6573960053572707, 0.687867407858876, 0.6878335095457475, 0.7257815382896897, 0.6661493449352787], [0.7183204174514912, 0.6927237452284517, 0.7181640581270596, 0.6654811538090204, 0.6911186525710808, 0.6877098699391794, 0.7068188576920188, 0.7581532019851134]], "best_fitnesss": [0.7257815382896897, 0.7581532019851134], "prob_mutate": 0.010135135135135136}