{"num_qubits": 4, "depth": 23, "num_circuit": 4, "num_generation": 40, "current_generation": 4, "fitnessss": [[0.7799786845848619, 0.851102113642991, 0.7966645392302327, 0.8268770612446111], [0.851102113642991, 0.8085831797835418, 0.7997903072468051, 0.8251234362607424], [0.851102113642991, 0.7991272777817108, 0.851102113642991, 0.8217601718390443], [0.851102113642991, 0.851102113642991, 0.860142875102832, 0.851102113642991]], "best_fitnesss": [0.851102113642991, 0.851102113642991, 0.851102113642991, 0.860142875102832], "prob_mutate": 0.03260869565217391}