{"num_qubits": 5, "depth": 27, "num_circuit": 32, "num_generation": 20, "current_generation": 2, "fitnessss": [[0.7168671721305155, 0.6862451978264026, 0.6978062615024545, 0.7054470090717408, 0.640053891506125, 0.7571137953136986, 0.7147363115978977, 0.7033049562236879, 0.7408974281396634, 0.7566037751543351, 0.6935073279256625, 0.6977754787126081, 0.724047776172495, 0.7152052517373588, 0.6892015182203198, 0.7689258108330517, 0.7151800695909639, 0.7117445124843049, 0.6977290898116053, 0.7827921324098776, 0.7560220468680232, 0.7030252985975204, 0.7288369358489203, 0.6873053919644184, 0.7821564060858, 0.7379395318706019, 0.7671711156897638, 0.6586313553968137, 0.6669268308251325, 0.7079404831174716, 0.7306292060446771, 0.7444865800644643], [0.7827921324098776, 0.7821564060858, 0.7151510268296815, 0.7963267835217905, 0.7689258108330517, 0.7671711156897638, 0.7578282010421031, 0.7366600408851893, 0.7571137953136986, 0.7566037751543351, 0.7466050268503377, 0.753649693805289, 0.7560220468680232, 0.7444865800644643, 0.7408222356443215, 0.7420932573399949, 0.7408974281396634, 0.7379395318706019, 0.7015716864906936, 0.7328253415417487, 0.7306292060446771, 0.7229906682174211, 0.7473369899358391, 0.7140231582151992, 0.724047776172495, 0.7168671721305155, 0.7016930556619705, 0.7372243215597316, 0.7152052517373588, 0.7248575675420028, 0.7108365584418583, 0.7375990208935695]], "best_fitnesss": [0.7827921324098776, 0.7963267835217905], "prob_mutate": 0.003472222222222222}