{"num_qubits": 5, "depth": 24, "num_circuit": 32, "num_generation": 10, "current_generation": 2, "fitnessss": [[0.7334711748727809, 0.7415578204125353, 0.6123493004851662, 0.6982633333494439, 0.6499797083204389, 0.6867851573383567, 0.641780205342479, 0.7143683809110742, 0.6597630246213652, 0.6829928584072185, 0.6828259179981939, 0.6821651854367521, 0.6880970788522617, 0.6396044851828245, 0.7176338313882717, 0.7242038448270646, 0.6296686606490214, 0.6723538646428183, 0.6037798635172514, 0.6358199305808773, 0.6850034908062633, 0.60882985348374, 0.6281713707456549, 0.6334200095869902, 0.5830094186164168, 0.7373905246308363, 0.7306065712035156, 0.7197964625301305, 0.6095895589621971, 0.7083041896655671, 0.6573708462133674, 0.7041555157352025], [0.7415578204125353, 0.7373905246308363, 0.7453792075339676, 0.7007675890351196, 0.7334711748727809, 0.7306065712035156, 0.6912896094135867, 0.7300527774057307, 0.7242038448270646, 0.7197964625301305, 0.7423519677000385, 0.6867644979320084, 0.7275641218851799, 0.7143683809110742, 0.7521390072125014, 0.6669288056643822, 0.7083041896655671, 0.7041555157352025, 0.6552140282566833, 0.7508070871827985, 0.6982633333494439, 0.6880970788522617, 0.6972776739567499, 0.6754673544945867, 0.6867851573383567, 0.6850034908062633, 0.6950307110300671, 0.6701199266118267, 0.6829928584072185, 0.6828259179981939, 0.6849883851161283, 0.7203704345835978]], "best_fitnesss": [0.7415578204125353, 0.7521390072125014], "prob_mutate": 0.00390625}