{"num_qubits": 4, "depth": 8, "num_circuit": 8, "num_generation": 10, "current_generation": 10, "fitnessss": [[0.3589549332226955, 0.3087860918849455, 0.4540186334170121, 0.4738790461810282, 0.3812095954104118, 0.360654358268775, 0.2939542969160065, 0.33214311419310943], [0.4761694654707087, 0.4540186334170121, 0.46045465401080377, 0.2996201753599949, 0.3135727712656676, 0.3774405547991091, 0.2532160576475635, 0.21817292513439593], [0.4761694654707087, 0.46045465401080377, 0.45474281247901205, 0.4761694654707087, 0.4540186334170121, 0.3928056666833254, 0.3137221283098105, 0.4221052459925817], [0.49923669711922986, 0.4761694654707087, 0.4659155245160037, 0.4761694654707087, 0.46045465401080377, 0.45474281247901205, 0.45474281247901205, 0.4179619099412958], [0.46334077080749286, 0.4761694654707087, 0.4761694654707087, 0.49923669711922986, 0.4345125603951397, 0.4659155245160037, 0.4761694654707087, 0.4659155245160037], [0.49923669711922986, 0.4761694654707087, 0.42258009736851354, 0.49923669711922986, 0.5266887040221881, 0.5000758753831759, 0.4761694654707087, 0.4761694654707087], [0.5266887040221881, 0.4545478844512081, 0.5225559340924801, 0.4761694654707087, 0.49923669711922986, 0.49923669711922986, 0.49923669711922986, 0.49923669711922986], [0.5266887040221881, 0.5225559340924801, 0.5225559340924801, 0.2976724429787233, 0.49923669711922986, 0.49923669711922986, 0.49923669711922986, 0.49923669711922986], [0.5266887040221881, 0.5144048813538754, 0.5225559340924801, 0.5266887040221881, 0.5225559340924801, 0.49923669711922986, 0.48415753000960954, 0.53876110010493], [0.47292214256155346, 0.5266887040221881, 0.4761694654707087, 0.42785127132142975, 0.46991611099966235, 0.5269919649508259, 0.5225559340924801, 0.4425820882652321]], "best_fitnesss": [0.4738790461810282, 0.4761694654707087, 0.4761694654707087, 0.49923669711922986, 0.49923669711922986, 0.5266887040221881, 0.5266887040221881, 0.5266887040221881, 0.53876110010493, 0.5269919649508259], "prob_mutate": 0.046875}