{"num_qubits": 5, "depth": 20, "num_circuit": 8, "num_generation": 30, "current_generation": 3, "fitnessss": [[0.6472885608122811, 0.6485802171267706, 0.5453826382473728, 0.6215191650526211, 0.56137354900065, 0.48812039513803374, 0.5872990993074817, 0.6080842472809141], [0.6485802171267706, 0.6472885608122811, 0.6095679590250342, 0.6405363641624537, 0.6215191650526211, 0.6080842472809141, 0.605747325737769, 0.6092153395902508], [0.6485802171267706, 0.6504699694212068, 0.6095679590250342, 0.6405363641624537, 0.6405363641624537, 0.6215191650526211, 0.5487921175940798, 0.6081754309635619]], "best_fitnesss": [0.6485802171267706, 0.6485802171267706, 0.6504699694212068], "prob_mutate": 0.01875}