{"num_qubits": 4, "depth": 4, "num_circuit": 32, "num_generation": 30, "current_generation": 3, "fitnessss": [[0.14434072861667407, 0.14766669028420276, 0.28431467347228156, 0.10970962724213758, 0.2537853117947343, 0.11579623238584705, 0.2119239459410353, 0.1701400244999388, 0.1803303329428914, 0.1425542787438836, 0.19791692432835822, 0.10782815183947739, 0.1497375178103289, 0.22233375002698366, 0.16700177323723536, 0.23844418410211468, 0.3176410621569724, 0.22611987748454418, 0.17970233780845785, 0.14195411428030658, 0.19275818371540426, 0.13816994693919052, 0.1835910717137164, 0.15470968663464255, 0.16367676894153088, 0.15291898467153411, 0.1876782606512956, 0.19589625486511064, 0.20456086225509534, 0.1287731023383974, 0.1495519096714685, 0.3127375387247508], [0.3176410621569724, 0.3127375387247508, 0.3084528891003168, 0.2965764289049682, 0.28431467347228156, 0.19957256191586575, 0.2665032883028754, 0.2718021266350118, 0.23844418410211468, 0.22611987748454418, 0.3011235737069676, 0.09860311690662936, 0.22233375002698366, 0.2119239459410353, 0.2702035327214922, 0.2630241050760381, 0.20456086225509534, 0.19791692432835822, 0.2104957121514251, 0.21799741006380083, 0.19589625486511064, 0.19275818371540426, 0.19254423499152168, 0.2470610823466845, 0.1876782606512956, 0.1835910717137164, 0.1827503292671813, 0.15768415008833245, 0.1803303329428914, 0.17970233780845785, 0.2258926530165521, 0.1777777652164542], [0.3176410621569724, 0.3127375387247508, 0.2385763417348176, 0.2965764289049682, 0.3167946519049078, 0.3011235737069676, 0.3337384778527376, 0.26913982121738467, 0.2965764289049682, 0.29893707822649435, 0.23646289986517055, 0.3206123590833323, 0.2718021266350118, 0.2702035327214922, 0.24106408934372334, 0.19369048149065088, 0.2665032883028754, 0.2630241050760381, 0.3529743177293111, 0.1133349969835236, 0.2470610823466845, 0.23844418410211468, 0.20359553660597904, 0.28852506121541677, 0.22611987748454418, 0.2258926530165521, 0.20165568760347333, 0.2819676656806418, 0.22233375002698366, 0.21799741006380083, 0.1655231477909918, 0.35446958245364124]], "best_fitnesss": [0.3176410621569724, 0.3176410621569724, 0.35446958245364124], "prob_mutate": 0.0234375}