{"num_qubits": 5, "depth": 20, "num_circuit": 8, "num_generation": 50, "current_generation": 2, "fitnessss": [[0.5240155922986748, 0.5307533513929489, 0.5258065723704586, 0.6147942182396132, 0.5910140051678066, 0.619894636025823, 0.5921609839191059, 0.5859266568761943], [0.619894636025823, 0.6147942182396132, 0.6861680746254522, 0.5924133084582826, 0.5906699316802617, 0.5910140051678066, 0.5698157306837671, 0.5713156792861656]], "best_fitnesss": [0.619894636025823, 0.6861680746254522], "prob_mutate": 0.01875}