{"num_qubits": 6, "depth": 39, "num_circuit": 16, "num_generation": 30, "current_generation": 2, "fitnessss": [[0.6766829878140751, 0.6875280395424916, 0.6397712172835115, 0.7054916307900705, 0.7085634492113667, 0.7059794846328081, 0.6866484235871169, 0.7058767455231173, 0.6976246726732119, 0.725450944156548, 0.682035829806134, 0.7160657823127577, 0.6599685240265561, 0.6641734250671327, 0.6763648851358377, 0.7173048682343819], [0.725450944156548, 0.7173048682343819, 0.7252117033114602, 0.7363127892092111, 0.7160657823127577, 0.6946644228169857, 0.7334739804259935, 0.6960084116626304, 0.7059794846328081, 0.7058767455231173, 0.7002889383597815, 0.7121849643802267, 0.7054916307900705, 0.6976246726732119, 0.6922177698979389, 0.7166596480294246]], "best_fitnesss": [0.725450944156548, 0.7363127892092111], "prob_mutate": 0.004807692307692308}