{"num_qubits": 4, "depth": 22, "num_circuit": 32, "num_generation": 40, "current_generation": 2, "fitnessss": [[0.8387488538867428, 0.7797568385672823, 0.8247662375117641, 0.8526178524668675, 0.7550689155306978, 0.6804943068034934, 0.8616413186757088, 0.8319148097022492, 0.7773324413447927, 0.8032486355714037, 0.8007817340493402, 0.793816233341442, 0.7784768083962076, 0.7343275837716987, 0.8709204453731836, 0.8739481221612302, 0.8520257422821466, 0.818952777487177, 0.8088712780989704, 0.8550857910834118, 0.8071719965227269, 0.8041273715398802, 0.8151926408948833, 0.7592344544741529, 0.8186344335120612, 0.8303414284718199, 0.8314165595468523, 0.7787344787316665, 0.7807430798693289, 0.8776734624415059, 0.7842285436946629, 0.8435777156553131], [0.849592245561352, 0.8739481221612302, 0.8801953990963896, 0.8548527616036985, 0.8709204453731836, 0.8616413186757088, 0.867976868471142, 0.8421578163714761, 0.8550857910834118, 0.8526178524668675, 0.8480416888417917, 0.842137086673608, 0.8520257422821466, 0.8435777156553131, 0.8529678583045361, 0.7792759809963317, 0.8387488538867428, 0.8319148097022492, 0.8545988711382693, 0.8804258692226796, 0.8314165595468523, 0.8303414284718199, 0.851804529995761, 0.7609471948184339, 0.8247662375117641, 0.818952777487177, 0.7849783203425592, 0.8475221320765893, 0.8186344335120612, 0.8151926408948833, 0.8110139250012173, 0.796302107159897]], "best_fitnesss": [0.8776734624415059, 0.8804258692226796], "prob_mutate": 0.004261363636363636}