{"num_qubits": 4, "depth": 22, "num_circuit": 32, "num_generation": 40, "current_generation": 1, "fitnessss": [[0.8273993045649901, 0.8147947030505023, 0.8321204548296798, 0.8442650218407106, 0.8246266132972095, 0.7970474892250493, 0.7795211869636289, 0.8628871007861664, 0.7973721435775127, 0.7465860324296161, 0.8655948931283156, 0.7390153667715268, 0.8976879584180791, 0.7902713981949969, 0.838918608961221, 0.8384117275479266, 0.8262541242982323, 0.8393940435139123, 0.7887617449262162, 0.8111753189839067, 0.8177225347244448, 0.8410862648541052, 0.8293686951693907, 0.792580733812642, 0.8314630706788867, 0.8398300318569045, 0.8155804476951826, 0.7265019800799433, 0.8489090855756828, 0.7573003391007249, 0.7746854180467848, 0.7869555210175054]], "best_fitnesss": [0.8976879584180791], "prob_mutate": 0.004261363636363636}