{"num_qubits": 5, "depth": 11, "num_circuit": 8, "num_generation": 40, "current_generation": 34, "fitnessss": [[0.364420862098809, 0.30058309065867517, 0.34897590435310955, 0.30270168980078604, 0.20301262159213831, 0.30567339201848903, 0.3530641345074863, 0.365402233281834], [0.365402233281834, 0.364420862098809, 0.3733020609095071, 0.32007361502830445, 0.3530641345074863, 0.3399868494735886, 0.34801836033392425, 0.39523049122739334], [0.39523049122739334, 0.3733020609095071, 0.3212168730256616, 0.3643307597273626, 0.34524412718140407, 0.3477787143075755, 0.3733020609095071, 0.32007361502830445], [0.39523049122739334, 0.31600043391162613, 0.3212168730256616, 0.32515758252039795, 0.38526952964827704, 0.3643307597273626, 0.37689184028203443, 0.3916171296110507], [0.39523049122739334, 0.3916171296110507, 0.3211206187930693, 0.3700826808845846, 0.38526952964827704, 0.3705586139079328, 0.34609751308252007, 0.4246168639097608], [0.4246168639097608, 0.39523049122739334, 0.4158087007768684, 0.3212168730256616, 0.3916171296110507, 0.38526952964827704, 0.3916171296110507, 0.3787591233990761], [0.4246168639097608, 0.4158087007768684, 0.37689184028203443, 0.4128280040279385, 0.39523049122739334, 0.3916171296110507, 0.36201873568516774, 0.3643307597273626], [0.4246168639097608, 0.4158087007768684, 0.3830635889470324, 0.4128280040279385, 0.3770136408352222, 0.2962219314018314, 0.37722916287666364, 0.3212168730256616], [0.42187161933338563, 0.3973832086068847, 0.37689184028203443, 0.4108767444598335, 0.4128280040279385, 0.332312592887407, 0.37813712077325085, 0.4246168639097608], [0.4246168639097608, 0.42187161933338563, 0.42187161933338563, 0.4246168639097608, 0.4128280040279385, 0.4108767444598335, 0.4128280040279385, 0.4108767444598335], [0.4246168639097608, 0.4246168639097608, 0.4246168639097608, 0.4246168639097608, 0.42187161933338563, 0.42187161933338563, 0.39177125777889776, 0.37848432100262086], [0.4246168639097608, 0.4246168639097608, 0.4246168639097608, 0.38851519374489973, 0.4347830191670399, 0.367158072244801, 0.3670712632892251, 0.4369743520477488], [0.4369743520477488, 0.4347830191670399, 0.40497743410443954, 0.3312600012609816, 0.372407400626387, 0.4246168639097608, 0.4246168639097608, 0.4246168639097608], [0.4227558957387937, 0.4347830191670399, 0.40497743410443954, 0.4246168639097608, 0.4246168639097608, 0.3706322269775991, 0.4246168639097608, 0.41815447065938793], [0.4347830191670399, 0.40665167178773365, 0.35378169226303136, 0.43476888768355015, 0.4246168639097608, 0.4036568088580391, 0.4246168639097608, 0.4246168639097608], [0.4347830191670399, 0.36138174228539843, 0.4557966489825314, 0.4347830191670399, 0.3889684194376334, 0.4246168639097608, 0.4246168639097608, 0.4246168639097608], [0.4557966489825314, 0.4347830191670399, 0.3925495922625922, 0.43476888768355015, 0.36338316852705976, 0.43948067141788066, 0.4246168639097608, 0.4347830191670399], [0.4557966489825314, 0.43948067141788066, 0.43707562275780826, 0.4052617737797667, 0.4347830191670399, 0.4347830191670399, 0.4347830191670399, 0.4307914088793387], [0.40293442379835176, 0.43948067141788066, 0.43788839281525566, 0.4052617737797667, 0.43707562275780826, 0.4347830191670399, 0.4244398264532401, 0.3868859681093119], [0.43948067141788066, 0.43385396528526865, 0.43948067141788066, 0.43788839281525566, 0.43707562275780826, 0.4347830191670399, 0.4244398264532401, 0.4088981754079094], [0.43948067141788066, 0.43948067141788066, 0.43948067141788066, 0.43016600276795514, 0.43788839281525566, 0.3545902861877764, 0.4140215761960485, 0.4502990298673565], [0.4502990298673565, 0.43948067141788066, 0.4502990298673565, 0.38438839452363904, 0.3410644541077196, 0.43948067141788066, 0.43948067141788066, 0.4020411115048962], [0.40561291791082155, 0.4502990298673565, 0.4505927324156535, 0.4502990298673565, 0.43948067141788066, 0.4099104017052733, 0.43948067141788066, 0.43948067141788066], [0.4505927324156535, 0.4502990298673565, 0.46397629467624046, 0.4505927324156535, 0.4502990298673565, 0.43098788366682406, 0.4502990298673565, 0.444969206014461], [0.46397629467624046, 0.3967498756332585, 0.4820349632605819, 0.4047432120656501, 0.4505927324156535, 0.35250983215174997, 0.4155127123161836, 0.4505927324156535], [0.4820349632605819, 0.46397629467624046, 0.46397629467624046, 0.4820349632605819, 0.4505927324156535, 0.4505927324156535, 0.4505927324156535, 0.4505927324156535], [0.4820349632605819, 0.4820349632605819, 0.4820349632605819, 0.4820349632605819, 0.42263702266874165, 0.46397629467624046, 0.46397629467624046, 0.46397629467624046], [0.4386495558622771, 0.4026313434048884, 0.4820349632605819, 0.4366902747418385, 0.4820349632605819, 0.4820349632605819, 0.4820349632605819, 0.4820349632605819], [0.4820349632605819, 0.4820349632605819, 0.4820349632605819, 0.4820349632605819, 0.43274008823491067, 0.4820349632605819, 0.4820349632605819, 0.4271684993958055], [0.4820349632605819, 0.4820349632605819, 0.41392007806835346, 0.4420834353067817, 0.4154101579312505, 0.4820349632605819, 0.4820349632605819, 0.4428507082465158], [0.4820349632605819, 0.4820349632605819, 0.38387478227266575, 0.4820349632605819, 0.3797426173677717, 0.4820349632605819, 0.4820349632605819, 0.42883464289145384], [0.4820349632605819, 0.3718873790533549, 0.4820349632605819, 0.4820349632605819, 0.4820349632605819, 0.4414364675105791, 0.4820349632605819, 0.4820349632605819], [0.4820349632605819, 0.4820349632605819, 0.46486431602363953, 0.4292129173750758, 0.4820349632605819, 0.4820349632605819, 0.4820349632605819, 0.4820349632605819], [0.3424047445689767, 0.4820349632605819, 0.4820349632605819, 0.4404861871847342, 0.4820349632605819, 0.4224800521677263, 0.4820349632605819, 0.4820349632605819]], "best_fitnesss": [0.365402233281834, 0.39523049122739334, 0.39523049122739334, 0.39523049122739334, 0.4246168639097608, 0.4246168639097608, 0.4246168639097608, 0.4246168639097608, 0.4246168639097608, 0.4246168639097608, 0.4246168639097608, 0.4369743520477488, 0.4369743520477488, 0.4347830191670399, 0.4347830191670399, 0.4557966489825314, 0.4557966489825314, 0.4557966489825314, 0.43948067141788066, 0.43948067141788066, 0.4502990298673565, 0.4502990298673565, 0.4505927324156535, 0.46397629467624046, 0.4820349632605819, 0.4820349632605819, 0.4820349632605819, 0.4820349632605819, 0.4820349632605819, 0.4820349632605819, 0.4820349632605819, 0.4820349632605819, 0.4820349632605819, 0.4820349632605819], "prob_mutate": 0.03409090909090909}