{"num_qubits": 6, "depth": 21, "num_circuit": 8, "num_generation": 40, "current_generation": 1, "fitnessss": [[0.4151198538193498, 0.44450132189390973, 0.3724864597814329, 0.4101428649153715, 0.48489702814775837, 0.3974891590137474, 0.35594773141959424, 0.33456664094277594]], "best_fitnesss": [0.48489702814775837], "prob_mutate": 0.017857142857142856}