{"num_qubits": 4, "depth": 9, "num_circuit": 16, "num_generation": 20, "current_generation": 20, "fitnessss": [[0.42607266318552406, 0.33896285201770093, 0.24611562305686685, 0.2531655594153964, 0.2976953259364745, 0.17738826527972074, 0.5428541187086044, 0.25447994774029925, 0.2406015924478545, 0.4299669476117227, 0.2945240074862323, 0.2513916416485611, 0.12887639892354041, 0.3385288649990592, 0.38901246823402147, 0.35927098359873977], [0.5428541187086044, 0.4299669476117227, 0.23907507410350337, 0.371503958400605, 0.37621730308151713, 0.38901246823402147, 0.3775973287310448, 0.40031132026878624, 0.4566277677931364, 0.33896285201770093, 0.39714733265244484, 0.36867525720684735, 0.5362311783278624, 0.2976953259364745, 0.4289150246685818, 0.25578684825677134], [0.4048947218061676, 0.5362311783278624, 0.3596777328112033, 0.23381582320270877, 0.4566277677931364, 0.4299669476117227, 0.2978098900117787, 0.25068790247217976, 0.43568652276481923, 0.40031132026878624, 0.3461527597682714, 0.23588088254003758, 0.39714733265244484, 0.38901246823402147, 0.3496067548167128, 0.29452546278315517], [0.5362311783278624, 0.4566277677931364, 0.4713554755702467, 0.4669907627048945, 0.43568652276481923, 0.4299669476117227, 0.22216474026215327, 0.4812330042779993, 0.4048947218061676, 0.24355010708492908, 0.4617674898667865, 0.18987655645067103, 0.39714733265244484, 0.38901246823402147, 0.4208192283176768, 0.16163281804926588], [0.5362311783278624, 0.4812330042779993, 0.44954197958121855, 0.37751905635996963, 0.4713554755702467, 0.4669907627048945, 0.5081047503334629, 0.4566277677931364, 0.4617674898667865, 0.4566277677931364, 0.4863720510307459, 0.504890120002998, 0.43568652276481923, 0.4299669476117227, 0.22216474026215327, 0.4812330042779993], [0.5362311783278624, 0.5081047503334629, 0.44506026285900047, 0.35243406955908196, 0.504890120002998, 0.4863720510307459, 0.4566277677931364, 0.4617674898667865, 0.4812330042779993, 0.43184599840149207, 0.4812330042779993, 0.4812330042779993, 0.4713554755702467, 0.4669907627048945, 0.44506026285900047, 0.4566277677931364], [0.5362311783278624, 0.5081047503334629, 0.44506026285900047, 0.35243406955908196, 0.504890120002998, 0.4863720510307459, 0.4566277677931364, 0.49423266853814796, 0.4812330042779993, 0.4812330042779993, 0.4812330042779993, 0.4812330042779993, 0.4812330042779993, 0.4713554755702467, 0.25068790247217976, 0.44954197958121855], [0.5362311783278624, 0.5081047503334629, 0.44506026285900047, 0.35243406955908196, 0.504890120002998, 0.49423266853814796, 0.504890120002998, 0.49423266853814796, 0.4863720510307459, 0.4812330042779993, 0.4552580051804741, 0.25030508990044775, 0.4812330042779993, 0.4812330042779993, 0.4812330042779993, 0.29567284637791336], [0.5362311783278624, 0.5081047503334629, 0.42470769316640866, 0.35243406955908196, 0.504890120002998, 0.504890120002998, 0.504890120002998, 0.504890120002998, 0.49423266853814796, 0.49423266853814796, 0.49423266853814796, 0.49423266853814796, 0.4863720510307459, 0.4812330042779993, 0.4552580051804741, 0.36930082159948485], [0.5362311783278624, 0.5081047503334629, 0.44506026285900047, 0.35243406955908196, 0.504890120002998, 0.504890120002998, 0.504890120002998, 0.504890120002998, 0.504890120002998, 0.504890120002998, 0.504890120002998, 0.504890120002998, 0.49423266853814796, 0.49423266853814796, 0.49423266853814796, 0.49423266853814796], [0.5362311783278624, 0.5081047503334629, 0.44506026285900047, 0.35243406955908196, 0.504890120002998, 0.504890120002998, 0.504890120002998, 0.46727044458285927, 0.504890120002998, 0.504890120002998, 0.504890120002998, 0.504890120002998, 0.5048770946831315, 0.504890120002998, 0.504890120002998, 0.504890120002998], [0.5362311783278624, 0.5081047503334629, 0.44506026285900047, 0.35243406955908196, 0.504890120002998, 0.504890120002998, 0.504890120002998, 0.4052351521070796, 0.504890120002998, 0.4913451435242596, 0.504890120002998, 0.504890120002998, 0.504890120002998, 0.504890120002998, 0.4420561707159607, 0.504890120002998], [0.5362311783278624, 0.5081047503334629, 0.48462807641871064, 0.4563281116759196, 0.504890120002998, 0.504890120002998, 0.504890120002998, 0.504890120002998, 0.504890120002998, 0.504890120002998, 0.504890120002998, 0.504890120002998, 0.504890120002998, 0.504890120002998, 0.504890120002998, 0.4988663005657037], [0.5362311783278624, 0.5081047503334629, 0.44506026285900047, 0.35243406955908196, 0.4772277976827286, 0.504890120002998, 0.504890120002998, 0.504890120002998, 0.504890120002998, 0.511722231339307, 0.504890120002998, 0.504890120002998, 0.504890120002998, 0.39273108096234444, 0.504890120002998, 0.504890120002998], [0.5362311783278624, 0.511722231339307, 0.4669909372650003, 0.5615203406018134, 0.5081047503334629, 0.504890120002998, 0.4367456720094316, 0.4669907627048945, 0.4132546390737317, 0.504890120002998, 0.504890120002998, 0.504890120002998, 0.504890120002998, 0.504890120002998, 0.504890120002998, 0.504890120002998], [0.3362642296157775, 0.5362311783278624, 0.5615203406018134, 0.5362311783278624, 0.511722231339307, 0.5081047503334629, 0.4669907627048945, 0.48394646281433606, 0.42354355659868115, 0.504890120002998, 0.504890120002998, 0.43993512870960594, 0.504890120002998, 0.46788539133845275, 0.504890120002998, 0.4402056196637344], [0.19684765894378065, 0.5362311783278624, 0.5615203406018134, 0.5362311783278624, 0.5362311783278624, 0.3524205077143142, 0.35056534648211457, 0.5615203406018134, 0.5081047503334629, 0.504890120002998, 0.4367456720094316, 0.4669907627048945, 0.504890120002998, 0.504890120002998, 0.5166678023914613, 0.504890120002998], [0.38226208676415874, 0.5615203406018134, 0.47441981815427203, 0.5615203406018134, 0.5362311783278624, 0.5362311783278624, 0.5362311783278624, 0.5362311783278624, 0.5362311783278624, 0.5166678023914613, 0.28655369164155875, 0.3263409552141999, 0.5081047503334629, 0.504890120002998, 0.4367456720094316, 0.4669907627048945], [0.4062469569711762, 0.5615203406018134, 0.5615203406018134, 0.5615203406018134, 0.5823447301343398, 0.5362311783278624, 0.5362311783278624, 0.5362311783278624, 0.511397442894019, 0.5362311783278624, 0.5362311783278624, 0.5362311783278624, 0.5362311783278624, 0.5166678023914613, 0.37123016696262723, 0.3263409552141999], [0.43934687085683444, 0.5615203406018134, 0.3898679737130377, 0.4358608555584331, 0.5615203406018134, 0.5615203406018134, 0.5615203406018134, 0.5615203406018134, 0.5362311783278624, 0.5362311783278624, 0.5362311783278624, 0.5362311783278624, 0.5362311783278624, 0.5362311783278624, 0.5362311783278624, 0.5362311783278624]], "best_fitnesss": [0.5428541187086044, 0.5428541187086044, 0.5362311783278624, 0.5362311783278624, 0.5362311783278624, 0.5362311783278624, 0.5362311783278624, 0.5362311783278624, 0.5362311783278624, 0.5362311783278624, 0.5362311783278624, 0.5362311783278624, 0.5362311783278624, 0.5362311783278624, 0.5615203406018134, 0.5615203406018134, 0.5615203406018134, 0.5615203406018134, 0.5823447301343398, 0.5615203406018134], "prob_mutate": 0.020833333333333332}