{"num_qubits": 4, "depth": 8, "num_circuit": 32, "num_generation": 20, "current_generation": 14, "fitnessss": [[0.4709673559114476, 0.28470776374230083, 0.47068916137585415, 0.3675946296825179, 0.37036484240523443, 0.4118675640403323, 0.28780638815719184, 0.3381075494603568, 0.33056664913432177, 0.3855652576108935, 0.3737887634486157, 0.46951301712883114, 0.37243290605482104, 0.408366523086265, 0.3650810909566641, 0.30374950731876943, 0.3481489744105371, 0.396220301246301, 0.3213289088383545, 0.39922632136860514, 0.4234405843605075, 0.4708865580983871, 0.4401224953708516, 0.4238360294837077, 0.42142419221351035, 0.44197619089573903, 0.3086453889165048, 0.4369983128210489, 0.38369314542461697, 0.5132499170823086, 0.4204349398843997, 0.40540509885734], [0.5132499170823086, 0.4709673559114476, 0.4353656657373734, 0.5518574402188993, 0.4708865580983871, 0.47068916137585415, 0.3990648884073612, 0.5049579077605199, 0.46951301712883114, 0.44197619089573903, 0.4039513823037746, 0.5016480496523036, 0.4401224953708516, 0.4369983128210489, 0.43908614030755694, 0.4465079741142084, 0.4238360294837077, 0.4234405843605075, 0.40565212342566104, 0.47175047019993466, 0.42142419221351035, 0.4204349398843997, 0.554149733017976, 0.408506712517155, 0.4118675640403323, 0.408366523086265, 0.3604833982732982, 0.4411184608456845, 0.40540509885734, 0.39922632136860514, 0.5253023249430367, 0.3361534276041832], [0.554149733017976, 0.5518574402188993, 0.4483060138058395, 0.4950168573369414, 0.5253023249430367, 0.5132499170823086, 0.5501434645876484, 0.47159813231080217, 0.5049579077605199, 0.5016480496523036, 0.43985881606205235, 0.5276465453477838, 0.47175047019993466, 0.4709673559114476, 0.40504271104210277, 0.4102685957705631, 0.4708865580983871, 0.47068916137585415, 0.4028357236374333, 0.5049579077605199, 0.46951301712883114, 0.463669776573205, 0.47237999687550686, 0.4126242889932915, 0.44197619089573903, 0.4411184608456845, 0.4657706623035064, 0.3739390834975973, 0.4401224953708516, 0.43908614030755694, 0.43908614030755694, 0.4401224953708516], [0.554149733017976, 0.5518574402188993, 0.4483060138058395, 0.4950168573369414, 0.5501434645876484, 0.5276465453477838, 0.4593946392737537, 0.4676920766793451, 0.5253023249430367, 0.5132499170823086, 0.484576310775668, 0.47159813231080217, 0.5049579077605199, 0.5049579077605199, 0.5049579077605199, 0.5049579077605199, 0.5016480496523036, 0.3941634388593236, 0.5380816444283657, 0.4295462233841529, 0.47237999687550686, 0.47175047019993466, 0.5204882656508799, 0.4910702481700738, 0.5125973380260297, 0.4709673559114476, 0.4353656657373734, 0.42703495069587954, 0.4708865580983871, 0.47068916137585415, 0.4028357236374333, 0.5049579077605199], [0.554149733017976, 0.5518574402188993, 0.4483060138058395, 0.43036789072884984, 0.5501434645876484, 0.5380816444283657, 0.4758139349229105, 0.48201729880602073, 0.5290742561612348, 0.5253023249430367, 0.5034476439144959, 0.4593946392737537, 0.5204882656508799, 0.5132499170823086, 0.45222763802366206, 0.4622269632884327, 0.5125973380260297, 0.5049579077605199, 0.38989000322849704, 0.47775995068456173, 0.5049579077605199, 0.5049579077605199, 0.5049579077605199, 0.5049579077605199, 0.5049579077605199, 0.5049579077605199, 0.5084855309066568, 0.5049579077605199, 0.5016480496523036, 0.4950168573369414, 0.5380816444283657, 0.36539778152260827], [0.4585875052824487, 0.5518574402188993, 0.4483060138058395, 0.4950168573369414, 0.5501434645876484, 0.5380816444283657, 0.4758139349229105, 0.4676920766793451, 0.5380816444283657, 0.5290742561612348, 0.5290742561612348, 0.5380816444283657, 0.5253023249430367, 0.5204882656508799, 0.39951221076879573, 0.5374986553977342, 0.5132499170823086, 0.5125973380260297, 0.5125973380260297, 0.5132499170823086, 0.5084855309066568, 0.5049579077605199, 0.5084855309066568, 0.5049579077605199, 0.5049579077605199, 0.5049579077605199, 0.5049579077605199, 0.5049579077605199, 0.42758231740830477, 0.5049579077605199, 0.5049579077605199, 0.5049579077605199], [0.5518574402188993, 0.5501434645876484, 0.5518574402188993, 0.5277647179709749, 0.5380816444283657, 0.5380816444283657, 0.5467013830208651, 0.5380816444283657, 0.5380816444283657, 0.5374986553977342, 0.5034476439144959, 0.49937037766575615, 0.5290742561612348, 0.5290742561612348, 0.5290742561612348, 0.5290742561612348, 0.5253023249430367, 0.5204882656508799, 0.3745460428377715, 0.5374986553977342, 0.5132499170823086, 0.5132499170823086, 0.5132499170823086, 0.5132499170823086, 0.5125973380260297, 0.5125973380260297, 0.5125973380260297, 0.5125973380260297, 0.5084855309066568, 0.3443391797243074, 0.5084855309066568, 0.5084855309066568], [0.5518574402188993, 0.5518574402188993, 0.5518574402188993, 0.5518574402188993, 0.5501434645876484, 0.5467013830208651, 0.45603926377876025, 0.5048446752282442, 0.5380816444283657, 0.5380816444283657, 0.5380816444283657, 0.5380816444283657, 0.5380816444283657, 0.5380816444283657, 0.5380816444283657, 0.5380816444283657, 0.5374986553977342, 0.5374986553977342, 0.5374986553977342, 0.5374986553977342, 0.5290742561612348, 0.5290742561612348, 0.5290742561612348, 0.5290742561612348, 0.5207683246284869, 0.4776801457925782, 0.5290742561612348, 0.5290742561612348, 0.5277647179709749, 0.5253023249430367, 0.4970301010195047, 0.5501434645876484], [0.5518574402188993, 0.5518574402188993, 0.5518574402188993, 0.5518574402188993, 0.5518574402188993, 0.5518574402188993, 0.5518574402188993, 0.5518574402188993, 0.5501434645876484, 0.5501434645876484, 0.5501434645876484, 0.5501434645876484, 0.5467013830208651, 0.5380816444283657, 0.5201531388617231, 0.5578606762056387, 0.5380816444283657, 0.5380816444283657, 0.5380816444283657, 0.5380816444283657, 0.5380816444283657, 0.5380816444283657, 0.5380816444283657, 0.5380816444283657, 0.5380816444283657, 0.5380816444283657, 0.5380816444283657, 0.5380816444283657, 0.5380816444283657, 0.5374986553977342, 0.5034476439144959, 0.49937037766575615], [0.5578606762056387, 0.5518574402188993, 0.4676920766793451, 0.5285925128012539, 0.5518574402188993, 0.5518574402188993, 0.5518574402188993, 0.5518574402188993, 0.5518574402188993, 0.5518574402188993, 0.5518574402188993, 0.5518574402188993, 0.5518574402188993, 0.5518574402188993, 0.5518574402188993, 0.5518574402188993, 0.5518574402188993, 0.5501434645876484, 0.5518574402188993, 0.5501434645876484, 0.4676941025117478, 0.5501434645876484, 0.5120293064866978, 0.5501434645876484, 0.5501434645876484, 0.5467013830208651, 0.4986209244257586, 0.5048446752282442, 0.5380816444283657, 0.5380816444283657, 0.5380816444283657, 0.5380816444283657], [0.5578606762056387, 0.5518574402188993, 0.4676920766793451, 0.5285925128012539, 0.5518574402188993, 0.5518574402188993, 0.5518574402188993, 0.5518574402188993, 0.4337183275576949, 0.5518574402188993, 0.5518574402188993, 0.5518574402188993, 0.5518574402188993, 0.5518574402188993, 0.5518574402188993, 0.5518574402188993, 0.5518574402188993, 0.5518574402188993, 0.5518574402188993, 0.5518574402188993, 0.5518574402188993, 0.5518574402188993, 0.5518574402188993, 0.5518574402188993, 0.5518574402188993, 0.5518574402188993, 0.5518574402188993, 0.5518574402188993, 0.5518574402188993, 0.5518574402188993, 0.5518574402188993, 0.5518574402188993], [0.5578606762056387, 0.5518574402188993, 0.4676920766793451, 0.5285925128012539, 0.5518574402188993, 0.5518574402188993, 0.5518574402188993, 0.5518574402188993, 0.5518574402188993, 0.5518574402188993, 0.5518574402188993, 0.5518574402188993, 0.5518574402188993, 0.5518574402188993, 0.5518574402188993, 0.5518574402188993, 0.3713433913474899, 0.5518574402188993, 0.5518574402188993, 0.5518574402188993, 0.5518574402188993, 0.5518574402188993, 0.5518574402188993, 0.5518574402188993, 0.5518574402188993, 0.5518574402188993, 0.5518574402188993, 0.5518574402188993, 0.5518574402188993, 0.5518574402188993, 0.5518574402188993, 0.5518574402188993], [0.5578606762056387, 0.5518574402188993, 0.4676920766793451, 0.5285925128012539, 0.5518574402188993, 0.5518574402188993, 0.5518574402188993, 