{"num_qubits": 5, "depth": 21, "num_circuit": 4, "num_generation": 40, "current_generation": 4, "fitnessss": [[0.6332161325859066, 0.6219942864132875, 0.5710418898940557, 0.5664597103841074], [0.6332161325859066, 0.6045376316311284, 0.6230426648468703, 0.6278352260812584], [0.6332161325859066, 0.6278352260812584, 0.6046704037351236, 0.624046431371593], [0.6332161325859066, 0.6278352260812584, 0.6375451018863388, 0.6452661658494321]], "best_fitnesss": [0.6332161325859066, 0.6332161325859066, 0.6332161325859066, 0.6452661658494321], "prob_mutate": 0.03571428571428571}