{"num_qubits": 2, "depth": 2, "num_circuit": 4, "num_generation": 40, "current_generation": 40, "fitnessss": [[0.2718499088647587, 0.6450509181307391, 0.2718499088647587, 0.2679891851553656], [0.4026714523243635, 0.13516436141463467, 0.6466723204179605, 0.4752417746722644], [0.6466723204179605, 0.4752417746722644, 0.6450509181307391, 0.29544280603818956], [0.6466723204179605, 0.6450509181307391, 0.33140896421208704, 0.49260200444926083], [0.49260200444926083, 0.4269206837265145, 0.6862064195818164, 0.7214386519159344], [0.5977702751443058, 0.2679891851553654, 0.6626503416978966, 0.6866869626353159], [0.6866869626353159, 0.6626503416978966, 0.458480179134883, 0.49260200444926083], [0.6866869626353159, 0.5683160211174051, 0.4988443255722874, 0.7214386519159344], [0.5116368663929438, 0.6866869626353159, 0.7214386519159344, 0.49260200444926083], [0.7214386519159344, 0.49260200444926083, 0.49260200444926083, 0.7765521088078283], [0.7765521088078283, 0.7214386519159344, 0.49260200444926083, 0.49260200444926083], [0.6017154597350878, 0.13516436141463467, 0.6185231620988795, 0.7214386519159344], [0.6443315537684436, 0.6185231620988795, 0.13516436141463467, 0.27278991180330137], [0.6443315537684436, 0.16184104676893285, 0.7214386519159344, 0.4640661761255454], [0.6626503416978966, 0.6443315537684436, 0.2871538913396608, 0.7214386519159344], [0.686686962635316, 0.43600721665877157, 0.3373649741032863, 0.49260200444926083], [0.49260200444926083, 0.13516436141463467, 0.49260200444926083, 0.47708285800947864], [0.49260200444926083, 0.13516436141463467, 0.49260200444926083, 0.49260200444926083], [0.13516436141463467, 0.49260200444926083, 0.49260200444926083, 0.5449519767727182], [0.13516436141463467, 0.49260200444926083, 0.13399, 0.13516436141463467], [0.718941835289429, 0.470977282851488, 0.49260200444926083, 0.4899148986836813], [0.718941835289429, 0.13516436141463467, 0.4690383125371242, 0.49260200444926083], [0.37148621854570507, 0.49260200444926083, 0.27019533938562657, 0.29696932947677096], [0.49260200444926083, 0.373307573545481, 0.2675801853614475, 0.49260200444926083], [0.49260200444926083, 0.49260200444926083, 0.13516436141463467, 0.13516436141463467], [0.49260200444926083, 0.49260200444926083, 0.3629205703267938, 0.718941835289429], [0.49260200444926083, 0.19630702759825658, 0.718941835289429, 0.13516436141463467], [0.7139441578026925, 0.49260200444926083, 0.30568, 0.49260200444926083], [0.49260200444926083, 0.49260200444926083, 0.686686962635316, 0.5693136629433571], [0.48991489868368154, 0.5693136629433571, 0.3895658455146539, 0.5693136629433571], [0.5693136629433571, 0.2871538913396608, 0.5693136629433571, 0.49260200444926083], [0.49260200444926083, 0.5693136629433571, 0.5693136629433571, 0.5247135414578598], [0.5247135414578598, 0.5693136629433571, 0.6466723204179605, 0.5693136629433571], [0.49260200444926083, 0.5693136629433571, 0.6466723204179605, 0.13516436141463467], [0.6466723204179605, 0.49260200444926083, 0.6185231620988793, 0.49260200444926083], [0.6466723204179605, 0.6185231620988793, 0.7765521088078283, 0.2751050510391573], [0.13516436141463467, 0.3999216429889868, 0.64580282537607, 0.6466723204179605], [0.6466723204179605, 0.64580282537607, 0.566824465503574, 0.7765521088078283], [0.718941835289429, 0.6466723204179605, 0.7765521088078283, 0.6099490107191647], [0.6017154597350877, 0.5101456861055703, 0.4543785581367146, 0.13516436141463467]], "best_fitnesss": [0.6450509181307391, 0.6466723204179605, 0.6466723204179605, 0.6466723204179605, 0.7214386519159344, 0.6866869626353159, 0.6866869626353159, 0.7214386519159344, 0.7214386519159344, 0.7765521088078283, 0.7765521088078283, 0.7214386519159344, 0.6443315537684436, 0.7214386519159344, 0.7214386519159344, 0.686686962635316, 0.49260200444926083, 0.49260200444926083, 0.5449519767727182, 0.49260200444926083, 0.718941835289429, 0.718941835289429, 0.49260200444926083, 0.49260200444926083, 0.49260200444926083, 0.718941835289429, 0.718941835289429, 0.7139441578026925, 0.686686962635316, 0.5693136629433571, 0.5693136629433571, 0.5693136629433571, 0.6466723204179605, 0.6466723204179605, 0.6466723204179605, 0.7765521088078283, 0.6466723204179605, 0.7765521088078283, 0.7765521088078283, 0.6017154597350877], "prob_mutate": 0.375}