{"num_qubits": 4, "depth": 16, "num_circuit": 16, "num_generation": 10, "current_generation": 2, "fitnessss": [[0.6571300000000001, 0.6466099999999999, 0.6387700000000001, 0.70031, 0.7749299999999999, 0.75304, 0.64144, 0.6599800000000001, 0.5827600000000001, 0.67459, 0.77991, 0.76807, 0.71663, 0.6396599999999999, 0.6231500000000001, 0.74226], [0.79418, 0.76369, 0.7353500000000001, 0.68419, 0.76118, 0.7514200000000001, 0.6962200000000001, 0.6511600000000001, 0.7403899999999999, 0.70952, 0.6935399999999999, 0.70898, 0.70346, 0.67109, 0.81003, 0.66733]], "best_fitnesss": [0.77991, 0.81003], "prob_mutate": 0.01171875}