{"num_qubits": 4, "depth": 9, "num_circuit": 16, "num_generation": 20, "current_generation": 20, "fitnessss": [[0.3102712803289329, 0.39116740877815925, 0.21180878317654728, 0.13602240257438025, 0.2954915299103087, 0.16031161823613727, 0.25681394952648584, 0.23716697735235825, 0.2105199194314349, 0.3207133195346832, 0.17743062091941209, 0.4506521871552487, 0.26432119686184685, 0.061139160897098366, 0.12831514067471905, 0.30514858719023397], [0.4506521871552487, 0.39116740877815925, 0.4399010797403893, 0.3183306796230092, 0.3207133195346832, 0.3102712803289329, 0.4272084978199625, 0.2705364728477445, 0.30514858719023397, 0.1727202783766083, 0.26843723242749185, 0.35640465921978226, 0.26432119686184685, 0.25681394952648584, 0.22098000693820452, 0.3474331282715716], [0.4506521871552487, 0.4399010797403893, 0.3557320221967937, 0.4506521871552487, 0.4272084978199625, 0.13453821169697588, 0.20903527367109975, 0.2703267104507534, 0.35640465921978226, 0.26257272310106994, 0.1549204119339278, 0.3992077394375304, 0.24460208805148742, 0.3183306796230092, 0.29388815976247284, 0.1686209948027907], [0.4506521871552487, 0.4506521871552487, 0.30194944956567826, 0.4506521871552487, 0.4399010797403893, 0.4272084978199625, 0.397426151033501, 0.38749110109321117, 0.3992077394375304, 0.35640465921978226, 0.3992077394375304, 0.35640465921978226, 0.3557320221967937, 0.3183306796230092, 0.3571547580477714, 0.39116740877815925], [0.4506521871552487, 0.4506521871552487, 0.2719083808459398, 0.4506521871552487, 0.4506521871552487, 0.4399010797403893, 0.4399010797403893, 0.4506521871552487, 0.4272084978199625, 0.2648929061469337, 0.19046326539323055, 0.3712899975115118, 0.3992077394375304, 0.397426151033501, 0.47272048142400525, 0.36807632605673857], [0.47272048142400525, 0.4506521871552487, 0.3054724415816328, 0.397426151033501, 0.4506521871552487, 0.4506521871552487, 0.4506521871552487, 0.4148109957951511, 0.4506521871552487, 0.4506521871552487, 0.4506521871552487, 0.4506521871552487, 0.3072118787165994, 0.4399010797403893, 0.4399010797403893, 0.4399010797403893], [0.47272048142400525, 0.3560749515379037, 0.3054724415816328, 0.397426151033501, 0.4506521871552487, 0.4506521871552487, 0.4506521871552487, 0.4187340753771952, 0.4506521871552487, 0.4506521871552487, 0.4506521871552487, 0.3901447506349319, 0.4506521871552487, 0.4506521871552487, 0.4506521871552487, 0.4506521871552487], [0.39796605024377363, 0.4506521871552487, 0.3054724415816328, 0.397426151033501, 0.4506521871552487, 0.34564885853594673, 0.4506521871552487, 0.4506521871552487, 0.4506521871552487, 0.23560770286516586, 0.4506521871552487, 0.4506521871552487, 0.4506521871552487, 0.4506521871552487, 0.4506521871552487, 0.4506521871552487], [0.4506521871552487, 0.332591754193703, 0.4506521871552487, 0.4506521871552487, 0.4506521871552487, 0.4506521871552487, 0.4506521871552487, 0.4506521871552487, 0.4506521871552487, 0.4506521871552487, 0.4506521871552487, 0.4506521871552487, 0.4506521871552487, 0.4506521871552487, 0.4506521871552487, 0.4506521871552487], [0.4506521871552487, 0.4506521871552487, 0.4506521871552487, 0.4506521871552487, 0.4506521871552487, 0.4506521871552487, 0.4506521871552487, 0.4506521871552487, 0.3639726339578875, 0.4506521871552487, 0.4506521871552487, 0.41570155265869724, 0.4506521871552487, 0.4506521871552487, 0.4506521871552487, 0.4506521871552487], [0.4506521871552487, 0.4506521871552487, 0.4506521871552487, 0.4506521871552487, 0.4506521871552487, 0.4506521871552487, 0.36785842395027746, 0.2226725219229967, 0.4506521871552487, 0.4506521871552487, 0.4506521871552487, 0.4506521871552487, 0.4506521871552487, 0.4506521871552487, 0.4506521871552487, 0.4506521871552487], [0.4506521871552487, 0.4506521871552487, 0.4506521871552487, 0.36994594240402356, 0.4506521871552487, 0.4506521871552487, 0.4506521871552487, 0.4506521871552487, 0.3823543566049338, 0.4506521871552487, 0.4506521871552487, 0.4506521871552487, 0.4506521871552487, 0.4506521871552487, 0.20520062642931713, 0.4506521871552487], [0.4506521871552487, 0.4506521871552487, 0.4506521871552487, 0.4337797404893988, 0.4506521871552487, 0.4506521871552487, 0.4506521871552487, 0.4506521871552487, 0.4506521871552487, 0.4506521871552487, 0.4506521871552487, 0.23912502733789776, 0.4506521871552487, 0.4506521871552487, 0.4506521871552487, 0.31530460189403287], [0.4506521871552487, 0.4506521871552487, 0.4506521871552487, 0.4506521871552487, 0.4506521871552487, 0.4506521871552487, 0.4506521871552487, 0.18567213480236333, 0.4506521871552487, 0.2787459751213224, 0.4506521871552487, 0.4506521871552487, 0.4506521871552487, 0.4506521871552487, 0.4506521871552487, 0.30937994180480355], [0.4506521871552487, 0.4506521871552487, 0.4506521871552487, 0.4506521871552487, 0.4506521871552487, 0.4506521871552487, 0.4506521871552487, 0.4506521871552487, 0.4506521871552487, 0.4506521871552487, 0.4506521871552487, 0.4506521871552487, 0.4506521871552487, 0.4506521871552487, 0.4506521871552487, 0.4506521871552487], [0.4506521871552487, 0.4506521871552487, 0.4506521871552487, 0.4506521871552487, 0.4506521871552487, 0.4506521871552487, 0.4506521871552487, 0.4506521871552487, 0.18504329370712236, 0.4506521871552487, 0.4506521871552487, 0.4506521871552487, 0.4506521871552487, 0.4506521871552487, 0.4506521871552487, 0.4506521871552487], [0.4506521871552487, 0.348620522350076, 0.3252730515657244, 0.4506521871552487, 0.4506521871552487, 0.2304620284931579, 0.4506521871552487, 0.4506521871552487, 0.4506521871552487, 0.4506521871552487, 0.4506521871552487, 0.4506521871552487, 0.4506521871552487, 0.4506521871552487, 0.4506521871552487, 0.4506521871552487], [0.4506521871552487, 0.4138868333544907, 0.4506521871552487, 0.4506521871552487, 0.4506521871552487, 0.4506521871552487, 0.4506521871552487, 0.4506521871552487, 0.4506521871552487, 0.31091575381274694, 0.4506521871552487, 0.4506521871552487, 0.4506521871552487, 0.4506521871552487, 0.4506521871552487, 0.4506521871552487], [0.4506521871552487, 0.4506521871552487, 0.4506521871552487, 0.4506521871552487, 0.4506521871552487, 0.2557712277348736, 0.4506521871552487, 0.4506521871552487, 0.4506521871552487, 0.4506521871552487, 0.4506521871552487, 0.2325425464840154, 0.4506521871552487, 0.4506521871552487, 0.4506521871552487, 0.4506521871552487], [0.4506521871552487, 0.4506521871552487, 0.4506521871552487, 0.4506521871552487, 0.6003128765215127, 0.4506521871552487, 0.4506521871552487, 0.4506521871552487, 0.339278041614295, 0.4506521871552487, 0.4506521871552487, 0.2609508328844391, 0.4506521871552487, 0.4506521871552487, 0.4506521871552487, 0.4506521871552487]], "best_fitnesss": [0.4506521871552487, 0.4506521871552487, 0.4506521871552487, 0.4506521871552487, 0.47272048142400525, 0.47272048142400525, 0.47272048142400525, 0.4506521871552487, 0.4506521871552487, 0.4506521871552487, 0.4506521871552487, 0.4506521871552487, 0.4506521871552487, 0.4506521871552487, 0.4506521871552487, 0.4506521871552487, 0.4506521871552487, 0.4506521871552487, 0.4506521871552487, 0.6003128765215127], "prob_mutate": 0.020833333333333332}