{"num_qubits": 4, "depth": 14, "num_circuit": 32, "num_generation": 20, "current_generation": 1, "fitnessss": [[0.6033753405913871, 0.5924336167302421, 0.6414260694950219, 0.6504605034915929, 0.5736687715482949, 0.7138720553123543, 0.5480734113717823, 0.6271399984718894, 0.6343706571310193, 0.655517311553537, 0.537214466338337, 0.6732819317877878, 0.5767157222473636, 0.5341315320288338, 0.6543587006423011, 0.5321031793991894, 0.5091849968281457, 0.5487249168136514, 0.6451404149388834, 0.6165767701891964, 0.5389107822188828, 0.5253428585967328, 0.6603053924183167, 0.5538710710575572, 0.5392709839941532, 0.5040030124772364, 0.694833635556548, 0.527763586990139, 0.5948507177608923, 0.7410997384228938, 0.5426212346381354, 0.6100727611936857]], "best_fitnesss": [0.7410997384228938], "prob_mutate": 0.006696428571428571}