{"num_qubits": 5, "depth": 9, "num_circuit": 16, "num_generation": 50, "current_generation": 5, "fitnessss": [[0.2952265000255487, 0.2162025048901382, 0.28211215200935447, 0.3347965415568595, 0.2659933636506472, 0.2914352824279877, 0.2907431175182388, 0.28175731079984645, 0.27093693038838396, 0.30052420885849074, 0.26306712437657553, 0.3432083375603726, 0.30385168943672874, 0.32209201691242584, 0.2395747134322435, 0.3111394829657706], [0.3425043822808891, 0.3347965415568595, 0.30225841105830903, 0.2498942944812927, 0.36881172381669114, 0.30559368269062526, 0.2957053892364303, 0.37614724423522594, 0.30385168943672874, 0.30052420885849074, 0.31857044840177956, 0.24847480145153605, 0.2952265000255487, 0.2914352824279877, 0.22509670570198548, 0.3103337799885207], [0.37614724423522594, 0.36881172381669114, 0.3182430010282431, 0.3319239941941716, 0.3425043822808891, 0.3347965415568595, 0.30225841105830903, 0.29331255034245907, 0.31857044840177956, 0.3012071575066183, 0.3183828568277855, 0.33153574773101113, 0.30559368269062526, 0.30385168943672874, 0.3071943103336385, 0.3121266797031264], [0.32892531812788056, 0.36881172381669114, 0.37614724423522594, 0.36881172381669114, 0.2983570446795942, 0.2537746853418235, 0.24759184412812463, 0.29331255034245907, 0.3319239941941716, 0.33153574773101113, 0.34481085152946755, 0.3178917854189357, 0.31857044840177956, 0.3183828568277855, 0.3183828568277855, 0.31857044840177956], [0.37614724423522594, 0.36881172381669114, 0.37614724423522594, 0.36881172381669114, 0.36881172381669114, 0.3484480887915833, 0.31876906755965595, 0.3319239941941716, 0.3319239941941716, 0.33153574773101113, 0.33075319801625724, 0.35848141221684776, 0.33382294171891164, 0.31857044840177956, 0.2836996066563874, 0.32086748539230164]], "best_fitnesss": [0.3432083375603726, 0.37614724423522594, 0.37614724423522594, 0.37614724423522594, 0.37614724423522594], "prob_mutate": 0.020833333333333332}