{"num_qubits": 5, "depth": 8, "num_circuit": 8, "num_generation": 30, "current_generation": 11, "fitnessss": [[0.2778201530861811, 0.2486967810110862, 0.2659061087708198, 0.19819583499755766, 0.16406995039133626, 0.30286162507685305, 0.2449953674702086, 0.1798329290299571], [0.30286162507685305, 0.25121654486611855, 0.31762489728828686, 0.25640229800041764, 0.2659061087708198, 0.27544243812109986, 0.2801755187205738, 0.2754722262885123], [0.31762489728828686, 0.30286162507685305, 0.26379941202872514, 0.2701311325942304, 0.2801755187205738, 0.3114692311465283, 0.33511859725748966, 0.2486967810110862], [0.33511859725748966, 0.31762489728828686, 0.251301200597159, 0.35987066665480655, 0.3114692311465283, 0.2533200582257172, 0.24795944232839306, 0.2953041984306653], [0.35987066665480655, 0.33511859725748966, 0.33725545887514696, 0.27999401109364114, 0.31762489728828686, 0.3114692311465283, 0.3212793194660863, 0.23900724630523057], [0.35987066665480655, 0.33725545887514696, 0.33725545887514696, 0.35987066665480655, 0.33511859725748966, 0.3104717638539466, 0.2539250988426194, 0.3270633469708889], [0.35987066665480655, 0.35987066665480655, 0.35987066665480655, 0.35987066665480655, 0.3421406273488157, 0.33725545887514696, 0.2959566988115498, 0.33725545887514696], [0.35987066665480655, 0.35987066665480655, 0.35987066665480655, 0.35987066665480655, 0.2169726542890292, 0.35987066665480655, 0.35987066665480655, 0.3073163355026476], [0.29667836867680114, 0.35987066665480655, 0.35987066665480655, 0.35987066665480655, 0.35987066665480655, 0.35987066665480655, 0.30847003254585326, 0.35987066665480655], [0.35987066665480655, 0.35987066665480655, 0.35987066665480655, 0.35987066665480655, 0.3035290712560094, 0.35987066665480655, 0.28619594987596414, 0.35987066665480655], [0.35987066665480655, 0.31034537641698823, 0.35987066665480655, 0.35987066665480655, 0.35987066665480655, 0.25961548430481074, 0.2900412363806164, 0.35987066665480655]], "best_fitnesss": [0.30286162507685305, 0.31762489728828686, 0.33511859725748966, 0.35987066665480655, 0.35987066665480655, 0.35987066665480655, 0.35987066665480655, 0.35987066665480655, 0.35987066665480655, 0.35987066665480655, 0.35987066665480655], "prob_mutate": 0.046875}