{"num_qubits": 2, "depth": 7, "num_circuit": 32, "num_generation": 10, "current_generation": 1, "fitnessss": [[0.6516544969643354, 0.8985207393784338, 0.8356293515885225, 0.814065563752871, 0.799070920369851, 0.7731922397966642, 0.5636612632985648, 0.6906298762802205, 0.5970203647399008, 0.9097571517250419, 0.7148475453221211, 0.8295232808028716, 0.2988773969528996, 0.6674585817499363, 0.8906281588693432, 0.6724470407618306, 0.9292032608979612, 0.48466751029805666, 0.8343165375565071, 0.8671983071359479, 0.8445997660191725, 0.8123426610681047, 0.4405137592289562, 0.8608175519148406, 0.8789904561951962, 0.7118871909090103, 0.8716663415373738, 0.7569584871643884, 0.8418779762103968, 0.8640607422656073, 0.88782104202492, 0.8156630257555697]], "best_fitnesss": [0.9292032608979612], "prob_mutate": 0.013392857142857142}