{"num_qubits": 4, "depth": 9, "num_circuit": 16, "num_generation": 20, "current_generation": 20, "fitnessss": [[0.15623386525370875, 0.44213634843343375, 0.2998032837444964, 0.306292772175766, 0.16063526480891088, 0.12557489984179138, 0.1575787914851332, 0.20930748093344131, 0.39464949112664915, 0.3036304214065386, 0.1975601069122339, 0.36137600884657484, 0.2916680694503432, 0.3855530739991435, 0.10286232508392723, 0.2490615335404971], [0.44213634843343375, 0.39464949112664915, 0.16757429378112076, 0.24653742305454585, 0.3855530739991435, 0.36137600884657484, 0.18616216691572374, 0.23900168356400897, 0.306292772175766, 0.3036304214065386, 0.15738153679336087, 0.17565414958833847, 0.2998032837444964, 0.2916680694503432, 0.32778441593781116, 0.2782614699983903], [0.44213634843343375, 0.39464949112664915, 0.16757429378112076, 0.3690701243258495, 0.3855530739991435, 0.3844637374474602, 0.18616216691572374, 0.23900168356400897, 0.23036128325719818, 0.306292772175766, 0.2922037386617198, 0.1874192152902363, 0.3036304214065386, 0.2998032837444964, 0.14255465005976387, 0.23874044959540452], [0.31869321790584426, 0.39464949112664915, 0.16757429378112076, 0.3690701243258495, 0.1917598458904981, 0.3844637374474602, 0.18616216691572374, 0.24797601561850124, 0.461961530628354, 0.306292772175766, 0.16248341638015162, 0.21350811479786191, 0.3036304214065386, 0.2998032837444964, 0.3390140214847941, 0.18794129305711493], [0.461961530628354, 0.39464949112664915, 0.30875065687811487, 0.3690701243258495, 0.3844637374474602, 0.31975047262700307, 0.34425249500167865, 0.19803083908973262, 0.3390140214847941, 0.31869321790584426, 0.3826990251325816, 0.2916326492999902, 0.306292772175766, 0.3036304214065386, 0.15738153679336087, 0.17565414958833847], [0.461961530628354, 0.39464949112664915, 0.30875065687811487, 0.3690701243258495, 0.3844637374474602, 0.3826990251325816, 0.34425249500167865, 0.3293013246678431, 0.3690701243258495, 0.41451671474141694, 0.3690701243258495, 0.34425249500167865, 0.3390140214847941, 0.3439630316236192, 0.2654213617783092, 0.28985092638924836], [0.461961530628354, 0.41451671474141694, 0.461961530628354, 0.41451671474141694, 0.39464949112664915, 0.3844637374474602, 0.21842234513493441, 0.18277072333414357, 0.3826990251325816, 0.3690701243258495, 0.272578098909267, 0.3690701243258495, 0.25852528086245474, 0.3690701243258495, 0.3690701243258495, 0.3690701243258495], [0.461961530628354, 0.4146635383137025, 0.461961530628354, 0.461961530628354, 0.41451671474141694, 0.41451671474141694, 0.2705917964651591, 0.41451671474141694, 0.39464949112664915, 0.3844637374474602, 0.19803083908973262, 0.18277072333414357, 0.3826990251325816, 0.3690701243258495, 0.3826990251325816, 0.3690701243258495], [0.461961530628354, 0.5375833372150343, 0.461961530628354, 0.461961530628354, 0.461961530628354, 0.4146635383137025, 0.23280975731926845, 0.30493069177739274, 0.41451671474141694, 0.41451671474141694, 0.41451671474141694, 0.41451671474141694, 0.41451671474141694, 0.39464949112664915, 0.22600213246354106, 0.3690701243258495], [0.5375833372150343, 0.461961530628354, 0.2524625884695182, 0.461961530628354, 0.461961530628354, 0.461961530628354, 0.46413561448020824, 0.461961530628354, 0.461961530628354, 0.4146635383137025, 0.48242242114801714, 0.4508064804865224, 0.3812829522040685, 0.41451671474141694, 0.223842544374939, 0.41451671474141694], [0.3991441974190786, 0.48242242114801714, 0.4734895360564453, 0.5119897715888386, 0.46413561448020824, 0.461961530628354, 0.46454635464386285, 0.461961530628354, 0.461961530628354, 0.461961530628354, 0.461961530628354, 0.461961530628354, 0.461961530628354, 0.461961530628354, 0.461961530628354, 0.461961530628354], [0.5119897715888386, 0.48242242114801714, 0.3347795734881245, 0.5119897715888386, 0.4734895360564453, 0.35575210205191976, 0.5099425610767502, 0.40839861440001535, 0.46413561448020824, 0.461961530628354, 0.46413561448020824, 0.461961530628354, 0.29696958165189513, 0.461961530628354, 0.461961530628354, 0.461961530628354], [0.5119897715888386, 0.5119897715888386, 0.5119897715888386, 0.5119897715888386, 0.5099425610767502, 0.48242242114801714, 0.31317833917369164, 0.3652268294584726, 0.4734895360564453, 0.46413561448020824, 0.5375833372150343, 0.40839861440001535, 0.46413561448020824, 0.461961530628354, 0.2799604643752307, 0.461961530628354], [0.5375833372150343, 0.5119897715888386, 0.5375833372150343, 0.5119897715888386, 0.5119897715888386, 0.5119897715888386, 0.5119897715888386, 0.5119897715888386, 0.5119897715888386, 0.5099425610767502, 0.2419960680241553, 0.44504815221849037, 0.48242242114801714, 0.4734895360564453, 0.48242242114801714, 0.40075575572093713], [0.5375833372150343, 0.5375833372150343, 0.5375833372150343, 0.5375833372150343, 0.5119897715888386, 0.5119897715888386, 0.18195428546070125, 0.5119897715888386, 0.5119897715888386, 0.5119897715888386, 0.37600739359247193, 0.5119897715888386, 0.5406680418688736, 0.5119897715888386, 0.21163782835668976, 0.5119897715888386], [0.2033859248178771, 0.5375833372150343, 0.5406680418688736, 0.5375833372150343, 0.5375833372150343, 0.5375833372150343, 0.5375833372150343, 0.5375833372150343, 0.5375833372150343, 0.5119897715888386, 0.5375833372150343, 0.5119897715888386, 0.5119897715888386, 0.2967461853544846, 0.3710457382705592, 0.5119897715888386], [0.5406680418688736, 0.3446972199661291, 0.5406680418688736, 0.5375833372150343, 0.5375833372150343, 0.5375833372150343, 0.5375833372150343, 0.5375833372150343, 0.30916390819727724, 0.42613548614563723, 0.26121404598032716, 0.5375833372150343, 0.5375833372150343, 0.5375833372150343, 0.5375833372150343, 0.5375833372150343], [0.5406680418688736, 0.5406680418688736, 0.5406680418688736, 0.5406680418688736, 0.5375833372150343, 0.5375833372150343, 0.5375833372150343, 0.5375833372150343, 0.5375833372150343, 0.39131378547831364, 0.5375833372150343, 0.5375833372150343, 0.5375833372150343, 0.5375833372150343, 0.5375833372150343, 0.5375833372150343], [0.5406680418688736, 0.5406680418688736, 0.5406680418688736, 0.5406680418688736, 0.357101871121164, 0.5406680418688736, 0.5406680418688736, 0.5406680418688736, 0.39482416275333776, 0.5375833372150343, 0.5375833372150343, 0.5375833372150343, 0.5375833372150343, 0.5375833372150343, 0.5375833372150343, 0.5375833372150343], [0.5406680418688736, 0.5406680418688736, 0.5406680418688736, 0.2650582589239904, 0.5406680418688736, 0.5406680418688736, 0.5406680418688736, 0.5406680418688736, 0.5406680418688736, 0.5406680418688736, 0.5406680418688736, 0.5406680418688736, 0.5406680418688736, 0.5375833372150343, 0.5406680418688736, 0.5375833372150343]], "best_fitnesss": [0.44213634843343375, 0.44213634843343375, 0.44213634843343375, 0.461961530628354, 0.461961530628354, 0.461961530628354, 0.461961530628354, 0.461961530628354, 0.5375833372150343, 0.5375833372150343, 0.5119897715888386, 0.5119897715888386, 0.5375833372150343, 0.5375833372150343, 0.5406680418688736, 0.5406680418688736, 0.5406680418688736, 0.5406680418688736, 0.5406680418688736, 0.5406680418688736], "prob_mutate": 0.020833333333333332}