{"num_qubits": 5, "depth": 11, "num_circuit": 16, "num_generation": 30, "current_generation": 2, "fitnessss": [[0.3628801066306343, 0.28607382084369487, 0.3132969758103006, 0.32229171811933677, 0.2310259216320758, 0.2084283550471057, 0.27112122558754814, 0.28191121845900924, 0.43553523633688745, 0.36496868615369793, 0.4465728887422826, 0.3227910047957311, 0.35355458402699824, 0.3045991305039039, 0.39997839205831365, 0.28744624127252544], [0.4465728887422826, 0.43553523633688745, 0.37910922556659193, 0.38606697737836837, 0.4093269083347855, 0.36496868615369793, 0.36041832361573667, 0.31845304065160596, 0.3628801066306343, 0.35355458402699824, 0.37832601537153643, 0.3000979527396848, 0.3227910047957311, 0.32229171811933677, 0.30159932848231413, 0.37850717277420826]], "best_fitnesss": [0.4465728887422826, 0.4465728887422826], "prob_mutate": 0.017045454545454544}