{"num_qubits": 4, "depth": 26, "num_circuit": 32, "num_generation": 10, "current_generation": 1, "fitnessss": [[0.8713396431974235, 0.9029219217452379, 0.8996678720039872, 0.9096091589941431, 0.8973230900101313, 0.7991910334408853, 0.8586223298612838, 0.819749965583752, 0.9242082312246651, 0.8865756509520075, 0.8520166803712513, 0.8772861692763998, 0.89820898021931, 0.9041929279558849, 0.8664912491948404, 0.9267021922089288, 0.8475002912099644, 0.9108117319502481, 0.8418641750826673, 0.8990745916418111, 0.8236471907843168, 0.8954448762529124, 0.9069371986610328, 0.8585166966981621, 0.9051147777138875, 0.8388901898343863, 0.9107396181706949, 0.8424610989511352, 0.9070700757874668, 0.8056325985906275, 0.9186900902856314, 0.9111818355280155]], "best_fitnesss": [0.9267021922089288], "prob_mutate": 0.003605769230769231}