{"num_qubits": 4, "depth": 23, "num_circuit": 16, "num_generation": 30, "current_generation": 2, "fitnessss": [[0.7273985673627766, 0.8864850577527431, 0.8391431079675176, 0.8315676489404875, 0.8237190507430991, 0.8613050098203763, 0.83537031542572, 0.7977443301227526, 0.8891349842585672, 0.8463710571578071, 0.8315892408363081, 0.889253848531745, 0.8187297286805919, 0.835459232534995, 0.8216293549902678, 0.7240849322787962], [0.889253848531745, 0.8891349842585672, 0.8936412410803598, 0.8955939767121966, 0.8864850577527431, 0.8613050098203763, 0.8796727033630454, 0.8830730262808111, 0.8463710571578071, 0.8391431079675176, 0.858268909417869, 0.8155465973722661, 0.835459232534995, 0.83537031542572, 0.8146871231741413, 0.8828645654725552]], "best_fitnesss": [0.889253848531745, 0.8955939767121966], "prob_mutate": 0.008152173913043478}