{"num_qubits": 6, "depth": 30, "num_circuit": 16, "num_generation": 20, "current_generation": 2, "fitnessss": [[0.6331521820077587, 0.6186149986373352, 0.5394046454963817, 0.5396672236976825, 0.5733993192599364, 0.4889975392521901, 0.6053975666759609, 0.5599769523607623, 0.5939361698435514, 0.5737387349542308, 0.5399827939843652, 0.5766016222808018, 0.6174623760855533, 0.6262082980356831, 0.6232494486997822, 0.5472984547822755], [0.6331521820077587, 0.6544543384709545, 0.5872158150508117, 0.6251729259373712, 0.6166427839046401, 0.6186149986373352, 0.6015422248614659, 0.6169629985348083, 0.6174623760855533, 0.6053975666759609, 0.6253188145644905, 0.6037230456567575, 0.5939361698435514, 0.5766016222808018, 0.5772477211836902, 0.5880860879615649]], "best_fitnesss": [0.6331521820077587, 0.6544543384709545], "prob_mutate": 0.00625}