{"num_qubits": 5, "depth": 30, "num_circuit": 16, "num_generation": 20, "current_generation": 4, "fitnessss": [[0.7913625036023921, 0.7471156699413629, 0.8202442262958751, 0.7726104447823376, 0.7418588697021341, 0.7063752626598264, 0.7709253989948309, 0.7164866396825607, 0.7722150740300517, 0.7510777417256911, 0.7221055494953701, 0.7356634173524474, 0.7701756332385684, 0.7480135394405635, 0.7549941671224627, 0.7096169728603785], [0.8202442262958751, 0.7913625036023921, 0.8196708339919303, 0.7760265575260307, 0.7726104447823376, 0.7722150740300517, 0.7717019794518296, 0.7704213527655143, 0.7709253989948309, 0.7701756332385684, 0.7488159386161113, 0.7905712530893386, 0.7647156308311338, 0.7559051540145646, 0.7469575688405286, 0.7923402398529298], [0.8202442262958751, 0.8196708339919303, 0.8196708339919303, 0.8202442262958751, 0.7923402398529298, 0.7913625036023921, 0.7513764105011858, 0.7756770156942141, 0.7399605248745307, 0.7760265575260307, 0.7641473798772772, 0.7303682535304317, 0.7726104447823376, 0.7722150740300517, 0.748424330315402, 0.7704213527655143], [0.8202442262958751, 0.8202442262958751, 0.8202442262958751, 0.8202442262958751, 0.8122531926809955, 0.8196708339919303, 0.8359833258375303, 0.8196708339919303, 0.7923402398529298, 0.7913625036023921, 0.7513764105011858, 0.7756770156942141, 0.7760265575260307, 0.7908946201634871, 0.7756770156942141, 0.7760265575260307]], "best_fitnesss": [0.8202442262958751, 0.8202442262958751, 0.8202442262958751, 0.8359833258375303], "prob_mutate": 0.00625}