{"num_qubits": 4, "depth": 12, "num_circuit": 8, "num_generation": 10, "current_generation": 2, "fitnessss": [[0.5747276846464506, 0.43090389908067267, 0.6724841225899242, 0.5301831776117545, 0.5405114772403599, 0.501010787275858, 0.4918048994892185, 0.32977624049548593], [0.6906698517435613, 0.4658953831340778, 0.6163470974296167, 0.6095829431940338, 0.5405114772403599, 0.4729276033925805, 0.5892788485604472, 0.4996524205637223]], "best_fitnesss": [0.6724841225899242, 0.6906698517435613], "prob_mutate": 0.03125}