{"num_qubits": 4, "depth": 9, "num_circuit": 16, "num_generation": 20, "current_generation": 20, "fitnessss": [[0.29030625019029477, 0.12101866149069596, 0.19781488217179943, 0.524449221612921, 0.2121866047333536, 0.3157247214718206, 0.4152991018328336, 0.14375397818898838, 0.15817035896814446, 0.3163966357867849, 0.173024033304225, 0.33330116899801165, 0.39922923731973226, 0.2978336835942128, 0.37390572939761213, 0.21997385581349227], [0.524449221612921, 0.4152991018328336, 0.19621620546437435, 0.5325919682002533, 0.39922923731973226, 0.37390572939761213, 0.34484232462085584, 0.4208488652917396, 0.33330116899801165, 0.3163966357867849, 0.373402102881468, 0.2536507678463291, 0.3157247214718206, 0.2978336835942128, 0.2615092760595211, 0.44884903865011916], [0.5325919682002533, 0.524449221612921, 0.5325919682002533, 0.524449221612921, 0.44884903865011916, 0.4208488652917396, 0.4256344807917898, 0.3576859903914146, 0.4152991018328336, 0.39922923731973226, 0.422487506605835, 0.30165444804915564, 0.5780440794520474, 0.373402102881468, 0.24031503019903078, 0.3472737128129084], [0.5780440794520474, 0.5325919682002533, 0.37457028403802506, 0.3023176127077163, 0.5325919682002533, 0.524449221612921, 0.30965599897302787, 0.524449221612921, 0.524449221612921, 0.44884903865011916, 0.4610869640711528, 0.5388413648194137, 0.4256344807917898, 0.422487506605835, 0.4813753552965472, 0.422487506605835], [0.587479678315393, 0.5388413648194137, 0.37457028403802506, 0.5698690701101027, 0.5325919682002533, 0.5325919682002533, 0.5481847540885164, 0.4954360523571737, 0.524449221612921, 0.40894375162098817, 0.524449221612921, 0.524449221612921, 0.524449221612921, 0.4813753552965472, 0.43854719105761186, 0.5754647866149066], [0.587479678315393, 0.5245343785005574, 0.2485201952505468, 0.5434670457040693, 0.5698690701101027, 0.5481847540885164, 0.5342490303886454, 0.4546065837518569, 0.5388413648194137, 0.5325919682002533, 0.5388413648194137, 0.5325919682002533, 0.5325919682002533, 0.524449221612921, 0.5325919682002533, 0.524449221612921], [0.587479678315393, 0.5698690701101027, 0.5780440794520474, 0.561042083566871, 0.4028840370461053, 0.5434670457040693, 0.32983976633044, 0.3610554370065282, 0.5388413648194137, 0.5388413648194137, 0.5388413648194137, 0.5388413648194137, 0.5342490303886454, 0.5325919682002533, 0.5388413648194137, 0.5481847540885164], [0.23505808141646156, 0.5780440794520474, 0.2631488695095596, 0.4486878195037477, 0.5698690701101027, 0.5534263636838614, 0.561042083566871, 0.4607644706337408, 0.3801964101926604, 0.5434670457040693, 0.32983976633044, 0.556196953292489, 0.5388413648194137, 0.5388413648194137, 0.5388413648194137, 0.5666562714274259], [0.5780440794520474, 0.5698690701101027, 0.5780440794520474, 0.5698690701101027, 0.5666562714274259, 0.561042083566871, 0.561042083566871, 0.2998854340766657, 0.556196953292489, 0.527895381407139, 0.5434670457040693, 0.4286566215784028, 0.5434670457040693, 0.5388413648194137, 0.5754647866149066, 0.561042083566871], [0.5780440794520474, 0.14510509343866895, 0.5780440794520474, 0.5780440794520474, 0.21859536529357604, 0.5698690701101027, 0.3989345406421363, 0.5388413648194137, 0.5698690701101027, 0.5666562714274259, 0.5666562714274259, 0.5698690701101027, 0.561042083566871, 0.561042083566871, 0.44510181411888117, 0.561042083566871], [0.5780440794520474, 0.5780440794520474, 0.5780440794520474, 0.44748622304558006, 0.5780440794520474, 0.5698690701101027, 0.5780440794520474, 0.5698690701101027, 0.5698690701101027, 0.5698690701101027, 0.5698690701101027, 0.45192220698039454, 0.504696470337504, 0.5666562714274259, 0.5738717296636354, 0.5666562714274259], [0.5780440794520474, 0.5780440794520474, 0.2844823210699563, 0.5617078358325397, 0.5780440794520474, 0.5780440794520474, 0.3588933104609785, 0.5780440794520474, 0.5780440794520474, 0.5738717296636354, 0.23509966290196238, 0.5698690701101027, 0.6164570912221992, 0.5698690701101027, 0.5698690701101027, 0.5698690701101027], [0.6164570912221992, 0.5780440794520474, 0.6164570912221992, 0.5780440794520474, 0.5780440794520474, 0.5780440794520474, 0.51211224738869, 0.5780440794520474, 0.5780440794520474, 0.5780440794520474, 0.5780440794520474, 0.5780440794520474, 0.5780440794520474, 0.5738717296636354, 0.464202253610439, 0.5698690701101027], [0.6164570912221992, 0.6164570912221992, 0.6164570912221992, 0.6164570912221992, 0.3318491528017523, 0.5780440794520474, 0.5780440794520474, 0.5780440794520474, 0.5780440794520474, 0.36957828906058254, 0.5780440794520474, 0.5780440794520474, 0.2765715972181939, 0.5780440794520474, 0.5780440794520474, 0.5780440794520474], [0.6164570912221992, 0.6164570912221992, 0.610918317258043, 0.6164570912221992, 0.6164570912221992, 0.6164570912221992, 0.6164570912221992, 0.6164570912221992, 0.5780440794520474, 0.5780440794520474, 0.5780440794520474, 0.26355730534688904, 0.5780440794520474, 0.5780440794520474, 0.5780440794520474, 0.5780440794520474], [0.6164570912221992, 0.4677521475890405, 0.40328741346325414, 0.6164570912221992, 0.6164570912221992, 0.6164570912221992, 0.6164570912221992, 0.6164570912221992, 0.6164570912221992, 0.6164570912221992, 0.6164570912221992, 0.6164570912221992, 0.6164570912221992, 0.610918317258043, 0.5835903208185673, 0.5597004310779704], [0.6164570912221992, 0.6164570912221992, 0.6164570912221992, 0.4960671044979421, 0.6392828039951834, 0.6164570912221992, 0.6164570912221992, 0.6164570912221992, 0.6164570912221992, 0.6164570912221992, 0.6164570912221992, 0.6164570912221992, 0.6164570912221992, 0.6164570912221992, 0.5436348266470924, 0.6164570912221992], [0.6392828039951834, 0.6164570912221992, 0.6164570912221992, 0.6392828039951834, 0.6164570912221992, 0.26893110262401587, 0.6164570912221992, 0.6164570912221992, 0.5706774411084503, 0.6164570912221992, 0.6164570912221992, 0.6164570912221992, 0.6164570912221992, 0.6164570912221992, 0.6164570912221992, 0.6164570912221992], [0.6392828039951834, 0.6392828039951834, 0.6392828039951834, 0.6392828039951834, 0.6164570912221992, 0.6164570912221992, 0.6164570912221992, 0.5205242043243946, 0.6164570912221992, 0.6164570912221992, 0.6164570912221992, 0.6164570912221992, 0.6164570912221992, 0.6164570912221992, 0.6164570912221992, 0.6164570912221992], [0.6392828039951834, 0.6392828039951834, 0.6392828039951834, 0.5264689965226388, 0.6392828039951834, 0.6392828039951834, 0.6392828039951834, 0.6392828039951834, 0.6164570912221992, 0.6164570912221992, 0.6164570912221992, 0.6164570912221992, 0.6164570912221992, 0.6164570912221992, 0.6164570912221992, 0.6164570912221992]], "best_fitnesss": [0.524449221612921, 0.5325919682002533, 0.5780440794520474, 0.5780440794520474, 0.587479678315393, 0.587479678315393, 0.587479678315393, 0.5780440794520474, 0.5780440794520474, 0.5780440794520474, 0.5780440794520474, 0.6164570912221992, 0.6164570912221992, 0.6164570912221992, 0.6164570912221992, 0.6164570912221992, 0.6392828039951834, 0.6392828039951834, 0.6392828039951834, 0.6392828039951834], "prob_mutate": 0.020833333333333332}