{"num_qubits": 5, "depth": 14, "num_circuit": 32, "num_generation": 10, "current_generation": 1, "fitnessss": [[0.3754652718000297, 0.5352949372989328, 0.48231291005284904, 0.39678958339411, 0.45550096218233066, 0.4323403611858632, 0.4294037876076654, 0.44198588907104863, 0.4671368000042023, 0.446858627872614, 0.3821551938181577, 0.5532551018860747, 0.46282932896563833, 0.3977771146381912, 0.5115880270542219, 0.4114269110842728, 0.38261575097502515, 0.472287315211725, 0.47177396786355874, 0.49382161299769434, 0.3585571536576839, 0.45570852598202655, 0.40536281298704563, 0.3549174936127669, 0.4602126604929756, 0.3805448460922628, 0.43717535015753056, 0.460364396699006, 0.4740364700211284, 0.42167239478870533, 0.44998520382828266, 0.36744312216138136]], "best_fitnesss": [0.5532551018860747], "prob_mutate": 0.006696428571428571}