{"num_qubits": 4, "depth": 6, "num_circuit": 8, "num_generation": 40, "current_generation": 40, "fitnessss": [[0.18762808650589952, 0.2965981447571484, 0.3967541017779165, 0.30523627151132293, 0.3309454155264379, 0.26356778053988583, 0.18310168931813162, 0.3181439163541822], [0.3783976208248062, 0.35291596858417684, 0.4129245025500475, 0.3609656163123306, 0.1894894678055012, 0.3283386166036597, 0.3656861307400285, 0.28279644104090335], [0.4129245025500475, 0.3783976208248062, 0.3288106105710563, 0.4301027661032677, 0.2645938593570231, 0.36376909848888517, 0.24452753330916713, 0.2559460110746777], [0.3336026223815062, 0.4129245025500475, 0.4301027661032677, 0.3997787332080668, 0.3783976208248062, 0.36376909848888517, 0.3633393122336669, 0.34999231398008473], [0.3564615972147157, 0.4129245025500475, 0.34690904325546823, 0.4129245025500475, 0.4165806123388416, 0.3906453485045424, 0.3573552135495519, 0.3611463156912909], [0.4082960484591928, 0.4129245025500475, 0.4165806123388416, 0.4129245025500475, 0.4129245025500475, 0.3906453485045424, 0.4268304588454999, 0.3887164470841106], [0.4268304588454999, 0.4165806123388416, 0.4129245025500475, 0.36866393478463644, 0.4129245025500475, 0.48878557972348446, 0.4129245025500475, 0.4129245025500475], [0.41194432082351257, 0.4268304588454999, 0.3740879384348681, 0.37514845652372386, 0.4165806123388416, 0.4129245025500475, 0.36481680509735476, 0.4129245025500475], [0.257546419175987, 0.3675375526647323, 0.4129245025500475, 0.36866393478463644, 0.4129245025500475, 0.4129245025500475, 0.4129245025500475, 0.4129245025500475], [0.4129245025500475, 0.4129245025500475, 0.4129245025500475, 0.4529015874575194, 0.4129245025500475, 0.4129245025500475, 0.410540052100057, 0.4129245025500475], [0.4529015874575194, 0.4129245025500475, 0.3699665831847435, 0.4129245025500475, 0.4268741279761235, 0.4129245025500475, 0.4129245025500475, 0.4129245025500475], [0.4529015874575194, 0.4268741279761235, 0.4928207080281607, 0.4483761376004627, 0.3041219456981809, 0.2573337181717962, 0.4129245025500475, 0.4129245025500475], [0.4928207080281607, 0.4529015874575194, 0.3521822657907891, 0.4928207080281607, 0.4483761376004627, 0.3574029956192629, 0.4268741279761235, 0.4483761376004627], [0.4070326353138287, 0.3597462781942322, 0.4928207080281607, 0.4928207080281607, 0.4529015874575194, 0.4079332133574235, 0.425854831719254, 0.4483761376004627], [0.4928207080281607, 0.4928207080281607, 0.4009830448992421, 0.4928207080281607, 0.4529015874575194, 0.4483761376004627, 0.4529015874575194, 0.4626030581660169], [0.4928207080281607, 0.3734844940605265, 0.42247085389506356, 0.3206899076920108, 0.4928207080281607, 0.4626030581660169, 0.48521732040515364, 0.4492214152130309], [0.4245230739083502, 0.4928207080281607, 0.4928207080281607, 0.44960525599981765, 0.48521732040515364, 0.4626030581660169, 0.3976916719175169, 0.4626030581660169], [0.4928207080281607, 0.4928207080281607, 0.4928207080281607, 0.4450183403249965, 0.4041862197471778, 0.43453549280667614, 0.32894410400581625, 0.4626030581660169], [0.4928207080281607, 0.4928207080281607, 0.4928207080281607, 0.4928207080281607, 0.4928207080281607, 0.4571521128450608, 0.47058697866225085, 0.34482302899011275], [0.4928207080281607, 0.313247944597452, 0.4928207080281607, 0.4928207080281607, 0.4197775608359118, 0.4928207080281607, 0.4928207080281607, 0.4928207080281607], [0.4928207080281607, 0.43879075253542876, 0.4928207080281607, 0.4811216641532461, 0.4928207080281607, 0.4928207080281607, 0.3843277865123108, 0.4928207080281607], [0.4928207080281607, 0.4928207080281607, 0.4928207080281607, 0.4262980583872391, 0.4928207080281607, 0.3586552051383755, 0.4928207080281607, 0.4928207080281607], [0.4928207080281607, 0.41253510253543924, 0.47284968015856926, 0.4840968783764275, 0.46690149711289475, 0.4928207080281607, 0.4928207080281607, 0.4928207080281607], [0.4928207080281607, 0.44982514395640416, 0.3206899076920108, 0.4928207080281607, 0.4928207080281607, 0.42474285890377905, 0.4928207080281607, 0.41253510253543924], [0.3759873170786527, 0.4928207080281607, 0.4509602975015147, 0.448615739876976, 0.4928207080281607, 0.4159087454012981, 0.4928207080281607, 0.4928207080281607], [0.41253510253543924, 0.40279462713373854, 0.4928207080281607, 0.4928207080281607, 0.3749965609918015, 0.4928207080281607, 0.4928207080281607, 0.4591641303310535], [0.4928207080281607, 0.4928207080281607, 0.32397477338487385, 0.4928207080281607, 0.41253510253543924, 0.4928207080281607, 0.4928207080281607, 0.41334260301156156], [0.4226393314937913, 0.4928207080281607, 0.4928207080281607, 0.4736830778795335, 0.4471850135638748, 0.4928207080281607, 0.3985144470541945, 0.4928207080281607], [0.4928207080281607, 0.5436910683034217, 0.4928207080281607, 0.4928207080281607, 0.4928207080281607, 0.4171455962989127, 0.32614307699942396, 0.4928207080281607], [0.5436910683034217, 0.4928207080281607, 0.5436910683034217, 0.40755508273814944, 0.40829063323837705, 0.4928207080281607, 0.4928207080281607, 0.4928207080281607], [0.5436910683034217, 0.3664867718212951, 0.5436910683034217, 0.5436910683034217, 0.18103547829266484, 0.45272074146992647, 0.4928207080281607, 0.4928207080281607], [0.5436910683034217, 0.41334260301156156, 0.5436910683034217, 0.5436910683034217, 0.5436910683034217, 0.3810126658479044, 0.5436910683034217, 0.4438081587410272], [0.5436910683034217, 0.5436910683034217, 0.5436910683034217, 0.5436910683034217, 0.5436910683034217, 0.5436910683034217, 0.5436910683034217, 0.5436910683034217], [0.5073620963402252, 0.5436910683034217, 0.5436910683034217, 0.3241910451979219, 0.5579647915262267, 0.5436910683034217, 0.5436910683034217, 0.5436910683034217], [0.41884725781725135, 0.5436910683034217, 0.5579647915262267, 0.34411330229328907, 0.5073620963402252, 0.4475517059027266, 0.5436910683034217, 0.5436910683034217], [0.5579647915262267, 0.3885580905195329, 0.5579647915262267, 0.4626382779640519, 0.5436910683034217, 0.37127666077662747, 0.5436910683034217, 0.5436910683034217], [0.3241910451979219, 0.5579647915262267, 0.5579647915262267, 0.5579647915262267, 0.5436910683034217, 0.5436910683034217, 0.5436910683034217, 0.5436910683034217], [0.5579647915262267, 0.5579647915262267, 0.48645299245032037, 0.5579647915262267, 0.5579647915262267, 0.315669780508542, 0.5579647915262267, 0.48388109598832985], [0.41253510253543924, 0.5579647915262267, 0.5579647915262267, 0.5579647915262267, 0.5579647915262267, 0.5579647915262267, 0.5579647915262267, 0.5579647915262267], [0.5579647915262267, 0.5579647915262267, 0.5579647915262267, 0.5579647915262267, 0.4715120030446771, 0.4689219542456672, 0.5579647915262267, 0.5579647915262267]], "best_fitnesss": [0.3967541017779165, 0.4129245025500475, 0.4301027661032677, 0.4301027661032677, 0.4165806123388416, 0.4268304588454999, 0.48878557972348446, 0.4268304588454999, 0.4129245025500475, 0.4529015874575194, 0.4529015874575194, 0.4928207080281607, 0.4928207080281607, 0.4928207080281607, 0.4928207080281607, 0.4928207080281607, 0.4928207080281607, 0.4928207080281607, 0.4928207080281607, 0.4928207080281607, 0.4928207080281607, 0.4928207080281607, 0.4928207080281607, 0.4928207080281607, 0.4928207080281607, 0.4928207080281607, 0.4928207080281607, 0.4928207080281607, 0.5436910683034217, 0.5436910683034217, 0.5436910683034217, 0.5436910683034217, 0.5436910683034217, 0.5579647915262267, 0.5579647915262267, 0.5579647915262267, 0.5579647915262267, 0.5579647915262267, 0.5579647915262267, 0.5579647915262267], "prob_mutate": 0.0625}