{"num_qubits": 4, "depth": 23, "num_circuit": 8, "num_generation": 20, "current_generation": 1, "fitnessss": [[0.7513888619194435, 0.7676451133215179, 0.7506158368589844, 0.8811026393913552, 0.845407357131374, 0.7428110922617541, 0.7192919213965074, 0.7793266623877263]], "best_fitnesss": [0.8811026393913552], "prob_mutate": 0.016304347826086956}