{"num_qubits": 5, "depth": 13, "num_circuit": 4, "num_generation": 50, "current_generation": 16, "fitnessss": [[0.4729464850157689, 0.30015219552423045, 0.3181216670753041, 0.42147882593325825], [0.4826082051198936, 0.4505829278136176, 0.4652549296009295, 0.4177986428432733], [0.4892405133909891, 0.46382097808839384, 0.4248238871077975, 0.4509227586307065], [0.4998952887276166, 0.4769471976542121, 0.4625707648430444, 0.46064029200233436], [0.4549206885044225, 0.4769471976542121, 0.37085823411562496, 0.44541102295009943], [0.484714550784166, 0.4549206885044225, 0.47417907750257526, 0.42959442074981125], [0.484714550784166, 0.47417907750257526, 0.4158211150780697, 0.4403999619690494], [0.45921258037162593, 0.44545653928807916, 0.47417907750257526, 0.4146411414313185], [0.4459115212246102, 0.45921258037162593, 0.45843115010745705, 0.44245707829802344], [0.45921258037162593, 0.45843115010745705, 0.45348459665253615, 0.4558624826756862], [0.45921258037162593, 0.44761716061869583, 0.4489565328008064, 0.3916296069138692], [0.41143555682391797, 0.4489565328008064, 0.46435656670715886, 0.423017973163123], [0.4231887750680663, 0.4489565328008064, 0.46435656670715886, 0.4811959463244529], [0.4811959463244529, 0.46435656670715886, 0.4489565328008064, 0.43851969200638374], [0.4811959463244529, 0.4648600139593775, 0.4489565328008064, 0.4264412748521041], [0.4811959463244529, 0.4648600139593775, 0.45869442313664954, 0.4475085766878471]], "best_fitnesss": [0.4729464850157689, 0.4826082051198936, 0.4892405133909891, 0.4998952887276166, 0.4769471976542121, 0.484714550784166, 0.484714550784166, 0.47417907750257526, 0.45921258037162593, 0.45921258037162593, 0.45921258037162593, 0.46435656670715886, 0.4811959463244529, 0.4811959463244529, 0.4811959463244529, 0.4811959463244529], "prob_mutate": 0.057692307692307696}