{"num_qubits": 3, "depth": 7, "num_circuit": 8, "num_generation": 30, "current_generation": 13, "fitnessss": [[0.4867657286443821, 0.5757945525228385, 0.7650306555664588, 0.6710491920026126, 0.7246994368571636, 0.5387419085692693, 0.5403131364687164, 0.5709676409142418], [0.6498943097701531, 0.715162865861762, 0.7063835874934117, 0.6163024201199427, 0.6710491920026126, 0.5757945525228385, 0.6712417947488398, 0.6767319543877363], [0.715162865861762, 0.7063835874934117, 0.7569414820671823, 0.6908973750810352, 0.6067111191335164, 0.5781454061290626, 0.45693244405931627, 0.6991563422562663], [0.7569414820671823, 0.6960787152244923, 0.715162865861762, 0.7569414820671823, 0.7063835874934117, 0.6991563422562663, 0.71649497367378, 0.5850238870810596], [0.7569414820671823, 0.7569414820671823, 0.7569414820671823, 0.7569414820671823, 0.71649497367378, 0.715162865861762, 0.6908973750810352, 0.7264753496788294], [0.7569414820671823, 0.7569414820671823, 0.6887150178642324, 0.7337849768100257, 0.7569414820671823, 0.7210759073887019, 0.7569414820671823, 0.7569414820671823], [0.7569414820671823, 0.7569414820671823, 0.7569414820671823, 0.7569414820671823, 0.7569414820671823, 0.658815416388767, 0.6654755809247673, 0.7569414820671823], [0.7569414820671823, 0.7569414820671823, 0.7569414820671823, 0.7569414820671823, 0.7569414820671823, 0.7569414820671823, 0.7569414820671823, 0.7421450743147683], [0.7569414820671823, 0.7569414820671823, 0.7569414820671823, 0.7569414820671823, 0.7578036550641899, 0.7569414820671823, 0.7569414820671823, 0.5955771437367967], [0.7578036550641899, 0.7569414820671823, 0.7045792162370901, 0.7569414820671823, 0.7569414820671823, 0.7569414820671823, 0.7569414820671823, 0.6716264909025813], [0.722692648865864, 0.7569414820671823, 0.7578036550641899, 0.7569414820671823, 0.7569414820671823, 0.7569414820671823, 0.6408174848898366, 0.6853072283532885], [0.7578036550641899, 0.7569414820671823, 0.7578036550641899, 0.7569414820671823, 0.7569414820671823, 0.7569414820671823, 0.7569414820671823, 0.7569414820671823], [0.693338045292177, 0.7730093587617703, 0.7578036550641899, 0.7578036550641899, 0.7569414820671823, 0.7569414820671823, 0.7569414820671823, 0.7569414820671823]], "best_fitnesss": [0.7650306555664588, 0.715162865861762, 0.7569414820671823, 0.7569414820671823, 0.7569414820671823, 0.7569414820671823, 0.7569414820671823, 0.7569414820671823, 0.7578036550641899, 0.7578036550641899, 0.7578036550641899, 0.7578036550641899, 0.7730093587617703], "prob_mutate": 0.05357142857142857}