{"num_qubits": 6, "depth": 25, "num_circuit": 4, "num_generation": 30, "current_generation": 24, "fitnessss": [[0.4812487107155972, 0.5091018244484667, 0.47772985904997806, 0.4776052630258854], [0.5091018244484667, 0.4812487107155972, 0.52753749552876, 0.4697857883281927], [0.5166290844267281, 0.4887603818056537, 0.5123802917335115, 0.5260155318803295], [0.5260155318803295, 0.5096232871682275, 0.5205868346801432, 0.5283340304756983], [0.5283340304756983, 0.5260155318803295, 0.5283340304756983, 0.5134386130091216], [0.5087549694545426, 0.5283340304756983, 0.496157531977144, 0.5095998171234981], [0.5239510723988174, 0.5095998171234981, 0.4811694788550782, 0.5283340304756983], [0.4763234212657065, 0.5072497607928559, 0.5224167964252617, 0.5223173784543496], [0.5246682675911426, 0.5223173784543496, 0.49185786351892313, 0.490549146512581], [0.5043602090634713, 0.5181662477805723, 0.5053935375409757, 0.4914884749314482], [0.5181662477805723, 0.5053935375409757, 0.5182445940247491, 0.4915717225786712], [0.5182445940247491, 0.5181662477805723, 0.5006054495561064, 0.5095706622410808], [0.5307624801340353, 0.5080357236686766, 0.5013445298575007, 0.5237021563179104], [0.5307624801340353, 0.5399873559562322, 0.5628014399211997, 0.5056799937253293], [0.5169306653726387, 0.5399873559562322, 0.5427317010934372, 0.5452166899187338], [0.532703118688842, 0.5427317010934372, 0.5399873559562322, 0.5628014399211997], [0.5628014399211997, 0.529017749203019, 0.5200270837686188, 0.5247337766199263], [0.5628014399211997, 0.5398320998040993, 0.5427317010934372, 0.5174725706475504], [0.5395802585892522, 0.5278094255985961, 0.5149806938900712, 0.5217747300676827], [0.5395802585892522, 0.5138758192054116, 0.5270199064564471, 0.534670843070564], [0.532548846464033, 0.534670843070564, 0.5521656537945364, 0.534670843070564], [0.5521656537945364, 0.5315008026909586, 0.5521656537945364, 0.5463387818506659], [0.5604233615855422, 0.5230144163049075, 0.5521656537945364, 0.539513411684529], [0.5604233615855422, 0.5521656537945364, 0.5461391184855897, 0.5632704457940717]], "best_fitnesss": [0.5091018244484667, 0.52753749552876, 0.5260155318803295, 0.5283340304756983, 0.5283340304756983, 0.5283340304756983, 0.5283340304756983, 0.5224167964252617, 0.5246682675911426, 0.5181662477805723, 0.5182445940247491, 0.5182445940247491, 0.5307624801340353, 0.5628014399211997, 0.5452166899187338, 0.5628014399211997, 0.5628014399211997, 0.5628014399211997, 0.5395802585892522, 0.5395802585892522, 0.5521656537945364, 0.5521656537945364, 0.5604233615855422, 0.5632704457940717], "prob_mutate": 0.03}