{"num_qubits": 4, "depth": 11, "num_circuit": 8, "num_generation": 50, "current_generation": 4, "fitnessss": [[0.5421176679304089, 0.5131035221917458, 0.4352927729754909, 0.6162756262442475, 0.49835775768299423, 0.5263946450477581, 0.4726701250276893, 0.3083687416374115], [0.6162756262442475, 0.5421176679304089, 0.5900753604607993, 0.5436012846402873, 0.5263946450477581, 0.5131035221917458, 0.4582668196236071, 0.4413190930299063], [0.6162756262442475, 0.5900753604607993, 0.5308327664100656, 0.5537035561065222, 0.5436012846402873, 0.5421176679304089, 0.5421176679304089, 0.5979809212612505], [0.6162756262442475, 0.5979809212612505, 0.5991632903944017, 0.5436012846402873, 0.5900753604607993, 0.5537035561065222, 0.6630318013187776, 0.6072399464079787]], "best_fitnesss": [0.6162756262442475, 0.6162756262442475, 0.6162756262442475, 0.6630318013187776], "prob_mutate": 0.03409090909090909}