{"num_qubits": 6, "depth": 39, "num_circuit": 32, "num_generation": 20, "current_generation": 2, "fitnessss": [[0.7132146624925596, 0.6621059257302538, 0.707098633965711, 0.6944737855829579, 0.7304245345082659, 0.72241810564237, 0.6315808529161996, 0.6639980389952541, 0.7168701889190162, 0.7205783776609392, 0.6992655739765539, 0.675412740686573, 0.6846718878402525, 0.6974411667915617, 0.6415694232867317, 0.6904586975318285, 0.6755514103326312, 0.663160773346864, 0.6880366472755046, 0.6852284123273492, 0.6727872263908523, 0.7397162897699199, 0.7008151930233664, 0.711024214588524, 0.7215274691596136, 0.6725645434014891, 0.673108186732403, 0.6594356985895666, 0.6825527548827887, 0.6800541603819505, 0.7667162896400146, 0.7550777416573615], [0.7667162896400146, 0.7550777416573615, 0.7570928388942663, 0.7418654275231892, 0.7397162897699199, 0.7150030449712419, 0.7360591612951144, 0.6896559113467989, 0.72241810564237, 0.7215274691596136, 0.697325844477302, 0.6795415602672717, 0.7205783776609392, 0.7168701889190162, 0.6760828452736027, 0.7459076467648498, 0.7132146624925596, 0.711024214588524, 0.7013788609756929, 0.7118692796268904, 0.707098633965711, 0.7008151930233664, 0.7081416658652335, 0.7023981975443091, 0.7326341371908868, 0.6974411667915617, 0.6792595009706153, 0.7228457541426859, 0.6944737855829579, 0.6904586975318285, 0.6688780048911095, 0.6924581249888935]], "best_fitnesss": [0.7667162896400146, 0.7667162896400146], "prob_mutate": 0.002403846153846154}