{"num_qubits": 4, "depth": 9, "num_circuit": 16, "num_generation": 20, "current_generation": 20, "fitnessss": [[0.42038222427908756, 0.1125325709598275, 0.46760931970664377, 0.147978483619851, 0.25659583080163895, 0.20888254495399095, 0.25869824241646067, 0.20773375266692784, 0.3761974260373184, 0.1806482621647867, 0.23447780628806036, 0.21673836123219858, 0.1633224572627714, 0.24364347525517982, 0.38210118078836264, 0.39333118805086564], [0.46760931970664377, 0.304649315940803, 0.4076410152754726, 0.34137118567957436, 0.39333118805086564, 0.38210118078836264, 0.51280343126407, 0.22860128899453747, 0.3761974260373184, 0.25869824241646067, 0.40573907429854184, 0.4174055902139375, 0.27375185761413423, 0.24364347525517982, 0.2634895196480236, 0.2020052100232934], [0.51280343126407, 0.46760931970664377, 0.1572222077080131, 0.5675581498328259, 0.4174055902139375, 0.4076410152754726, 0.21992896392149863, 0.35969832852684935, 0.40573907429854184, 0.39333118805086564, 0.35696740812659056, 0.08911625518921862, 0.38210118078836264, 0.298428560901544, 0.3750824639367256, 0.3209948371192465], [0.5675581498328259, 0.51280343126407, 0.5675581498328259, 0.51280343126407, 0.46760931970664377, 0.4174055902139375, 0.3232531327414848, 0.19932887962003087, 0.4076410152754726, 0.40573907429854184, 0.2865080828489537, 0.2947406521238749, 0.4340623662167433, 0.38210118078836264, 0.22963799207957847, 0.22968198110915017], [0.5675581498328259, 0.3666068426061567, 0.5675581498328259, 0.5675581498328259, 0.51280343126407, 0.51280343126407, 0.51280343126407, 0.51280343126407, 0.46760931970664377, 0.4340623662167433, 0.29193490047045845, 0.22661365145996615, 0.4174055902139375, 0.4076410152754726, 0.4864864536774307, 0.3232531327414848], [0.5675581498328259, 0.5675581498328259, 0.5200735425373846, 0.5675581498328259, 0.28252862271135193, 0.51280343126407, 0.2377239954492507, 0.51280343126407, 0.51280343126407, 0.20264467980044676, 0.51280343126407, 0.51280343126407, 0.51280343126407, 0.4864864536774307, 0.19356067497395946, 0.23977173784733374], [0.4805665809539936, 0.5675581498328259, 0.5675581498328259, 0.5675581498328259, 0.5675581498328259, 0.5200735425373846, 0.5200735425373846, 0.5675581498328259, 0.51280343126407, 0.51280343126407, 0.21430280457109485, 0.51280343126407, 0.51280343126407, 0.51280343126407, 0.27096568482490613, 0.51280343126407], [0.5675581498328259, 0.5675581498328259, 0.2582585230485529, 0.5675581498328259, 0.5675581498328259, 0.5675581498328259, 0.5675581498328259, 0.5675581498328259, 0.14099363824508537, 0.5200735425373846, 0.36350328090484707, 0.5736879714687798, 0.5200735425373846, 0.51280343126407, 0.5675581498328259, 0.2283595204217712], [0.5736879714687798, 0.5675581498328259, 0.5445461184732194, 0.3422087681253765, 0.5675581498328259, 0.5675581498328259, 0.5675581498328259, 0.5675581498328259, 0.5675581498328259, 0.5675581498328259, 0.5675581498328259, 0.5675581498328259, 0.5675581498328259, 0.3784464949953946, 0.5675581498328259, 0.5675581498328259], [0.4847280570430519, 0.5675581498328259, 0.5675581498328259, 0.6120535950328009, 0.5675581498328259, 0.5675581498328259, 0.5675581498328259, 0.5675581498328259, 0.5675581498328259, 0.5675581498328259, 0.5675581498328259, 0.5675581498328259, 0.5675581498328259, 0.2823391028471226, 0.5675581498328259, 0.5882421693481532], [0.5616755561866998, 0.5882421693481532, 0.5882421693481532, 0.2966946731837812, 0.5675581498328259, 0.22923962025629796, 0.38091996810598994, 0.5675581498328259, 0.5190646223232195, 0.5675581498328259, 0.5675581498328259, 0.5675581498328259, 0.5675581498328259, 0.5675581498328259, 0.5675581498328259, 0.5675581498328259], [0.5882421693481532, 0.5882421693481532, 0.5882421693481532, 0.5882421693481532, 0.5675581498328259, 0.5675581498328259, 0.5675581498328259, 0.5675581498328259, 0.5675581498328259, 0.5675581498328259, 0.5675581498328259, 0.5675581498328259, 0.5675581498328259, 0.5675581498328259, 0.5675581498328259, 0.5675581498328259], [0.5882421693481532, 0.470349542990223, 0.5882421693481532, 0.5882421693481532, 0.5882421693481532, 0.5882421693481532, 0.5882421693481532, 0.5882421693481532, 0.5675581498328259, 0.18726054155691918, 0.4249353107844882, 0.5675581498328259, 0.5675581498328259, 0.44140676359670294, 0.5675581498328259, 0.5675581498328259], [0.534054975336288, 0.5882421693481532, 0.5882421693481532, 0.5882421693481532, 0.47404000126724277, 0.5882421693481532, 0.5882421693481532, 0.5882421693481532, 0.5882421693481532, 0.5882421693481532, 0.5882421693481532, 0.5882421693481532, 0.602121790990486, 0.5145556457168274, 0.5675581498328259, 0.5882421693481532], [0.602121790990486, 0.5882421693481532, 0.5882421693481532, 0.602121790990486, 0.5882421693481532, 0.5882421693481532, 0.5882421693481532, 0.5882421693481532, 0.5882421693481532, 0.5882421693481532, 0.5882421693481532, 0.5067684421671337, 0.5882421693481532, 0.3635056011299147, 0.5506633547112919, 0.5882421693481532], [0.602121790990486, 0.602121790990486, 0.602121790990486, 0.602121790990486, 0.5882421693481532, 0.5882421693481532, 0.5882421693481532, 0.5882421693481532, 0.5882421693481532, 0.26270418932483364, 0.5882421693481532, 0.5882421693481532, 0.5882421693481532, 0.5882421693481532, 0.5882421693481532, 0.5882421693481532], [0.602121790990486, 0.602121790990486, 0.34652519760527745, 0.602121790990486, 0.602121790990486, 0.3229338947611726, 0.602121790990486, 0.6048031170378022, 0.5882421693481532, 0.5882421693481532, 0.5882421693481532, 0.5882421693481532, 0.5882421693481532, 0.5882421693481532, 0.5882421693481532, 0.5882421693481532], [0.6048031170378022, 0.602121790990486, 0.602121790990486, 0.6048031170378022, 0.602121790990486, 0.5375349506623819, 0.32189363730337683, 0.602121790990486, 0.602121790990486, 0.602121790990486, 0.602121790990486, 0.602121790990486, 0.5882421693481532, 0.5882421693481532, 0.5882421693481532, 0.5882421693481532], [0.6048031170378022, 0.6048031170378022, 0.36721510826411063, 0.6048031170378022, 0.602121790990486, 0.602121790990486, 0.602121790990486, 0.602121790990486, 0.602121790990486, 0.602121790990486, 0.602121790990486, 0.602121790990486, 0.602121790990486, 0.602121790990486, 0.5925850869304424, 0.602121790990486], [0.6048031170378022, 0.34101575042245247, 0.6048031170378022, 0.6048031170378022, 0.4033340549815231, 0.602121790990486, 0.602121790990486, 0.6048031170378022, 0.4760952774436611, 0.602121790990486, 0.602121790990486, 0.5689446264448285, 0.40944134459568526, 0.602121790990486, 0.602121790990486, 0.602121790990486]], "best_fitnesss": [0.46760931970664377, 0.51280343126407, 0.5675581498328259, 0.5675581498328259, 0.5675581498328259, 0.5675581498328259, 0.5675581498328259, 0.5736879714687798, 0.5736879714687798, 0.6120535950328009, 0.5882421693481532, 0.5882421693481532, 0.5882421693481532, 0.602121790990486, 0.602121790990486, 0.602121790990486, 0.6048031170378022, 0.6048031170378022, 0.6048031170378022, 0.6048031170378022], "prob_mutate": 0.020833333333333332}