{"num_qubits": 5, "depth": 12, "num_circuit": 8, "num_generation": 10, "current_generation": 4, "fitnessss": [[0.4754513259940323, 0.36099244151858134, 0.3283050755615425, 0.3719262907460107, 0.43104662574578334, 0.3590606031376344, 0.40219507685620365, 0.37334949117170824], [0.4754513259940323, 0.43104662574578334, 0.40363257169239863, 0.46805542021454166, 0.40219507685620365, 0.37334949117170824, 0.402001525050167, 0.37314328747246384], [0.4754513259940323, 0.46805542021454166, 0.4401061233068294, 0.4631830628591259, 0.4514501423590427, 0.40363257169239863, 0.4791219495826737, 0.39208725004169626], [0.4791219495826737, 0.47139359225102656, 0.4859159926291737, 0.35004894418052424, 0.46805542021454166, 0.4366050164119616, 0.4631830628591259, 0.46805542021454166]], "best_fitnesss": [0.4754513259940323, 0.4754513259940323, 0.4791219495826737, 0.4859159926291737], "prob_mutate": 0.03125}