{"num_qubits": 4, "depth": 3, "num_circuit": 8, "num_generation": 10, "current_generation": 10, "fitnessss": [[0.22221426742415198, 0.14099883493737364, 0.1783879096665486, 0.18255196672410404, 0.17222634119122845, 0.180234324667815, 0.07694057903958416, 0.162990121232355], [0.18980349471409746, 0.18255196672410404, 0.15077691103611918, 0.12036400326320722, 0.17080761146978748, 0.1783879096665486, 0.25182456172560047, 0.15137931623671289], [0.25182456172560047, 0.2649058570550806, 0.21177997391664743, 0.21752381958949715, 0.18255196672410404, 0.1783879096665486, 0.1708758412830086, 0.26772554432716344], [0.26772554432716344, 0.2649058570550806, 0.2375151410971518, 0.2557393113310253, 0.23214787852441926, 0.21752381958949715, 0.2546055465535956, 0.21752381958949715], [0.26772554432716344, 0.2649058570550806, 0.26099178907232856, 0.2557393113310253, 0.23429097082831257, 0.2546055465535956, 0.26069030863175274, 0.22951692131192156], [0.16697546084053855, 0.2649058570550806, 0.236042860273677, 0.24163675483102223, 0.2718760067000377, 0.26069030863175274, 0.18422908071809121, 0.19234510666835694], [0.2718760067000377, 0.2649058570550806, 0.20108476678653248, 0.27065405467648657, 0.17859694088026842, 0.1881234043042892, 0.24163675483102223, 0.26069030863175274], [0.20090730729976575, 0.27065405467648657, 0.17136824032456804, 0.2649058570550806, 0.2034468977378633, 0.2388049162532484, 0.26069030863175274, 0.18996489597517552], [0.27065405467648657, 0.2649058570550806, 0.26099178907232856, 0.27065405467648657, 0.2689482815116778, 0.2388049162532484, 0.24913175519527148, 0.26069030863175274], [0.27065405467648657, 0.2146659273622893, 0.2152973823900583, 0.27065405467648657, 0.2689482815116778, 0.2649058570550806, 0.2649058570550806, 0.26210765768736544]], "best_fitnesss": [0.22221426742415198, 0.25182456172560047, 0.26772554432716344, 0.26772554432716344, 0.26772554432716344, 0.2718760067000377, 0.2718760067000377, 0.27065405467648657, 0.27065405467648657, 0.27065405467648657], "prob_mutate": 0.125}