{"num_qubits": 2, "depth": 5, "num_circuit": 4, "num_generation": 20, "current_generation": 3, "fitnessss": [[0.7497617173072374, 0.6543762306854808, 0.8060793721432546, 0.6856567657358925], [0.7406165931119049, 0.7497617173072374, 0.7512546083839023, 0.7202149643545714], [0.8025268350038104, 0.8883109973584407, 0.6005637002746218, 0.7669856819182735]], "best_fitnesss": [0.8060793721432546, 0.7512546083839023, 0.8883109973584407], "prob_mutate": 0.15}