{"num_qubits": 5, "depth": 29, "num_circuit": 8, "num_generation": 50, "current_generation": 2, "fitnessss": [[0.7035223368379384, 0.7324113125112817, 0.734519020826846, 0.762263856549958, 0.7405083041569002, 0.7746877792758474, 0.6715233562513486, 0.7177940619286549], [0.7746877792758474, 0.762263856549958, 0.8164595846602744, 0.7143300474623174, 0.7405083041569002, 0.734519020826846, 0.7251083692034923, 0.7535193324100918]], "best_fitnesss": [0.7746877792758474, 0.8164595846602744], "prob_mutate": 0.01293103448275862}