{"num_qubits": 5, "depth": 6, "num_circuit": 32, "num_generation": 20, "current_generation": 9, "fitnessss": [[0.18690798701715888, 0.17887004968114656, 0.22553871894536054, 0.16854674576687048, 0.1571328312990891, 0.1607220131777987, 0.06521189344526634, 0.10446865325050811, 0.16182463745759795, 0.1672914775765764, 0.15898510315879827, 0.18838683276272503, 0.23565853404682743, 0.1428681719421371, 0.17244443404285023, 0.13981667412240417, 0.21159251682426256, 0.19047161428674864, 0.16465548315001655, 0.2004312318163488, 0.1939215744428683, 0.14688982402161904, 0.2470388039375814, 0.20109191122893866, 0.20496635461795884, 0.1559078556431058, 0.1824982073075924, 0.13691163343620816, 0.21725765309933429, 0.1840820324037476, 0.17982897345614896, 0.19720104151615997], [0.2470388039375814, 0.1272853547252433, 0.2255294328212026, 0.102365049391044, 0.22553871894536054, 0.21725765309933429, 0.21324656704017747, 0.20968436330039442, 0.21159251682426256, 0.20496635461795884, 0.19173610063589602, 0.20123628453334116, 0.20109191122893866, 0.2004312318163488, 0.19889507930176087, 0.25107378949531645, 0.19720104151615997, 0.1939215744428683, 0.143594049545526, 0.15883917899375852, 0.19047161428674864, 0.17438789060729148, 0.2529617624317102, 0.18719413987495365, 0.18690798701715888, 0.1840820324037476, 0.19890852727421432, 0.20011098269632682, 0.1824982073075924, 0.17982897345614896, 0.18970174750077629, 0.19092814973722466], [0.2529617624317102, 0.25107378949531645, 0.19801997573813643, 0.2511241787713303, 0.2470388039375814, 0.22553871894536054, 0.2713503841352967, 0.18794294638486406, 0.2255294328212026, 0.21725765309933429, 0.26579810825159544, 0.17544335675964276, 0.21324656704017747, 0.21159251682426256, 0.2076833749656048, 0.18308202249468844, 0.20968436330039442, 0.1192935003127276, 0.17183005492637857, 0.239365173551712, 0.20123628453334116, 0.20109191122893866, 0.22088488925068867, 0.2212086854736896, 0.2004312318163488, 0.20011098269632682, 0.23672642533204075, 0.17061935670839098, 0.19890852727421432, 0.19889507930176087, 0.20030688006538622, 0.1646610331757187], [0.2713503841352967, 0.26579810825159544, 0.26622159620603236, 0.2713503841352967, 0.2529617624317102, 0.2511241787713303, 0.2529617624317102, 0.2511241787713303, 0.25107378949531645, 0.2470388039375814, 0.20448870800266733, 0.24320476413677694, 0.239365173551712, 0.23672642533204075, 0.17828230281384655, 0.24142432498542338, 0.22553871894536054, 0.2255294328212026, 0.18816578348198004, 0.2713503841352967, 0.2212086854736896, 0.22088488925068867, 0.20109191122893866, 0.20123628453334116, 0.21725765309933429, 0.21324656704017747, 0.2073095179901681, 0.21324656704017747, 0.21159251682426256, 0.20968436330039442, 0.2219618041415768, 0.16511591615228924], [0.2713503841352967, 0.2713503841352967, 0.2713503841352967, 0.26003266301246086, 0.2713503841352967, 0.26622159620603236, 0.26579810825159544, 0.3116162413606572, 0.26579810825159544, 0.2529617624317102, 0.25328468939203497, 0.19399569689220442, 0.2529617624317102, 0.2511241787713303, 0.2529617624317102, 0.2511241787713303, 0.2511241787713303, 0.25107378949531645, 0.25107378949531645, 0.2511241787713303, 0.2470388039375814, 0.24320476413677694, 0.24320476413677694, 0.2470388039375814, 0.24142432498542338, 0.239365173551712, 0.24142432498542338, 0.17415472343698482, 0.23672642533204075, 0.22553871894536054, 0.25047738139614745, 0.1767126964174809], [0.3116162413606572, 0.2713503841352967, 0.3116162413606572, 0.2713503841352967, 0.2713503841352967, 0.2713503841352967, 0.2713503841352967, 0.2713503841352967, 0.2713503841352967, 0.26622159620603236, 0.26579810825159544, 0.3116162413606572, 0.26579810825159544, 0.26579810825159544, 0.26579810825159544, 0.26579810825159544, 0.26003266301246086, 0.25328468939203497, 0.2497512265495505, 0.22784532820602169, 0.2529617624317102, 0.2529617624317102, 0.2529617624317102, 0.2529617624317102, 0.2529617624317102, 0.2511241787713303, 0.2046706781188729, 0.2511241787713303, 0.17609401383529505, 0.2511241787713303, 0.2511241787713303, 0.2511241787713303], [0.3116162413606572, 0.3116162413606572, 0.2651722986331645, 0.3116162413606572, 0.3116162413606572, 0.2713503841352967, 0.3116162413606572, 0.2713503841352967, 0.2713503841352967, 0.2713503841352967, 0.2713503841352967, 0.2713503841352967, 0.2713503841352967, 0.2713503841352967, 0.2713503841352967, 0.2713503841352967, 0.2713503841352967, 0.2713503841352967, 0.2713503841352967, 0.2713503841352967, 0.26622159620603236, 0.26579810825159544, 0.26622159620603236, 0.26579810825159544, 0.26579810825159544, 0.26579810825159544, 0.26579810825159544, 0.26579810825159544, 0.26579810825159544, 0.26579810825159544, 0.26579810825159544, 0.26579810825159544], [0.3116162413606572, 0.3116162413606572, 0.3116162413606572, 0.3116162413606572, 0.3116162413606572, 0.3116162413606572, 0.3116162413606572, 0.3116162413606572, 0.3116162413606572, 0.2713503841352967, 0.3116162413606572, 0.2713503841352967, 0.2713503841352967, 0.2713503841352967, 0.2713503841352967, 0.2713503841352967, 0.2713503841352967, 0.2713503841352967, 0.2713503841352967, 0.2713503841352967, 0.2713503841352967, 0.2713503841352967, 0.2713503841352967, 0.2713503841352967, 0.2713503841352967, 0.2713503841352967, 0.2713503841352967, 0.2713503841352967, 0.2713503841352967, 0.2713503841352967, 0.2713503841352967, 0.2713503841352967], [0.3116162413606572, 0.2477305482089524, 0.3116162413606572, 0.3116162413606572, 0.3116162413606572, 0.26000782286099955, 0.3116162413606572, 0.3116162413606572, 0.3116162413606572, 0.3116162413606572, 0.3116162413606572, 0.3116162413606572, 0.3116162413606572, 0.3116162413606572, 0.3116162413606572, 0.3116162413606572, 0.2556605186386028, 0.3116162413606572, 0.19127617344276882, 0.3116162413606572, 0.2713503841352967, 0.2713503841352967, 0.2713503841352967, 0.2713503841352967, 0.2713503841352967, 0.2713503841352967, 0.2713503841352967, 0.2713503841352967, 0.2713503841352967, 0.2259564100483022, 0.2713503841352967, 0.2713503841352967]], "best_fitnesss": [0.2470388039375814, 0.2529617624317102, 0.2713503841352967, 0.2713503841352967, 0.3116162413606572, 0.3116162413606572, 0.3116162413606572, 0.3116162413606572, 0.3116162413606572], "prob_mutate": 0.015625}