{"num_qubits": 4, "depth": 10, "num_circuit": 4, "num_generation": 20, "current_generation": 20, "fitnessss": [[0.2508626678094091, 0.5194636489429992, 0.4147499475914582, 0.41654051196648145], [0.5384923559114939, 0.47756168767448426, 0.3920530234914862, 0.5945670348880967], [0.5945670348880967, 0.5384923559114939, 0.5703756946597477, 0.5885071417747564], [0.5945670348880967, 0.5885071417747564, 0.5945670348880967, 0.548527561622473], [0.5459824058655312, 0.5945670348880967, 0.56873261028989, 0.5201372420406368], [0.5945670348880967, 0.56873261028989, 0.56873261028989, 0.44349721419464255], [0.4714976971150035, 0.4751231157039847, 0.56873261028989, 0.5945670348880967], [0.5832436171648328, 0.5721543697803565, 0.47076624006336276, 0.5806650103216617], [0.49859994999095286, 0.5806650103216617, 0.5253445336858926, 0.5065963847525901], [0.45612459767623753, 0.5482327614873472, 0.39591506402069543, 0.4059346134577323], [0.5482327614873472, 0.45612459767623753, 0.5228602136509448, 0.4805968834504837], [0.5482327614873472, 0.5228602136509448, 0.613447392452752, 0.5785653073898895], [0.5416943433848888, 0.5785653073898895, 0.5932377640892479, 0.613447392452752], [0.5583554348195371, 0.5932377640892479, 0.5785653073898895, 0.5666065769038758], [0.5416943453686988, 0.5864320977561455, 0.4557872287093825, 0.5689997256701749], [0.5864320977561455, 0.5986026791819709, 0.5655284232945145, 0.5693947122216546], [0.5483509784057532, 0.42361747214451134, 0.5560890651648858, 0.5999130060469313], [0.5524789944191072, 0.457459063032185, 0.5129597854552894, 0.6418381403507329], [0.6418381403507329, 0.46235526477500144, 0.5539117221278123, 0.5999130060469313], [0.554735283355494, 0.5999130060469313, 0.6418381403507329, 0.5999130060469313]], "best_fitnesss": [0.5194636489429992, 0.5945670348880967, 0.5945670348880967, 0.5945670348880967, 0.5945670348880967, 0.5945670348880967, 0.5945670348880967, 0.5832436171648328, 0.5806650103216617, 0.5482327614873472, 0.5482327614873472, 0.613447392452752, 0.613447392452752, 0.5932377640892479, 0.5864320977561455, 0.5986026791819709, 0.5999130060469313, 0.6418381403507329, 0.6418381403507329, 0.6418381403507329], "prob_mutate": 0.075}