{"num_qubits": 4, "depth": 26, "num_circuit": 16, "num_generation": 20, "current_generation": 2, "fitnessss": [[0.8889948843809149, 0.8694558639555859, 0.8272173616897796, 0.778006208217307, 0.7954898825238196, 0.797120830298661, 0.8830954146459054, 0.8506475259680746, 0.8943112386703896, 0.8951544889768369, 0.784210093568956, 0.8734252006627641, 0.9124175069600813, 0.8891151347263799, 0.8457484230217143, 0.8724208875663152], [0.9124175069600813, 0.9116696963246959, 0.8709994728475754, 0.8601344663026816, 0.8652579767749577, 0.8891151347263799, 0.8606566646922161, 0.9170099273026171, 0.8889948843809149, 0.8782754362575552, 0.8600489269650391, 0.8920959536443194, 0.8734252006627641, 0.8655294271468555, 0.9132591527183631, 0.8738152465307817]], "best_fitnesss": [0.9124175069600813, 0.9170099273026171], "prob_mutate": 0.007211538461538462}