{"num_qubits": 5, "depth": 27, "num_circuit": 8, "num_generation": 20, "current_generation": 2, "fitnessss": [[0.7473170113189989, 0.7772933442556227, 0.720727223964135, 0.6620766244673881, 0.6764700737421114, 0.7409234871426303, 0.6341578723461182, 0.6213298794569431], [0.7772933442556227, 0.7473170113189989, 0.7644236974004991, 0.7851944537021432, 0.7409234871426303, 0.720727223964135, 0.7369471164156354, 0.7305352250616528]], "best_fitnesss": [0.7772933442556227, 0.7851944537021432], "prob_mutate": 0.013888888888888888}