{"num_qubits": 6, "depth": 23, "num_circuit": 4, "num_generation": 10, "current_generation": 10, "fitnessss": [[0.4699320522248966, 0.5229222638713245, 0.4798269091295131, 0.38260741237025697], [0.5303933010896272, 0.4803442383058, 0.4987818835174155, 0.4818018575900731], [0.4970847028186315, 0.4816151592652317, 0.4987818835174155, 0.5303933010896272], [0.5285472754933151, 0.4755075929049615, 0.4834065324268084, 0.5303933010896272], [0.5303933010896272, 0.5285472754933151, 0.5509960164808938, 0.5303933010896272], [0.5071296907449524, 0.5479347445243321, 0.5224313426489064, 0.4923401525359631], [0.5479347445243321, 0.5224313426489064, 0.5101391734586603, 0.5303933010896272], [0.5064160106054288, 0.5303933010896272, 0.5479347445243321, 0.5303933010896272], [0.5162455733253537, 0.5303933010896272, 0.5310825153737903, 0.5565468435227897], [0.4693325273366922, 0.5310825153737903, 0.5130679894153569, 0.5113581913227382]], "best_fitnesss": [0.5229222638713245, 0.5303933010896272, 0.5303933010896272, 0.5303933010896272, 0.5509960164808938, 0.5479347445243321, 0.5479347445243321, 0.5479347445243321, 0.5565468435227897, 0.5310825153737903], "prob_mutate": 0.03260869565217391}