{"num_qubits": 4, "depth": 28, "num_circuit": 8, "num_generation": 20, "current_generation": 1, "fitnessss": [[0.8920193755197099, 0.8836940955749535, 0.8912616133741414, 0.8971738883540163, 0.9232523980824366, 0.9046034255324054, 0.7954940188128617, 0.905586525475548]], "best_fitnesss": [0.9232523980824366], "prob_mutate": 0.013392857142857142}