{"num_qubits": 6, "depth": 21, "num_circuit": 8, "num_generation": 10, "current_generation": 8, "fitnessss": [[0.393927789109088, 0.3971786097822761, 0.42948976421505936, 0.37594731315870844, 0.38222888316367276, 0.38112765930986614, 0.3775645854596135, 0.3352795666908458], [0.42948976421505936, 0.4236559189381497, 0.4076996771691279, 0.4212227352264982, 0.393927789109088, 0.40043105729575396, 0.4335118707769438, 0.3856630910042408], [0.4335118707769438, 0.41259068778549224, 0.3856257903832127, 0.4653853769080065, 0.4236559189381497, 0.4212227352264982, 0.4328886841914543, 0.4236559189381497], [0.4653853769080065, 0.4195920061821581, 0.43827192198258585, 0.3814640799509782, 0.4328886841914543, 0.4236559189381497, 0.39815919065116406, 0.4328886841914543], [0.4653853769080065, 0.43827192198258585, 0.4361076499309221, 0.4764649960720325, 0.4328886841914543, 0.4328886841914543, 0.4328886841914543, 0.4172007083042752], [0.4764649960720325, 0.4653853769080065, 0.4764649960720325, 0.4653853769080065, 0.43827192198258585, 0.4361076499309221, 0.4361076499309221, 0.43827192198258585], [0.4764649960720325, 0.4764649960720325, 0.4764649960720325, 0.4682807066984075, 0.4653853769080065, 0.45363437782708377, 0.4538256528308208, 0.46240593147836095], [0.4764649960720325, 0.4764649960720325, 0.4764649960720325, 0.4764649960720325, 0.4764649960720325, 0.4682807066984075, 0.4976172063257505, 0.4764649960720325]], "best_fitnesss": [0.42948976421505936, 0.4335118707769438, 0.4653853769080065, 0.4653853769080065, 0.4764649960720325, 0.4764649960720325, 0.4764649960720325, 0.4976172063257505], "prob_mutate": 0.017857142857142856}