{"num_qubits": 6, "depth": 36, "num_circuit": 32, "num_generation": 20, "current_generation": 1, "fitnessss": [[0.6412613403180456, 0.6646702103156935, 0.707876681305722, 0.6302375520649327, 0.6319885661478479, 0.6940185575515045, 0.6044817912755146, 0.6541223856566389, 0.6740788907014764, 0.6932223395161449, 0.680023956171028, 0.6652683724676198, 0.7145507482642887, 0.5953537416447849, 0.6983745682938216, 0.6785820643403643, 0.6869382135116148, 0.7151313652083018, 0.6606079623590569, 0.6952828236150113, 0.599835544319369, 0.6933832957597845, 0.6986611538059779, 0.6483570965917613, 0.6418527827352933, 0.6264159557074996, 0.7346042819587308, 0.6693804344428999, 0.6418837425604595, 0.5697364908308323, 0.6153107689886009, 0.6842709388095574]], "best_fitnesss": [0.7346042819587308], "prob_mutate": 0.0026041666666666665}