{"num_qubits": 4, "depth": 9, "num_circuit": 16, "num_generation": 20, "current_generation": 20, "fitnessss": [[0.24848865904417783, 0.2556964144395216, 0.4766772269008249, 0.2893997101217184, 0.26700355108049, 0.22958270491698385, 0.24453440729153353, 0.2226702982376213, 0.23073778045762894, 0.13037054393172554, 0.21366414742026252, 0.25519314283959904, 0.26180724939395894, 0.3207273177571548, 0.3569504131136646, 0.444149363509722], [0.4766772269008249, 0.444149363509722, 0.15285126094683343, 0.2494378903397475, 0.3569504131136646, 0.3207273177571548, 0.23031280091926476, 0.24185513582476226, 0.2893997101217184, 0.26700355108049, 0.1820757405647242, 0.1995371857477174, 0.26180724939395894, 0.21892462593058792, 0.5842624403845935, 0.27215362313546243], [0.5842624403845935, 0.23225805832969737, 0.25819277788587414, 0.22171780839260702, 0.444149363509722, 0.29141835630187085, 0.2730849403011887, 0.24735516737313823, 0.3207273177571548, 0.2893997101217184, 0.4030435906834089, 0.22815559551066733, 0.15774100754530485, 0.26700355108049, 0.3411870515149612, 0.2205337205857727], [0.5842624403845935, 0.36881250302201385, 0.22718113992529654, 0.3308731542251353, 0.4030435906834089, 0.3411870515149612, 0.3504223027342942, 0.27721202152151636, 0.3207273177571548, 0.2327266526479569, 0.14003289764649374, 0.23031280091926476, 0.2893997101217184, 0.17979027186164254, 0.3729774374172635, 0.22568440562840497], [0.5842624403845935, 0.4030435906834089, 0.38325011519520935, 0.18542337740466974, 0.3729774374172635, 0.36881250302201385, 0.20950681330430154, 0.2935279325468051, 0.3504223027342942, 0.3411870515149612, 0.3504223027342942, 0.3411870515149612, 0.3308731542251353, 0.3207273177571548, 0.24303789080251192, 0.18542337740466974], [0.5842624403845935, 0.4030435906834089, 0.38325011519520935, 0.18542337740466974, 0.38325011519520935, 0.3729774374172635, 0.4136420445952599, 0.2893997101217184, 0.36881250302201385, 0.3504223027342942, 0.29318850213662384, 0.156146583871015, 0.3504223027342942, 0.3411870515149612, 0.3504223027342942, 0.3411870515149612], [0.5842624403845935, 0.4136420445952599, 0.4136420445952599, 0.5842624403845935, 0.4030435906834089, 0.15396301161907078, 0.2394348268972757, 0.38325011519520935, 0.38325011519520935, 0.3729774374172635, 0.4136420445952599, 0.1898034842710622, 0.27049199173883853, 0.3504223027342942, 0.29318850213662384, 0.11903916330337483], [0.5842624403845935, 0.5842624403845935, 0.5842624403845935, 0.5842624403845935, 0.4136420445952599, 0.4136420445952599, 0.4136420445952599, 0.4136420445952599, 0.4136420445952599, 0.4030435906834089, 0.3579322119660697, 0.24185513582476226, 0.38325011519520935, 0.38325011519520935, 0.38325011519520935, 0.38325011519520935], [0.5842624403845935, 0.2618833029129364, 0.5842624403845935, 0.5842624403845935, 0.5842624403845935, 0.5842624403845935, 0.5842624403845935, 0.5842624403845935, 0.4136420445952599, 0.4136420445952599, 0.4136420445952599, 0.4136420445952599, 0.23564528681565755, 0.527940002945992, 0.4136420445952599, 0.4136420445952599], [0.5842624403845935, 0.5842624403845935, 0.5842624403845935, 0.5842624403845935, 0.21782759829203524, 0.5842624403845935, 0.5842624403845935, 0.5842624403845935, 0.5842624403845935, 0.5842624403845935, 0.5842624403845935, 0.5842624403845935, 0.5842624403845935, 0.527940002945992, 0.527940002945992, 0.5842624403845935], [0.5842624403845935, 0.5842624403845935, 0.37426216987620475, 0.3143094234450692, 0.5842624403845935, 0.5842624403845935, 0.23165801944329556, 0.5842624403845935, 0.5842624403845935, 0.5842624403845935, 0.5842624403845935, 0.2683688379719069, 0.5842624403845935, 0.5842624403845935, 0.5101974453150031, 0.5842624403845935], [0.5842624403845935, 0.5842624403845935, 0.5842624403845935, 0.5842624403845935, 0.5842624403845935, 0.5842624403845935, 0.2809470404682528, 0.5842624403845935, 0.5842624403845935, 0.5842624403845935, 0.5842624403845935, 0.5056479401053514, 0.5690280248809529, 0.5842624403845935, 0.5455732766524817, 0.29751160370458485], [0.5842624403845935, 0.5842624403845935, 0.4041145250931415, 0.5842624403845935, 0.5842624403845935, 0.5842624403845935, 0.5842624403845935, 0.5842624403845935, 0.5842624403845935, 0.5842624403845935, 0.5842624403845935, 0.5842624403845935, 0.5842624403845935, 0.5842624403845935, 0.5842624403845935, 0.5842624403845935], [0.5467818608600463, 0.5842624403845935, 0.5842624403845935, 0.5842624403845935, 0.5842624403845935, 0.5842624403845935, 0.5842624403845935, 0.5842624403845935, 0.5842624403845935, 0.5842624403845935, 0.5842624403845935, 0.5842624403845935, 0.5842624403845935, 0.5842624403845935, 0.5842624403845935, 0.5720091953331967], [0.5842624403845935, 0.5842624403845935, 0.5593403940272703, 0.5842624403845935, 0.5842624403845935, 0.42729680135088055, 0.5842624403845935, 0.5842624403845935, 0.3882011956445408, 0.5842624403845935, 0.5842624403845935, 0.5842624403845935, 0.5842624403845935, 0.5842624403845935, 0.5842624403845935, 0.5842624403845935], [0.5842624403845935, 0.5842624403845935, 0.5339602177902151, 0.5842624403845935, 0.5842624403845935, 0.42285617326792635, 0.4155289667325992, 0.20444846156460483, 0.5842624403845935, 0.5842624403845935, 0.5842624403845935, 0.5842624403845935, 0.5842624403845935, 0.5842624403845935, 0.5842624403845935, 0.5842624403845935], [0.5842624403845935, 0.5842624403845935, 0.5842624403845935, 0.5842624403845935, 0.5842624403845935, 0.5842624403845935, 0.5842624403845935, 0.5842624403845935, 0.5842624403845935, 0.5842624403845935, 0.5842624403845935, 0.47346136402860184, 0.5842624403845935, 0.5842624403845935, 0.5842624403845935, 0.5842624403845935], [0.5907495005882913, 0.5842624403845935, 0.5842624403845935, 0.5842624403845935, 0.5842624403845935, 0.5842624403845935, 0.5842624403845935, 0.5842624403845935, 0.40432767225636645, 0.5842624403845935, 0.5842624403845935, 0.5842624403845935, 0.5842624403845935, 0.5842624403845935, 0.5842624403845935, 0.5842624403845935], [0.6008010191765226, 0.5842624403845935, 0.5842624403845935, 0.5907495005882913, 0.5236788343985055, 0.5842624403845935, 0.5842624403845935, 0.5842624403845935, 0.5842624403845935, 0.5842624403845935, 0.5842624403845935, 0.2681326476000212, 0.5842624403845935, 0.5842624403845935, 0.5842624403845935, 0.5842624403845935], [0.6008010191765226, 0.5907495005882913, 0.6008010191765226, 0.5907495005882913, 0.5842624403845935, 0.5842624403845935, 0.5842624403845935, 0.5842624403845935, 0.5842624403845935, 0.5842624403845935, 0.5842624403845935, 0.5842624403845935, 0.38061788961518184, 0.5842624403845935, 0.5842624403845935, 0.5842624403845935]], "best_fitnesss": [0.4766772269008249, 0.5842624403845935, 0.5842624403845935, 0.5842624403845935, 0.5842624403845935, 0.5842624403845935, 0.5842624403845935, 0.5842624403845935, 0.5842624403845935, 0.5842624403845935, 0.5842624403845935, 0.5842624403845935, 0.5842624403845935, 0.5842624403845935, 0.5842624403845935, 0.5842624403845935, 0.5842624403845935, 0.5907495005882913, 0.6008010191765226, 0.6008010191765226], "prob_mutate": 0.020833333333333332}