{"num_qubits": 4, "depth": 9, "num_circuit": 16, "num_generation": 20, "current_generation": 20, "fitnessss": [[0.1619467907000468, 0.2288448646175617, 0.11621783119126017, 0.12654050913237536, 0.3833577337108648, 0.3509141043821681, 0.5036002691061182, 0.2966896429464503, 0.4309965757863097, 0.1760085322440128, 0.3232574759852791, 0.26214782510400725, 0.4550296794989064, 0.529273202872052, 0.23310104724505332, 0.263211140126827], [0.529273202872052, 0.2864184390493518, 0.3259610011308187, 0.42296944720707175, 0.4550296794989064, 0.4309965757863097, 0.25060711911902234, 0.29639359320310654, 0.4820179412134037, 0.3509141043821681, 0.2406929599167743, 0.24345932542978288, 0.17527523322452987, 0.2966896429464503, 0.3159435398384536, 0.22389323084369805], [0.40447068469443415, 0.4820179412134037, 0.3941178884605121, 0.29776887461623547, 0.24216550874153064, 0.25087190289807193, 0.25060711911902234, 0.29639359320310654, 0.42296944720707175, 0.3509141043821681, 0.38846905277383326, 0.243421050283125, 0.3259610011308187, 0.2788266493026451, 0.30160143753902935, 0.4424276351374352], [0.4820179412134037, 0.4424276351374352, 0.4288396289480424, 0.429906037612932, 0.42296944720707175, 0.40447068469443415, 0.31254605773407307, 0.4409929769111567, 0.3941178884605121, 0.38846905277383326, 0.3358062175362647, 0.512713887504337, 0.3509141043821681, 0.3259610011308187, 0.2585926728668756, 0.3358062175362647], [0.5073926802054245, 0.4820179412134037, 0.512713887504337, 0.4820179412134037, 0.4424276351374352, 0.4409929769111567, 0.45940709260638424, 0.32589273226967697, 0.3850730879842491, 0.42171140742953006, 0.4424276351374352, 0.3647637442565278, 0.42296944720707175, 0.42780457573409225, 0.31254605773407307, 0.4409929769111567], [0.29708553106280655, 0.42626589031190043, 0.512713887504337, 0.37180860531499316, 0.4820179412134037, 0.4820179412134037, 0.4820179412134037, 0.4820179412134037, 0.45940709260638424, 0.4424276351374352, 0.22982129904022963, 0.48483771947755927, 0.4424276351374352, 0.4409929769111567, 0.48483771947755927, 0.2671185612274476], [0.512713887504337, 0.48483771947755927, 0.42296944720707175, 0.429906037612932, 0.48483771947755927, 0.3518361201694502, 0.429906037612932, 0.46643809124346836, 0.4820179412134037, 0.4820179412134037, 0.4820179412134037, 0.27518393144499664, 0.4820179412134037, 0.45940709260638424, 0.46643809124346836, 0.4706171404259629], [0.511042925540346, 0.48483771947755927, 0.42296944720707175, 0.429906037612932, 0.48483771947755927, 0.4820179412134037, 0.429906037612932, 0.46643809124346836, 0.4820179412134037, 0.4820179412134037, 0.48983370070091237, 0.4820179412134037, 0.28350323534798494, 0.4706171404259629, 0.45336039646735415, 0.3519514917116896], [0.511042925540346, 0.48983370070091237, 0.5139052133341855, 0.4820179412134037, 0.48483771947755927, 0.48483771947755927, 0.48483771947755927, 0.48483771947755927, 0.4820179412134037, 0.4820179412134037, 0.4820179412134037, 0.4820179412134037, 0.4820179412134037, 0.2534618287645496, 0.4820179412134037, 0.4820179412134037], [0.5139052133341855, 0.511042925540346, 0.511042925540346, 0.5139052133341855, 0.48983370070091237, 0.48483771947755927, 0.46643809124346836, 0.3356521808837496, 0.48483771947755927, 0.3203456482742435, 0.48483771947755927, 0.48483771947755927, 0.48483771947755927, 0.4820179412134037, 0.2588374714169286, 0.46643809124346836], [0.5139052133341855, 0.5139052133341855, 0.5139052133341855, 0.5139052133341855, 0.511042925540346, 0.511042925540346, 0.4488575947617143, 0.511042925540346, 0.48983370070091237, 0.38202904533977855, 0.46643809124346836, 0.3356521808837496, 0.48483771947755927, 0.48483771947755927, 0.48483771947755927, 0.48483771947755927], [0.5139052133341855, 0.5139052133341855, 0.5139052133341855, 0.5139052133341855, 0.5139052133341855, 0.5139052133341855, 0.5139052133341855, 0.5139052133341855, 0.511042925540346, 0.511042925540346, 0.35594759527546826, 0.42361548938392635, 0.511042925540346, 0.48983370070091237, 0.5139052133341855, 0.4820179412134037], [0.5139052133341855, 0.5139052133341855, 0.3452658563596438, 0.5139957620399884, 0.4144156453598702, 0.46521188939666813, 0.5139052133341855, 0.5139052133341855, 0.5139052133341855, 0.5139052133341855, 0.5139052133341855, 0.5139052133341855, 0.5139052133341855, 0.5139052133341855, 0.5139052133341855, 0.5139052133341855], [0.3198842564177873, 0.5139052133341855, 0.5139957620399884, 0.5139052133341855, 0.5139052133341855, 0.3378061760208354, 0.5139052133341855, 0.5139052133341855, 0.4270529475002447, 0.5139052133341855, 0.4826404319807974, 0.5139052133341855, 0.36210196672953976, 0.5139052133341855, 0.5139052133341855, 0.5139052133341855], [0.4182512387763986, 0.5139052133341855, 0.5139957620399884, 0.5139052133341855, 0.5139052133341855, 0.5139052133341855, 0.5139052133341855, 0.24955047734971314, 0.5139052133341855, 0.5139052133341855, 0.5139052133341855, 0.5597048533988935, 0.5139052133341855, 0.5139052133341855, 0.5139052133341855, 0.3581727073019487], [0.29962988555252135, 0.5139957620399884, 0.5139052133341855, 0.4714785400656376, 0.5139052133341855, 0.5139052133341855, 0.5139052133341855, 0.5139052133341855, 0.5139052133341855, 0.5139052133341855, 0.5139052133341855, 0.5139052133341855, 0.4772147749357949, 0.4263334479219867, 0.5139052133341855, 0.5139052133341855], [0.5139957620399884, 0.27459060099168253, 0.5139957620399884, 0.5139052133341855, 0.5139052133341855, 0.5139052133341855, 0.5139052133341855, 0.5139052133341855, 0.5139052133341855, 0.5139052133341855, 0.5139052133341855, 0.4248470784681435, 0.5139052133341855, 0.5139052133341855, 0.5139052133341855, 0.5139052133341855], [0.5139957620399884, 0.5139957620399884, 0.5139957620399884, 0.5139957620399884, 0.5139052133341855, 0.5139052133341855, 0.5139052133341855, 0.5139052133341855, 0.5139052133341855, 0.44083032214559825, 0.5139052133341855, 0.5139052133341855, 0.5139052133341855, 0.5139052133341855, 0.5139052133341855, 0.5139052133341855], [0.5139957620399884, 0.5139957620399884, 0.32377923102407646, 0.5139957620399884, 0.5139957620399884, 0.5139957620399884, 0.5139957620399884, 0.5139957620399884, 0.5139052133341855, 0.5139052133341855, 0.5139052133341855, 0.5139052133341855, 0.4892308123365623, 0.5139052133341855, 0.5139052133341855, 0.5139052133341855], [0.5139957620399884, 0.5139957620399884, 0.5139957620399884, 0.5139957620399884, 0.5139957620399884, 0.5139957620399884, 0.5139957620399884, 0.5139957620399884, 0.5139957620399884, 0.5139957620399884, 0.5139957620399884, 0.5139957620399884, 0.16875105731729878, 0.5139052133341855, 0.5139957620399884, 0.5139052133341855]], "best_fitnesss": [0.529273202872052, 0.529273202872052, 0.4820179412134037, 0.512713887504337, 0.512713887504337, 0.512713887504337, 0.512713887504337, 0.511042925540346, 0.5139052133341855, 0.5139052133341855, 0.5139052133341855, 0.5139052133341855, 0.5139957620399884, 0.5139957620399884, 0.5597048533988935, 0.5139957620399884, 0.5139957620399884, 0.5139957620399884, 0.5139957620399884, 0.5139957620399884], "prob_mutate": 0.020833333333333332}