{"num_qubits": 5, "depth": 6, "num_circuit": 16, "num_generation": 50, "current_generation": 50, "fitnessss": [[0.1448404428506249, 0.22157729615812238, 0.1095887081094703, 0.22104928006370317, 0.14296623763131008, 0.09987416408611047, 0.14805420781561326, 0.27726153944834, 0.24993864194477244, 0.15571641502016242, 0.21788914915661017, 0.16633665141689083, 0.2260728300240861, 0.23461323975190435, 0.20424345199626198, 0.2498160147707722], [0.2749562724167324, 0.24993864194477244, 0.26419312714957677, 0.2278191863785001, 0.2498160147707722, 0.23461323975190435, 0.1371171365097395, 0.21267514926708025, 0.22279329693695357, 0.22157729615812238, 0.2444690265227203, 0.14019706207341814, 0.22104928006370317, 0.21788914915661017, 0.20870857427294376, 0.2770091286122309], [0.2770091286122309, 0.2749562724167324, 0.2747736401507503, 0.268042305597751, 0.26419312714957677, 0.24993864194477244, 0.26419312714957677, 0.24993864194477244, 0.2498160147707722, 0.2444690265227203, 0.2133584330163214, 0.22000479310866955, 0.20227015642893584, 0.2278191863785001, 0.2257268606813391, 0.17075119040177336], [0.2770091286122309, 0.2749562724167324, 0.2233377997967126, 0.268042305597751, 0.2747736401507503, 0.23480481922360127, 0.2770091286122309, 0.2749562724167324, 0.26419312714957677, 0.24765079828185604, 0.26419312714957677, 0.26419312714957677, 0.25311373617412836, 0.24993864194477244, 0.17330669313100283, 0.24993864194477244], [0.2770091286122309, 0.24486193700950695, 0.2770091286122309, 0.2770091286122309, 0.2749562724167324, 0.2749562724167324, 0.2749562724167324, 0.2749562724167324, 0.2747736401507503, 0.2378867849820018, 0.2770091286122309, 0.2673037901673548, 0.26419312714957677, 0.26419312714957677, 0.26419312714957677, 0.26419312714957677], [0.2770091286122309, 0.2770091286122309, 0.2770091286122309, 0.2770091286122309, 0.25982026912507583, 0.2770091286122309, 0.29661755058242023, 0.2770091286122309, 0.2461983189290171, 0.23099250359563667, 0.2749562724167324, 0.2749562724167324, 0.2749562724167324, 0.2749562724167324, 0.2840140434663631, 0.2749562724167324], [0.29661755058242023, 0.2840140434663631, 0.25236803317116385, 0.22757389289004254, 0.2770091286122309, 0.2770091286122309, 0.2770091286122309, 0.2770091286122309, 0.2770091286122309, 0.18977724220069508, 0.2770091286122309, 0.2770091286122309, 0.2770091286122309, 0.2770091286122309, 0.2770091286122309, 0.2770091286122309], [0.29661755058242023, 0.2840140434663631, 0.22546100556247647, 0.268042305597751, 0.2770091286122309, 0.2770091286122309, 0.2770091286122309, 0.2770091286122309, 0.2770091286122309, 0.2770091286122309, 0.26398304982944154, 0.2770091286122309, 0.2770091286122309, 0.2770091286122309, 0.24054687109079328, 0.2770091286122309], [0.29661755058242023, 0.2840140434663631, 0.25236803317116385, 0.268042305597751, 0.2770091286122309, 0.2770091286122309, 0.2770091286122309, 0.2770091286122309, 0.2770091286122309, 0.2770091286122309, 0.2770091286122309, 0.2770091286122309, 0.2770091286122309, 0.2770091286122309, 0.2770091286122309, 0.2770091286122309], [0.29661755058242023, 0.2840140434663631, 0.25236803317116385, 0.268042305597751, 0.2770091286122309, 0.2770091286122309, 0.2770091286122309, 0.2770091286122309, 0.2770091286122309, 0.2770091286122309, 0.2684542659340532, 0.2770091286122309, 0.2616950794248532, 0.2770091286122309, 0.2770091286122309, 0.2770091286122309], [0.24131403104126292, 0.2840140434663631, 0.25236803317116385, 0.268042305597751, 0.2770091286122309, 0.2770091286122309, 0.1902867219648654, 0.2770091286122309, 0.18852718838648125, 0.2770091286122309, 0.24382788124464144, 0.2770091286122309, 0.2770091286122309, 0.2770091286122309, 0.2770091286122309, 0.2753975590327774], [0.28542389776976307, 0.2770091286122309, 0.268042305597751, 0.2828321029510397, 0.2770091286122309, 0.2770091286122309, 0.2770091286122309, 0.2770091286122309, 0.2770091286122309, 0.2770091286122309, 0.2770091286122309, 0.3066127057672207, 0.2770091286122309, 0.2770091286122309, 0.23772678107951287, 0.2770091286122309], [0.3066127057672207, 0.28542389776976307, 0.2828321029510397, 0.21676160190903665, 0.2828321029510397, 0.2770091286122309, 0.2770091286122309, 0.2828321029510397, 0.23029346547667698, 0.2770091286122309, 0.2770091286122309, 0.2770091286122309, 0.298239858320909, 0.2770091286122309, 0.2770091286122309, 0.2770091286122309], [0.3066127057672207, 0.298239858320909, 0.298239858320909, 0.3066127057672207, 0.2480925606134914, 0.2828321029510397, 0.28542389776976307, 0.2828321029510397, 0.25197529003576813, 0.2831445556453164, 0.2828321029510397, 0.2828321029510397, 0.2770091286122309, 0.2770091286122309, 0.2770091286122309, 0.2770091286122309], [0.3066127057672207, 0.3066127057672207, 0.3066127057672207, 0.3066127057672207, 0.298239858320909, 0.298239858320909, 0.298239858320909, 0.298239858320909, 0.2713906049111556, 0.2831445556453164, 0.26130816695588477, 0.2828321029510397, 0.2828321029510397, 0.2828321029510397, 0.2828321029510397, 0.2828321029510397], [0.3066127057672207, 0.3066127057672207, 0.3066127057672207, 0.3066127057672207, 0.3066127057672207, 0.3066127057672207, 0.3066127057672207, 0.3066127057672207, 0.298239858320909, 0.298239858320909, 0.298239858320909, 0.21957888555842225, 0.298239858320909, 0.20016709761090104, 0.298239858320909, 0.298239858320909], [0.3066127057672207, 0.3066127057672207, 0.3066127057672207, 0.25721176776752036, 0.3066127057672207, 0.3066127057672207, 0.3066127057672207, 0.3066127057672207, 0.3066127057672207, 0.3066127057672207, 0.3066127057672207, 0.3066127057672207, 0.3066127057672207, 0.3066127057672207, 0.3066127057672207, 0.3066127057672207], [0.3066127057672207, 0.3066127057672207, 0.3066127057672207, 0.2473573992142529, 0.3066127057672207, 0.3066127057672207, 0.3066127057672207, 0.1848135145173714, 0.3066127057672207, 0.3066127057672207, 0.3066127057672207, 0.3066127057672207, 0.3066127057672207, 0.3066127057672207, 0.3066127057672207, 0.3066127057672207], [0.2100867029497857, 0.2136295489222359, 0.3066127057672207, 0.3066127057672207, 0.29597067564686413, 0.3066127057672207, 0.3066127057672207, 0.3066127057672207, 0.2587591436281988, 0.28355911608380974, 0.3066127057672207, 0.3066127057672207, 0.3066127057672207, 0.3066127057672207, 0.3066127057672207, 0.3066127057672207], [0.3066127057672207, 0.3066127057672207, 0.3066127057672207, 0.3066127057672207, 0.3066127057672207, 0.3066127057672207, 0.3066127057672207, 0.3066127057672207, 0.3066127057672207, 0.3066127057672207, 0.2658240120759837, 0.3066127057672207, 0.3066127057672207, 0.3066127057672207, 0.3066127057672207, 0.3066127057672207], [0.3066127057672207, 0.3066127057672207, 0.3066127057672207, 0.3066127057672207, 0.3066127057672207, 0.3066127057672207, 0.3066127057672207, 0.3066127057672207, 0.3066127057672207, 0.28650306945719534, 0.3066127057672207, 0.3066127057672207, 0.3066127057672207, 0.3066127057672207, 0.3066127057672207, 0.3066127057672207], [0.3066127057672207, 0.3066127057672207, 0.3066127057672207, 0.3066127057672207, 0.3066127057672207, 0.249584854574635, 0.3066127057672207, 0.3066127057672207, 0.25623332512416963, 0.3066127057672207, 0.24647648843239925, 0.3066127057672207, 0.23254816169882359, 0.3066127057672207, 0.25874350463259876, 0.3066127057672207], [0.3066127057672207, 0.3066127057672207, 0.3066127057672207, 0.3066127057672207, 0.2905999142400199, 0.3260155459259457, 0.3066127057672207, 0.3066127057672207, 0.3066127057672207, 0.3066127057672207, 0.3066127057672207, 0.3066127057672207, 0.3066127057672207, 0.25664485337780757, 0.3066127057672207, 0.24767699486966271], [0.3260155459259457, 0.3066127057672207, 0.3260155459259457, 0.3066127057672207, 0.2517855908456338, 0.3066127057672207, 0.3066127057672207, 0.3066127057672207, 0.3066127057672207, 0.27692091089480586, 0.3066127057672207, 0.24630694474879178, 0.3066127057672207, 0.3066127057672207, 0.3066127057672207, 0.3066127057672207], [0.3260155459259457, 0.24907761443841023, 0.28086357300406567, 0.3260155459259457, 