{"num_qubits": 5, "depth": 6, "num_circuit": 16, "num_generation": 50, "current_generation": 4, "fitnessss": [[0.1448404428506249, 0.22157729615812238, 0.1095887081094703, 0.22104928006370317, 0.14296623763131008, 0.09987416408611047, 0.14805420781561326, 0.27726153944834, 0.24993864194477244, 0.15571641502016242, 0.21788914915661017, 0.16633665141689083, 0.2260728300240861, 0.23461323975190435, 0.20424345199626198, 0.2498160147707722], [0.2749562724167324, 0.24993864194477244, 0.26419312714957677, 0.2278191863785001, 0.2498160147707722, 0.23461323975190435, 0.1371171365097395, 0.21267514926708025, 0.22279329693695357, 0.22157729615812238, 0.2444690265227203, 0.14019706207341814, 0.22104928006370317, 0.21788914915661017, 0.20870857427294376, 0.2770091286122309], [0.2770091286122309, 0.2749562724167324, 0.2747736401507503, 0.268042305597751, 0.26419312714957677, 0.24993864194477244, 0.26419312714957677, 0.24993864194477244, 0.2498160147707722, 0.2444690265227203, 0.2133584330163214, 0.22000479310866955, 0.20227015642893584, 0.2278191863785001, 0.2257268606813391, 0.17075119040177336], [0.2770091286122309, 0.2749562724167324, 0.2233377997967126, 0.268042305597751, 0.2747736401507503, 0.23480481922360127, 0.2770091286122309, 0.2749562724167324, 0.26419312714957677, 0.24765079828185604, 0.26419312714957677, 0.26419312714957677, 0.25311373617412836, 0.24993864194477244, 0.17330669313100283, 0.24993864194477244]], "best_fitnesss": [0.27726153944834, 0.2770091286122309, 0.2770091286122309, 0.2770091286122309], "prob_mutate": 0.03125}