{"num_qubits": 3, "depth": 9, "num_circuit": 4, "num_generation": 40, "current_generation": 5, "fitnessss": [[0.594135750725401, 0.590460671438885, 0.6788888516835099, 0.7214446803845843], [0.7214446803845843, 0.6788888516835099, 0.603844062913273, 0.6603692068659803], [0.705467393928791, 0.6748906824205282, 0.6150654303947347, 0.6603692068659803], [0.705467393928791, 0.6305130295610402, 0.6802771097784213, 0.708391132834647], [0.7487365667174465, 0.622987988355132, 0.6780858161166682, 0.7518657502781154]], "best_fitnesss": [0.7214446803845843, 0.7214446803845843, 0.705467393928791, 0.708391132834647, 0.7518657502781154], "prob_mutate": 0.08333333333333333}