{"num_qubits": 3, "depth": 13, "num_circuit": 4, "num_generation": 40, "current_generation": 7, "fitnessss": [[0.8632805166691062, 0.8205892167325699, 0.7987184556359573, 0.7199497276864155], [0.8467957589674585, 0.8205892167325699, 0.7552302726273449, 0.7766117398517287], [0.8467957589674585, 0.8050312029898992, 0.8565968401264822, 0.7053910840572005], [0.8480354370501108, 0.7593041296272229, 0.8209143673568757, 0.7899202716379525], [0.8480354370501108, 0.7689195553536183, 0.724729929805093, 0.6575970334223702], [0.8480354370501108, 0.7689195553536183, 0.8019971609168242, 0.8565968401264822], [0.8919553791055375, 0.7719201617972526, 0.7160066286078773, 0.6956394713448388]], "best_fitnesss": [0.8632805166691062, 0.8467957589674585, 0.8565968401264822, 0.8480354370501108, 0.8480354370501108, 0.8565968401264822, 0.8919553791055375], "prob_mutate": 0.057692307692307696}