{"num_qubits": 5, "depth": 14, "num_circuit": 32, "num_generation": 30, "current_generation": 5, "fitnessss": [[0.4409259270327902, 0.40318234898380323, 0.37196172844261727, 0.3969919676167416, 0.43993555276527474, 0.45569339043919727, 0.44509020044916037, 0.48658323979091084, 0.4616276394261972, 0.4328426977966527, 0.44626440811785334, 0.4891179492751778, 0.43154452086930084, 0.4348574608884828, 0.4216573243635258, 0.2746104898146257, 0.3588548562795063, 0.46155891517657055, 0.33276626619417604, 0.41071388421418825, 0.37904445824764454, 0.3145123324517846, 0.39595672550048483, 0.3570693158934306, 0.4931106371428388, 0.4327423345737822, 0.42976492018619894, 0.3718816369709645, 0.3640606829543273, 0.44425773770365684, 0.4160634507639232, 0.3862314117921087], [0.44462814196137074, 0.4891179492751778, 0.5274239530598708, 0.45794407401334913, 0.48658323979091084, 0.4616276394261972, 0.4659813483333616, 0.43531340812988617, 0.46155891517657055, 0.45569339043919727, 0.4444366518155364, 0.4080340310345975, 0.44626440811785334, 0.44509020044916037, 0.434115484329254, 0.4131885651240614, 0.44425773770365684, 0.4409259270327902, 0.48520285629211307, 0.4048986649764932, 0.43993555276527474, 0.4348574608884828, 0.42305993553277543, 0.39367169634293414, 0.4328426977966527, 0.4327423345737822, 0.4512121940607171, 0.4411528693710832, 0.43154452086930084, 0.42976492018619894, 0.46273420924012915, 0.45730605913075645], [0.5274239530598708, 0.4891179492751778, 0.5274239530598708, 0.4891179492751778, 0.48658323979091084, 0.48520285629211307, 0.4785689694581626, 0.4882798360353108, 0.4659813483333616, 0.46273420924012915, 0.44843163519999746, 0.42823642263442013, 0.4616276394261972, 0.46155891517657055, 0.42238960114231394, 0.48253671180194974, 0.45794407401334913, 0.45730605913075645, 0.4877651057684516, 0.4678984724259685, 0.45569339043919727, 0.4512121940607171, 0.47897780865431566, 0.47662947719536275, 0.44626440811785334, 0.44509020044916037, 0.434115484329254, 0.4131885651240614, 0.44462814196137074, 0.4444366518155364, 0.4818871763232003, 0.4495175602590044], [0.5274239530598708, 0.5274239530598708, 0.49827898899305956, 0.5274239530598708, 0.4891179492751778, 0.4891179492751778, 0.4891179492751778, 0.4891179492751778, 0.4882798360353108, 0.4877651057684516, 0.5087435894475751, 0.5308167291362683, 0.48658323979091084, 0.48520285629211307, 0.4785689694581626, 0.4882798360353108, 0.48253671180194974, 0.5068945786982204, 0.4444366518155364, 0.437134776598617, 0.47897780865431566, 0.4785689694581626, 0.42183577475536566, 0.48160759087343674, 0.47662947719536275, 0.4678984724259685, 0.4848057316630259, 0.4347391183344653, 0.4659813483333616, 0.46273420924012915, 0.43292054559387705, 0.42823642263442013], [0.5308167291362683, 0.5274239530598708, 0.4957452168953017, 0.5151412414020189, 0.5274239530598708, 0.5274239530598708, 0.5274239530598708, 0.5274239530598708, 0.5087435894475751, 0.5068945786982204, 0.5180687151622906, 0.45419223444928936, 0.49827898899305956, 0.4891179492751778, 0.5274239530598708, 0.4845156490215966, 0.4891179492751778, 0.4891179492751778, 0.4891179492751778, 0.4891179492751778, 0.4891179492751778, 0.4882798360353108, 0.44882687155791867, 0.49140802078216517, 0.4882798360353108, 0.4877651057684516, 0.5087435894475751, 0.5308167291362683, 0.48658323979091084, 0.48520285629211307, 0.4785689694581626, 0.4882798360353108]], "best_fitnesss": [0.4931106371428388, 0.5274239530598708, 0.5274239530598708, 0.5308167291362683, 0.5308167291362683], "prob_mutate": 0.006696428571428571}