{"num_qubits": 4, "depth": 12, "num_circuit": 16, "num_generation": 20, "current_generation": 1, "fitnessss": [[0.5226202088238061, 0.41928204195023, 0.490654796016125, 0.4379015786098238, 0.6564676547700954, 0.44296970876636177, 0.6254244956741263, 0.4624260677077926, 0.4821168644886413, 0.5310665790896774, 0.38981586097010335, 0.5860587669239398, 0.3028534076921887, 0.5602765086957172, 0.4709548905107065, 0.6049324048272064]], "best_fitnesss": [0.6564676547700954], "prob_mutate": 0.015625}