{"num_qubits": 2, "depth": 3, "num_circuit": 32, "num_generation": 20, "current_generation": 3, "fitnessss": [[0.3785051502817396, 0.3037708191587149, 0.30125145730157205, 0.36391840978340684, 0.66103673214185, 0.2718499088647587, 0.6468235558624573, 0.551547632839352, 0.29544280603818956, 0.6330860734059355, 0.44444874929522893, 0.3470761840097321, 0.4801986334132479, 0.13516436141463467, 0.5517318556623831, 0.2803701205620426, 0.3186718984503405, 0.7400926463620353, 0.5722390399014837, 0.7542435697408117, 0.2675801853614475, 0.6587156545395049, 0.6341257345081754, 0.4155360468628416, 0.13516436141463456, 0.38851860419592854, 0.5771873286117822, 0.2718499088647587, 0.6055608170392469, 0.6636389051864602, 0.4432294110615794, 0.465683407386857], [0.7542435697408117, 0.7400926463620353, 0.7047427919444708, 0.7201238473983882, 0.6636389051864602, 0.66103673214185, 0.726619253413131, 0.6074756739427299, 0.6587156545395049, 0.6468235558624573, 0.6562261801566279, 0.6752337316912019, 0.6341257345081754, 0.6330860734059355, 0.6330860734059355, 0.6341257345081754, 0.6055608170392469, 0.5771873286117822, 0.3191159232609395, 0.45631517927326815, 0.5722390399014837, 0.5517318556623831, 0.5302640984165986, 0.46473220007806465, 0.6200783541284608, 0.4801986334132479, 0.41558861358614835, 0.43600721665877157, 0.465683407386857, 0.44444874929522893, 0.5850774067775257, 0.4881991674524859], [0.7542435697408117, 0.7400926463620353, 0.7047427919444708, 0.7201238473983882, 0.726619253413131, 0.7201238473983882, 0.7183912374722979, 0.7913156317223328, 0.7047427919444708, 0.6752337316912019, 0.653492292563648, 0.700941448144078, 0.6636389051864602, 0.66103673214185, 0.726619253413131, 0.6074756739427299, 0.6654146516418513, 0.6562261801566279, 0.6562261801566279, 0.6587156545395049, 0.6468235558624573, 0.6341257345081754, 0.4969389830490205, 0.2675801853614475, 0.6341257345081754, 0.5668244655035741, 0.6330860734059355, 0.6341257345081754, 0.6330860734059355, 0.6200783541284608, 0.13516436141463467, 0.6233508505848357]], "best_fitnesss": [0.7542435697408117, 0.7542435697408117, 0.7913156317223328], "prob_mutate": 0.03125}