{"num_qubits": 5, "depth": 21, "num_circuit": 8, "num_generation": 40, "current_generation": 3, "fitnessss": [[0.5955746057551523, 0.47065097940751766, 0.6204290058891617, 0.5216712508533267, 0.5862098590942487, 0.6499353016844325, 0.6028289105780079, 0.5309038838450459], [0.6177304717176672, 0.6204290058891617, 0.6162023203130111, 0.6101644331430036, 0.6028289105780079, 0.5955746057551523, 0.5943090735955355, 0.6339050389566652], [0.6339050389566652, 0.6249441286724157, 0.6364382331193752, 0.6504909643303463, 0.602715419490688, 0.6162023203130111, 0.6286630035612023, 0.6499353016844325]], "best_fitnesss": [0.6499353016844325, 0.6339050389566652, 0.6504909643303463], "prob_mutate": 0.017857142857142856}