{"num_qubits": 5, "depth": 16, "num_circuit": 16, "num_generation": 20, "current_generation": 1, "fitnessss": [[0.4610676007454829, 0.43133683149914964, 0.5060939318877986, 0.4228620647233166, 0.5159562126681294, 0.49216196618532615, 0.47833601452422814, 0.4559863762870838, 0.43893939791116077, 0.44998520486932153, 0.452815502432791, 0.4020348324828548, 0.47154209409389536, 0.5771100272069597, 0.46359527216488516, 0.4376178475967791]], "best_fitnesss": [0.5771100272069597], "prob_mutate": 0.01171875}