{"num_qubits": 5, "depth": 14, "num_circuit": 4, "num_generation": 40, "current_generation": 18, "fitnessss": [[0.3186557071880619, 0.42360704832341767, 0.34938649822174883, 0.3650397750348338], [0.4186556176752891, 0.41212288361431915, 0.37618647555076806, 0.3894395588914228], [0.4473500228820925, 0.41187907567621557, 0.41839568745785416, 0.41867353240704175], [0.48681000398649477, 0.45411644857674005, 0.464452358135118, 0.45533418008496573], [0.4979934773370956, 0.464452358135118, 0.4739130905512942, 0.5046651090997517], [0.49198787289697615, 0.4979934773370956, 0.4645809363073333, 0.48681000398649477], [0.4979934773370956, 0.47018236515141626, 0.48681000398649477, 0.4632027569760512], [0.39695742698044445, 0.5122114043600725, 0.49731489694950487, 0.45437741273658006], [0.5122114043600725, 0.49731489694950487, 0.45773072821389915, 0.46087355527820295], [0.48046135918563637, 0.46858026846584344, 0.45165275088794976, 0.4857369619497052], [0.4857369619497052, 0.48046135918563637, 0.4968620880998584, 0.4496519222449085], [0.4968620880998584, 0.39226183203890475, 0.5181333518677365, 0.46662726570808327], [0.5181333518677365, 0.49028522740709696, 0.4968620880998584, 0.48318464222690805], [0.4774433634627343, 0.4968620880998584, 0.49334357052936095, 0.49354042111279], [0.4968620880998584, 0.49354042111279, 0.49354042111279, 0.4715950788064049], [0.4968620880998584, 0.4837381281309832, 0.46652549103897323, 0.4968620880998584], [0.48414142955960315, 0.5041326782829417, 0.4968620880998584, 0.4968620880998584], [0.5041326782829417, 0.5580781893114878, 0.49197449102508484, 0.5041326782829417]], "best_fitnesss": [0.42360704832341767, 0.4186556176752891, 0.4473500228820925, 0.48681000398649477, 0.5046651090997517, 0.4979934773370956, 0.4979934773370956, 0.5122114043600725, 0.5122114043600725, 0.4857369619497052, 0.4968620880998584, 0.5181333518677365, 0.5181333518677365, 0.4968620880998584, 0.4968620880998584, 0.4968620880998584, 0.5041326782829417, 0.5580781893114878], "prob_mutate": 0.05357142857142857}