{"num_qubits": 5, "depth": 26, "num_circuit": 8, "num_generation": 20, "current_generation": 4, "fitnessss": [[0.7180544796094994, 0.7179230986066919, 0.6293764009233287, 0.6273180001588148, 0.6551857190035196, 0.7141602886535638, 0.7509682190705752, 0.728683601312435], [0.7509682190705752, 0.728683601312435, 0.7194941537428968, 0.7469238941401248, 0.7180544796094994, 0.7179230986066919, 0.6990727819992157, 0.6931273196654706], [0.7509682190705752, 0.7291178846759473, 0.7509682190705752, 0.7469238941401248, 0.728683601312435, 0.7039744450362478, 0.728683601312435, 0.7194941537428968], [0.7509682190705752, 0.7509682190705752, 0.7687863868006446, 0.7509682190705752, 0.7469238941401248, 0.7291178846759473, 0.7570222920942841, 0.7469238941401248]], "best_fitnesss": [0.7509682190705752, 0.7509682190705752, 0.7509682190705752, 0.7687863868006446], "prob_mutate": 0.014423076923076924}