{"num_qubits": 8, "depth": 7, "num_circuit": 8, "num_generation": 20, "current_generation": 20, "fitnessss": [[0.18839922297288994, 0.7034623610343322, 0.3961845732010929, 0.13251934485384556, 0.6199784585720066, 0.06330217157541156, 0.157937814399917, 0.12398273486181643], [0.6804680617056651, 0.6682713968045937, 0.27297012395480014, 0.6612671205316907, 0.05163773064572007, 0.1897835408719712, 0.09751918720166455, 0.38384506380054645], [0.33911020529997893, 0.6611383236911232, 0.1627789814619066, 0.7209227435417931, 0.6965377312592897, 0.38417348050754746, 0.22383420212742, 0.35351215946627645], [0.7235907788584222, 0.6438208417293936, 0.7275419487144867, 0.697461872440295, 0.6686167127355475, 0.38423494094600147, 0.23292255960198963, 0.26895061800904924], [0.7205308916647298, 0.5743785501065531, 0.6553168926348562, 0.33115894216842484, 0.655391231377626, 0.6686198879125669, 0.2773069941827751, 0.694805758810756], [0.4979825856170971, 0.7043346353562738, 0.7426421423304074, 0.7205022319454663, 0.6664651412335949, 0.7051851340695091, 0.6307358271615282, 0.714487990757902], [0.18051800026677498, 0.7242173889891241, 0.5283584987588884, 0.1814992053467968, 0.40334747549515837, 0.7091741404799966, 0.2719094155286096, 0.6645278207492595], [0.7208122076215864, 0.7074282278665776, 0.7051386174064967, 0.42768257269722765, 0.6661782204300062, 0.538629622936092, 0.7207993860886421, 0.6768696099355929], [0.7205082966871136, 0.7226932045228341, 0.7208491004468731, 0.7204079221984327, 0.6593571637845994, 0.10402447888794582, 0.38995043501697413, 0.6673325015230974], [0.7206399178407562, 0.7214136322967776, 0.7018328420994393, 0.7204213648320675, 0.7202735251229803, 0.08669162160155969, 0.7251278919326716, 0.0617861471462221], [0.7222690077261817, 0.7206587809563815, 0.7206411855831723, 0.7228637308434562, 0.7262082664976425, 0.7204388881562159, 0.722227540248858, 0.7206809474770074], [0.190644514005536, 0.7223168875884378, 0.365033524889305, 0.7207273472513546, 0.722796015810613, 0.2226975114013519, 0.37169516706618727, 0.7207977286309173], [0.2039289681700726, 0.7226500319494674, 0.7231717904426993, 0.7188120045396139, 0.6357099363503549, 0.5103153740891361, 0.7207035111859416, 0.42289014397389196], [0.7207614437330229, 0.23418275002362976, 0.7206517352656501, 0.7198139141383907, 0.25985273681415755, 0.7228678469301213, 0.7207218352953105, 0.7242863237092635], [0.3333604398320047, 0.7230907490905143, 0.7205078092106778, 0.7203091135687265, 0.354739932350095, 0.7201894257323753, 0.722703056204973, 0.7206632363897743], [0.7208616830036705, 0.7205643071511225, 0.7208820158928615, 0.5199336789394498, 0.43686335625024314, 0.4000208190792717, 0.7227927318456449, 0.24315535175273978], [0.6359731176633865, 0.7206519663096035, 0.23740397018458265, 0.7227933297382073, 0.7224794399631944, 0.2038840312812784, 0.4781268048177574, 0.7240523307273165], [0.7204232263152579, 0.7198324619015697, 0.7200531484141836, 0.720319939026526, 0.1374957841568107, 0.7202820016891506, 0.7207162577256452, 0.7225286423192949], [0.7219685922437191, 0.7208662748445069, 0.720906988116389, 0.72402385585257, 0.7202396258232102, 0.7200801580820545, 0.49129513741021436, 0.7235306593102441], [0.7205308414319737, 0.06691050017428436, 0.7202978313854131, 0.7229762710412702, 0.3406223351079903, 0.7227682292185937, 0.11895826919781952, 0.7202111982413604]], "best_fitnesss": [0.7034623610343322, 0.6804680617056651, 0.7209227435417931, 0.7275419487144867, 0.7205308916647298, 0.7426421423304074, 0.7242173889891241, 0.7208122076215864, 0.7226932045228341, 0.7251278919326716, 0.7262082664976425, 0.722796015810613, 0.7231717904426993, 0.7242863237092635, 0.7230907490905143, 0.7227927318456449, 0.7240523307273165, 0.7225286423192949, 0.72402385585257, 0.7229762710412702], "prob_mutate": 0.05357142857142857}