{"num_qubits": 5, "depth": 15, "num_circuit": 16, "num_generation": 10, "current_generation": 2, "fitnessss": [[0.5519915988313758, 0.4238352611284026, 0.513419864566077, 0.40797867781738395, 0.4238502014702831, 0.5301286859608897, 0.3562587979322056, 0.6161591088375944, 0.424503482193013, 0.36400244114534586, 0.48119726079648845, 0.4333270588703037, 0.42087211091906795, 0.4251889292048938, 0.46191567652476684, 0.4538922438980997], [0.5913944314290259, 0.5519915988313758, 0.45076909991623626, 0.5810985889000471, 0.5301286859608897, 0.513419864566077, 0.5542502010322818, 0.5444073469002281, 0.5245193069507714, 0.46191567652476684, 0.509312908213006, 0.4475919610359472, 0.4538922438980997, 0.4333270588703037, 0.4272611652741317, 0.4825651465719735]], "best_fitnesss": [0.6161591088375944, 0.5913944314290259], "prob_mutate": 0.0125}