{"num_qubits": 4, "depth": 9, "num_circuit": 16, "num_generation": 20, "current_generation": 20, "fitnessss": [[0.3899454327197489, 0.42467392270986193, 0.405842274897535, 0.3353377399903985, 0.21937991814507884, 0.32888589028316406, 0.1698582642412758, 0.46047361844846313, 0.408522994077434, 0.35207325550070434, 0.4335094472263713, 0.3972463427066071, 0.2227518468490033, 0.35597184662873593, 0.2067233611309136, 0.24799284249696396], [0.46047361844846313, 0.4335094472263713, 0.5143524735306875, 0.15531238212558252, 0.42467392270986193, 0.408522994077434, 0.1580974591136194, 0.41331168150238484, 0.405842274897535, 0.19176202238828277, 0.2413079234444082, 0.27627234126251243, 0.3899454327197489, 0.35597184662873593, 0.36328706081717976, 0.17524584242065477], [0.5143524735306875, 0.46047361844846313, 0.4324646320969052, 0.29689511117683787, 0.4335094472263713, 0.42467392270986193, 0.3358998014505735, 0.3804071343907064, 0.23503822062327073, 0.408522994077434, 0.22110222341731656, 0.41331168150238484, 0.405842274897535, 0.3899454327197489, 0.22789476818178867, 0.4192910023533202], [0.5143524735306875, 0.46047361844846313, 0.3234587452098424, 0.29689511117683787, 0.29981117967626925, 0.4324646320969052, 0.15531238212558252, 0.5143524735306875, 0.42467392270986193, 0.4192910023533202, 0.4248334002838605, 0.32720160919172125, 0.4373575312551232, 0.408522994077434, 0.408522994077434, 0.3724271634566496], [0.5143524735306875, 0.3454433542187336, 0.5143524735306875, 0.5143524735306875, 0.46047361844846313, 0.4373575312551232, 0.3514378887750864, 0.29907582605371574, 0.4324646320969052, 0.4558982263948115, 0.5198637762039052, 0.2350671283380581, 0.42467392270986193, 0.4192910023533202, 0.4248334002838605, 0.32720160919172125], [0.5198637762039052, 0.5143524735306875, 0.5143524735306875, 0.5198637762039052, 0.5143524735306875, 0.5143524735306875, 0.3123035106019957, 0.5143524735306875, 0.46047361844846313, 0.4558982263948115, 0.4098123521802307, 0.2350671283380581, 0.4373575312551232, 0.4324646320969052, 0.29907582605371574, 0.38655705808842167], [0.5198637762039052, 0.5198637762039052, 0.5198637762039052, 0.5198637762039052, 0.5143524735306875, 0.5521355850562745, 0.5143524735306875, 0.5143524735306875, 0.5039689104331055, 0.5143524735306875, 0.4886467858563147, 0.4145435181370154, 0.5143524735306875, 0.28695655163262945, 0.4324646320969052, 0.29689511117683787], [0.5521355850562745, 0.5198637762039052, 0.5184643359958385, 0.4778781329110524, 0.5198637762039052, 0.5198637762039052, 0.5198637762039052, 0.5198637762039052, 0.5198637762039052, 0.5143524735306875, 0.34232493766953365, 0.5198637762039052, 0.5143524735306875, 0.5143524735306875, 0.5143524735306875, 0.35821281064991484], [0.5521355850562745, 0.5198637762039052, 0.5184643359958385, 0.5552073511424969, 0.5198637762039052, 0.5198637762039052, 0.5198637762039052, 0.5198637762039052, 0.5198637762039052, 0.5198637762039052, 0.4398981586773181, 0.5198637762039052, 0.5198637762039052, 0.5198637762039052, 0.5198637762039052, 0.46422996843087894], [0.5552073511424969, 0.32439167045561, 0.2256984506071562, 0.5521355850562745, 0.5198637762039052, 0.5198637762039052, 0.5198637762039052, 0.5198637762039052, 0.4946243567554165, 0.5198637762039052, 0.5198637762039052, 0.5198637762039052, 0.5198637762039052, 0.5198637762039052, 0.5198637762039052, 0.5149090141659977], [0.5552073511424969, 0.5521355850562745, 0.5552073511424969, 0.5521355850562745, 0.5198637762039052, 0.5198637762039052, 0.5198637762039052, 0.5198637762039052, 0.5198637762039052, 0.5198637762039052, 0.5198637762039052, 0.5198637762039052, 0.5198637762039052, 0.385068216203442, 0.46501522630153913, 0.5198637762039052], [0.5552073511424969, 0.5552073511424969, 0.5552073511424969, 0.5552073511424969, 0.5521355850562745, 0.5521355850562745, 0.5692649190170508, 0.19632652754852875, 0.5198637762039052, 0.5198637762039052, 0.5198637762039052, 0.5198637762039052, 0.5198637762039052, 0.5198637762039052, 0.5198637762039052, 0.5198637762039052], [0.5692649190170508, 0.5552073511424969, 0.5521355850562745, 0.555318265228699, 0.5552073511424969, 0.5552073511424969, 0.5552073511424969, 0.5552073511424969, 0.23972183568370353, 0.5521355850562745, 0.5552073511424969, 0.5521355850562745, 0.5521355850562745, 0.5198637762039052, 0.4112137740208257, 0.4778781329110524], [0.5692649190170508, 0.41049473341644016, 0.5692649190170508, 0.5652859316827211, 0.5552073511424969, 0.5552073511424969, 0.5552073511424969, 0.5552073511424969, 0.5552073511424969, 0.5552073511424969, 0.5552073511424969, 0.5552073511424969, 0.5552073511424969, 0.5552073511424969, 0.5552073511424969, 0.5552073511424969], [0.5692649190170508, 0.5692649190170508, 0.5692649190170508, 0.5692649190170508, 0.5652859316827211, 0.5552073511424969, 0.48746462522674405, 0.555318265228699, 0.5552073511424969, 0.5552073511424969, 0.5552073511424969, 0.5552073511424969, 0.5552073511424969, 0.5552073511424969, 0.5552073511424969, 0.5552073511424969], [0.5692649190170508, 0.5692649190170508, 0.5115673940890061, 0.5692649190170508, 0.5043607594343846, 0.5692649190170508, 0.5001859561472073, 0.5692649190170508, 0.5652859316827211, 0.555318265228699, 0.5652859316827211, 0.555318265228699, 0.5552073511424969, 0.5552073511424969, 0.5552073511424969, 0.5552073511424969], [0.5692649190170508, 0.5692649190170508, 0.4791457262744101, 0.5692649190170508, 0.46821833165551907, 0.465685759277249, 0.4868496712961512, 0.5692649190170508, 0.5692649190170508, 0.5652859316827211, 0.513030656631788, 0.5652859316827211, 0.5652859316827211, 0.5307911526290451, 0.5652859316827211, 0.555318265228699], [0.5692649190170508, 0.5692649190170508, 0.2974098691771079, 0.5692649190170508, 0.5692649190170508, 0.23523640253852263, 0.5692649190170508, 0.5692649190170508, 0.5692649190170508, 0.5652859316827211, 0.5692649190170508, 0.5652859316827211, 0.5652859316827211, 0.5652859316827211, 0.5652859316827211, 0.5652859316827211], [0.5692649190170508, 0.5692649190170508, 0.5692649190170508, 0.5692649190170508, 0.5692649190170508, 0.5692649190170508, 0.51600337345969, 0.5692649190170508, 0.5017138051888733, 0.5692649190170508, 0.5692649190170508, 0.5692649190170508, 0.5692649190170508, 0.5692649190170508, 0.5692649190170508, 0.5692649190170508], [0.5692649190170508, 0.5692649190170508, 0.5614215604329239, 0.5692649190170508, 0.5692649190170508, 0.4766287347093716, 0.5692649190170508, 0.5692649190170508, 0.5692649190170508, 0.5692649190170508, 0.5692649190170508, 0.5692649190170508, 0.5351557075692369, 0.5692649190170508, 0.5692649190170508, 0.5692649190170508]], "best_fitnesss": [0.46047361844846313, 0.5143524735306875, 0.5143524735306875, 0.5143524735306875, 0.5198637762039052, 0.5198637762039052, 0.5521355850562745, 0.5521355850562745, 0.5552073511424969, 0.5552073511424969, 0.5552073511424969, 0.5692649190170508, 0.5692649190170508, 0.5692649190170508, 0.5692649190170508, 0.5692649190170508, 0.5692649190170508, 0.5692649190170508, 0.5692649190170508, 0.5692649190170508], "prob_mutate": 0.020833333333333332}