{"num_qubits": 3, "depth": 7, "num_circuit": 32, "num_generation": 30, "current_generation": 2, "fitnessss": [[0.4064640059801503, 0.6401436699673152, 0.5952387488211551, 0.5149667687560975, 0.577603648605651, 0.5613828638042438, 0.5065524881137947, 0.5639353820737265, 0.48510810845633373, 0.7125423819794967, 0.4757821520235863, 0.4809957695340967, 0.6161309420942852, 0.576399850840935, 0.4374997827981191, 0.3845440972028327, 0.5543019794181424, 0.45986134535575296, 0.5158354343465794, 0.5896558628022728, 0.28472341194854545, 0.6133768942138056, 0.34207018949228923, 0.6272928484833129, 0.4927986775363702, 0.6009114455613809, 0.2989121331827881, 0.23741861508871454, 0.5345448929370195, 0.4315077211170813, 0.5995305259932119, 0.482357787173534], [0.48774867895934904, 0.6401436699673152, 0.691085579593665, 0.56134620033668, 0.6272928484833129, 0.6161309420942852, 0.557110702029989, 0.6331124168791431, 0.5459157358539113, 0.6009114455613809, 0.5862294006387261, 0.5019236567336678, 0.5592469046753789, 0.580403277384968, 0.7513293749963359, 0.5257541762681114, 0.5896558628022728, 0.577603648605651, 0.48342205906348107, 0.5433527476735872, 0.576399850840935, 0.5639353820737265, 0.5933010875656602, 0.5650114230437954, 0.5613828638042438, 0.5543019794181424, 0.7207783107266967, 0.4626133915631178, 0.5345448929370195, 0.5158354343465794, 0.534861673869617, 0.39744231703190286]], "best_fitnesss": [0.7125423819794967, 0.7513293749963359], "prob_mutate": 0.013392857142857142}