{"num_qubits": 6, "depth": 22, "num_circuit": 4, "num_generation": 30, "current_generation": 4, "fitnessss": [[0.4433589509803322, 0.44989168310890887, 0.3870884001338912, 0.4259728995161267], [0.44989168310890887, 0.4396203286804691, 0.45386455097177675, 0.4117447974358582], [0.45386455097177675, 0.44994354015181354, 0.4548159004660328, 0.45386455097177675], [0.44586202981476164, 0.4700098665822843, 0.48235485145973805, 0.4444643197809629]], "best_fitnesss": [0.44989168310890887, 0.45386455097177675, 0.4548159004660328, 0.48235485145973805], "prob_mutate": 0.03409090909090909}