{"num_qubits": 8, "depth": 3, "num_circuit": 4, "num_generation": 10, "current_generation": 5, "fitnessss": [[0.8198918016349351, 0.9366958434923738, 0.8699324150175066, 0.8757224541886337], [0.9315067381809351, 0.8757224291190401, 0.7772788290821971, 0.8763582976782385], [0.9315067381030853, 0.8763582927817278, 0.8763477517519263, 0.8994908827959577], [0.8571273764695897, 0.89949088485827, 0.6967114986262961, 0.809635558879578], [0.8199215333395433, 0.9628831680305607, 0.8157119902955692, 0.9919645807625731]], "best_fitnesss": [0.9366958434923738, 0.9315067381809351, 0.9315067381030853, 0.89949088485827, 0.9919645807625731], "prob_mutate": 0.25}