{"num_qubits": 3, "depth": 13, "num_circuit": 4, "num_generation": 20, "current_generation": 2, "fitnessss": [[0.7806106171785009, 0.810032454970651, 0.7928178731664124, 0.8054967170400615], [0.810032454970651, 0.869255334148175, 0.7046667083908259, 0.8569447370787021]], "best_fitnesss": [0.810032454970651, 0.869255334148175], "prob_mutate": 0.057692307692307696}