{"num_qubits": 4, "depth": 9, "num_circuit": 16, "num_generation": 20, "current_generation": 20, "fitnessss": [[0.3545334595285622, 0.2654015080037846, 0.2357665640990062, 0.21223789027639628, 0.4458185879900043, 0.2236257387281304, 0.17055417441486198, 0.22673611898633883, 0.29248466036801857, 0.1665235873932428, 0.23468101068329217, 0.43347443824906573, 0.15738862098469453, 0.3960412827666061, 0.22697384619598338, 0.37697540174759414], [0.27802408879091967, 0.43347443824906573, 0.2848428053683797, 0.4152144874047794, 0.3960412827666061, 0.37697540174759414, 0.3986913868338051, 0.31966130834570095, 0.266275951344063, 0.29248466036801857, 0.20209136979897413, 0.1797191748281488, 0.2654015080037846, 0.2357665640990062, 0.3792811886290106, 0.37131352295935216], [0.43347443824906573, 0.4152144874047794, 0.4152144874047794, 0.43347443824906573, 0.3986913868338051, 0.25191893823874234, 0.36495349646347297, 0.44404592785959074, 0.3792811886290106, 0.37697540174759414, 0.1813928700149937, 0.21402681377113741, 0.37131352295935216, 0.31966130834570095, 0.367996357645449, 0.242195936364765], [0.44404592785959074, 0.43347443824906573, 0.45496520874571, 0.2731479803661462, 0.43347443824906573, 0.4152144874047794, 0.4152144874047794, 0.43347443824906573, 0.4152144874047794, 0.3986913868338051, 0.2747219223995756, 0.4389858602818887, 0.3792811886290106, 0.37697540174759414, 0.4442312277778565, 0.31133687229855345], [0.45496520874571, 0.4442312277778565, 0.45056408621721933, 0.34370080338394304, 0.2540553153782875, 0.33975092911815885, 0.4754808602799979, 0.27937025503258306, 0.43347443824906573, 0.43347443824906573, 0.43347443824906573, 0.43347443824906573, 0.43347443824906573, 0.4152144874047794, 0.4152144874047794, 0.43347443824906573], [0.35171733102567715, 0.45496520874571, 0.45496520874571, 0.4754808602799979, 0.3572641974044283, 0.4442312277778565, 0.45056408621721933, 0.4442312277778565, 0.43347443824906573, 0.43347443824906573, 0.43347443824906573, 0.43347443824906573, 0.2810051856031601, 0.43347443824906573, 0.43347443824906573, 0.43347443824906573], [0.4754808602799979, 0.45496520874571, 0.45496520874571, 0.4754808602799979, 0.45496520874571, 0.45056408621721933, 0.45056408621721933, 0.42776022649692247, 0.4442312277778565, 0.4442312277778565, 0.2296171517475042, 0.41425906390039113, 0.43347443824906573, 0.32640889629591785, 0.43347443824906573, 0.43347443824906573], [0.4754808602799979, 0.4754808602799979, 0.4754808602799979, 0.4754808602799979, 0.45496520874571, 0.45496520874571, 0.45496520874571, 0.45496520874571, 0.45496520874571, 0.45056408621721933, 0.45056408621721933, 0.4834485921472186, 0.45056408621721933, 0.41336067124859777, 0.4062392621458526, 0.4442312277778565], [0.4834485921472186, 0.4754808602799979, 0.1811357609727111, 0.45496520874571, 0.4754808602799979, 0.4754808602799979, 0.4754808602799979, 0.4754808602799979, 0.4754808602799979, 0.45496520874571, 0.45496520874571, 0.4754808602799979, 0.45496520874571, 0.45496520874571, 0.45496520874571, 0.45496520874571], [0.4834485921472186, 0.4754808602799979, 0.47400232052716695, 0.45496520874571, 0.4754808602799979, 0.4754808602799979, 0.4295839531159049, 0.4754808602799979, 0.4754808602799979, 0.4754808602799979, 0.4754808602799979, 0.4754808602799979, 0.4754808602799979, 0.4754808602799979, 0.4754808602799979, 0.3118435573171706], [0.4834485921472186, 0.4754808602799979, 0.47400232052716695, 0.45496520874571, 0.43485964007475986, 0.4754808602799979, 0.4754808602799979, 0.24625638218282908, 0.4754808602799979, 0.4754808602799979, 0.4754808602799979, 0.4754808602799979, 0.4754808602799979, 0.4754808602799979, 0.4754808602799979, 0.4754808602799979], [0.4834485921472186, 0.4754808602799979, 0.47400232052716695, 0.2322078198922526, 0.3251189556699814, 0.4754808602799979, 0.4754808602799979, 0.4754808602799979, 0.4754808602799979, 0.4754808602799979, 0.4754808602799979, 0.4754808602799979, 0.4754808602799979, 0.4754808602799979, 0.4754808602799979, 0.4754808602799979], [0.4834485921472186, 0.4754808602799979, 0.27135056580674377, 0.45496520874571, 0.4754808602799979, 0.4754808602799979, 0.46254681522739904, 0.4754808602799979, 0.4754808602799979, 0.4754808602799979, 0.4754808602799979, 0.4015933488352963, 0.4754808602799979, 0.4754808602799979, 0.4754808602799979, 0.4754808602799979], [0.4834485921472186, 0.4754808602799979, 0.47400232052716695, 0.45496520874571, 0.4754808602799979, 0.4754808602799979, 0.4754808602799979, 0.4754808602799979, 0.4754808602799979, 0.4754808602799979, 0.4754808602799979, 0.4754808602799979, 0.4754808602799979, 0.4754808602799979, 0.4754808602799979, 0.334344498201119], [0.29187056254547517, 0.4754808602799979, 0.47400232052716695, 0.34892846915335585, 0.4754808602799979, 0.4754808602799979, 0.4754808602799979, 0.2577095795134001, 0.4754808602799979, 0.4754808602799979, 0.4616232971959554, 0.4754808602799979, 0.42378512388139833, 0.37385831578262263, 0.411429913472108, 0.4754808602799979], [0.4754808602799979, 0.4754808602799979, 0.4754808602799979, 0.4754808602799979, 0.4754808602799979, 0.4754808602799979, 0.4754808602799979, 0.4754808602799979, 0.4754808602799979, 0.4754808602799979, 0.4754808602799979, 0.3443685584991997, 0.4754808602799979, 0.4754808602799979, 0.4754808602799979, 0.5071738327162987], [0.5071738327162987, 0.5151011027053325, 0.4754808602799979, 0.5071738327162987, 0.4754808602799979, 0.4754808602799979, 0.4754808602799979, 0.4754808602799979, 0.4754808602799979, 0.4754808602799979, 0.4754808602799979, 0.4754808602799979, 0.4754808602799979, 0.4754808602799979, 0.4754808602799979, 0.4754808602799979], [0.5151011027053325, 0.5071738327162987, 0.4945703022527763, 0.4754808602799979, 0.5071738327162987, 0.4754808602799979, 0.4754808602799979, 0.5071738327162987, 0.4754808602799979, 0.4754808602799979, 0.4519012555368235, 0.4754808602799979, 0.4754808602799979, 0.4754808602799979, 0.28823647192912016, 0.3774457246367081], [0.4794162721278218, 0.5071738327162987, 0.4945703022527763, 0.4754808602799979, 0.5071738327162987, 0.5071738327162987, 0.5071738327162987, 0.5071738327162987, 0.4945703022527763, 0.4754808602799979, 0.5234090894938722, 0.3285654131889362, 0.4754808602799979, 0.4754808602799979, 0.4754808602799979, 0.4754808602799979], [0.5234090894938722, 0.5071738327162987, 0.4945703022527763, 0.2835537382475417, 0.3466422323709265, 0.5071738327162987, 0.39717385000606453, 0.5071738327162987, 0.4242720272609566, 0.5071738327162987, 0.5071738327162987, 0.5071738327162987, 0.4945703022527763, 0.4945703022527763, 0.4945703022527763, 0.4945703022527763]], "best_fitnesss": [0.4458185879900043, 0.43347443824906573, 0.44404592785959074, 0.45496520874571, 0.4754808602799979, 0.4754808602799979, 0.4754808602799979, 0.4834485921472186, 0.4834485921472186, 0.4834485921472186, 0.4834485921472186, 0.4834485921472186, 0.4834485921472186, 0.4834485921472186, 0.4754808602799979, 0.5071738327162987, 0.5151011027053325, 0.5151011027053325, 0.5234090894938722, 0.5234090894938722], "prob_mutate": 0.020833333333333332}