{"num_qubits": 5, "depth": 10, "num_circuit": 8, "num_generation": 30, "current_generation": 3, "fitnessss": [[0.311879094859613, 0.24284896515558688, 0.3149462322357988, 0.3214977210895395, 0.276614671744628, 0.2510915039432582, 0.2530141403485078, 0.2934494365830213], [0.27922370934382823, 0.3149462322357988, 0.32571606964155625, 0.28346512740597385, 0.30316506089181827, 0.2934494365830213, 0.234447880983707, 0.30970415529467954], [0.32571606964155625, 0.3149462322357988, 0.3617432147941687, 0.3149462322357988, 0.37059265209524733, 0.30316506089181827, 0.30970415529467954, 0.30316506089181827]], "best_fitnesss": [0.3214977210895395, 0.32571606964155625, 0.37059265209524733], "prob_mutate": 0.0375}