{"num_qubits": 5, "depth": 10, "num_circuit": 8, "num_generation": 30, "current_generation": 11, "fitnessss": [[0.311879094859613, 0.24284896515558688, 0.3149462322357988, 0.3214977210895395, 0.276614671744628, 0.2510915039432582, 0.2530141403485078, 0.2934494365830213], [0.27922370934382823, 0.3149462322357988, 0.32571606964155625, 0.28346512740597385, 0.30316506089181827, 0.2934494365830213, 0.234447880983707, 0.30970415529467954], [0.32571606964155625, 0.3149462322357988, 0.3617432147941687, 0.3149462322357988, 0.37059265209524733, 0.30316506089181827, 0.30970415529467954, 0.30316506089181827], [0.3586488827884723, 0.3617432147941687, 0.3237754147861061, 0.29608287042432296, 0.32571606964155625, 0.3149462322357988, 0.25481738176515306, 0.3149462322357988], [0.3617432147941687, 0.3586488827884723, 0.24825410844000348, 0.383752592833729, 0.32571606964155625, 0.3237754147861061, 0.3617432147941687, 0.33053043006647326], [0.24658452138576364, 0.33970175747432707, 0.4320164172438017, 0.3617432147941687, 0.3617432147941687, 0.3586488827884723, 0.28349232201673713, 0.383752592833729], [0.4320164172438017, 0.35161906472489307, 0.3687756236658619, 0.4320164172438017, 0.3516773435155361, 0.3617432147941687, 0.3617432147941687, 0.33470372541112675], [0.37502202508058524, 0.4320164172438017, 0.4320164172438017, 0.4320164172438017, 0.3687756236658619, 0.3617432147941687, 0.3687756236658619, 0.3532720639582322], [0.4320164172438017, 0.4320164172438017, 0.4320164172438017, 0.4320164172438017, 0.4320164172438017, 0.37502202508058524, 0.37502202508058524, 0.4320164172438017], [0.3965616998896495, 0.3356529818900366, 0.4320164172438017, 0.4320164172438017, 0.39898881801151564, 0.4320164172438017, 0.3814811347089019, 0.4320164172438017], [0.4320164172438017, 0.4320164172438017, 0.4320164172438017, 0.32804133222412774, 0.4320164172438017, 0.343225028335375, 0.4320164172438017, 0.4320164172438017]], "best_fitnesss": [0.3214977210895395, 0.32571606964155625, 0.37059265209524733, 0.3617432147941687, 0.383752592833729, 0.4320164172438017, 0.4320164172438017, 0.4320164172438017, 0.4320164172438017, 0.4320164172438017, 0.4320164172438017], "prob_mutate": 0.0375}