{"num_qubits": 4, "depth": 9, "num_circuit": 16, "num_generation": 20, "current_generation": 3, "fitnessss": [[0.3778249496534333, 0.2679676724397889, 0.4571399637159983, 0.5051525356201785, 0.5221296958304555, 0.30234016429272315, 0.23023077701524497, 0.12106367221411463, 0.1922742549481542, 0.42445883278566965, 0.22578762462515933, 0.22118205494387255, 0.23955443397183873, 0.17334933906938021, 0.13959724220387992, 0.28344620961387545], [0.5221296958304555, 0.5051525356201785, 0.5238955889456997, 0.48604221486847554, 0.4571399637159983, 0.407020424988942, 0.43396722603792404, 0.36363722079869487, 0.3778249496534333, 0.30234016429272315, 0.269813752652744, 0.19902050927104165, 0.28344620961387545, 0.2679676724397889, 0.4570325724122506, 0.3320884622916582], [0.5238955889456997, 0.5221296958304555, 0.5221296958304555, 0.5238955889456997, 0.310797015745205, 0.37338066938658643, 0.48604221486847554, 0.5051525356201785, 0.4571399637159983, 0.49531934012121304, 0.2491580304166916, 0.4755416465081228, 0.4497628608557319, 0.407020424988942, 0.4186300631574824, 0.42445883278566965]], "best_fitnesss": [0.5221296958304555, 0.5238955889456997, 0.5238955889456997], "prob_mutate": 0.020833333333333332}