{"num_qubits": 5, "depth": 18, "num_circuit": 16, "num_generation": 10, "current_generation": 1, "fitnessss": [[0.5120301984425117, 0.5973429016833254, 0.48444596931486517, 0.4795427186979775, 0.5894674330601577, 0.5457212793567664, 0.5994754716337345, 0.5077852752819088, 0.6069714649444518, 0.5362187796189852, 0.519042758517262, 0.39725267119644225, 0.45269276336485686, 0.529301379580079, 0.5498299461199208, 0.6093674700732908]], "best_fitnesss": [0.6093674700732908], "prob_mutate": 0.010416666666666666}