{"num_qubits": 4, "depth": 15, "num_circuit": 16, "num_generation": 40, "current_generation": 2, "fitnessss": [[0.6485500000000001, 0.6664299999999999, 0.75276, 0.6083299999999999, 0.57121, 0.5550900000000001, 0.68049, 0.6274599999999999, 0.5955699999999999, 0.74741, 0.6663300000000001, 0.7499600000000001, 0.7277199999999999, 0.62744, 0.6958599999999999, 0.52335], [0.7722100000000001, 0.7480899999999999, 0.68033, 0.70088, 0.74211, 0.7229800000000001, 0.6594800000000001, 0.6897499999999999, 0.6831, 0.68242, 0.59161, 0.66738, 0.67022, 0.6659300000000001, 0.6482500000000001, 0.55537]], "best_fitnesss": [0.75276, 0.7722100000000001], "prob_mutate": 0.0125}