{"num_qubits": 5, "depth": 7, "num_circuit": 16, "num_generation": 10, "current_generation": 10, "fitnessss": [[0.20668511748731722, 0.24281374522008958, 0.3218426577565551, 0.11179019655585083, 0.2749220747440379, 0.198739339621318, 0.13082793988998484, 0.2379800297002077, 0.25125348779698214, 0.10703888691222593, 0.2170621403270304, 0.19292135486200818, 0.28215452628974613, 0.17495313910632154, 0.23666025000093377, 0.17165146571917955], [0.3218426577565551, 0.28215452628974613, 0.24626412213407525, 0.22591848595291236, 0.19041355930028808, 0.25125348779698214, 0.24437914156327079, 0.26712888405444085, 0.24281374522008958, 0.2379800297002077, 0.2760739376215146, 0.22671752215297225, 0.23666025000093377, 0.22729356149147528, 0.25356294842418153, 0.2359793538237216], [0.3218426577565551, 0.28215452628974613, 0.24626412213407525, 0.22591848595291236, 0.2833927589965114, 0.29651966499211735, 0.29395854239348995, 0.21159224676082777, 0.25356294842418153, 0.25125348779698214, 0.23796072431243367, 0.25043271441610904, 0.24626412213407525, 0.24437914156327079, 0.2136171360975551, 0.18631522404774187], [0.3218426577565551, 0.29651966499211735, 0.29096504784084487, 0.2544341699792395, 0.29395854239348995, 0.2833927589965114, 0.2760739376215146, 0.30564968918306146, 0.28215452628974613, 0.25356294842418153, 0.2446277803526032, 0.2122626910389273, 0.25670677268182823, 0.25043271441610904, 0.25043271441610904, 0.25125348779698214], [0.3218426577565551, 0.30564968918306146, 0.27599161151450036, 0.3034723988813913, 0.29651966499211735, 0.29395854239348995, 0.26712888405444085, 0.3368766947724213, 0.2643030615512935, 0.2602248717216146, 0.25487086716435875, 0.31454128426191524, 0.28215452628974613, 0.2760739376215146, 0.26756448551386003, 0.31136979932089615], [0.3108254882722937, 0.3218426577565551, 0.26493664619636953, 0.29096504784084487, 0.25252803038870636, 0.3067110268979111, 0.29360915055295883, 0.3368766947724213, 0.30564968918306146, 0.3034723988813913, 0.3034723988813913, 0.30564968918306146, 0.2502997004450883, 0.29395854239348995, 0.2780495353055824, 0.3368766947724213], [0.3108536053767385, 0.3368766947724213, 0.3368766947724213, 0.3368766947724213, 0.3218426577565551, 0.3108254882722937, 0.29096504784084487, 0.295361887882966, 0.3067110268979111, 0.30564968918306146, 0.29395854239348995, 0.2895513245424076, 0.17208934729791991, 0.3034723988813913, 0.3034723988813913, 0.30564968918306146], [0.2595718027245564, 0.3368766947724213, 0.31602294769849976, 0.3368766947724213, 0.38480431754433386, 0.3218426577565551, 0.26493664619636953, 0.29096504784084487, 0.3108536053767385, 0.3108254882722937, 0.3095590492743338, 0.3153032100147675, 0.3067110268979111, 0.30564968918306146, 0.29395854239348995, 0.2895513245424076], [0.38480431754433386, 0.3368766947724213, 0.3368766947724213, 0.38480431754433386, 0.3368766947724213, 0.3218426577565551, 0.26493664619636953, 0.2921833083242339, 0.31602294769849976, 0.3153032100147675, 0.3295637030347179, 0.28163020145691237, 0.31800375593237834, 0.3108254882722937, 0.3095590492743338, 0.2917759051850034], [0.38480431754433386, 0.38480431754433386, 0.38480431754433386, 0.38480431754433386, 0.3368766947724213, 0.3368766947724213, 0.3368766947724213, 0.3368766947724213, 0.3368766947724213, 0.3295637030347179, 0.3295637030347179, 0.24371685137145788, 0.3218426577565551, 0.31790391752780706, 0.2832795919421545, 0.29524906202425116]], "best_fitnesss": [0.3218426577565551, 0.3218426577565551, 0.3218426577565551, 0.3218426577565551, 0.3368766947724213, 0.3368766947724213, 0.3368766947724213, 0.38480431754433386, 0.38480431754433386, 0.38480431754433386], "prob_mutate": 0.026785714285714284}