{"num_qubits": 6, "depth": 33, "num_circuit": 4, "num_generation": 20, "current_generation": 2, "fitnessss": [[0.5266645592465694, 0.6751757475283766, 0.6294899533190779, 0.5899881654246888], [0.6751757475283766, 0.6594377060092422, 0.6762813497304971, 0.644111284385078]], "best_fitnesss": [0.6751757475283766, 0.6762813497304971], "prob_mutate": 0.022727272727272728}