{"num_qubits": 3, "depth": 14, "num_circuit": 16, "num_generation": 10, "current_generation": 2, "fitnessss": [[0.8273066597501405, 0.6197948549900589, 0.7240453764125421, 0.8864740290521326, 0.7667469114676767, 0.8118792426356454, 0.7582578177469642, 0.8832452677852618, 0.7800460872959265, 0.7614884026377091, 0.8332559838018782, 0.8747686011334952, 0.8158972539001963, 0.7513492936971825, 0.8641243739871296, 0.833501788959594], [0.8864740290521326, 0.8832452677852618, 0.9027109986266455, 0.8968325060205024, 0.8747686011334952, 0.8641243739871296, 0.8734273053966429, 0.8674095200465468, 0.833501788959594, 0.8332559838018782, 0.81745441717894, 0.8157414340602094, 0.8273066597501405, 0.8158972539001963, 0.8593019906520887, 0.7639297688684055]], "best_fitnesss": [0.8864740290521326, 0.9027109986266455], "prob_mutate": 0.013392857142857142}