{"num_qubits": 3, "depth": 10, "num_circuit": 8, "num_generation": 40, "current_generation": 5, "fitnessss": [[0.5630384889847545, 0.6037103838781895, 0.3674782094089692, 0.573029804244041, 0.7346761361702943, 0.5604165010695537, 0.7831506648825914, 0.6769069621470505], [0.6463637460592312, 0.7346761361702943, 0.6976215505007808, 0.7326730561959798, 0.6550062737427929, 0.6037103838781895, 0.7478034216486045, 0.59502833594055], [0.7478034216486045, 0.7371000998726064, 0.7197894215205451, 0.6149005059316858, 0.7326730561959798, 0.7729739555083166, 0.7806783238827035, 0.7831506648825914], [0.7831506648825914, 0.7806783238827035, 0.6976215505007808, 0.7326730561959798, 0.7228726132578165, 0.7478034216486045, 0.6129545887251897, 0.6843124834933644], [0.8172498541861966, 0.7806783238827035, 0.6332899002377909, 0.7064383461788697, 0.7478034216486045, 0.7326730561959798, 0.8287235218617495, 0.6446041964315846]], "best_fitnesss": [0.7831506648825914, 0.7478034216486045, 0.7831506648825914, 0.7831506648825914, 0.8287235218617495], "prob_mutate": 0.0375}