{"num_qubits": 4, "depth": 9, "num_circuit": 16, "num_generation": 20, "current_generation": 20, "fitnessss": [[0.40395501485930085, 0.2457406253733272, 0.23855268320692236, 0.3150107926485505, 0.3421908772020641, 0.37065278171968274, 0.3460580790468575, 0.24385634755951957, 0.39657149928782576, 0.15485948435832897, 0.19488177074723045, 0.3788238985225527, 0.23860252047993358, 0.21280862430817127, 0.2857524163881473, 0.2150089585650261], [0.40395501485930085, 0.39657149928782576, 0.28454256870390804, 0.3824535353792863, 0.3788238985225527, 0.37065278171968274, 0.28979506135681254, 0.30381316301665284, 0.3460580790468575, 0.3421908772020641, 0.31712051740877567, 0.2809408641810702, 0.3150107926485505, 0.2857524163881473, 0.14978857663297906, 0.33852460277302787], [0.40395501485930085, 0.39657149928782576, 0.2762311178469655, 0.3824535353792863, 0.3824535353792863, 0.3788238985225527, 0.4360493966879665, 0.4178941778529438, 0.3602002354528644, 0.3460580790468575, 0.3095524497886094, 0.22247476592240523, 0.3421908772020641, 0.33852460277302787, 0.3678171452875203, 0.3112892032048884], [0.4360493966879665, 0.4178941778529438, 0.2943858523792222, 0.3184057833225423, 0.3583699948098188, 0.39657149928782576, 0.2762311178469655, 0.3824535353792863, 0.3824535353792863, 0.3824535353792863, 0.3824535353792863, 0.3824535353792863, 0.3788238985225527, 0.3678171452875203, 0.28613169162254015, 0.27525699804092363], [0.4360493966879665, 0.4178941778529438, 0.2943858523792222, 0.3788238985225527, 0.39657149928782576, 0.3824535353792863, 0.3824535353792863, 0.34824457589223135, 0.3824535353792863, 0.3824535353792863, 0.3824535353792863, 0.3824535353792863, 0.3824535353792863, 0.3824535353792863, 0.3824535353792863, 0.23179221234070857], [0.4360493966879665, 0.4178941778529438, 0.2943858523792222, 0.3788238985225527, 0.39657149928782576, 0.4295802371159547, 0.3824535353792863, 0.31514363446290994, 0.3824535353792863, 0.3824535353792863, 0.3824535353792863, 0.3824535353792863, 0.3824535353792863, 0.2315659950966399, 0.3824535353792863, 0.3824535353792863], [0.4360493966879665, 0.4295802371159547, 0.26665545810966784, 0.4684526828606195, 0.4178941778529438, 0.39657149928782576, 0.40507543537574797, 0.5279858416636702, 0.41861430588315307, 0.3824535353792863, 0.3824535353792863, 0.3824535353792863, 0.3824535353792863, 0.3824535353792863, 0.2779353496245873, 0.3824535353792863], [0.5279858416636702, 0.4684526828606195, 0.3593410259350518, 0.3824535353792863, 0.4360493966879665, 0.4295802371159547, 0.26405761810720785, 0.39295574213899576, 0.41861430588315307, 0.4178941778529438, 0.3824535353792863, 0.3503549930041685, 0.40507543537574797, 0.39657149928782576, 0.40507543537574797, 0.39657149928782576], [0.5279858416636702, 0.4684526828606195, 0.29019847954137834, 0.37936215861365985, 0.4319589456964008, 0.22210200815329373, 0.26665545810966784, 0.2032621201064696, 0.37478105431453657, 0.42644928961812156, 0.33067103369994144, 0.3503549930041685, 0.40507543537574797, 0.40507543537574797, 0.40507543537574797, 0.40507543537574797], [0.5279858416636702, 0.4684526828606195, 0.4015798687664426, 0.3824535353792863, 0.4319589456964008, 0.42644928961812156, 0.2943858523792222, 0.32673956380293423, 0.40507543537574797, 0.40507543537574797, 0.40507543537574797, 0.24994818597120294, 0.40507543537574797, 0.40507543537574797, 0.40507543537574797, 0.40507543537574797], [0.5279858416636702, 0.4684526828606195, 0.29019847954137834, 0.3824535353792863, 0.4319589456964008, 0.42644928961812156, 0.2943858523792222, 0.35421746161649126, 0.40507543537574797, 0.40507543537574797, 0.2991995051561701, 0.40507543537574797, 0.40507543537574797, 0.40507543537574797, 0.40507543537574797, 0.40507543537574797], [0.5279858416636702, 0.4666602545494295, 0.29019847954137834, 0.3824535353792863, 0.28311349963322174, 0.49308587469759335, 0.2943858523792222, 0.35260412536534935, 0.40507543537574797, 0.3605842953499834, 0.40507543537574797, 0.40507543537574797, 0.424806059289634, 0.40507543537574797, 0.40507543537574797, 0.5444696604866583], [0.5444696604866583, 0.5279858416636702, 0.4178941778529438, 0.31056666484194184, 0.49308587469759335, 0.4666602545494295, 0.2526743043800559, 0.29989232648539044, 0.424806059289634, 0.40507543537574797, 0.40507543537574797, 0.424806059289634, 0.21540840910792824, 0.40507543537574797, 0.40507543537574797, 0.40507543537574797], [0.5399025457758936, 0.5279858416636702, 0.4178941778529438, 0.40237459339989823, 0.49308587469759335, 0.4666602545494295, 0.2717221429996822, 0.29989232648539044, 0.424806059289634, 0.424806059289634, 0.424806059289634, 0.424806059289634, 0.4178941778529438, 0.40507543537574797, 0.40507543537574797, 0.4178941778529438], [0.5399025457758936, 0.5279858416636702, 0.4178941778529438, 0.29242518387860816, 0.49308587469759335, 0.4666602545494295, 0.2717221429996822, 0.29989232648539044, 0.424806059289634, 0.424806059289634, 0.42368080870357894, 0.424806059289634, 0.424806059289634, 0.424806059289634, 0.424806059289634, 0.424806059289634], [0.5399025457758936, 0.5279858416636702, 0.4178941778529438, 0.29242518387860816, 0.49308587469759335, 0.4666602545494295, 0.2717221429996822, 0.29989232648539044, 0.424806059289634, 0.424806059289634, 0.424806059289634, 0.424806059289634, 0.424806059289634, 0.424806059289634, 0.28388979698330874, 0.424806059289634], [0.5399025457758936, 0.5279858416636702, 0.4178941778529438, 0.29242518387860816, 0.25040162022049817, 0.42315143384903864, 0.2717221429996822, 0.29989232648539044, 0.424806059289634, 0.424806059289634, 0.3022757046304164, 0.424806059289634, 0.424806059289634, 0.424806059289634, 0.5623313431683036, 0.3810309629094413], [0.5623313431683036, 0.5399025457758936, 0.5399025457758936, 0.5623313431683036, 0.5279858416636702, 0.424806059289634, 0.28093927326923673, 0.4178941778529438, 0.31166953845739953, 0.424806059289634, 0.424806059289634, 0.424806059289634, 0.424806059289634, 0.424806059289634, 0.424806059289634, 0.424806059289634], [0.5623313431683036, 0.5623313431683036, 0.2559173376094399, 0.5623313431683036, 0.5399025457758936, 0.5399025457758936, 0.5399025457758936, 0.5399025457758936, 0.5279858416636702, 0.424806059289634, 0.28093927326923673, 0.4178941778529438, 0.424806059289634, 0.3431665505451621, 0.424806059289634, 0.424806059289634], [0.5623313431683036, 0.5623313431683036, 0.5623313431683036, 0.5623313431683036, 0.540103136721805, 0.5399025457758936, 0.5399025457758936, 0.5623313431683036, 0.5399025457758936, 0.5399025457758936, 0.38969349105136075, 0.42685824969431996, 0.5399025457758936, 0.5279858416636702, 0.4178941778529438, 0.29242518387860816]], "best_fitnesss": [0.40395501485930085, 0.40395501485930085, 0.4360493966879665, 0.4360493966879665, 0.4360493966879665, 0.4360493966879665, 0.5279858416636702, 0.5279858416636702, 0.5279858416636702, 0.5279858416636702, 0.5279858416636702, 0.5444696604866583, 0.5444696604866583, 0.5399025457758936, 0.5399025457758936, 0.5399025457758936, 0.5623313431683036, 0.5623313431683036, 0.5623313431683036, 0.5623313431683036], "prob_mutate": 0.020833333333333332}