{"num_qubits": 5, "depth": 10, "num_circuit": 16, "num_generation": 30, "current_generation": 30, "fitnessss": [[0.25411161460384923, 0.30971442882029543, 0.3154956262691294, 0.312621730056381, 0.2750012743405866, 0.28947012877169404, 0.29880984700791313, 0.28235567139093815, 0.21620974765889786, 0.30702851751905363, 0.3861623926457518, 0.2665346866753594, 0.3340483400529484, 0.36664485264168195, 0.3288540276489703, 0.3085458316268147], [0.3861623926457518, 0.36664485264168195, 0.42492700648438575, 0.34461701982642734, 0.3340483400529484, 0.3288540276489703, 0.28893968432965583, 0.30978060263339824, 0.3154956262691294, 0.312621730056381, 0.32080352329022127, 0.3256628797062485, 0.30971442882029543, 0.3007665055756119, 0.32497185870383144, 0.35544115497532947], [0.42492700648438575, 0.36264315445463025, 0.3861623926457518, 0.42492700648438575, 0.31813846189969464, 0.35544115497532947, 0.3098620350382155, 0.39190393660481015, 0.34461701982642734, 0.3340483400529484, 0.297856442683634, 0.2670511163733472, 0.31682302356799374, 0.3256628797062485, 0.3113709365717913, 0.3124507573957382], [0.42492700648438575, 0.42492700648438575, 0.42492700648438575, 0.42492700648438575, 0.39190393660481015, 0.3861623926457518, 0.31201732861390685, 0.3697187053444394, 0.3761563530658925, 0.35544115497532947, 0.4283943135233629, 0.31201732861390685, 0.34461701982642734, 0.3340483400529484, 0.3293480999052444, 0.2670511163733472], [0.4283943135233629, 0.42492700648438575, 0.44734922376559566, 0.42196513353896636, 0.42492700648438575, 0.42492700648438575, 0.42492700648438575, 0.42492700648438575, 0.42492700648438575, 0.39190393660481015, 0.38287658476454656, 0.37598195767078857, 0.3861623926457518, 0.3761563530658925, 0.3861623926457518, 0.3761563530658925], [0.44734922376559566, 0.4283943135233629, 0.4283943135233629, 0.3812887684265446, 0.42492700648438575, 0.42492700648438575, 0.42492700648438575, 0.42492700648438575, 0.40287334961902815, 0.42492700648438575, 0.42492700648438575, 0.42492700648438575, 0.42492700648438575, 0.42492700648438575, 0.42492700648438575, 0.42492700648438575], [0.43041191751896946, 0.396843953704155, 0.4283943135233629, 0.44734922376559566, 0.4283943135233629, 0.42492700648438575, 0.44734922376559566, 0.42196513353896636, 0.42492700648438575, 0.42492700648438575, 0.42492700648438575, 0.42492700648438575, 0.42492700648438575, 0.38802354547453355, 0.42492700648438575, 0.43000033923633474], [0.44734922376559566, 0.44734922376559566, 0.44734922376559566, 0.44734922376559566, 0.43041191751896946, 0.43000033923633474, 0.4245795042478422, 0.4007326730578235, 0.3813661095990756, 0.4283943135233629, 0.4283943135233629, 0.4283943135233629, 0.42492700648438575, 0.42492700648438575, 0.42492700648438575, 0.4076123901004919], [0.44734922376559566, 0.44734922376559566, 0.44734922376559566, 0.44734922376559566, 0.44734922376559566, 0.44734922376559566, 0.44734922376559566, 0.44734922376559566, 0.43041191751896946, 0.35100797146055185, 0.4245795042478422, 0.38848386286310854, 0.4283943135233629, 0.4283943135233629, 0.4283943135233629, 0.4283943135233629], [0.3543920299015296, 0.44734922376559566, 0.44734922376559566, 0.3307064558816324, 0.44734922376559566, 0.40015406957251115, 0.44734922376559566, 0.44734922376559566, 0.44734922376559566, 0.3977363717621117, 0.44734922376559566, 0.44734922376559566, 0.33414858024522276, 0.44734922376559566, 0.40225364872760744, 0.44734922376559566], [0.44734922376559566, 0.44734922376559566, 0.32868774821782154, 0.44734922376559566, 0.44734922376559566, 0.44734922376559566, 0.44734922376559566, 0.44734922376559566, 0.44734922376559566, 0.38447247593284556, 0.44734922376559566, 0.44734922376559566, 0.3698610025382952, 0.4368743611428716, 0.44734922376559566, 0.44734922376559566], [0.44734922376559566, 0.3645525168959133, 0.42855033648764673, 0.44734922376559566, 0.37233256778202517, 0.44734922376559566, 0.44734922376559566, 0.44734922376559566, 0.44734922376559566, 0.40328636339040846, 0.44734922376559566, 0.44734922376559566, 0.44734922376559566, 0.44734922376559566, 0.44734922376559566, 0.44734922376559566], [0.3689362935825192, 0.44734922376559566, 0.44734922376559566, 0.44734922376559566, 0.44734922376559566, 0.44734922376559566, 0.4152779585191742, 0.44734922376559566, 0.44734922376559566, 0.36290692575201955, 0.3865706134666152, 0.44734922376559566, 0.3506434919568523, 0.44734922376559566, 0.44734922376559566, 0.44734922376559566], [0.44734922376559566, 0.44734922376559566, 0.44734922376559566, 0.44734922376559566, 0.44734922376559566, 0.44734922376559566, 0.44734922376559566, 0.44734922376559566, 0.40118703132300687, 0.44734922376559566, 0.44734922376559566, 0.44734922376559566, 0.44734922376559566, 0.44734922376559566, 0.44734922376559566, 0.44734922376559566], [0.44734922376559566, 0.44734922376559566, 0.333090191453584, 0.40878103148782846, 0.44734922376559566, 0.44734922376559566, 0.44734922376559566, 0.44734922376559566, 0.44734922376559566, 0.44734922376559566, 0.44734922376559566, 0.44734922376559566, 0.44734922376559566, 0.44734922376559566, 0.44734922376559566, 0.44734922376559566], [0.44734922376559566, 0.44734922376559566, 0.419054464381776, 0.37492159710517126, 0.44734922376559566, 0.44734922376559566, 0.35462207171564797, 0.44734922376559566, 0.44734922376559566, 0.44734922376559566, 0.44734922376559566, 0.44734922376559566, 0.44734922376559566, 0.44734922376559566, 0.44734922376559566, 0.44734922376559566], [0.44734922376559566, 0.44734922376559566, 0.44734922376559566, 0.44734922376559566, 0.41405577982138764, 0.44734922376559566, 0.44734922376559566, 0.44734922376559566, 0.44734922376559566, 0.44734922376559566, 0.40990726701380353, 0.44734922376559566, 0.44734922376559566, 0.44734922376559566, 0.44734922376559566, 0.44734922376559566], [0.44734922376559566, 0.44734922376559566, 0.44734922376559566, 0.3722213783901969, 0.44734922376559566, 0.44734922376559566, 0.39473680402754036, 0.44734922376559566, 0.44734922376559566, 0.44734922376559566, 0.44734922376559566, 0.43812971143476104, 0.3184139801607229, 0.37295120395428505, 0.44734922376559566, 0.44734922376559566], [0.44734922376559566, 0.44734922376559566, 0.44734922376559566, 0.44734922376559566, 0.44734922376559566, 0.44734922376559566, 0.44734922376559566, 0.44734922376559566, 0.41830818573869105, 0.44734922376559566, 0.44734922376559566, 0.44734922376559566, 0.44734922376559566, 0.44734922376559566, 0.44734922376559566, 0.38050597237197387], [0.44734922376559566, 0.44734922376559566, 0.44734922376559566, 0.44734922376559566, 0.44734922376559566, 0.44734922376559566, 0.44734922376559566, 0.44734922376559566, 0.44734922376559566, 0.44734922376559566, 0.3673486526995643, 0.44734922376559566, 0.44734922376559566, 0.44734922376559566, 0.44734922376559566, 0.44734922376559566], [0.44734922376559566, 0.44734922376559566, 0.44734922376559566, 0.44734922376559566, 0.44734922376559566, 0.3787490707611654, 0.4013884617096915, 0.44734922376559566, 0.41669821366462634, 0.35484866642557583, 0.44734922376559566, 0.44734922376559566, 0.44734922376559566, 0.44734922376559566, 0.44734922376559566, 0.4046095715586106], [0.44734922376559566, 0.44734922376559566, 0.44734922376559566, 0.44734922376559566, 0.413825075370357, 0.384137691584652, 0.44734922376559566, 0.44734922376559566, 0.44734922376559566, 0.44734922376559566, 0.4104080376634517, 0.3978806791838517, 0.44734922376559566, 0.44734922376559566, 0.44734922376559566, 0.44734922376559566], [0.44734922376559566, 0.44734922376559566, 0.44734922376559566, 0.44734922376559566, 0.44734922376559566, 0.44734922376559566, 0.44734922376559566, 0.44734922376559566, 0.44734922376559566, 0.44734922376559566, 0.44734922376559566, 0.44734922376559566, 0.44734922376559566, 0.44734922376559566, 0.37575013381488326, 0.44734922376559566], [0.44734922376559566, 0.44734922376559566, 0.4007408223840902, 0.44734922376559566, 0.44734922376559566, 0.44734922376559566, 0.44734922376559566, 0.44734922376559566, 0.37599677056456643, 