{"num_qubits": 3, "depth": 12, "num_circuit": 16, "num_generation": 40, "current_generation": 2, "fitnessss": [[0.6882254580956523, 0.7753498033833408, 0.6344067692375244, 0.6387929172746907, 0.7212087996555386, 0.6923211274168628, 0.8031467247406721, 0.6619946194596783, 0.6992537354984306, 0.8193247641753025, 0.7973735077195703, 0.6810773871735698, 0.7906073854406142, 0.6894149135130516, 0.6211197790231436, 0.6027728325502748], [0.8193247641753025, 0.7649491417018042, 0.8159383876007705, 0.7792757088931983, 0.7973735077195703, 0.7906073854406142, 0.8415218861790665, 0.7466557131134944, 0.7753498033833408, 0.7212087996555386, 0.718391665797266, 0.7298188354727065, 0.6992537354984306, 0.6923211274168628, 0.6977106304824034, 0.7094312214494944]], "best_fitnesss": [0.8193247641753025, 0.8415218861790665], "prob_mutate": 0.015625}