{"num_qubits": 4, "depth": 26, "num_circuit": 8, "num_generation": 40, "current_generation": 3, "fitnessss": [[0.8893627617242819, 0.9151559820077078, 0.8604674369628411, 0.9124002305935391, 0.898785570650638, 0.7762442232486327, 0.7271147647480014, 0.8610031011423253], [0.9151559820077078, 0.9124002305935391, 0.8901423353134291, 0.9130610239915617, 0.898785570650638, 0.8893627617242819, 0.8674513021842161, 0.8913266183133658], [0.9151559820077078, 0.9130610239915617, 0.9188198218130432, 0.9130610239915617, 0.9124002305935391, 0.9054930137371577, 0.9119685652864786, 0.8677225454860074]], "best_fitnesss": [0.9151559820077078, 0.9151559820077078, 0.9188198218130432], "prob_mutate": 0.014423076923076924}