{"num_qubits": 6, "depth": 34, "num_circuit": 8, "num_generation": 20, "current_generation": 2, "fitnessss": [[0.68296942100541, 0.6713416005971685, 0.6185734619065153, 0.6811981425093316, 0.5997081299084115, 0.6168854299176626, 0.6214695827247687, 0.6243761604705832], [0.6518018299734644, 0.6811981425093316, 0.6654337637953904, 0.6909916103945263, 0.6713416005971685, 0.6243761604705832, 0.6048047298472005, 0.6371358560153016]], "best_fitnesss": [0.68296942100541, 0.6909916103945263], "prob_mutate": 0.011029411764705883}