{"num_qubits": 5, "depth": 30, "num_circuit": 32, "num_generation": 10, "current_generation": 2, "fitnessss": [[0.7886685796743125, 0.8158182665776099, 0.7418246040941638, 0.7660230915041208, 0.790180460181044, 0.7554390849657066, 0.8071350739826633, 0.784578671074886, 0.771550306645584, 0.7346354798188106, 0.8209352766178618, 0.7022299878083877, 0.8018868421458901, 0.7529541441735814, 0.7827677393010652, 0.80687724645081, 0.7827785549107691, 0.7442041317548104, 0.7085817378626416, 0.7987668356926847, 0.7945050016415348, 0.7533090662786962, 0.7989453917948899, 0.8093544966158861, 0.7612898611809855, 0.797614573990759, 0.7500094139644675, 0.7180799371153928, 0.8058679290935074, 0.7425827592963458, 0.8255662279671248, 0.7592151952928471], [0.8255662279671248, 0.8209352766178618, 0.7964537519925353, 0.8116658670941789, 0.8158182665776099, 0.8093544966158861, 0.8055081170889702, 0.78812397322411, 0.8071350739826633, 0.80687724645081, 0.765780159049754, 0.8201948327303015, 0.8058679290935074, 0.8018868421458901, 0.8281296715053775, 0.7351751230529135, 0.7989453917948899, 0.7987668356926847, 0.8122004563865811, 0.8053423315904862, 0.797614573990759, 0.7945050016415348, 0.8268676982220834, 0.7834217980396433, 0.790180460181044, 0.7886685796743125, 0.7940059880582812, 0.7823440496035989, 0.784578671074886, 0.7827785549107691, 0.7903074777194133, 0.7976724842716566]], "best_fitnesss": [0.8255662279671248, 0.8281296715053775], "prob_mutate": 0.003125}