{"num_qubits": 6, "depth": 21, "num_circuit": 32, "num_generation": 40, "current_generation": 2, "fitnessss": [[0.4012401334660954, 0.40382927835994237, 0.43008515232621614, 0.4392200850884323, 0.4646898930861546, 0.43014306568254057, 0.39172018105713596, 0.43414960712441425, 0.37319026308586284, 0.41305532380458787, 0.329982307924839, 0.4239566986163389, 0.36365482552286416, 0.34888486233048005, 0.3957473107678603, 0.4494386850957026, 0.4083140656463935, 0.3836919550080743, 0.3978881719314139, 0.36816819351951097, 0.38108594165207965, 0.373882082611272, 0.41723082706297915, 0.4171492396755571, 0.4572734925871635, 0.3804960895038604, 0.4173082011493607, 0.4462610753856141, 0.4067181015220129, 0.4585352062201771, 0.4559895622154963, 0.44418981220177367], [0.4646898930861546, 0.4585352062201771, 0.42575380610146263, 0.44014053111356255, 0.4572734925871635, 0.4559895622154963, 0.46992944277252857, 0.46220460522625767, 0.477293327506443, 0.4462610753856141, 0.48319335029589744, 0.4489113816469009, 0.44418981220177367, 0.4392200850884323, 0.388886741062901, 0.4715906501802216, 0.43414960712441425, 0.43014306568254057, 0.3881956455484185, 0.4235577787730794, 0.4743636448756918, 0.4239566986163389, 0.4103268212747492, 0.4299672040269744, 0.4173082011493607, 0.41723082706297915, 0.434791478256966, 0.4506540841651795, 0.4171492396755571, 0.41305532380458787, 0.36899802626866957, 0.4134219485766525]], "best_fitnesss": [0.4646898930861546, 0.48319335029589744], "prob_mutate": 0.004464285714285714}