{"num_qubits": 6, "depth": 35, "num_circuit": 32, "num_generation": 20, "current_generation": 3, "fitnessss": [[0.6673072059421147, 0.646008045998837, 0.6092320627471959, 0.6191734379219699, 0.6308111395435484, 0.6324368341149487, 0.6299805504161495, 0.6572475240824509, 0.6527381211271835, 0.688900388959827, 0.6567562141116907, 0.5996024165282047, 0.689161844756989, 0.6229082849871342, 0.6602186923312642, 0.6701043673800509, 0.6738477368724629, 0.6461171128034804, 0.65098098299777, 0.683335068422602, 0.6501401232090924, 0.6251462833666883, 0.6824635188055579, 0.6177507326588646, 0.6339556156535673, 0.6472801924840844, 0.7059630250395879, 0.6136399289653997, 0.6396397771231367, 0.5861185251377286, 0.6783742979372641, 0.6329478882901293], [0.7059630250395879, 0.689161844756989, 0.6349241543714864, 0.6948399584904268, 0.688900388959827, 0.683335068422602, 0.6784918553469517, 0.6788797166455572, 0.6824635188055579, 0.6783742979372641, 0.6528949666938613, 0.6714966730371733, 0.6738477368724629, 0.6701043673800509, 0.6581162713195775, 0.6420974618159125, 0.6673072059421147, 0.6602186923312642, 0.6662518125035789, 0.634593713835047, 0.6653134821582523, 0.6567562141116907, 0.6640237046705996, 0.628415261085251, 0.6527381211271835, 0.65098098299777, 0.6268664560613393, 0.6716558615955401, 0.6501401232090924, 0.6472801924840844, 0.6745304724201134, 0.6548067648935436], [0.7059630250395879, 0.6948399584904268, 0.7059630250395879, 0.6948399584904268, 0.689161844756989, 0.688900388959827, 0.698687666438498, 0.6616394042226226, 0.683335068422602, 0.6824635188055579, 0.651304581209595, 0.7102518199886575, 0.6788797166455572, 0.6784918553469517, 0.683335068422602, 0.688900388959827, 0.6783742979372641, 0.6745304724201134, 0.7027124825454385, 0.6532933193030879, 0.6738477368724629, 0.6562019546071458, 0.6246877662137578, 0.671810947852458, 0.6714966730371733, 0.6701043673800509, 0.6833703909851316, 0.6162139191074604, 0.6673072059421147, 0.6662518125035789, 0.6662518125035789, 0.6673072059421147]], "best_fitnesss": [0.7059630250395879, 0.7059630250395879, 0.7102518199886575], "prob_mutate": 0.0026785714285714286}