{"num_qubits": 4, "depth": 12, "num_circuit": 8, "num_generation": 40, "current_generation": 2, "fitnessss": [[0.5012786868481209, 0.6191835351640969, 0.590855665580021, 0.5973572966015738, 0.5851597944131705, 0.5784804284207576, 0.5807326253725866, 0.518708070566307], [0.6324619926056078, 0.6273671063295537, 0.5843453575858851, 0.5820357097774422, 0.5404811011037256, 0.6017688135340891, 0.4909889192949044, 0.6738674888217783]], "best_fitnesss": [0.6191835351640969, 0.6738674888217783], "prob_mutate": 0.03125}