{"num_qubits": 5, "depth": 12, "num_circuit": 4, "num_generation": 20, "current_generation": 5, "fitnessss": [[0.3962499513052052, 0.39878506553965176, 0.37424707080000685, 0.3472206298303416], [0.39878506553965176, 0.3834331770630536, 0.37404173649564704, 0.42764710768235015], [0.42764710768235015, 0.39878506553965176, 0.3229675412570313, 0.38525522903725423], [0.44033006898855576, 0.3833224317708791, 0.41509575054413955, 0.38525522903725423], [0.44033006898855576, 0.4036331575078176, 0.45901556372588653, 0.42957811521522604]], "best_fitnesss": [0.39878506553965176, 0.42764710768235015, 0.42764710768235015, 0.44033006898855576, 0.45901556372588653], "prob_mutate": 0.0625}