{"num_qubits": 6, "depth": 22, "num_circuit": 16, "num_generation": 30, "current_generation": 1, "fitnessss": [[0.43983672230354404, 0.3615255126286717, 0.4153295876632045, 0.4051200460463401, 0.44267686143104346, 0.44846404955180336, 0.43146085072777735, 0.4562542261219263, 0.4840798284265798, 0.4368711274637861, 0.5113696178736954, 0.456848471933, 0.4522078327603226, 0.4081938604829226, 0.4537840911444226, 0.46038430862356244]], "best_fitnesss": [0.5113696178736954], "prob_mutate": 0.008522727272727272}