{"num_qubits": 6, "depth": 22, "num_circuit": 16, "num_generation": 30, "current_generation": 6, "fitnessss": [[0.43983672230354404, 0.3615255126286717, 0.4153295876632045, 0.4051200460463401, 0.44267686143104346, 0.44846404955180336, 0.43146085072777735, 0.4562542261219263, 0.4840798284265798, 0.4368711274637861, 0.5113696178736954, 0.456848471933, 0.4522078327603226, 0.4081938604829226, 0.4537840911444226, 0.46038430862356244], [0.5113696178736954, 0.4840798284265798, 0.523361906664411, 0.48722211374063623, 0.46038430862356244, 0.456848471933, 0.423969119032879, 0.4755335069958364, 0.4562542261219263, 0.4537840911444226, 0.47971744001110467, 0.4560460908970305, 0.4522078327603226, 0.44846404955180336, 0.46289635555819403, 0.4251468019908799], [0.523361906664411, 0.5113696178736954, 0.5113696178736954, 0.523361906664411, 0.48722211374063623, 0.4840798284265798, 0.4840798284265798, 0.48722211374063623, 0.47971744001110467, 0.4755335069958364, 0.4528141516061668, 0.49637987060124306, 0.46289635555819403, 0.46038430862356244, 0.4632351795437974, 0.45676877312666286], [0.523361906664411, 0.5181468567125809, 0.523361906664411, 0.523361906664411, 0.5113696178736954, 0.5113696178736954, 0.5113696178736954, 0.5113696178736954, 0.49637987060124306, 0.48722211374063623, 0.5313300314145766, 0.4821385539620933, 0.48722211374063623, 0.4840798284265798, 0.4840798284265798, 0.48722211374063623], [0.5313300314145766, 0.523361906664411, 0.515285673393912, 0.5113696178736954, 0.523361906664411, 0.523361906664411, 0.523361906664411, 0.523361906664411, 0.5156746929619302, 0.5113696178736954, 0.5113696178736954, 0.5181468567125809, 0.5113696178736954, 0.5113696178736954, 0.5113696178736954, 0.5113696178736954], [0.4760548121337903, 0.523361906664411, 0.515285673393912, 0.5113696178736954, 0.523361906664411, 0.523361906664411, 0.523361906664411, 0.5063908959476102, 0.523361906664411, 0.523361906664411, 0.523361906664411, 0.523361906664411, 0.5181468567125809, 0.5156746929619302, 0.506939666687933, 0.524178648579086]], "best_fitnesss": [0.5113696178736954, 0.523361906664411, 0.523361906664411, 0.5313300314145766, 0.5313300314145766, 0.524178648579086], "prob_mutate": 0.008522727272727272}