{"num_qubits": 4, "depth": 10, "num_circuit": 32, "num_generation": 10, "current_generation": 2, "fitnessss": [[0.513066136683285, 0.4623786281839827, 0.4405571442478142, 0.33120515450427035, 0.3722192077695595, 0.421697650783359, 0.4415280441497795, 0.30780410054801244, 0.334546455419633, 0.4753697027577424, 0.4310962139030874, 0.4537293491758274, 0.3041372278178359, 0.5451047412802803, 0.5163566354585415, 0.22964928782526997, 0.571957684772363, 0.38249332043781437, 0.5258409666292828, 0.4046763340415696, 0.5199269343885073, 0.40682338095841697, 0.5714515127507175, 0.4769174370047106, 0.5665711226551998, 0.49443681748752644, 0.5709142672076417, 0.5376300153326795, 0.5041890902097095, 0.5283357403658381, 0.5308100423526165, 0.5405251477017814], [0.571957684772363, 0.5714515127507175, 0.5036981433595344, 0.5965202107082781, 0.5709142672076417, 0.5665711226551998, 0.5866930389130431, 0.5005159648746208, 0.5451047412802803, 0.5405251477017814, 0.5365603301507772, 0.5250773439951456, 0.5376300153326795, 0.5308100423526165, 0.6631476413560495, 0.5085174653184663, 0.5283357403658381, 0.5258409666292828, 0.4844875556651159, 0.5749013818076824, 0.5199269343885073, 0.5163566354585415, 0.44350444588904986, 0.5690511457933526, 0.513066136683285, 0.5041890902097095, 0.46791813687233486, 0.5173263716299117, 0.49443681748752644, 0.4769174370047106, 0.4282466193746178, 0.5263513860035063]], "best_fitnesss": [0.571957684772363, 0.6631476413560495], "prob_mutate": 0.009375}