{"num_qubits": 3, "depth": 9, "num_circuit": 4, "num_generation": 30, "current_generation": 12, "fitnessss": [[0.49330349727646716, 0.7314472184244498, 0.6348338354305636, 0.5425782632921512], [0.6398482871385687, 0.6348338354305636, 0.6742793678764343, 0.6078525479075358], [0.6742793678764343, 0.6398482871385687, 0.6398482871385687, 0.5644602604569459], [0.6742793678764343, 0.6398482871385687, 0.6311374381221609, 0.6742793678764343], [0.6742793678764343, 0.6742793678764343, 0.7401508240275351, 0.5521183780612471], [0.6485394604049187, 0.5959417623563465, 0.6251554819079674, 0.6742793678764343], [0.6325719314642266, 0.6485394604049187, 0.6574626537293542, 0.6485394604049187], [0.6574626537293542, 0.6485394604049187, 0.668676103411544, 0.6556038868710103], [0.668676103411544, 0.6574626537293542, 0.733187638391019, 0.6143130785713022], [0.733187638391019, 0.668676103411544, 0.5756384048950055, 0.6321819202070879], [0.7363446653351261, 0.6729572156658523, 0.668676103411544, 0.733187638391019], [0.7706312396315672, 0.7203640153407097, 0.7363446653351261, 0.7743362512621532]], "best_fitnesss": [0.7314472184244498, 0.6742793678764343, 0.6742793678764343, 0.6742793678764343, 0.7401508240275351, 0.6742793678764343, 0.6574626537293542, 0.668676103411544, 0.733187638391019, 0.733187638391019, 0.7363446653351261, 0.7743362512621532], "prob_mutate": 0.08333333333333333}