{"num_qubits": 5, "depth": 6, "num_circuit": 8, "num_generation": 50, "current_generation": 50, "fitnessss": [[0.196091880155532, 0.1982103232112436, 0.1808304864977506, 0.12556364783125212, 0.17255482130035155, 0.20582193489295592, 0.25140711791406245, 0.1752509673758848], [0.25140711791406245, 0.20582193489295592, 0.22275832671551918, 0.19084878167731695, 0.18240970646212784, 0.196091880155532, 0.174441573818785, 0.22268725503919726], [0.25140711791406245, 0.21798406964967681, 0.21183432295156832, 0.2480415995796143, 0.22268725503919726, 0.20582193489295592, 0.17258134123722263, 0.19379954741706537], [0.25140711791406245, 0.2480415995796143, 0.25140711791406245, 0.2480415995796143, 0.22268725503919726, 0.21798406964967681, 0.17258134123722263, 0.23262820610177704], [0.25140711791406245, 0.25140711791406245, 0.21721784654578213, 0.21917418534519068, 0.24198866006578115, 0.2480415995796143, 0.2480415995796143, 0.2480415995796143], [0.25140711791406245, 0.25140711791406245, 0.25140711791406245, 0.24035509126284804, 0.2480415995796143, 0.2480415995796143, 0.2480415995796143, 0.2275599648308549], [0.25140711791406245, 0.25140711791406245, 0.25140711791406245, 0.25140711791406245, 0.2291016169856149, 0.2089026271676357, 0.25140711791406245, 0.2480415995796143], [0.2222296132863212, 0.25140711791406245, 0.25140711791406245, 0.25140711791406245, 0.25140711791406245, 0.25140711791406245, 0.25140711791406245, 0.25140711791406245], [0.25140711791406245, 0.25140711791406245, 0.25140711791406245, 0.24073976201846153, 0.2610358440878786, 0.25140711791406245, 0.25140711791406245, 0.24530094031356695], [0.2610358440878786, 0.21890548158100115, 0.2610358440878786, 0.27115043111985093, 0.25140711791406245, 0.25140711791406245, 0.185622423283247, 0.25140711791406245], [0.27115043111985093, 0.2610358440878786, 0.27115043111985093, 0.2610358440878786, 0.2610358440878786, 0.25140711791406245, 0.2610358440878786, 0.25140711791406245], [0.27115043111985093, 0.27115043111985093, 0.24195946077285999, 0.27115043111985093, 0.27352552654952794, 0.22971859562966762, 0.20880246791810392, 0.17997090132411436], [0.27352552654952794, 0.27115043111985093, 0.27352552654952794, 0.2509984676658595, 0.27115043111985093, 0.15488307444979638, 0.27115043111985093, 0.27115043111985093], [0.27352552654952794, 0.27352552654952794, 0.27352552654952794, 0.27352552654952794, 0.27115043111985093, 0.2603959589869289, 0.27115043111985093, 0.27115043111985093], [0.27352552654952794, 0.27352552654952794, 0.27352552654952794, 0.27352552654952794, 0.21659892225543742, 0.27352552654952794, 0.27352552654952794, 0.27352552654952794], [0.27352552654952794, 0.27352552654952794, 0.27352552654952794, 0.27352552654952794, 0.1988354533457753, 0.27765784967909674, 0.27352552654952794, 0.27352552654952794], [0.27765784967909674, 0.27352552654952794, 0.2544446417742745, 0.27352552654952794, 0.27352552654952794, 0.244055202961618, 0.27352552654952794, 0.20759915138731264], [0.27060207476212844, 0.27352552654952794, 0.27765784967909674, 0.23572629673579387, 0.27352552654952794, 0.25257207567866596, 0.27352552654952794, 0.27352552654952794], [0.27765784967909674, 0.27352552654952794, 0.24201830439542094, 0.27352552654952794, 0.27352552654952794, 0.21412779982031074, 0.27352552654952794, 0.27352552654952794], [0.25799342830810046, 0.27352552654952794, 0.27765784967909674, 0.21321297708336515, 0.27352552654952794, 0.20630697069141704, 0.2317964820790645, 0.27352552654952794], [0.2216875169764398, 0.27352552654952794, 0.27765784967909674, 0.27352552654952794, 0.27352552654952794, 0.27352552654952794, 0.27352552654952794, 0.27352552654952794], [0.23326146862103325, 0.27352552654952794, 0.27765784967909674, 0.27352552654952794, 0.28149916287528215, 0.26012660372832525, 0.27352552654952794, 0.27352552654952794], [0.28149916287528215, 0.27765784967909674, 0.21403415311520976, 0.25957436591578475, 0.2635582988796648, 0.27352552654952794, 0.27352552654952794, 0.27352552654952794], [0.28149916287528215, 0.22765763898060487, 0.2662184899918455, 0.25957436591578475, 0.27352552654952794, 0.27352552654952794, 0.27352552654952794, 0.27352552654952794], [0.28149916287528215, 0.27352552654952794, 0.2662184899918455, 0.25214083290525907, 0.24778883498637425, 0.27352552654952794, 0.16282776284706735, 0.27352552654952794], [0.28149916287528215, 0.27352552654952794, 0.25214817965333103, 0.24234434468815508, 0.10157477454408474, 0.27352552654952794, 0.26637795877968823, 0.27352552654952794], [0.2517138514752354, 0.27352552654952794, 0.2662184899918455, 0.25214083290525907, 0.11661307009013785, 0.27352552654952794, 0.27352552654952794, 0.23253775612570843], [0.27352552654952794, 0.27352552654952794, 0.27352552654952794, 0.27352552654952794, 0.30831792265949765, 0.23747167847041178, 0.27352552654952794, 0.2662184899918455], [0.2763046757083104, 0.27352552654952794, 0.30831792265949765, 0.27352552654952794, 0.24622322059183607, 0.27352552654952794, 0.208763642624174, 0.27352552654952794], [0.30831792265949765, 0.2763046757083104, 0.2763046757083104, 0.30831792265949765, 0.1971786282366613, 0.27352552654952794, 0.27352552654952794, 0.27352552654952794], [0.30831792265949765, 0.30831792265949765, 0.30831792265949765, 0.30831792265949765, 0.2763046757083104, 0.2763046757083104, 0.22466997789898935, 0.13107634214125427], [0.30831792265949765, 0.2262568712011343, 0.30831792265949765, 0.30831792265949765, 0.28244188778304846, 0.2527044047346628, 0.30831792265949765, 0.30831792265949765], [0.2575070197838839, 0.30831792265949765, 0.30831792265949765, 0.30831792265949765, 0.30831792265949765, 0.30831792265949765, 0.22731056600414273, 0.30831792265949765], [0.30831792265949765, 0.30831792265949765, 0.30831792265949765, 0.30831792265949765, 0.156932054960885, 0.30831792265949765, 0.30831792265949765, 0.30831792265949765], [0.14669610945977657, 0.30831792265949765, 0.30831792265949765, 0.30831792265949765, 0.30831792265949765, 0.30831792265949765, 0.30831792265949765, 0.2225860493381914], [0.30831792265949765, 0.30831792265949765, 0.30831792265949765, 0.30831792265949765, 0.30831792265949765, 0.30831792265949765, 0.30831792265949765, 0.24407483092147703], [0.30831792265949765, 0.30831792265949765, 0.2537883869887284, 0.3060464131650068, 0.30831792265949765, 0.30831792265949765, 0.30831792265949765, 0.30831792265949765], [0.30831792265949765, 0.30831792265949765, 0.30831792265949765, 0.30831792265949765, 0.30831792265949765, 0.30831792265949765, 0.30831792265949765, 0.2524401966420763], [0.24209272066258736, 0.30831792265949765, 0.21418533935068979, 0.30831792265949765, 0.30831792265949765, 0.30831792265949765, 0.13154865201971472, 0.23460860523879806], [0.30831792265949765, 0.30831792265949765, 0.23715036199343595, 0.1602675456230464, 0.30831792265949765, 0.30831792265949765, 0.30831792265949765, 0.30831792265949765], [0.30831792265949765, 0.30831792265949765, 0.27933764282415496, 0.26120775546049757, 0.2502375214749475, 0.28786165152651777, 0.30831792265949765, 0.30831792265949765], [0.2309174891741125, 0.23765951910742772, 0.30831792265949765, 0.30831792265949765, 0.11339457205051498, 0.30831792265949765, 0.30831792265949765, 0.24659288822081624], [0.30831792265949765, 0.23399727502956763, 0.30831792265949765, 0.30831792265949765, 0.30831792265949765, 0.30831792265949765, 0.21017459377774608, 0.30831792265949765], [0.30831792265949765, 0.30831792265949765, 0.30831792265949765, 0.30831792265949765, 0.30831792265949765, 0.30831792265949765, 0.30831792265949765, 0.29510309808368934], [0.30831792265949765, 0.30831792265949765, 0.2049348323447103, 0.26750006512390473, 0.2621568386379437, 0.2802985002528168, 0.24777153494616325, 0.30831792265949765], [0.28494664766076006, 0.30831792265949765, 0.30831792265949765, 0.30831792265949765, 0.30831792265949765, 0.2802985002528168, 0.23888300002069815, 0.30831792265949765], [0.30831792265949765, 0.21704974395206636, 0.2563999001012642, 0.30831792265949765, 0.23547436271442573, 0.30831792265949765, 