{"num_qubits": 6, "depth": 38, "num_circuit": 8, "num_generation": 30, "current_generation": 3, "fitnessss": [[0.7162371838715298, 0.653773122936648, 0.6690201871425671, 0.6478338343406055, 0.7071059354781566, 0.6953270038829036, 0.6901349581485322, 0.6923569176309768], [0.7162371838715298, 0.7126610644215526, 0.7048606563640101, 0.7006427232798652, 0.6953270038829036, 0.6923569176309768, 0.7017542598852328, 0.6736871670309879], [0.6899002102569958, 0.7126610644215526, 0.6978596439053253, 0.6809341220752825, 0.7247691696621285, 0.6939071826284964, 0.7298218112792914, 0.6818638648586596]], "best_fitnesss": [0.7162371838715298, 0.7162371838715298, 0.7298218112792914], "prob_mutate": 0.009868421052631578}