{"num_qubits": 5, "depth": 15, "num_circuit": 32, "num_generation": 10, "current_generation": 2, "fitnessss": [[0.4361502186882403, 0.3889955687105046, 0.5350838517472416, 0.4819978492152881, 0.39131969733481803, 0.3973317332394254, 0.42295895730743344, 0.5016773915527499, 0.44242630309246656, 0.5162621138911051, 0.42369519536116884, 0.356252764963564, 0.4709976949104835, 0.3476310786094307, 0.4674701165916442, 0.3531042271823607, 0.4607282336562927, 0.5061220703664608, 0.43801278899122364, 0.44373226942228855, 0.4683634829550808, 0.4034988033893617, 0.39802704043902304, 0.36993725114543985, 0.34127153258848203, 0.5381921716648435, 0.4846336360098805, 0.48242828159585277, 0.42473112204608493, 0.5434324370118626, 0.5011845218467794, 0.4948624006561776], [0.5434324370118626, 0.5381921716648435, 0.47906986118550243, 0.5062420732580347, 0.5350838517472416, 0.5162621138911051, 0.5292192477944934, 0.4902324373829144, 0.5061220703664608, 0.5080122040108412, 0.5509490199340527, 0.46891446589282654, 0.5011845218467794, 0.4948624006561776, 0.47925655988987864, 0.43303721109250615, 0.4846336360098805, 0.5047245623820106, 0.46655174275262273, 0.5664033085346455, 0.4819978492152881, 0.4709976949104835, 0.535501581638365, 0.37436094722502156, 0.4683634829550808, 0.4674701165916442, 0.5374019936312393, 0.4752323876754094, 0.4607282336562927, 0.44373226942228855, 0.4192910381539507, 0.5019497896742573]], "best_fitnesss": [0.5434324370118626, 0.5664033085346455], "prob_mutate": 0.00625}