{"num_qubits": 5, "depth": 5, "num_circuit": 16, "num_generation": 50, "current_generation": 22, "fitnessss": [[0.14444417536753948, 0.08392953259890562, 0.09748340874757885, 0.2051088725235231, 0.1071575287860064, 0.11532849195658498, 0.1728052198336019, 0.13052187580645688, 0.17221085610883985, 0.09619330586018407, 0.15359710168038201, 0.12218488357065718, 0.19039123881623404, 0.12163674716963713, 0.15702950624534617, 0.11784860478467354], [0.2051088725235231, 0.19039123881623404, 0.2380344376146888, 0.18569788399562795, 0.1728052198336019, 0.17221085610883985, 0.17106869139853492, 0.1995495041764539, 0.15702950624534617, 0.15359710168038201, 0.2100439961340824, 0.184230727811435, 0.14444417536753948, 0.1285475657745767, 0.15671496593944417, 0.1455740601405852], [0.2380344376146888, 0.2100439961340824, 0.18422832772595282, 0.188253269159011, 0.2051088725235231, 0.15433342863347982, 0.2199616252908258, 0.16163143399662952, 0.1783249770508169, 0.18569788399562795, 0.18569788399562795, 0.19039123881623404, 0.15836812002322637, 0.1651049468558809, 0.18937822150004638, 0.1549263781264794], [0.2380344376146888, 0.2199616252908258, 0.2199616252908258, 0.18004085076786744, 0.2100439961340824, 0.2051088725235231, 0.1944434331321048, 0.18515882930319924, 0.11416816589172733, 0.18937822150004638, 0.11645824252113406, 0.1621979457256295, 0.17293696383032753, 0.18569788399562795, 0.1944434331321048, 0.19039123881623404], [0.2380344376146888, 0.2199616252908258, 0.2199616252908258, 0.2380344376146888, 0.2199616252908258, 0.2100439961340824, 0.18515882930319924, 0.22727869211907903, 0.2308419852593985, 0.1944434331321048, 0.2051088725235231, 0.1944434331321048, 0.1944434331321048, 0.19039123881623404, 0.188253269159011, 0.18569788399562795], [0.2380344376146888, 0.2380344376146888, 0.2380344376146888, 0.2380344376146888, 0.2308419852593985, 0.22727869211907903, 0.21647893533850188, 0.168524121372728, 0.2199616252908258, 0.2199616252908258, 0.2199616252908258, 0.2199616252908258, 0.22477063100293265, 0.2152312344638248, 0.18515882930319924, 0.16266331737642492], [0.2380344376146888, 0.2147912390959633, 0.2380344376146888, 0.2380344376146888, 0.2380344376146888, 0.2380344376146888, 0.2380344376146888, 0.2380344376146888, 0.2308419852593985, 0.22727869211907903, 0.2199616252908258, 0.21721582122338182, 0.22477063100293265, 0.2199616252908258, 0.22477063100293265, 0.2199616252908258], [0.2380344376146888, 0.2380344376146888, 0.2380344376146888, 0.2380344376146888, 0.2380344376146888, 0.2380344376146888, 0.2380344376146888, 0.2380344376146888, 0.2380344376146888, 0.1582237577436718, 0.2380344376146888, 0.2380344376146888, 0.23743629180481135, 0.2261462559975239, 0.2308419852593985, 0.2380344376146888], [0.2380344376146888, 0.2380344376146888, 0.2380344376146888, 0.2380344376146888, 0.2380344376146888, 0.2380344376146888, 0.17400335325251523, 0.2380344376146888, 0.2380344376146888, 0.19045937241562466, 0.2380344376146888, 0.2380344376146888, 0.2380344376146888, 0.15789197668800803, 0.2380344376146888, 0.2380344376146888], [0.2380344376146888, 0.2380344376146888, 0.2380344376146888, 0.2380344376146888, 0.15449432559020568, 0.2380344376146888, 0.2380344376146888, 0.2380344376146888, 0.2380344376146888, 0.2380344376146888, 0.2380344376146888, 0.2380344376146888, 0.22960811047663068, 0.2380344376146888, 0.2380344376146888, 0.2380344376146888], [0.2380344376146888, 0.2380344376146888, 0.19442604673433372, 0.2380344376146888, 0.2380344376146888, 0.24764318183343895, 0.2380344376146888, 0.2380344376146888, 0.14963932753654996, 0.2380344376146888, 0.2380344376146888, 0.2380344376146888, 0.2246597136399958, 0.2380344376146888, 0.2380344376146888, 0.2380344376146888], [0.24764318183343895, 0.1939422891699793, 0.2380344376146888, 0.24764318183343895, 0.2380344376146888, 0.2380344376146888, 0.2486302742208566, 0.2380344376146888, 0.2380344376146888, 0.2380344376146888, 0.2380344376146888, 0.2380344376146888, 0.2380344376146888, 0.2380344376146888, 0.2380344376146888, 0.2380344376146888], [0.2486302742208566, 0.21276564500149106, 0.19913533732422356, 0.2380344376146888, 0.24764318183343895, 0.2380344376146888, 0.2380344376146888, 0.19620026979767596, 0.2380344376146888, 0.2380344376146888, 0.22625135417034184, 0.2380344376146888, 0.2380344376146888, 0.2380344376146888, 0.2380344376146888, 0.2380344376146888], [0.17142480785323846, 0.24764318183343895, 0.20620678303352813, 0.2380344376146888, 0.2380344376146888, 0.2380344376146888, 0.2380344376146888, 0.2380344376146888, 0.2380344376146888, 0.2380344376146888, 0.2380344376146888, 0.2380344376146888, 0.2380344376146888, 0.2380344376146888, 0.2380344376146888, 0.2380344376146888], [0.24764318183343895, 0.2380344376146888, 0.24235264321717104, 0.24764318183343895, 0.2380344376146888, 0.2380344376146888, 0.2380344376146888, 0.2380344376146888, 0.2380344376146888, 0.2380344376146888, 0.20390258837371672, 0.2380344376146888, 0.2380344376146888, 0.2380344376146888, 0.2380344376146888, 0.2380344376146888], [0.24764318183343895, 0.24764318183343895, 0.24764318183343895, 0.19494847487549322, 0.24235264321717104, 0.2380344376146888, 0.19658875614903287, 0.24235264321717104, 0.2380344376146888, 0.2380344376146888, 0.2380344376146888, 0.2380344376146888, 0.2380344376146888, 0.2270134054915446, 0.2380344376146888, 0.2380344376146888], [0.24764318183343895, 0.24764318183343895, 0.24764318183343895, 0.24764318183343895, 0.24764318183343895, 0.21111917652767115, 0.23198638112634046, 0.24764318183343895, 0.24235264321717104, 0.2380344376146888, 0.2380344376146888, 0.24235264321717104, 0.2380344376146888, 0.2380344376146888, 0.2380344376146888, 0.21106339061053703], [0.24764318183343895, 0.24764318183343895, 0.24764318183343895, 0.24764318183343895, 0.19027111107336378, 0.24764318183343895, 0.24764318183343895, 0.24764318183343895, 0.24764318183343895, 0.24764318183343895, 0.24764318183343895, 0.24764318183343895, 0.24235264321717104, 0.24235264321717104, 0.24235264321717104, 0.24235264321717104], [0.24764318183343895, 0.24764318183343895, 0.24764318183343895, 0.21527543258245344, 0.220145064710053, 0.24764318183343895, 0.2113633745919156, 0.24764318183343895, 0.24764318183343895, 0.24764318183343895, 0.24764318183343895, 0.24764318183343895, 0.24764318183343895, 0.24764318183343895, 0.24764318183343895, 0.24764318183343895], [0.23516392211416254, 0.24764318183343895, 0.24764318183343895, 0.24764318183343895, 0.24764318183343895, 0.24764318183343895, 0.24764318183343895, 0.2073467988302456, 0.24764318183343895, 0.24764318183343895, 0.2266085960955586, 0.21236456002560047, 0.20000204289420004, 0.23551781569654584, 0.24764318183343895, 0.24764318183343895], [0.24764318183343895, 0.24764318183343895, 0.24764318183343895, 0.24764318183343895, 0.24764318183343895, 0.20837748840172035, 0.24764318183343895, 0.24764318183343895, 0.22227276513455915, 0.24764318183343895, 0.24764318183343895, 0.22986187027841254, 0.24764318183343895, 0.24764318183343895, 0.24764318183343895, 0.24764318183343895], [0.24764318183343895, 0.24764318183343895, 0.24764318183343895, 0.24764318183343895, 0.24764318183343895, 0.24764318183343895, 0.24764318183343895, 0.24764318183343895, 0.19027111107336375, 0.24764318183343895, 0.24764318183343895, 0.19995881336853, 0.24764318183343895, 0.24764318183343895, 0.19040745102684295, 0.24764318183343895]], "best_fitnesss": [0.2051088725235231, 0.2380344376146888, 0.2380344376146888, 0.2380344376146888, 0.2380344376146888, 0.2380344376146888, 0.2380344376146888, 0.2380344376146888, 0.2380344376146888, 0.2380344376146888, 0.24764318183343895, 0.2486302742208566, 0.2486302742208566, 0.24764318183343895, 0.24764318183343895, 0.24764318183343895, 0.24764318183343895, 0.24764318183343895, 0.24764318183343895, 0.24764318183343895, 0.24764318183343895, 0.24764318183343895], "prob_mutate": 0.0375}