{"num_qubits": 5, "depth": 7, "num_circuit": 16, "num_generation": 30, "current_generation": 11, "fitnessss": [[0.28503593699925295, 0.16855553214372604, 0.2406556652119765, 0.20408917852977854, 0.14898807893374705, 0.23617692972646828, 0.24169025004867012, 0.2767432837943042, 0.17749078708953608, 0.2675397260806258, 0.20991403690062813, 0.16263419728360917, 0.2517397182802524, 0.16797484872866636, 0.1406367968933693, 0.2216959475417255], [0.28503593699925295, 0.27769195481807885, 0.2700739405827578, 0.23612663110636306, 0.2675397260806258, 0.2517397182802524, 0.2512822013168684, 0.17169698180915066, 0.24169025004867012, 0.2406556652119765, 0.1637018817832801, 0.226062426199036, 0.23617692972646828, 0.2307461925437166, 0.23012402924586867, 0.22105194459770566], [0.28503593699925295, 0.27769195481807885, 0.2700739405827578, 0.18610494709253617, 0.2700739405827578, 0.2675397260806258, 0.2334749846388517, 0.24519180648738512, 0.2517397182802524, 0.2512822013168684, 0.2517397182802524, 0.2623946399292729, 0.24169025004867012, 0.23643619039358327, 0.21184285670375572, 0.226062426199036], [0.28503593699925295, 0.27769195481807885, 0.2700739405827578, 0.24584810539791674, 0.23563348227858646, 0.2700739405827578, 0.2700739405827578, 0.2700739405827578, 0.2675397260806258, 0.2623946399292729, 0.2512822013168684, 0.24562421621869115, 0.2517397182802524, 0.2517397182802524, 0.21568146074984576, 0.2517397182802524], [0.28503593699925295, 0.27769195481807885, 0.2700739405827578, 0.24584810539791674, 0.2700739405827578, 0.2700739405827578, 0.2700739405827578, 0.2700739405827578, 0.2700739405827578, 0.2700739405827578, 0.2700739405827578, 0.2819222121632507, 0.23693413481618025, 0.2623946399292729, 0.2512822013168684, 0.24562421621869115], [0.28503593699925295, 0.2819222121632507, 0.2819222121632507, 0.28503593699925295, 0.26437209892286767, 0.2694092017489013, 0.23413904240032793, 0.2700739405827578, 0.2700739405827578, 0.2700739405827578, 0.2700739405827578, 0.2740455476032356, 0.2700739405827578, 0.2700739405827578, 0.2700739405827578, 0.2429461494581171], [0.28503593699925295, 0.28503593699925295, 0.3183923080264045, 0.28503593699925295, 0.28269141368585105, 0.2819222121632507, 0.2819222121632507, 0.2819222121632507, 0.2740455476032356, 0.23916301954650407, 0.2740455476032356, 0.23584110839186972, 0.2700739405827578, 0.2576556163772676, 0.2700739405827578, 0.2700739405827578], [0.3183923080264045, 0.28503593699925295, 0.28503593699925295, 0.3183923080264045, 0.28503593699925295, 0.28503593699925295, 0.28503593699925295, 0.28503593699925295, 0.28269141368585105, 0.2819222121632507, 0.2819222121632507, 0.2753720791960049, 0.2819222121632507, 0.2819222121632507, 0.2819222121632507, 0.2819222121632507], [0.3183923080264045, 0.3183923080264045, 0.3183923080264045, 0.3183923080264045, 0.28503593699925295, 0.28503593699925295, 0.28503593699925295, 0.28503593699925295, 0.28503593699925295, 0.28503593699925295, 0.28503593699925295, 0.28503593699925295, 0.2168362819207789, 0.28503593699925295, 0.28503593699925295, 0.28503593699925295], [0.3183923080264045, 0.3183923080264045, 0.26627581587513943, 0.3183923080264045, 0.3183923080264045, 0.3183923080264045, 0.3183923080264045, 0.3183923080264045, 0.28503593699925295, 0.28503593699925295, 0.28503593699925295, 0.28503593699925295, 0.28503593699925295, 0.28503593699925295, 0.28503593699925295, 0.28503593699925295], [0.3183923080264045, 0.3183923080264045, 0.3183923080264045, 0.3183923080264045, 0.3183923080264045, 0.3183923080264045, 0.3183923080264045, 0.3183923080264045, 0.3183923080264045, 0.2802459917768892, 0.3183923080264045, 0.3183923080264045, 0.3183923080264045, 0.28503593699925295, 0.21865065965879124, 0.3183923080264045]], "best_fitnesss": [0.28503593699925295, 0.28503593699925295, 0.28503593699925295, 0.28503593699925295, 0.28503593699925295, 0.28503593699925295, 0.3183923080264045, 0.3183923080264045, 0.3183923080264045, 0.3183923080264045, 0.3183923080264045], "prob_mutate": 0.026785714285714284}