{"num_qubits": 4, "depth": 2, "num_circuit": 4, "num_generation": 10, "current_generation": 10, "fitnessss": [[0.12113815661131029, 0.046783385623847706, 0.092845769871273, 0.10634829482083283], [0.1211381566113103, 0.14085027389646085, 0.10319150322037252, 0.07966970053377584], [0.0996772896351571, 0.10652893711566351, 0.11647298283403643, 0.13531112993299896], [0.13531112993299896, 0.11647298283403643, 0.13167588228482802, 0.1376967231224845], [0.1376967231224845, 0.1313128546104258, 0.10634829482083281, 0.13531112993299896], [0.09826777498427612, 0.13531112993299896, 0.17419750592489344, 0.13531112993299896], [0.17419750592489344, 0.11536098142162668, 0.1844850450366963, 0.12501616111413347], [0.203172020537168, 0.09248536959928713, 0.17419750592489344, 0.1844850450366963], [0.203172020537168, 0.14981037428794122, 0.14557409612999977, 0.203172020537168], [0.203172020537168, 0.203172020537168, 0.09776609001096791, 0.10785678116283362]], "best_fitnesss": [0.12113815661131029, 0.14085027389646085, 0.13531112993299896, 0.1376967231224845, 0.1376967231224845, 0.17419750592489344, 0.1844850450366963, 0.203172020537168, 0.203172020537168, 0.203172020537168], "prob_mutate": 0.375}