{"num_qubits": 6, "depth": 33, "num_circuit": 32, "num_generation": 30, "current_generation": 1, "fitnessss": [[0.6335037057866362, 0.6064924080132007, 0.5998599638687097, 0.6600795803790879, 0.6388280186462822, 0.6089072536465201, 0.6546828230275641, 0.6133171651804998, 0.6061306724485699, 0.6426674917084182, 0.5839494278457799, 0.6282945272410425, 0.5471459625136096, 0.6063409191601182, 0.6312639508541333, 0.6091559834285153, 0.6357839910834233, 0.6258988967239753, 0.6516375327193489, 0.635664069843955, 0.5933954833759566, 0.6341017061378593, 0.6188009842606328, 0.6366568081178862, 0.5705824844413396, 0.6477374520440203, 0.6590006107873799, 0.6160162712953863, 0.5744975118558043, 0.6775491464595838, 0.6294996301582387, 0.6396584938509688]], "best_fitnesss": [0.6775491464595838], "prob_mutate": 0.002840909090909091}