{"num_qubits": 6, "depth": 28, "num_circuit": 8, "num_generation": 30, "current_generation": 1, "fitnessss": [[0.5055616849780253, 0.48350398577877873, 0.5366157018100194, 0.5864738668816815, 0.475648159477071, 0.574605060301884, 0.490120215292254, 0.5662693000160723]], "best_fitnesss": [0.5864738668816815], "prob_mutate": 0.013392857142857142}