{"num_qubits": 6, "depth": 28, "num_circuit": 8, "num_generation": 30, "current_generation": 2, "fitnessss": [[0.5055616849780253, 0.48350398577877873, 0.5366157018100194, 0.5864738668816815, 0.475648159477071, 0.574605060301884, 0.490120215292254, 0.5662693000160723], [0.5864738668816815, 0.574605060301884, 0.52353400653404, 0.6037933304751164, 0.5662693000160723, 0.5366157018100194, 0.576676848975162, 0.5352597800392604]], "best_fitnesss": [0.5864738668816815, 0.6037933304751164], "prob_mutate": 0.013392857142857142}