{"num_qubits": 5, "depth": 31, "num_circuit": 4, "num_generation": 10, "current_generation": 2, "fitnessss": [[0.7921867685866067, 0.763690067114106, 0.7437676966110209, 0.7024670141147327], [0.7912047925111494, 0.763690067114106, 0.7988091453642993, 0.729563249242388]], "best_fitnesss": [0.7921867685866067, 0.7988091453642993], "prob_mutate": 0.024193548387096774}