{"num_qubits": 4, "depth": 21, "num_circuit": 4, "num_generation": 40, "current_generation": 3, "fitnessss": [[0.873423613609108, 0.8053008656333811, 0.876966802551487, 0.7493097390983532], [0.876966802551487, 0.873423613609108, 0.8317544804913028, 0.8451051680030695], [0.8809363376426701, 0.8124555902833371, 0.8317544804913028, 0.8627574312136094]], "best_fitnesss": [0.876966802551487, 0.876966802551487, 0.8809363376426701], "prob_mutate": 0.03571428571428571}