{"num_qubits": 5, "depth": 25, "num_circuit": 16, "num_generation": 10, "current_generation": 2, "fitnessss": [[0.717829177260155, 0.6427183428003849, 0.7165999957598214, 0.637282533192742, 0.6791401885774354, 0.6315935103818753, 0.7059166588014537, 0.6062743654014229, 0.7458340803940844, 0.7046103464533612, 0.6416685681783397, 0.6436983713813716, 0.652067621955682, 0.652993999417576, 0.6140928938601429, 0.700353703478826], [0.7458340803940844, 0.7637114382827133, 0.7265100142500881, 0.75202018888137, 0.7165999957598214, 0.7288164258737163, 0.7328679210163773, 0.7038565929183304, 0.7046103464533612, 0.7469465343940003, 0.715879375309784, 0.7188863539297927, 0.7029579590413217, 0.652993999417576, 0.6642537690337986, 0.6893888778902411]], "best_fitnesss": [0.7458340803940844, 0.7637114382827133], "prob_mutate": 0.0075}