{"num_qubits": 4, "depth": 20, "num_circuit": 32, "num_generation": 40, "current_generation": 1, "fitnessss": [[0.754451895126186, 0.7935803582287743, 0.7259707563343438, 0.7668191635727598, 0.7393154950056465, 0.818437519122282, 0.7559162148227805, 0.7381756218123406, 0.7672510243578987, 0.7260701822221883, 0.8201434749290941, 0.8346152239179154, 0.7119668101911119, 0.7903718559325821, 0.8500027936036292, 0.795365360257904, 0.7952218876359975, 0.8030343729084457, 0.7703877458776761, 0.75085783967802, 0.765799972413674, 0.7884400730675984, 0.7607609778603145, 0.7751965255068265, 0.7484531714136635, 0.7338683401925563, 0.6561121451521311, 0.8169182721638448, 0.8434120512257675, 0.8247049839093664, 0.804665556588323, 0.719728046509598]], "best_fitnesss": [0.8500027936036292], "prob_mutate": 0.0046875}