{"num_qubits": 4, "depth": 26, "num_circuit": 16, "num_generation": 30, "current_generation": 3, "fitnessss": [[0.8272292993962912, 0.8743221588242591, 0.9211745733879008, 0.9001351472966382, 0.857280933280626, 0.8441380824852581, 0.9054663755234916, 0.7838646570957669, 0.9103309231341854, 0.8943535907727844, 0.8692092682633902, 0.841485241610606, 0.902162471115169, 0.8649581824960839, 0.897080682002296, 0.8176691691841323], [0.9211745733879008, 0.9103309231341854, 0.8783752164938207, 0.9077615005209235, 0.9054663755234916, 0.902162471115169, 0.9106106478932563, 0.8638372510955424, 0.9001351472966382, 0.897080682002296, 0.8609278489986052, 0.9116163119572729, 0.8943535907727844, 0.8825167557066145, 0.9194255439192697, 0.9042476495052906], [0.9211745733879008, 0.9194255439192697, 0.9242784073998717, 0.9061511524923738, 0.9201829441117357, 0.9106106478932563, 0.889205134535818, 0.9313585998206664, 0.9103309231341854, 0.9077615005209235, 0.9077615005209235, 0.9103309231341854, 0.9147158088810718, 0.9042476495052906, 0.8975067738756699, 0.872224807955377]], "best_fitnesss": [0.9211745733879008, 0.9211745733879008, 0.9313585998206664], "prob_mutate": 0.007211538461538462}