{"num_qubits": 4, "depth": 6, "num_circuit": 32, "num_generation": 50, "current_generation": 1, "fitnessss": [[0.28798004420319717, 0.39747098435733036, 0.17144595599336881, 0.30309477559637626, 0.21561822894336696, 0.22268179094278132, 0.31611875494153846, 0.27402585549914205, 0.33737248081069804, 0.1692449313918009, 0.42962253772315295, 0.35161544924682014, 0.393360906522036, 0.28986123410156617, 0.3596607707722189, 0.34705595972022035, 0.2454042598439162, 0.18128783675736487, 0.37758639922066084, 0.2970460098145566, 0.44199333201582275, 0.3376337578650416, 0.31552030719544966, 0.308821960688441, 0.3587577524282234, 0.24613202454127786, 0.25400635118165404, 0.2595071853131271, 0.4130874082417647, 0.31491241968278577, 0.3667174464598751, 0.3031948148230052]], "best_fitnesss": [0.44199333201582275], "prob_mutate": 0.015625}