{"num_qubits": 4, "depth": 9, "num_circuit": 16, "num_generation": 20, "current_generation": 20, "fitnessss": [[0.35043615202436174, 0.3762618050060317, 0.5131276284306108, 0.2333550968765914, 0.2075738188556644, 0.16266633998402968, 0.2370273471418386, 0.47031727101646115, 0.2114655916681899, 0.3207222277457136, 0.3733704365874846, 0.28950243204161286, 0.23438336241717295, 0.24520330482796915, 0.29448881652410797, 0.24468745432409766], [0.5131276284306108, 0.47031727101646115, 0.5082295986029026, 0.2667947071218878, 0.3559584589729823, 0.3733704365874846, 0.5173263875314459, 0.31632903674136315, 0.35043615202436174, 0.10078988836382996, 0.0669442377079299, 0.20280159331143932, 0.29448881652410797, 0.28950243204161286, 0.31715555820113317, 0.45123682800623255], [0.5173263875314459, 0.5131276284306108, 0.3286617552390442, 0.4311464073483636, 0.5082295986029026, 0.47031727101646115, 0.5082295986029026, 0.47031727101646115, 0.45123682800623255, 0.3733704365874846, 0.60801819012552, 0.34730408893125875, 0.2642064672594455, 0.18593804236392175, 0.38689603903512404, 0.19958565461453814], [0.60801819012552, 0.5173263875314459, 0.46783158370700495, 0.5173263875314459, 0.5131276284306108, 0.5082295986029026, 0.5282674372130944, 0.2959312290660675, 0.5082295986029026, 0.47031727101646115, 0.5082295986029026, 0.42823020240393417, 0.4036025147831118, 0.45123682800623255, 0.23281514322045838, 0.482028335316549], [0.60801819012552, 0.41550354719681404, 0.482028335316549, 0.490887962364411, 0.4969042781078232, 0.5173263875314459, 0.5173263875314459, 0.5173263875314459, 0.5131276284306108, 0.5082295986029026, 0.5082295986029026, 0.2317686824847931, 0.5082295986029026, 0.5082295986029026, 0.5082295986029026, 0.5082295986029026], [0.6140442052494856, 0.5173263875314459, 0.60801819012552, 0.5173263875314459, 0.5173263875314459, 0.5173263875314459, 0.5398686906269753, 0.5173263875314459, 0.5131276284306108, 0.5082295986029026, 0.5082295986029026, 0.5131276284306108, 0.5082295986029026, 0.5082295986029026, 0.5082295986029026, 0.5082295986029026], [0.6140442052494856, 0.60801819012552, 0.6140442052494856, 0.60801819012552, 0.5398686906269753, 0.3690596531736763, 0.5398686906269753, 0.5999284287950687, 0.5173263875314459, 0.42010883032943247, 0.5173263875314459, 0.5173263875314459, 0.5173263875314459, 0.41111801825489014, 0.5173263875314459, 0.5173263875314459], [0.6140442052494856, 0.5497713104865003, 0.5467158813586668, 0.6140442052494856, 0.60801819012552, 0.60801819012552, 0.60801819012552, 0.60801819012552, 0.5999284287950687, 0.5344857594996375, 0.4184864690473462, 0.5398686906269753, 0.5398686906269753, 0.5173263875314459, 0.5398686906269753, 0.3717765088953069], [0.6140442052494856, 0.5638403726818734, 0.6140442052494856, 0.6140442052494856, 0.60801819012552, 0.60801819012552, 0.37329743659390047, 0.60801819012552, 0.6285306498900758, 0.60801819012552, 0.4781620812188734, 0.46051703602900307, 0.5999284287950687, 0.5497713104865003, 0.5999284287950687, 0.5497713104865003], [0.6285306498900758, 0.33746731487416914, 0.6285306498900758, 0.6140442052494856, 0.4947899390885253, 0.6140442052494856, 0.36441490960735723, 0.6140442052494856, 0.60801819012552, 0.5170044032637091, 0.60801819012552, 0.60801819012552, 0.5353405423963719, 0.6102348954470644, 0.60801819012552, 0.49874404590957133], [0.6285306498900758, 0.36726732652127214, 0.6285306498900758, 0.6285306498900758, 0.6140442052494856, 0.6140442052494856, 0.6140442052494856, 0.44818618012372435, 0.6140442052494856, 0.6102348954470644, 0.6140442052494856, 0.6102348954470644, 0.60801819012552, 0.60801819012552, 0.43231586410069345, 0.60801819012552], [0.6285306498900758, 0.6285306498900758, 0.6285306498900758, 0.6285306498900758, 0.2890774851179606, 0.6140442052494856, 0.6285306498900758, 0.6140442052494856, 0.6140442052494856, 0.6140442052494856, 0.6140442052494856, 0.6140442052494856, 0.6140442052494856, 0.6140442052494856, 0.5865589090103968, 0.6140442052494856], [0.6285306498900758, 0.6285306498900758, 0.6285306498900758, 0.6285306498900758, 0.6285306498900758, 0.6285306498900758, 0.6285306498900758, 0.6285306498900758, 0.6285306498900758, 0.6140442052494856, 0.6285306498900758, 0.6140442052494856, 0.6140442052494856, 0.2571366310378129, 0.585499678317799, 0.6140442052494856], [0.6285306498900758, 0.6285306498900758, 0.6285306498900758, 0.6285306498900758, 0.6285306498900758, 0.6285306498900758, 0.40257027633236897, 0.619924884478099, 0.6285306498900758, 0.6285306498900758, 0.6285306498900758, 0.6285306498900758, 0.6285306498900758, 0.6285306498900758, 0.6285306498900758, 0.6285306498900758], [0.6285306498900758, 0.6285306498900758, 0.6285306498900758, 0.6285306498900758, 0.6285306498900758, 0.6285306498900758, 0.5476386744598642, 0.6285306498900758, 0.6285306498900758, 0.6285306498900758, 0.6285306498900758, 0.6285306498900758, 0.6285306498900758, 0.527055130544532, 0.6285306498900758, 0.4330606420770884], [0.6285306498900758, 0.6285306498900758, 0.2536600487936089, 0.6285306498900758, 0.6285306498900758, 0.6285306498900758, 0.6285306498900758, 0.6567696952861186, 0.6285306498900758, 0.6159168004123308, 0.4232924721841208, 0.6285306498900758, 0.18146052624393083, 0.6285306498900758, 0.6166879029435188, 0.23468391495761853], [0.6567696952861186, 0.6285306498900758, 0.6567696952861186, 0.6285306498900758, 0.386217346387815, 0.6285306498900758, 0.6285306498900758, 0.6285306498900758, 0.6285306498900758, 0.6285306498900758, 0.6285306498900758, 0.6285306498900758, 0.6285306498900758, 0.6285306498900758, 0.6285306498900758, 0.6285306498900758], [0.6567696952861186, 0.6567696952861186, 0.6567696952861186, 0.6567696952861186, 0.6285306498900758, 0.6285306498900758, 0.6285306498900758, 0.6285306498900758, 0.6285306498900758, 0.6285306498900758, 0.6285306498900758, 0.6285306498900758, 0.6285306498900758, 0.6285306498900758, 0.6285306498900758, 0.6285306498900758], [0.6567696952861186, 0.6567696952861186, 0.6567696952861186, 0.5519476197805974, 0.6567696952861186, 0.6571162709991714, 0.6567696952861186, 0.6567696952861186, 0.6285306498900758, 0.6285306498900758, 0.6285306498900758, 0.6285306498900758, 0.597445206743586, 0.6285306498900758, 0.6285306498900758, 0.6285306498900758], [0.6571162709991714, 0.6567696952861186, 0.6571162709991714, 0.41696261719949557, 0.6567696952861186, 0.6567696952861186, 0.6567696952861186, 0.46225993172298174, 0.28097697924559484, 0.6567696952861186, 0.6567696952861186, 0.6567696952861186, 0.6567696952861186, 0.6285306498900758, 0.6567696952861186, 0.6285306498900758]], "best_fitnesss": [0.5131276284306108, 0.5173263875314459, 0.60801819012552, 0.60801819012552, 0.60801819012552, 0.6140442052494856, 0.6140442052494856, 0.6140442052494856, 0.6285306498900758, 0.6285306498900758, 0.6285306498900758, 0.6285306498900758, 0.6285306498900758, 0.6285306498900758, 0.6285306498900758, 0.6567696952861186, 0.6567696952861186, 0.6567696952861186, 0.6571162709991714, 0.6571162709991714], "prob_mutate": 0.020833333333333332}