{"num_qubits": 4, "depth": 9, "num_circuit": 16, "num_generation": 20, "current_generation": 20, "fitnessss": [[0.28281652985465333, 0.23669798254305208, 0.2865144093528075, 0.38048289869991003, 0.26754687855882775, 0.22764088155149298, 0.3299634733353414, 0.07983687683243201, 0.2797607261760806, 0.39171704918271555, 0.47116173765727687, 0.21826901305461444, 0.3668519736842848, 0.3419697960837711, 0.2579337586410644, 0.2073069554045961], [0.47116173765727687, 0.456484355411076, 0.4307508410641804, 0.32159482694258, 0.38048289869991003, 0.3668519736842848, 0.3776117728864663, 0.4201137730379604, 0.3419697960837711, 0.3467818469242291, 0.2521575905146384, 0.3760305112283253, 0.2865144093528075, 0.28281652985465333, 0.22270113652560808, 0.3210617871434087], [0.47116173765727687, 0.2898434673079995, 0.44008371280864367, 0.32159482694258, 0.4307508410641804, 0.4201137730379604, 0.4972011213511809, 0.3865830134975413, 0.38048289869991003, 0.13681342936066654, 0.12490837449532888, 0.24567458990040958, 0.3760305112283253, 0.3668519736842848, 0.43816990957906854, 0.458630586553994], [0.24446712791627356, 0.38720448772972405, 0.3807235665116474, 0.30387776181897164, 0.458630586553994, 0.44008371280864367, 0.34196258789744627, 0.37130656496018766, 0.43816990957906854, 0.4307508410641804, 0.26493886084019813, 0.2729193123804754, 0.4201137730379604, 0.3865830134975413, 0.3865830134975413, 0.4201137730379604], [0.458630586553994, 0.29164831437794614, 0.34196258789744627, 0.20246420176664404, 0.43816990957906854, 0.4307508410641804, 0.26493886084019813, 0.2729193123804754, 0.4201137730379604, 0.4201137730379604, 0.4201137730379604, 0.4201137730379604, 0.38720448772972405, 0.3865830134975413, 0.44719973609917774, 0.3063692066865469], [0.458630586553994, 0.44719973609917774, 0.3865830134975413, 0.32295661627285144, 0.43816990957906854, 0.36586696689918663, 0.26493886084019813, 0.2729193123804754, 0.4201137730379604, 0.329790549936828, 0.4201137730379604, 0.4201137730379604, 0.4201137730379604, 0.4201137730379604, 0.4201137730379604, 0.4201137730379604], [0.458630586553994, 0.44719973609917774, 0.3865830134975413, 0.37130656496018766, 0.43816990957906854, 0.4201137730379604, 0.44756896444113303, 0.3668519736842848, 0.4201137730379604, 0.4201137730379604, 0.4201137730379604, 0.4201137730379604, 0.4201137730379604, 0.4201137730379604, 0.4201137730379604, 0.4201137730379604], [0.458630586553994, 0.37613342646931147, 0.4201137730379604, 0.3760305112283253, 0.44719973609917774, 0.3652998704631585, 0.3157526069118839, 0.26493886084019813, 0.4201137730379604, 0.4201137730379604, 0.5151636090719498, 0.4201137730379604, 0.4201137730379604, 0.400959079426761, 0.4201137730379604, 0.21049110687733652], [0.3885098093764566, 0.458630586553994, 0.3089024507162972, 0.34999963413440516, 0.44719973609917774, 0.4201137730379604, 0.30387776181897164, 0.4611135802510463, 0.4201137730379604, 0.4201137730379604, 0.4201137730379604, 0.4201137730379604, 0.4201137730379604, 0.4201137730379604, 0.4201137730379604, 0.4201137730379604], [0.4611135802510463, 0.458630586553994, 0.30675984182403415, 0.4611135802510463, 0.44719973609917774, 0.4201137730379604, 0.30387776181897164, 0.35868041192137723, 0.4201137730379604, 0.298485803209132, 0.4201137730379604, 0.4201137730379604, 0.4201137730379604, 0.4201137730379604, 0.4201137730379604, 0.4201137730379604], [0.4611135802510463, 0.4611135802510463, 0.4611135802510463, 0.4611135802510463, 0.458630586553994, 0.44719973609917774, 0.3865830134975413, 0.37130656496018766, 0.32441827505398957, 0.4201137730379604, 0.4201137730379604, 0.46783098947462476, 0.4201137730379604, 0.4201137730379604, 0.30538518623683053, 0.4201137730379604], [0.46783098947462476, 0.4611135802510463, 0.25900325483130393, 0.4201137730379604, 0.4611135802510463, 0.4611135802510463, 0.4611135802510463, 0.4611135802510463, 0.4611135802510463, 0.458630586553994, 0.458630586553994, 0.4611135802510463, 0.472765478869243, 0.4201137730379604, 0.30387776181897164, 0.45515787311400335], [0.472765478869243, 0.46783098947462476, 0.15378116970030375, 0.390222736713859, 0.28961772365690464, 0.4611135802510463, 0.29558317369371634, 0.3919989010021149, 0.4611135802510463, 0.4611135802510463, 0.4611135802510463, 0.4611135802510463, 0.26732673095594617, 0.27182163755283717, 0.4611135802510463, 0.4611135802510463], [0.472765478869243, 0.3716628513484658, 0.15378116970030375, 0.390222736713859, 0.4611135802510463, 0.4611135802510463, 0.37525160691583304, 0.4611135802510463, 0.4611135802510463, 0.4611135802510463, 0.4611135802510463, 0.4611135802510463, 0.4611135802510463, 0.4791479634119913, 0.4611135802510463, 0.4611135802510463], [0.4791479634119913, 0.472765478869243, 0.3865830134975413, 0.487565014741302, 0.4611135802510463, 0.4611135802510463, 0.4611135802510463, 0.4611135802510463, 0.4611135802510463, 0.4611135802510463, 0.4611135802510463, 0.4611135802510463, 0.4611135802510463, 0.4611135802510463, 0.4611135802510463, 0.4611135802510463], [0.487565014741302, 0.4791479634119913, 0.2399136777228128, 0.23958050006599307, 0.472765478869243, 0.4611135802510463, 0.1693184602508897, 0.3865830134975413, 0.4611135802510463, 0.41583272437082575, 0.4611135802510463, 0.25973761985384425, 0.4611135802510463, 0.4611135802510463, 0.4611135802510463, 0.4611135802510463], [0.487565014741302, 0.2186017138916826, 0.2399136777228128, 0.23958050006599307, 0.472765478869243, 0.4611135802510463, 0.15642613475277645, 0.3865830134975413, 0.4611135802510463, 0.4611135802510463, 0.4611135802510463, 0.4611135802510463, 0.4611135802510463, 0.4611135802510463, 0.4611135802510463, 0.3138877006565043], [0.487565014741302, 0.28343617460494397, 0.472765478869243, 0.487565014741302, 0.4611135802510463, 0.4611135802510463, 0.4611135802510463, 0.4611135802510463, 0.4611135802510463, 0.4611135802510463, 0.4611135802510463, 0.4611135802510463, 0.4611135802510463, 0.4611135802510463, 0.2803324488101192, 0.5414201071018393], [0.5414201071018393, 0.487565014741302, 0.23958050006599307, 0.3410271327658807, 0.29550384864573775, 0.472765478869243, 0.472765478869243, 0.487565014741302, 0.4611135802510463, 0.4611135802510463, 0.4624247623976848, 0.4611135802510463, 0.4611135802510463, 0.4611135802510463, 0.4611135802510463, 0.28622354932044425], [0.5414201071018393, 0.487565014741302, 0.23958050006599307, 0.23644297674538473, 0.487565014741302, 0.472765478869243, 0.472765478869243, 0.487565014741302, 0.472765478869243, 0.4624247623976848, 0.19201162467997668, 0.3865830134975413, 0.4611135802510463, 0.4611135802510463, 0.4611135802510463, 0.4611135802510463]], "best_fitnesss": [0.47116173765727687, 0.47116173765727687, 0.4972011213511809, 0.458630586553994, 0.458630586553994, 0.458630586553994, 0.458630586553994, 0.5151636090719498, 0.4611135802510463, 0.4611135802510463, 0.46783098947462476, 0.472765478869243, 0.472765478869243, 0.4791479634119913, 0.487565014741302, 0.487565014741302, 0.487565014741302, 0.5414201071018393, 0.5414201071018393, 0.5414201071018393], "prob_mutate": 0.020833333333333332}