{"num_qubits": 5, "depth": 31, "num_circuit": 16, "num_generation": 10, "current_generation": 2, "fitnessss": [[0.8082500782023082, 0.7622837449829186, 0.8006556267902865, 0.8364933239357771, 0.7791293575676882, 0.8212939094551555, 0.7639648184090128, 0.8140138293405087, 0.7912060848480732, 0.7519431616589539, 0.8223541961969902, 0.7881756609836221, 0.7509928751195012, 0.8074000161335796, 0.7339942079058183, 0.8297806192994566], [0.8364933239357771, 0.8297806192994566, 0.8424902312095692, 0.8162528477389447, 0.8223541961969902, 0.7957178417718023, 0.7798272666502021, 0.8289627902407485, 0.8140138293405087, 0.8082500782023082, 0.8195977862576095, 0.8444652805683652, 0.8074000161335796, 0.8006556267902865, 0.738877729736406, 0.7734712057894738]], "best_fitnesss": [0.8364933239357771, 0.8444652805683652], "prob_mutate": 0.006048387096774193}