{"num_qubits": 4, "depth": 9, "num_circuit": 16, "num_generation": 10, "current_generation": 1, "fitnessss": [[0.4148928061804825, 0.4689829577397314, 0.49841563704660763, 0.4377691089753773, 0.44954032982692105, 0.38164818398317146, 0.460560626052386, 0.4466740228889803, 0.38734350537508083, 0.4785026482657432, 0.5389136087826678, 0.41299811585253965, 0.3817433413438181, 0.4148897338215125, 0.5403541011735996, 0.29851760979356723]], "best_fitnesss": [0.5403541011735996], "prob_mutate": 0.020833333333333332}