{"num_qubits": 6, "depth": 33, "num_circuit": 16, "num_generation": 40, "current_generation": 1, "fitnessss": [[0.5204749561074278, 0.5612113777420762, 0.6323632062320438, 0.5593860137180251, 0.6403827550724094, 0.6117539269068417, 0.5659850767525455, 0.637922237571048, 0.6521507706390612, 0.6123285233453338, 0.6373902312093203, 0.6464560664058954, 0.6432625782363219, 0.6298028440869429, 0.6458498008093713, 0.6307260678992541]], "best_fitnesss": [0.6521507706390612], "prob_mutate": 0.005681818181818182}