{"num_qubits": 4, "depth": 4, "num_circuit": 4, "num_generation": 10, "current_generation": 10, "fitnessss": [[0.2756449412914786, 0.16813171148171244, 0.2325809817877142, 0.19554613786039857], [0.2756449412914786, 0.16126092756590418, 0.28802350520722186, 0.18130908733147116], [0.28802350520722186, 0.2756449412914786, 0.29014505163899085, 0.28802350520722186], [0.23415629445825462, 0.28558583599693105, 0.3053455367896066, 0.2756449412914786], [0.3053455367896066, 0.2963518868607254, 0.0690915212092689, 0.1981844717143162], [0.2264479931734497, 0.16481237807668014, 0.294530682805628, 0.28802350520722186], [0.08709073654702851, 0.28802350520722186, 0.2812604841509261, 0.27673783114625394], [0.1817026245921633, 0.2812604841509261, 0.279929840931182, 0.29806177652963006], [0.29806177652963006, 0.2812604841509261, 0.2812604841509261, 0.1983812143384994], [0.29806177652963006, 0.24335863278839823, 0.2812604841509261, 0.29806177652963006]], "best_fitnesss": [0.2756449412914786, 0.28802350520722186, 0.29014505163899085, 0.3053455367896066, 0.3053455367896066, 0.294530682805628, 0.28802350520722186, 0.29806177652963006, 0.29806177652963006, 0.29806177652963006], "prob_mutate": 0.1875}