{"num_qubits": 4, "depth": 6, "num_circuit": 32, "num_generation": 10, "current_generation": 10, "fitnessss": [[0.21374809883374207, 0.30124371214188284, 0.19594959047643243, 0.279490754765849, 0.31375090482198775, 0.37194871665352824, 0.3276998248364432, 0.3511086493386098, 0.28262923588293865, 0.3537352441393121, 0.42094165544615275, 0.39537690210080706, 0.24112875055689525, 0.32392800085182294, 0.23668641224116432, 0.33636372700644795, 0.3833766231533882, 0.2606666548870315, 0.27074070644671305, 0.3212580783920964, 0.25518675476476005, 0.2895381447630283, 0.2587813681636944, 0.42981660111459935, 0.3426372394809835, 0.40436752809478416, 0.2887414403168513, 0.26865699681963245, 0.3411980034772052, 0.1820232803171315, 0.18916219346950944, 0.29607823754133766], [0.42981660111459935, 0.42094165544615275, 0.30448040423949574, 0.437096155735858, 0.40436752809478416, 0.39537690210080706, 0.4680581947037874, 0.29754353659888866, 0.3833766231533882, 0.37194871665352824, 0.386415300533102, 0.32990546399733944, 0.3537352441393121, 0.3511086493386098, 0.305012788897869, 0.39409479085358007, 0.3426372394809835, 0.3411980034772052, 0.26044494201782076, 0.35272380541589177, 0.33636372700644795, 0.3276998248364432, 0.29833347752149647, 0.30700895836282766, 0.32392800085182294, 0.3212580783920964, 0.30737754953457086, 0.38599914357466136, 0.31375090482198775, 0.30124371214188284, 0.29733194967947707, 0.20717507102914728], [0.4680581947037874, 0.437096155735858, 0.33959994986939346, 0.390902347313569, 0.42981660111459935, 0.42094165544615275, 0.30448040423949574, 0.4339491098027411, 0.40436752809478416, 0.39537690210080706, 0.4680581947037874, 0.29754353659888866, 0.39409479085358007, 0.386415300533102, 0.3655144237599827, 0.4347238376989845, 0.38599914357466136, 0.3833766231533882, 0.31036230776861257, 0.4107445377232569, 0.37194871665352824, 0.3537352441393121, 0.317341115912223, 0.36882259655873545, 0.35272380541589177, 0.2784344994878935, 0.40399067795577104, 0.31739050519987994, 0.3426372394809835, 0.3411980034772052, 0.26044494201782076, 0.35272380541589177], [0.4680581947037874, 0.4680581947037874, 0.4680581947037874, 0.4680581947037874, 0.437096155735858, 0.4347238376989845, 0.427016488591894, 0.4047199375575626, 0.4339491098027411, 0.42981660111459935, 0.4339491098027411, 0.3829034272902611, 0.42094165544615275, 0.4107445377232569, 0.40378339255265966, 0.4015063789534555, 0.40436752809478416, 0.40399067795577104, 0.2665684117686174, 0.43842858258769635, 0.39537690210080706, 0.39409479085358007, 0.36199534256560534, 0.3650096579424809, 0.390902347313569, 0.386415300533102, 0.4351581632407114, 0.38744592401925876, 0.38599914357466136, 0.3833766231533882, 0.31036230776861257, 0.4107445377232569], [0.4680581947037874, 0.4680581947037874, 0.4680581947037874, 0.35511763079619163, 0.4680581947037874, 0.4680581947037874, 0.4680581947037874, 0.4680581947037874, 0.43842858258769635, 0.437096155735858, 0.40829643594933707, 0.4645269018506588, 0.4351581632407114, 0.4347238376989845, 0.427016488591894, 0.386415300533102, 0.3355146775531182, 0.4339491098027411, 0.4339491098027411, 0.4339491098027411, 0.42981660111459935, 0.427016488591894, 0.39658184346353975, 0.437096155735858, 0.397088724405567, 0.4107445377232569, 0.40378339255265966, 0.4015063789534555, 0.4107445377232569, 0.4047199375575626, 0.4047199375575626, 0.4107445377232569], [0.4680581947037874, 0.4680581947037874, 0.4680581947037874, 0.4680581947037874, 0.4680581947037874, 0.4680581947037874, 0.4680581947037874, 0.4680581947037874, 0.4680581947037874, 0.4680581947037874, 0.4680581947037874, 0.4680581947037874, 0.4680581947037874, 0.4645269018506588, 0.38407496299793287, 0.390902347313569, 0.43842858258769635, 0.437096155735858, 0.40829643594933707, 0.4645269018506588, 0.3568585391479382, 0.4351581632407114, 0.4351581632407114, 0.437096155735858, 0.4347238376989845, 0.4339491098027411, 0.4047199375575626, 0.3784686112276702, 0.4339491098027411, 0.4339491098027411, 0.4339491098027411, 0.4339491098027411], [0.4680581947037874, 0.4680581947037874, 0.4680581947037874, 0.4680581947037874, 0.4680581947037874, 0.4680581947037874, 0.4680581947037874, 0.4191951547642888, 0.4680581947037874, 0.4680581947037874, 0.4680581947037874, 0.4680581947037874, 0.4680581947037874, 0.4680581947037874, 0.4680581947037874, 0.4680581947037874, 0.4680581947037874, 0.4680581947037874, 0.4680581947037874, 0.4680581947037874, 0.4680581947037874, 0.39378802620241116, 0.31800232916089977, 0.4680581947037874, 0.4680581947037874, 0.4645269018506588, 0.40436752809478416, 0.390902347313569, 0.4645269018506588, 0.43842858258769635, 0.4645269018506588, 0.43842858258769635], [0.4680581947037874, 0.4680581947037874, 0.4680581947037874, 0.4680581947037874, 0.4680581947037874, 0.4680581947037874, 0.4680581947037874, 0.4680581947037874, 0.4680581947037874, 0.4680581947037874, 0.44815745026384296, 0.4680581947037874, 0.4680581947037874, 0.4680581947037874, 0.4680581947037874, 0.4680581947037874, 0.4680581947037874, 0.4680581947037874, 0.4680581947037874, 0.4680581947037874, 0.4680581947037874, 0.4680581947037874, 0.4680581947037874, 0.4680581947037874, 0.4680581947037874, 0.4680581947037874, 0.4680581947037874, 0.4680581947037874, 0.4184034740584447, 0.3548116787323886, 0.4680581947037874, 0.4680581947037874], [0.4680581947037874, 0.28970233218371827, 0.4680581947037874, 0.4680581947037874, 0.4680581947037874, 0.4680581947037874, 0.4680581947037874, 0.4680581947037874, 0.4680581947037874, 0.4680581947037874, 0.4680581947037874, 0.4680581947037874, 0.4680581947037874, 0.4680581947037874, 0.4680581947037874, 0.4680581947037874, 0.4680581947037874, 0.4680581947037874, 0.40502888047098534, 0.4680581947037874, 0.4680581947037874, 0.4680581947037874, 0.4680581947037874, 0.4680581947037874, 0.4680581947037874, 0.4680581947037874, 0.4680581947037874, 0.4680581947037874, 0.4680581947037874, 0.41948392795288464, 0.4680581947037874, 0.4680581947037874], [0.4680581947037874, 0.4680581947037874, 0.4680581947037874, 0.4680581947037874, 0.4680581947037874, 0.4680581947037874, 0.4680581947037874, 0.4680581947037874, 0.4680581947037874, 0.4680581947037874, 0.4680581947037874, 0.4680581947037874, 0.4680581947037874, 0.4680581947037874, 0.4680581947037874, 0.4680581947037874, 0.4680581947037874, 0.4680581947037874, 0.4680581947037874, 0.4680581947037874, 0.4680581947037874, 0.4680581947037874, 0.4680581947037874, 0.4680581947037874, 0.4680581947037874, 0.4680581947037874, 0.4680581947037874, 0.4680581947037874, 0.4680581947037874, 0.4680581947037874, 0.4680581947037874, 0.4680581947037874]], "best_fitnesss": [0.42981660111459935, 0.4680581947037874, 0.4680581947037874, 0.4680581947037874, 0.4680581947037874, 0.4680581947037874, 0.4680581947037874, 0.4680581947037874, 0.4680581947037874, 0.4680581947037874], "prob_mutate": 0.015625}