{"num_qubits": 4, "depth": 11, "num_circuit": 16, "num_generation": 10, "current_generation": 10, "fitnessss": [[0.6294159598861827, 0.492400398039291, 0.4323533899636763, 0.34710114435971334, 0.5670820959798106, 0.43264886181450163, 0.3620004835450613, 0.29284839098493104, 0.4976455172253734, 0.526507926842869, 0.44832270883932973, 0.5352499208745725, 0.5730806331385278, 0.48247070316507334, 0.4929501922541125, 0.50707941743689], [0.6294159598861827, 0.5730806331385278, 0.45994474456773976, 0.4880969332154964, 0.5670820959798106, 0.5352499208745725, 0.6009882597727202, 0.4835155750788718, 0.526507926842869, 0.50707941743689, 0.527272563370079, 0.5503199270168897, 0.4976455172253734, 0.4929501922541125, 0.5184268429560224, 0.42591870732485326], [0.6294159598861827, 0.6009882597727202, 0.5948607051466437, 0.6066110208801909, 0.46568820348583406, 0.5670820959798106, 0.5436751197355715, 0.5310230378642852, 0.5503199270168897, 0.48910027153015945, 0.6038172638956544, 0.4916286322678968, 0.527272563370079, 0.3921905993453995, 0.5805637543743216, 0.527272563370079], [0.5606303402567161, 0.6066110208801909, 0.6294159598861827, 0.6066110208801909, 0.6038172638956544, 0.6009882597727202, 0.6038172638956544, 0.6009882597727202, 0.5948607051466437, 0.553913387132174, 0.61890255245027, 0.5194823043243286, 0.5667791585027238, 0.5503199270168897, 0.5891336465282012, 0.5764883968318708], [0.6294159598861827, 0.5673465596107904, 0.61890255245027, 0.6294159598861827, 0.6066110208801909, 0.6066110208801909, 0.6066110208801909, 0.6066110208801909, 0.6038172638956544, 0.6038172638956544, 0.6038172638956544, 0.6038172638956544, 0.6009882597727202, 0.5920929205290433, 0.6188350804170145, 0.6009882597727202], [0.6294159598861827, 0.6294159598861827, 0.6244340067863218, 0.6294159598861827, 0.61890255245027, 0.6188350804170145, 0.5948607051466437, 0.578931160612392, 0.6066110208801909, 0.6066110208801909, 0.6066110208801909, 0.6066110208801909, 0.6066110208801909, 0.6256816699400483, 0.6066110208801909, 0.6066110208801909], [0.6294159598861827, 0.6294159598861827, 0.6294159598861827, 0.6294159598861827, 0.6294159598861827, 0.6256816699400483, 0.6258087888278554, 0.6066110208801909, 0.6244340067863218, 0.61890255245027, 0.603992537393203, 0.6294159598861827, 0.5886979892986204, 0.6066110208801909, 0.564583091370498, 0.5515810735794948], [0.6294159598861827, 0.6294159598861827, 0.6034417023360596, 0.6294159598861827, 0.6294159598861827, 0.6294159598861827, 0.6294159598861827, 0.6294159598861827, 0.6294159598861827, 0.6294159598861827, 0.6294159598861827, 0.6294159598861827, 0.6258087888278554, 0.6256816699400483, 0.6258087888278554, 0.6256816699400483], [0.6294159598861827, 0.6294159598861827, 0.6294159598861827, 0.6294159598861827, 0.6294159598861827, 0.6294159598861827, 0.6294159598861827, 0.6294159598861827, 0.6294159598861827, 0.6294159598861827, 0.5923124342025632, 0.6294159598861827, 0.6294159598861827, 0.6294159598861827, 0.6294159598861827, 0.6294159598861827], [0.6294159598861827, 0.6294159598861827, 0.6294159598861827, 0.6294159598861827, 0.6294159598861827, 0.6294159598861827, 0.6016734293107915, 0.6294159598861827, 0.6294159598861827, 0.6294159598861827, 0.6294159598861827, 0.6294159598861827, 0.6294159598861827, 0.6294159598861827, 0.6294159598861827, 0.6294159598861827]], "best_fitnesss": [0.6294159598861827, 0.6294159598861827, 0.6294159598861827, 0.6294159598861827, 0.6294159598861827, 0.6294159598861827, 0.6294159598861827, 0.6294159598861827, 0.6294159598861827, 0.6294159598861827], "prob_mutate": 0.017045454545454544}