{"num_qubits": 4, "depth": 11, "num_circuit": 16, "num_generation": 10, "current_generation": 5, "fitnessss": [[0.5166083071779822, 0.4604845134182309, 0.5510759393083041, 0.5909571410166452, 0.457552775418874, 0.45871847036564234, 0.5508856918449299, 0.44129703987178515, 0.5455944449800323, 0.5489563827702696, 0.47374045711761087, 0.4939019369641546, 0.3263491501949815, 0.47443240664826414, 0.4115955840001261, 0.41304846144706564], [0.5909571410166452, 0.5510759393083041, 0.5981160366191188, 0.5022853978725406, 0.5300013370152146, 0.5348089904440979, 0.5205370861516359, 0.5495955763653041, 0.5455944449800323, 0.5166083071779822, 0.5652151023023869, 0.4160066601919154, 0.4939019369641546, 0.47443240664826414, 0.49728311080545035, 0.594834203260613], [0.5981160366191188, 0.594834203260613, 0.4969122427247129, 0.47986187629428373, 0.5909571410166452, 0.5652151023023869, 0.597524224282976, 0.5678760156395251, 0.5510759393083041, 0.5495955763653041, 0.5001684514893601, 0.5712089656017582, 0.5455944449800323, 0.5348089904440979, 0.5702646538624432, 0.5246887675726184], [0.5544575883525672, 0.597524224282976, 0.597524224282976, 0.5981160366191188, 0.594834203260613, 0.5476424451337298, 0.5382921959288388, 0.4969122427247129, 0.5712089656017582, 0.5702646538624432, 0.5348089904440979, 0.5739571054834096, 0.5678760156395251, 0.5652151023023869, 0.5652151023023869, 0.5678760156395251], [0.6115935702760329, 0.597524224282976, 0.597524224282976, 0.5992167188283368, 0.597524224282976, 0.5072659686489731, 0.4969122427247129, 0.5397519672000226, 0.5739571054834096, 0.5712089656017582, 0.6295172820697121, 0.5396546888155309, 0.5702646538624432, 0.5255904036001725, 0.5678760156395251, 0.5702646538624432]], "best_fitnesss": [0.5909571410166452, 0.5981160366191188, 0.5981160366191188, 0.5981160366191188, 0.6295172820697121], "prob_mutate": 0.017045454545454544}