{"num_qubits": 5, "depth": 18, "num_circuit": 8, "num_generation": 40, "current_generation": 1, "fitnessss": [[0.5113798746988171, 0.5240085126280177, 0.4745280137492706, 0.42913284411968056, 0.5130512980289165, 0.4596618442013238, 0.46385878520709733, 0.5055807827448104]], "best_fitnesss": [0.5240085126280177], "prob_mutate": 0.020833333333333332}