{"num_qubits": 4, "depth": 3, "num_circuit": 4, "num_generation": 10, "current_generation": 10, "fitnessss": [[0.1645368932895963, 0.21493224350914483, 0.08717768437948512, 0.1226716600913577], [0.18355980082503565, 0.1498393151079567, 0.17349516017818095, 0.24654232446527263], [0.24654232446527263, 0.1637530264664336, 0.2418161542962217, 0.16385857419767377], [0.164836902862541, 0.2418161542962217, 0.198168153186918, 0.25695318375447584], [0.22849713667627233, 0.22502246397941858, 0.2418161542962217, 0.1876735640321374], [0.2278843477914485, 0.2338846586029491, 0.27481640992877, 0.2157874375983213], [0.2371632697292692, 0.19330477486730663, 0.23300038997232045, 0.18834331218551537], [0.18391568702325314, 0.17154238413930517, 0.22053519257292517, 0.27481640992877], [0.27481640992877, 0.22053519257292517, 0.17850275385271713, 0.20462003938627996], [0.27481640992877, 0.19150215160575373, 0.20508876390904254, 0.1697122546739597]], "best_fitnesss": [0.21493224350914483, 0.24654232446527263, 0.24654232446527263, 0.25695318375447584, 0.2418161542962217, 0.27481640992877, 0.2371632697292692, 0.27481640992877, 0.27481640992877, 0.27481640992877], "prob_mutate": 0.25}