{"num_qubits": 2, "depth": 2, "num_circuit": 16, "num_generation": 40, "current_generation": 40, "fitnessss": [[0.43920589686899963, 0.2701953393856265, 0.2871538913396608, 0.5971974744886399, 0.5487660058315517, 0.5200573929113805, 0.3037708191587149, 0.4332060776361059, 0.13516436141463467, 0.5539423642542807, 0.43920589686899963, 0.1978653430820025, 0.13516436141463467, 0.13516436141463467, 0.48625780567303745, 0.2871538913396608], [0.5971974744886399, 0.16184104676893285, 0.5061070598668764, 0.5334481616458004, 0.5017646388093464, 0.5200573929113805, 0.47307719020742944, 0.49291162862472027, 0.48625780567303745, 0.43920589686899963, 0.4271940400635363, 0.4081094451145943, 0.43920589686899963, 0.5223297063272005, 0.28037012056204247, 0.19786534308200251], [0.5971974744886399, 0.5334481616458004, 0.5971974744886399, 0.5334481616458004, 0.5971974744886399, 0.5636186028536325, 0.5223297063272005, 0.5200573929113805, 0.5061070598668764, 0.5017646388093464, 0.4695871974600048, 0.5330002383442133, 0.5321141384468391, 0.48625780567303745, 0.6043526131860734, 0.5349697479656244], [0.6043526131860734, 0.5971974744886399, 0.5970036347871196, 0.4862578056730375, 0.5971974744886399, 0.13516436141463467, 0.5971974744886399, 0.5971974744886399, 0.5636186028536325, 0.5349697479656244, 0.49291162862472027, 0.5190645420948626, 0.5334481616458004, 0.5334481616458004, 0.4801986334132479, 0.5334481616458004], [0.6043526131860734, 0.32418432562640176, 0.5970036347871196, 0.4862578056730375, 0.5971974744886399, 0.5971974744886399, 0.5971974744886399, 0.5971974744886399, 0.5971974744886399, 0.5970036347871196, 0.5971974744886399, 0.5970036347871196, 0.5636186028536325, 0.5349697479656244, 0.5380694535771398, 0.5190645420948626], [0.6043526131860734, 0.5971974744886399, 0.5970036347871196, 0.4862578056730375, 0.5971974744886399, 0.5971974744886399, 0.5971974744886399, 0.31949670876872577, 0.5971974744886399, 0.5971974744886399, 0.5971974744886399, 0.5971974744886399, 0.5971974744886399, 0.5970036347871196, 0.5971974744886399, 0.5970036347871196], [0.6043526131860734, 0.5971974744886399, 0.5970036347871196, 0.4862578056730375, 0.5971974744886399, 0.5971974744886399, 0.5971974744886399, 0.5971974744886399, 0.5971974744886399, 0.5971974744886399, 0.5971974744886399, 0.5971974744886399, 0.5971974744886399, 0.5971974744886399, 0.5971974744886399, 0.5971974744886399], [0.6043526131860734, 0.5971974744886399, 0.48643216691743757, 0.4862578056730375, 0.5971974744886399, 0.5971974744886399, 0.5971974744886399, 0.5971974744886399, 0.5971974744886399, 0.5971974744886399, 0.5971974744886399, 0.5971974744886399, 0.5971974744886399, 0.5971974744886399, 0.5971974744886399, 0.458480179134883], [0.6043526131860734, 0.5971974744886399, 0.5970036347871196, 0.4862578056730375, 0.5971974744886399, 0.5971974744886399, 0.5971974744886399, 0.5349697479656242, 0.6862064195818164, 0.5971974744886399, 0.5971974744886399, 0.4988443255722874, 0.5971974744886399, 0.5971974744886399, 0.5971974744886399, 0.5971974744886399], [0.6862064195818164, 0.6043526131860734, 0.4862578056730375, 0.5102045392346259, 0.5971974744886399, 0.13516436141463467, 0.5971974744886399, 0.5971974744886399, 0.4988443255722874, 0.5971974744886399, 0.5971974744886399, 0.5971974744886399, 0.5971974744886399, 0.5971974744886399, 0.5971974744886399, 0.5971974744886399], [0.46936446043421504, 0.6043526131860734, 0.4862578056730375, 0.5102045392346259, 0.5971974744886399, 0.5971974744886399, 0.13516436141463467, 0.5971974744886399, 0.5971974744886399, 0.5971974744886399, 0.5971974744886399, 0.5971974744886399, 0.5971974744886399, 0.5971974744886399, 0.5971974744886399, 0.5971974744886399], [0.6043526131860734, 0.5971974744886399, 0.5970036347871196, 0.4862578056730375, 0.5971974744886399, 0.5971974744886399, 0.5971974744886399, 0.5971974744886399, 0.5971974744886399, 0.5971974744886399, 0.5971974744886399, 0.5349697479656242, 0.5104450019377602, 0.5971974744886399, 0.5971974744886399, 0.5708956011301745], [0.6043526131860734, 0.5971974744886399, 0.5970036347871196, 0.4862578056730375, 0.5971974744886399, 0.5971974744886399, 0.5971974744886399, 0.13516436141463467, 0.13516436141463467, 0.5971974744886399, 0.5971974744886399, 0.5971974744886399, 0.5971974744886399, 0.5971974744886399, 0.5223297063272005, 0.5971974744886399], [0.6043526131860734, 0.5971974744886399, 0.5970036347871196, 0.4862578056730375, 0.5971974744886399, 0.5971974744886399, 0.5971974744886399, 0.5971974744886399, 0.5971974744886399, 0.5971974744886399, 0.5971974744886399, 0.5971974744886399, 0.5971974744886399, 0.5971974744886399, 0.5971974744886399, 0.5971974744886399], [0.6043526131860734, 0.5971974744886399, 0.5970036347871196, 0.4862578056730375, 0.5602503271037832, 0.5971974744886399, 0.5453943497214382, 0.5971974744886399, 0.5971974744886399, 0.5971974744886399, 0.5971974744886399, 0.13516436141463467, 0.5971974744886399, 0.5971974744886399, 0.5971974744886399, 0.5971974744886399], [0.6043526131860734, 0.31949670876872577, 0.5970036347871196, 0.4862578056730375, 0.5971974744886399, 0.5971974744886399, 0.5971974744886399, 0.5971974744886399, 0.4695871974600048, 0.5971974744886399, 0.5971974744886399, 0.5971974744886399, 0.5971974744886399, 0.5971974744886399, 0.5971974744886399, 0.5971974744886399], [0.6043526131860734, 0.13516436141463467, 0.5970036347871196, 0.4862578056730375, 0.5971974744886399, 0.5971974744886399, 0.5971974744886399, 0.5971974744886399, 0.33736497410328636, 0.5971974744886399, 0.5971974744886399, 0.5971974744886399, 0.5971974744886399, 0.5971974744886399, 0.13516436141463467, 0.5061070598668764], [0.6043526131860734, 0.5971974744886399, 0.5970036347871196, 0.4862578056730375, 0.5971974744886399, 0.5971974744886399, 0.5971974744886399, 0.5971974744886399, 0.5971974744886399, 0.4842580688713548, 0.5971974744886399, 0.5971974744886399, 0.5971974744886399, 0.5971974744886399, 0.5971974744886399, 0.5971974744886399], [0.6043526131860734, 0.5971974744886399, 0.5087454346877603, 0.3819965586552652, 0.5971974744886399, 0.5971974744886399, 0.5971974744886399, 0.6866869626353159, 0.5971974744886399, 0.5971974744886399, 0.5971974744886399, 0.5971974744886399, 0.5971974744886399, 0.5971974744886399, 0.5971974744886399, 0.5971974744886399], [0.4899148986836813, 0.5875528247094493, 0.4862578056730375, 0.49260200444926083, 0.5971974744886399, 0.5971974744886399, 0.5971974744886399, 0.5971974744886399, 0.5971974744886399, 0.5971974744886399, 0.13516436141463467, 0.5971974744886399, 0.5971974744886399, 0.5971974744886399, 0.5971974744886399, 0.5971974744886399], [0.5971974744886399, 0.5971974744886399, 0.5971974744886399, 0.5971974744886399, 0.4376878671793277, 0.29696932947677096, 0.5971974744886399, 0.5971974744886399, 0.5971974744886399, 0.5971974744886399, 0.5449519767727182, 0.5971974744886399, 0.5971974744886399, 0.5971974744886399, 0.5971974744886399, 0.5971974744886399], [0.5971974744886399, 0.5971974744886399, 0.5971974744886399, 0.5971974744886399, 0.5971974744886399, 0.5971974744886399, 0.5971974744886399, 0.5971974744886399, 0.5971974744886399, 0.5971974744886399, 0.5971974744886399, 0.5971974744886399, 0.5602503271037831, 0.13516436141463467, 0.5971974744886399, 0.5971974744886399], [0.5971974744886399, 0.5971974744886399, 0.5970036347871196, 0.13516436141463467, 0.5971974744886399, 0.5971974744886399, 0.5971974744886399, 0.5971974744886399, 0.5971974744886399, 0.5971974744886399, 0.5971974744886399, 0.5971974744886399, 0.5971974744886399, 0.1343, 0.5971974744886399, 0.5971974744886399], [0.13516436141463467, 0.5971974744886399, 0.5971974744886399, 0.5971974744886399, 0.5971974744886399, 0.5971974744886399, 0.5971974744886399, 0.5971974744886399, 0.5971974744886399, 0.5971974744886399, 0.5971974744886399, 0.5971974744886399, 0.5971974744886399, 0.5971974744886399, 0.5971974744886399, 0.5971974744886399], [0.5971974744886399, 0.5971974744886399, 0.5971974744886399, 0.5971974744886399, 0.5971974744886399, 0.5971974744886399, 