{"num_qubits": 3, "depth": 8, "num_circuit": 32, "num_generation": 50, "current_generation": 2, "fitnessss": [[0.7143055033857204, 0.7516825857329528, 0.5471786818486, 0.4917133395994944, 0.6107197903992317, 0.5314061872831151, 0.6274014711829227, 0.4364413331070801, 0.5470136589607199, 0.5571452727381196, 0.6426548497224749, 0.4470486166831858, 0.7069391480816678, 0.6178817832497487, 0.5671316305029046, 0.6433299249651532, 0.3503238639555447, 0.5731191929091322, 0.7230848035329988, 0.5728132058016183, 0.3482751330137019, 0.48617229301910003, 0.5815306398309744, 0.6809914852762273, 0.6503860328953824, 0.49853179867549874, 0.6890365266816948, 0.5697841158344626, 0.5073659987738414, 0.5686327570040509, 0.6726540805200393, 0.6582447627941777], [0.7516825857329528, 0.7230848035329988, 0.656803030594284, 0.6654655747759105, 0.7143055033857204, 0.7069391480816678, 0.7551503803619215, 0.6534698119459594, 0.6890365266816948, 0.6809914852762273, 0.5695822409306966, 0.8086749452446998, 0.6726540805200393, 0.6582447627941777, 0.5939649252659043, 0.6079988567887147, 0.5571319517635005, 0.6433299249651532, 0.6296367206584157, 0.6098580387769426, 0.6426548497224749, 0.6274014711829227, 0.4924506029585669, 0.538067282939834, 0.6178817832497487, 0.6107197903992317, 0.55327846448329, 0.577484330253443, 0.5815306398309744, 0.5731191929091322, 0.5277357462782135, 0.5118355971714313]], "best_fitnesss": [0.7516825857329528, 0.8086749452446998], "prob_mutate": 0.01171875}