{"num_qubits": 4, "depth": 3, "num_circuit": 8, "num_generation": 30, "current_generation": 18, "fitnessss": [[0.21712581505275627, 0.08060919859128889, 0.2237924062456942, 0.21762558554080247, 0.16227610662896458, 0.10681142112517059, 0.18822051262983716, 0.19922504633302188], [0.15083836775079215, 0.21762558554080247, 0.21821164563570256, 0.2464750971569578, 0.1386451152878199, 0.16896680714209913, 0.28360138340475427, 0.13423841512431933], [0.28360138340475427, 0.2464750971569578, 0.2088520894131614, 0.22828795565118173, 0.21821164563570256, 0.21762558554080247, 0.21821164563570256, 0.21762558554080247], [0.28360138340475427, 0.2464750971569578, 0.2088520894131614, 0.20193756252556713, 0.22828795565118173, 0.21821164563570256, 0.13236464687575628, 0.32872655184862665], [0.32872655184862665, 0.28360138340475427, 0.32872655184862665, 0.28360138340475427, 0.2464750971569578, 0.22828795565118173, 0.22828795565118173, 0.2464750971569578], [0.32872655184862665, 0.32872655184862665, 0.32872655184862665, 0.32872655184862665, 0.24732757152645596, 0.2731940366057116, 0.28360138340475427, 0.20002175002382142], [0.32872655184862665, 0.32872655184862665, 0.32872655184862665, 0.23716458502988153, 0.32872655184862665, 0.32872655184862665, 0.32872655184862665, 0.32872655184862665], [0.2861935826027878, 0.2559402295918589, 0.27674519623152216, 0.32872655184862665, 0.32872655184862665, 0.32872655184862665, 0.32872655184862665, 0.26465920289070843], [0.32872655184862665, 0.32872655184862665, 0.32872655184862665, 0.32872655184862665, 0.32872655184862665, 0.32872655184862665, 0.32872655184862665, 0.32872655184862665], [0.32872655184862665, 0.32872655184862665, 0.32872655184862665, 0.32872655184862665, 0.32872655184862665, 0.32872655184862665, 0.23282638081036494, 0.32872655184862665], [0.23056799946427717, 0.32872655184862665, 0.32872655184862665, 0.32872655184862665, 0.32872655184862665, 0.32872655184862665, 0.2408919148874496, 0.32872655184862665], [0.32872655184862665, 0.32872655184862665, 0.32872655184862665, 0.2773849755211801, 0.331600866359438, 0.28046120822711906, 0.32872655184862665, 0.32872655184862665], [0.35154391719770883, 0.240061272234701, 0.32872655184862665, 0.34235293133688316, 0.32872655184862665, 0.29187329749648966, 0.32872655184862665, 0.26812994925326306], [0.35154391719770883, 0.3228827871554939, 0.35154391719770883, 0.34235293133688316, 0.263677397620593, 0.32872655184862665, 0.32872655184862665, 0.32872655184862665], [0.35154391719770883, 0.3938173872996303, 0.35154391719770883, 0.35154391719770883, 0.31148981949333876, 0.32872655184862665, 0.3586258513020377, 0.331600866359438], [0.3938173872996303, 0.3327605487023301, 0.35445454742951255, 0.3215456545769513, 0.35154391719770883, 0.35154391719770883, 0.35154391719770883, 0.35154391719770883], [0.3938173872996303, 0.35445454742951255, 0.3211990796728995, 0.3938173872996303, 0.35154391719770883, 0.29628395830196014, 0.35154391719770883, 0.32036828332404516], [0.3938173872996303, 0.3938173872996303, 0.3938173872996303, 0.2668982902918972, 0.35445454742951255, 0.3569186090993849, 0.3410091554864042, 0.35445454742951255]], "best_fitnesss": [0.2237924062456942, 0.28360138340475427, 0.28360138340475427, 0.32872655184862665, 0.32872655184862665, 0.32872655184862665, 0.32872655184862665, 0.32872655184862665, 0.32872655184862665, 0.32872655184862665, 0.32872655184862665, 0.331600866359438, 0.35154391719770883, 0.35154391719770883, 0.3938173872996303, 0.3938173872996303, 0.3938173872996303, 0.3938173872996303], "prob_mutate": 0.125}