{"num_qubits": 4, "depth": 9, "num_circuit": 8, "num_generation": 50, "current_generation": 11, "fitnessss": [[0.4861361452338189, 0.44540322719096787, 0.46040201489993465, 0.2517750364974881, 0.48201251493603736, 0.3912783444280636, 0.4393493497578018, 0.47994415106827315], [0.4861361452338189, 0.48201251493603736, 0.5137313393755514, 0.5470775678537978, 0.47994415106827315, 0.4469048737755846, 0.48574994612553474, 0.4679397253588308], [0.5409897570438653, 0.5137313393755514, 0.48201251493603736, 0.4487432763983377, 0.4861361452338189, 0.574669354151427, 0.5479290132461834, 0.5645516537738786], [0.5436095832575505, 0.3539753510910378, 0.5645516537738786, 0.574669354151427, 0.5479290132461834, 0.5409897570438653, 0.3468085525081333, 0.4468011142348255], [0.574669354151427, 0.5645516537738786, 0.5645516537738786, 0.574669354151427, 0.5479290132461834, 0.5436095832575505, 0.5908264112251985, 0.4583614777932049], [0.5908264112251985, 0.574669354151427, 0.5795735602263246, 0.47179996629101384, 0.574669354151427, 0.5645516537738786, 0.5645516537738786, 0.574669354151427], [0.5487116465401003, 0.5795735602263246, 0.5908264112251985, 0.5795735602263246, 0.574669354151427, 0.574669354151427, 0.574669354151427, 0.574669354151427], [0.5908264112251985, 0.5444655620930663, 0.5908264112251985, 0.5795735602263246, 0.5795735602263246, 0.574669354151427, 0.5795735602263246, 0.574669354151427], [0.49373095133594447, 0.5908264112251985, 0.5908264112251985, 0.5908264112251985, 0.5795735602263246, 0.5795735602263246, 0.541771617525397, 0.5795735602263246], [0.5908264112251985, 0.5871118293827623, 0.5908264112251985, 0.5908264112251985, 0.5908264112251985, 0.5795735602263246, 0.5908264112251985, 0.4658029893819665], [0.5908264112251985, 0.5908264112251985, 0.5908264112251985, 0.5908264112251985, 0.5908264112251985, 0.5908264112251985, 0.5088870166806034, 0.5908264112251985]], "best_fitnesss": [0.4861361452338189, 0.5470775678537978, 0.574669354151427, 0.574669354151427, 0.5908264112251985, 0.5908264112251985, 0.5908264112251985, 0.5908264112251985, 0.5908264112251985, 0.5908264112251985, 0.5908264112251985], "prob_mutate": 0.041666666666666664}