{"num_qubits": 5, "depth": 28, "num_circuit": 8, "num_generation": 30, "current_generation": 4, "fitnessss": [[0.681740943287479, 0.7728836657601269, 0.7110949218893678, 0.7166015049593799, 0.6721905956711772, 0.7353297120475187, 0.830117661522156, 0.7802425913998329], [0.830117661522156, 0.7802425913998329, 0.7889537705076741, 0.766632791154455, 0.7230534382064778, 0.7353297120475187, 0.7246313592117285, 0.7737136382156471], [0.830117661522156, 0.7889537705076741, 0.8024651657571059, 0.830117661522156, 0.7802425913998329, 0.7737136382156471, 0.7669369448813705, 0.7654218651753656], [0.830117661522156, 0.8317803331410761, 0.830117661522156, 0.8358312451182698, 0.8024651657571059, 0.7874426050334813, 0.7889537705076741, 0.8024651657571059]], "best_fitnesss": [0.830117661522156, 0.830117661522156, 0.830117661522156, 0.8358312451182698], "prob_mutate": 0.013392857142857142}