{"num_qubits": 4, "depth": 23, "num_circuit": 16, "num_generation": 50, "current_generation": 3, "fitnessss": [[0.8477771041693462, 0.8285907376484458, 0.820475877837685, 0.8572919048780012, 0.8295200791881999, 0.8212467627046769, 0.8754391277391853, 0.7559904887850017, 0.8798164798238783, 0.8182748232934699, 0.8497478456692983, 0.8074316262290339, 0.8969211970157518, 0.8561553746076438, 0.6549266798613209, 0.79640119462046], [0.8768912194720994, 0.8798164798238783, 0.8826000367578721, 0.8738264374072957, 0.8754391277391853, 0.8572919048780012, 0.8367566189021417, 0.8415980738472699, 0.8561553746076438, 0.8497478456692983, 0.863150565288306, 0.8225560464703131, 0.8477771041693462, 0.8295200791881999, 0.8539996034972155, 0.7932693591849164], [0.8826000367578721, 0.8798164798238783, 0.8826000367578721, 0.8798164798238783, 0.8768912194720994, 0.8754391277391853, 0.874670331388028, 0.8832973451100911, 0.8738264374072957, 0.863150565288306, 0.8258198951254094, 0.8821143993748649, 0.8572919048780012, 0.8561553746076438, 0.7907854036598261, 0.8485001480833356]], "best_fitnesss": [0.8969211970157518, 0.8826000367578721, 0.8832973451100911], "prob_mutate": 0.008152173913043478}