{"num_qubits": 4, "depth": 7, "num_circuit": 8, "num_generation": 20, "current_generation": 20, "fitnessss": [[0.34562386849846394, 0.24796584069993316, 0.2162762506710092, 0.36754546132284166, 0.2940851213791559, 0.3506840725086215, 0.2865270536502988, 0.3825512955135518], [0.3825512955135518, 0.36754546132284166, 0.30183860621925535, 0.37725685703941914, 0.34616675022048976, 0.34562386849846394, 0.42526544774876907, 0.17796972016393306], [0.42526544774876907, 0.3411334991602285, 0.43244490331718505, 0.3234341052633239, 0.3994446259977951, 0.3898719459618237, 0.36754546132284166, 0.39944462599779523], [0.45370331095229777, 0.42526544774876907, 0.42526544774876907, 0.43244490331718505, 0.39944462599779523, 0.3994446259977951, 0.39944462599779523, 0.3994446259977951], [0.45370331095229777, 0.43244490331718505, 0.43244490331718505, 0.45370331095229777, 0.42526544774876907, 0.42526544774876907, 0.34027352223781004, 0.42526544774876907], [0.43362777221424126, 0.4187926292620922, 0.3686863340601744, 0.45370331095229777, 0.3921038664198779, 0.4664053181700769, 0.43244490331718505, 0.4621848573854255], [0.4664053181700769, 0.4475541264868611, 0.43668344882534205, 0.43244490331718505, 0.45370331095229777, 0.43362777221424126, 0.43362777221424126, 0.45370331095229777], [0.4664053181700769, 0.45370331095229777, 0.3582584118637973, 0.35086469518803065, 0.3467648055506186, 0.4475541264868611, 0.48144999752690126, 0.44385372755329267], [0.48144999752690126, 0.4664053181700769, 0.43244490331718505, 0.38367849970037515, 0.45370331095229777, 0.4475541264868611, 0.48144999752690126, 0.4085659790438], [0.48144999752690126, 0.48144999752690126, 0.38984223628270137, 0.48144999752690126, 0.3945031707431254, 0.45370331095229777, 0.42703848360252455, 0.43244490331718505], [0.48144999752690126, 0.48144999752690126, 0.48144999752690126, 0.48144999752690126, 0.4434144429070882, 0.4147304683529162, 0.45370331095229777, 0.48144999752690126], [0.48144999752690126, 0.48144999752690126, 0.48144999752690126, 0.48144999752690126, 0.41651537866866545, 0.48144999752690126, 0.48144999752690126, 0.4175113875933894], [0.48144999752690126, 0.48144999752690126, 0.48144999752690126, 0.34988643223622934, 0.3740448684190657, 0.48144999752690126, 0.48144999752690126, 0.48144999752690126], [0.48144999752690126, 0.4256536366099227, 0.48144999752690126, 0.48144999752690126, 0.48144999752690126, 0.4693187042030654, 0.48144999752690126, 0.4460428042660343], [0.37107933660871517, 0.48144999752690126, 0.48144999752690126, 0.35251819947186913, 0.40368607218891095, 0.48144999752690126, 0.48144999752690126, 0.4487684024530953], [0.48144999752690126, 0.48144999752690126, 0.48144999752690126, 0.3975998480801864, 0.48144999752690126, 0.48144999752690126, 0.38269176696274354, 0.4047258019824141], [0.48144999752690126, 0.48144999752690126, 0.48144999752690126, 0.4135056342312667, 0.48144999752690126, 0.48144999752690126, 0.48144999752690126, 0.48144999752690126], [0.48144999752690126, 0.48144999752690126, 0.4628670190875869, 0.48144999752690126, 0.48144999752690126, 0.40184669508705617, 0.4022463116054652, 0.40978173899576503], [0.4355667449131274, 0.48144999752690126, 0.48144999752690126, 0.48144999752690126, 0.48144999752690126, 0.4482197793843987, 0.48144999752690126, 0.44198602990392033], [0.48144999752690126, 0.48144999752690126, 0.48841593487289037, 0.48144999752690126, 0.48144999752690126, 0.48144999752690126, 0.48144999752690126, 0.403487469828669]], "best_fitnesss": [0.3825512955135518, 0.42526544774876907, 0.43244490331718505, 0.45370331095229777, 0.45370331095229777, 0.4664053181700769, 0.4664053181700769, 0.48144999752690126, 0.48144999752690126, 0.48144999752690126, 0.48144999752690126, 0.48144999752690126, 0.48144999752690126, 0.48144999752690126, 0.48144999752690126, 0.48144999752690126, 0.48144999752690126, 0.48144999752690126, 0.48144999752690126, 0.48841593487289037], "prob_mutate": 0.05357142857142857}