{"num_qubits": 4, "depth": 9, "num_circuit": 8, "num_generation": 40, "current_generation": 8, "fitnessss": [[0.4742343948502075, 0.4198948802348094, 0.3674402588701114, 0.4940067294064964, 0.4108021995727552, 0.40195300188446853, 0.3971722638467957, 0.5221682518903704], [0.5221682518903704, 0.49628861956232573, 0.49908742656854715, 0.37288731565050526, 0.407389413725613, 0.4198948802348094, 0.4389320094173238, 0.4490718153733872], [0.4136306890762202, 0.49908742656854715, 0.4324152252270922, 0.5221682518903704, 0.49628861956232573, 0.4490718153733872, 0.5166582491744585, 0.42569016852528135], [0.5221682518903704, 0.5166582491744585, 0.46964100587557633, 0.48691381866720296, 0.4263814350292927, 0.49628861956232573, 0.49908742656854715, 0.49214170268130114], [0.5221682518903704, 0.4285788547131835, 0.46964100587557633, 0.4752832379917935, 0.49908742656854715, 0.49628861956232573, 0.49908742656854715, 0.4938256835370072], [0.488330766817776, 0.49908742656854715, 0.49908742656854715, 0.5221682518903704, 0.5334269695288116, 0.5130666831926668, 0.49908742656854715, 0.5331028719070161], [0.5334269695288116, 0.5331028719070161, 0.4774476390603349, 0.4935367911292877, 0.5221682518903704, 0.5130666831926668, 0.49908742656854715, 0.4577737207155789], [0.5214478013515633, 0.5324832687977351, 0.44668615624760094, 0.4935367911292877, 0.5221682518903704, 0.5737786813511028, 0.49908742656854715, 0.4577737207155789]], "best_fitnesss": [0.5221682518903704, 0.5221682518903704, 0.5221682518903704, 0.5221682518903704, 0.5221682518903704, 0.5334269695288116, 0.5334269695288116, 0.5737786813511028], "prob_mutate": 0.041666666666666664}