{"num_qubits": 4, "depth": 28, "num_circuit": 16, "num_generation": 20, "current_generation": 1, "fitnessss": [[0.8903785896009356, 0.9184385423667099, 0.9114302579045155, 0.82738571486497, 0.8814925053119878, 0.8835702458608514, 0.8841775003632311, 0.8315107482668382, 0.8608792860172662, 0.8996011325889992, 0.8908109213743293, 0.9112934906900968, 0.824029178500228, 0.8640290448272486, 0.9239763625864473, 0.8735590815589436]], "best_fitnesss": [0.9239763625864473], "prob_mutate": 0.006696428571428571}