{"num_qubits": 2, "depth": 7, "num_circuit": 32, "num_generation": 20, "current_generation": 1, "fitnessss": [[0.5510980615565668, 0.814776144195511, 0.8366031909420689, 0.772636473370097, 0.6092308682521765, 0.8448163977616556, 0.7982436040008256, 0.7704740978452834, 0.762074039856594, 0.8632432480625077, 0.8515593714664131, 0.9332794570440941, 0.6324093241112635, 0.6444643957564496, 0.6360824921879571, 0.6858484290068263, 0.7965826840695572, 0.7484483089984086, 0.7184701958376372, 0.7821483494860749, 0.6850509166518675, 0.752263665191826, 0.7871813798744195, 0.4425968698448376, 0.7524911160031352, 0.8224389192284891, 0.8123126181895721, 0.464834666609019, 0.5442629664029477, 0.7033553080216478, 0.832474094111188, 0.8807005954954287]], "best_fitnesss": [0.9332794570440941], "prob_mutate": 0.013392857142857142}