{"num_qubits": 4, "depth": 4, "num_circuit": 32, "num_generation": 20, "current_generation": 20, "fitnessss": [[0.2371887537048011, 0.24237351638145577, 0.22825602726243144, 0.24720145544165356, 0.15997542196453923, 0.20965962897351914, 0.13122704978853267, 0.21116512711627206, 0.15735794842643847, 0.18928421946837917, 0.22298632014606462, 0.19102632836783875, 0.2864227562295216, 0.23909779134875545, 0.14155918985533453, 0.19780878972178922, 0.26427996238813395, 0.09996476243736034, 0.22701196257452186, 0.31275968185354425, 0.3334897331685597, 0.3057786578894667, 0.09875645207911277, 0.1740117390439555, 0.24901418827899907, 0.058479098869063176, 0.2397735589968013, 0.18628992164647912, 0.30085081412052384, 0.22122172529249387, 0.16383232972392067, 0.22964140041829162], [0.3625697169105821, 0.31275968185354425, 0.29843767816348493, 0.31060056487414395, 0.3057786578894667, 0.30085081412052384, 0.2252861154169846, 0.28505734351908973, 0.2864227562295216, 0.26952523063407474, 0.27973769278659344, 0.21384421411958088, 0.24901418827899907, 0.24720145544165356, 0.2528134060836165, 0.22246789846682197, 0.24237351638145577, 0.2397735589968013, 0.28701988172873527, 0.14972827933286736, 0.23909779134875545, 0.2371887537048011, 0.2568529022511784, 0.2804998249856647, 0.22964140041829162, 0.2587859975587469, 0.20237570262644494, 0.2618824329602295, 0.22701196257452186, 0.22298632014606462, 0.21486343666593805, 0.30367321276849557], [0.3625697169105821, 0.31275968185354425, 0.29843767816348493, 0.3785953254029556, 0.31060056487414395, 0.3057786578894667, 0.33895828350328266, 0.41072022685970744, 0.30367321276849557, 0.30085081412052384, 0.25240188450474027, 0.2926931587686606, 0.29843767816348493, 0.28701988172873527, 0.26631543614227027, 0.12086306475462898, 0.27377531691805335, 0.28505734351908973, 0.35338282626128564, 0.23323100306624367, 0.2804998249856647, 0.27973769278659344, 0.14268613226021648, 0.32669655552626053, 0.26952523063407474, 0.2618824329602295, 0.19050673687996905, 0.3885004564866387, 0.2587859975587469, 0.2568529022511784, 0.2830452305272679, 0.19378591373826776], [0.41072022685970744, 0.3885004564866387, 0.3483929547835408, 0.3832201904801903, 0.3650370839139546, 0.39681033491293666, 0.3785953254029556, 0.3625697169105821, 0.35338282626128564, 0.33895828350328266, 0.35338282626128564, 0.33895828350328266, 0.32669655552626053, 0.31275968185354425, 0.2812290910107224, 0.3293047193887525, 0.31060056487414395, 0.3057786578894667, 0.33895828350328266, 0.2824652992213975, 0.30367321276849557, 0.30085081412052384, 0.25240188450474027, 0.2926931587686606, 0.29843767816348493, 0.29843767816348493, 0.29843767816348493, 0.29843767816348493, 0.2926931587686606, 0.28701988172873527, 0.28859868032965313, 0.2698245699548879], [0.41072022685970744, 0.39681033491293666, 0.3732566500339847, 0.3298373756950982, 0.3885004564866387, 0.3832201904801903, 0.3832201904801903, 0.3885004564866387, 0.3785953254029556, 0.3650370839139546, 0.3650370839139546, 0.3785953254029556, 0.3625697169105821, 0.35338282626128564, 0.30989005909612055, 0.2875309893025362, 0.35338282626128564, 0.3483929547835408, 0.2178514265616875, 0.3057786578894667, 0.33895828350328266, 0.33895828350328266, 0.304386116117927, 0.33895828350328266, 0.33895828350328266, 0.3293047193887525, 0.3293047193887525, 0.33895828350328266, 0.32669655552626053, 0.2727349071022875, 0.2812290910107224, 0.3293047193887525], [0.41072022685970744, 0.39681033491293666, 0.3732566500339847, 0.3298373756950982, 0.3885004564866387, 0.3885004564866387, 0.3885004564866387, 0.3885004564866387, 0.3832201904801903, 0.3832201904801903, 0.3832201904801903, 0.3832201904801903, 0.3785953254029556, 0.3785953254029556, 0.3785953254029556, 0.3785953254029556, 0.3732566500339847, 0.3650370839139546, 0.2785749589473471, 0.3785953254029556, 0.3650370839139546, 0.3625697169105821, 0.3785953254029556, 0.2698204056384151, 0.35338282626128564, 0.35338282626128564, 0.35338282626128564, 0.3072860630522708, 0.3483929547835408, 0.33895828350328266, 0.3057786578894667, 0.2682591863729962], [0.41072022685970744, 0.39681033491293666, 0.3732566500339847, 0.3298373756950982, 0.3885004564866387, 0.34002221691038537, 0.3885004564866387, 0.23581515885844717, 0.3885004564866387, 0.3885004564866387, 0.3885004564866387, 0.3394102296214886, 0.3832201904801903, 0.3832201904801903, 0.3832201904801903, 0.3832201904801903, 0.3832201904801903, 0.3832201904801903, 0.3832201904801903, 0.3832201904801903, 0.3785953254029556, 0.3609689282446699, 0.3785953254029556, 0.3785953254029556, 0.3785953254029556, 0.3785953254029556, 0.3785953254029556, 0.3785953254029556, 0.3785953254029556, 0.3785953254029556, 0.3785953254029556, 0.3785953254029556], [0.41072022685970744, 0.35427926628261275, 0.3732566500339847, 0.3298373756950982, 0.3885004564866387, 0.3885004564866387, 0.3885004564866387, 0.3885004564866387, 0.3885004564866387, 0.3885004564866387, 0.38662392700405224, 0.3885004564866387, 0.3885004564866387, 0.3832201904801903, 0.3832201904801903, 0.3885004564866387, 0.3832201904801903, 0.3306470076343599, 0.3832201904801903, 0.3832201904801903, 0.3832201904801903, 0.3883885009938875, 0.3832201904801903, 0.3832201904801903, 0.3832201904801903, 0.3832201904801903, 0.3832201904801903, 0.3832201904801903, 0.3832201904801903, 0.3785953254029556, 0.35303416522786557, 0.31060056487414395], [0.41072022685970744, 0.3885004564866387, 0.3483929547835408, 0.3832201904801903, 0.3885004564866387, 0.3885004564866387, 0.3501121558212703, 0.3885004564866387, 0.3885004564866387, 0.3885004564866387, 0.3885004564866387, 0.3885004564866387, 0.3885004564866387, 0.3885004564866387, 0.3885004564866387, 0.3885004564866387, 0.3885004564866387, 0.34013152495107185, 0.3885004564866387, 0.3885004564866387, 0.3883885009938875, 0.38662392700405224, 0.38662392700405224, 0.3883885009938875, 0.3832201904801903, 0.3832201904801903, 0.3832201904801903, 0.3832201904801903, 0.3832201904801903, 0.3832201904801903, 0.3832201904801903, 0.3832201904801903], [0.41072022685970744, 0.3885004564866387, 0.3483929547835408, 0.3832201904801903, 0.3885004564866387, 0.3885004564866387, 0.3885004564866387, 0.38580029430575075, 0.3885004564866387, 0.3885004564866387, 0.3885004564866387, 0.3885004564866387, 0.3885004564866387, 0.3885004564866387, 0.3885004564866387, 0.3885004564866387, 0.3885004564866387, 0.3885004564866387, 0.3885004564866387, 0.3885004564866387, 0.3885004564866387, 0.3885004564866387, 0.3885004564866387, 0.3885004564866387, 0.3885004564866387, 0.3885004564866387, 0.3885004564866387, 0.3885004564866387, 0.3885004564866387, 0.3885004564866387, 0.3885004564866387, 0.3885004564866387], [0.41072022685970744, 0.23956984107756898, 0.3483929547835408, 0.3832201904801903, 0.3885004564866387, 0.3885004564866387, 0.3885004564866387, 0.3885004564866387, 0.3885004564866387, 0.3885004564866387, 0.3885004564866387, 0.3885004564866387, 0.3885004564866387, 0.3885004564866387, 0.36455761572879253, 0.3885004564866387, 0.3885004564866387, 0.3885004564866387, 0.3885004564866387, 0.3885004564866387, 0.3885004564866387, 0.3885004564866387, 0.3885004564866387, 0.3885004564866387, 0.3885004564866387, 0.3885004564866387, 0.3885004564866387, 0.3885004564866387, 0.3885004564866387, 0.3885004564866387, 0.3885004564866387, 0.3885004564866387], [0.41072022685970744, 0.3885004564866387, 0.3483929547835408, 0.3832201904801903, 0.3885004564866387, 0.3885004564866387, 0.3885004564866387, 0.3885004564866387, 0.3885004564866387, 0.3885004564866387, 0.3885004564866387, 0.3885004564866387, 0.3885004564866387, 0.33834075136480957, 0.3885004564866387, 0.3885004564866387, 0.3885004564866387, 0.3885004564866387, 0.3885004564866387, 0.3885004564866387, 0.3885004564866387, 0.3885004564866387, 0.3885004564866387, 0.3885004564866387, 0.3885004564866387, 0.3885004564866387, 0.3885004564866387, 0.3885004564866387, 0.3885004564866387, 0.3885004564866387, 0.3885004564866387, 0.3885004564866387], [0.41072022685970744, 0.3885004564866387, 