{"num_qubits": 4, "depth": 13, "num_circuit": 32, "num_generation": 50, "current_generation": 3, "fitnessss": [[0.5444073407775056, 0.4863823960585843, 0.47917993792345054, 0.5091847698237164, 0.4553214095760393, 0.6715435225448194, 0.6534067088600313, 0.5926955879663931, 0.5001262386432967, 0.5792155910527251, 0.5266024078261651, 0.44339925588992213, 0.5955062344201734, 0.5277509870810481, 0.559272358802929, 0.46444007720885444, 0.6274031655944149, 0.539167262667954, 0.5447237743765824, 0.4981211437958552, 0.42941665816725993, 0.6003305569136208, 0.5481501851412158, 0.4391128498848394, 0.5367412287709868, 0.525043103178571, 0.5531261483146602, 0.6247729868514893, 0.5744429156529561, 0.5425015303595798, 0.6192529765055033, 0.47096926231569214], [0.6715435225448194, 0.6534067088600313, 0.6489032228866835, 0.5703018522297032, 0.6274031655944149, 0.6230325337045254, 0.6588085802959327, 0.6403248661122396, 0.6192529765055033, 0.6003305569136208, 0.6400005149364875, 0.5749004045998746, 0.5955062344201734, 0.5601917570166257, 0.5655322912103611, 0.6240592447191847, 0.5792155910527251, 0.5744429156529561, 0.6345255552741738, 0.5550610202957877, 0.559272358802929, 0.5531261483146602, 0.5474081361814519, 0.5542664850548925, 0.5481501851412158, 0.5447237743765824, 0.5280541802746331, 0.5612950556229184, 0.5444073407775056, 0.5425015303595798, 0.6198893709855302, 0.6380994813196542], [0.6715435225448194, 0.6588085802959327, 0.5698065101845836, 0.59216746041185, 0.6534067088600313, 0.6489032228866835, 0.6534067088600313, 0.6489032228866835, 0.6403248661122396, 0.6400005149364875, 0.5991047151644684, 0.643339799752739, 0.6380994813196542, 0.6345255552741738, 0.7193525950522031, 0.6238425994691872, 0.6274031655944149, 0.6240592447191847, 0.7323529942789242, 0.5593594149193747, 0.6230325337045254, 0.6198893709855302, 0.5655555815001889, 0.6254428010172515, 0.6521483107750908, 0.6003305569136208, 0.6400005149364875, 0.5749004045998746, 0.5955062344201734, 0.5792155910527251, 0.4668928404118102, 0.6536402091014654]], "best_fitnesss": [0.6715435225448194, 0.6715435225448194, 0.7323529942789242], "prob_mutate": 0.007211538461538462}