{"num_qubits": 5, "depth": 9, "num_circuit": 8, "num_generation": 50, "current_generation": 12, "fitnessss": [[0.24171105053142172, 0.28909317558897485, 0.2649967483922353, 0.23819416608764712, 0.23340051247440768, 0.23192573555724424, 0.2558844535413921, 0.2766754093357828], [0.28909317558897485, 0.2766754093357828, 0.3364581814732824, 0.28799802350619624, 0.23611873162925617, 0.2558844535413921, 0.2681083122695407, 0.26539044542417395], [0.3364581814732824, 0.28909317558897485, 0.2743659630402514, 0.3364581814732824, 0.28799802350619624, 0.2766754093357828, 0.2766754093357828, 0.2516556177209427], [0.3364581814732824, 0.3364581814732824, 0.3364581814732824, 0.3364581814732824, 0.28909317558897485, 0.28799802350619624, 0.28909317558897485, 0.2645516801932037], [0.3364581814732824, 0.3364581814732824, 0.30857672611976056, 0.3364581814732824, 0.3364581814732824, 0.3364581814732824, 0.3364581814732824, 0.288789676488541], [0.3364581814732824, 0.32935964131356416, 0.3364581814732824, 0.26104504036328324, 0.36264800152366766, 0.3364581814732824, 0.3439501511284198, 0.34087888078958944], [0.36264800152366766, 0.3330941692386792, 0.3439501511284198, 0.31881196648521576, 0.34087888078958944, 0.3364581814732824, 0.3056156680527481, 0.3433248488089307], [0.36264800152366766, 0.36229237160327454, 0.3439501511284198, 0.36264800152366766, 0.3433248488089307, 0.34087888078958944, 0.34753136806782126, 0.3147800900340244], [0.34319235274480314, 0.36264800152366766, 0.36264800152366766, 0.36264800152366766, 0.36229237160327454, 0.34753136806782126, 0.3293977149206975, 0.29995787409888386], [0.36264800152366766, 0.36264800152366766, 0.36264800152366766, 0.36264800152366766, 0.36264800152366766, 0.32450849637716483, 0.36229237160327454, 0.2508736049733865], [0.3891290989498515, 0.36264800152366766, 0.36264800152366766, 0.2561321594224883, 0.3540307378565416, 0.3209863060351375, 0.36264800152366766, 0.36264800152366766], [0.26494269430552453, 0.36264800152366766, 0.36264800152366766, 0.3891290989498515, 0.1905295823787528, 0.3303241953295776, 0.36264800152366766, 0.36264800152366766]], "best_fitnesss": [0.28909317558897485, 0.3364581814732824, 0.3364581814732824, 0.3364581814732824, 0.3364581814732824, 0.36264800152366766, 0.36264800152366766, 0.36264800152366766, 0.36264800152366766, 0.36264800152366766, 0.3891290989498515, 0.3891290989498515], "prob_mutate": 0.041666666666666664}