{"num_qubits": 4, "depth": 9, "num_circuit": 16, "num_generation": 20, "current_generation": 20, "fitnessss": [[0.23275254482702723, 0.16890848485035315, 0.19311231246957727, 0.44021434417772076, 0.2525382874552532, 0.25224379348172743, 0.3188291805026784, 0.3933158607522347, 0.2624295588400686, 0.09182863004363617, 0.14747065036907026, 0.3274312769626325, 0.24815282510974346, 0.24407657446483588, 0.38217285874347595, 0.20805848890126322], [0.44021434417772076, 0.3933158607522347, 0.3323498876545333, 0.43776602946650045, 0.38217285874347595, 0.3274312769626325, 0.06447460741691058, 0.4038958579177183, 0.3188291805026784, 0.2624295588400686, 0.3838652417822802, 0.17303162514692416, 0.3654865367659539, 0.23297268927262205, 0.18216278633313043, 0.30841652591508883], [0.44021434417772076, 0.43776602946650045, 0.37634843112407856, 0.5381996860798458, 0.4038958579177183, 0.3933158607522347, 0.5263739975916655, 0.4204536693631413, 0.3838652417822802, 0.39719373217871257, 0.40964194674504273, 0.11974090034055662, 0.3654865367659539, 0.3323498876545333, 0.29124109653664987, 0.3135239027987261], [0.5381996860798458, 0.5263739975916655, 0.3933158607522347, 0.4276276685016078, 0.44021434417772076, 0.43776602946650045, 0.37634843112407856, 0.46055544169655005, 0.4204536693631413, 0.40964194674504273, 0.4204536693631413, 0.40964194674504273, 0.4038958579177183, 0.26333246493171614, 0.4038958579177183, 0.39719373217871257], [0.5381996860798458, 0.43120732196137124, 0.3933158607522347, 0.4276276685016078, 0.46055544169655005, 0.44021434417772076, 0.46055544169655005, 0.44021434417772076, 0.21549806720990738, 0.4276276685016078, 0.5381996860798458, 0.2832434534345726, 0.4204536693631413, 0.2628665514322831, 0.4204536693631413, 0.4204536693631413], [0.5381996860798458, 0.5381996860798458, 0.5381996860798458, 0.5446574321158055, 0.46055544169655005, 0.46055544169655005, 0.46055544169655005, 0.2656984499699564, 0.44021434417772076, 0.44021434417772076, 0.44021434417772076, 0.44021434417772076, 0.43120732196137124, 0.30546458136686927, 0.4276276685016078, 0.43120732196137124], [0.41230055786128894, 0.5381996860798458, 0.5446574321158055, 0.5381996860798458, 0.5381996860798458, 0.5381996860798458, 0.5381996860798458, 0.541165599694337, 0.46055544169655005, 0.46055544169655005, 0.46055544169655005, 0.45455216836560763, 0.46055544169655005, 0.44021434417772076, 0.46055544169655005, 0.44021434417772076], [0.5446574321158055, 0.541165599694337, 0.5359777275721437, 0.5381996860798458, 0.4847562977468092, 0.5381996860798458, 0.5381996860798458, 0.5381996860798458, 0.5381996860798458, 0.5381996860798458, 0.5381996860798458, 0.5381996860798458, 0.5182869226465454, 0.46055544169655005, 0.4307459717144214, 0.47360221671593206], [0.5446574321158055, 0.428300180675235, 0.5359777275721437, 0.5381996860798458, 0.37904069338959423, 0.5381996860798458, 0.5381996860798458, 0.5311938189717209, 0.5381996860798458, 0.5381996860798458, 0.5381996860798458, 0.5381996860798458, 0.5381996860798458, 0.5381996860798458, 0.5131372404226416, 0.5381996860798458], [0.5446574321158055, 0.5381996860798458, 0.5446574321158055, 0.3180723846453595, 0.378299655440423, 0.5381996860798458, 0.5381996860798458, 0.5381996860798458, 0.5381996860798458, 0.5381996860798458, 0.5381996860798458, 0.5381996860798458, 0.5381996860798458, 0.5381996860798458, 0.5381996860798458, 0.5381996860798458], [0.5446574321158055, 0.5446574321158055, 0.5446574321158055, 0.5446574321158055, 0.5381996860798458, 0.5381996860798458, 0.5381996860798458, 0.5381996860798458, 0.5381996860798458, 0.5381996860798458, 0.5381996860798458, 0.5381996860798458, 0.5381996860798458, 0.5381996860798458, 0.5381996860798458, 0.5381996860798458], [0.5446574321158055, 0.4473768761772745, 0.5446574321158055, 0.5446574321158055, 0.5446574321158055, 0.5446574321158055, 0.4282304141387223, 0.5577968281886584, 0.5381996860798458, 0.5381996860798458, 0.5381996860798458, 0.5381996860798458, 0.5381996860798458, 0.5381996860798458, 0.5381996860798458, 0.5381996860798458], [0.5577968281886584, 0.5147523279293333, 0.5446574321158055, 0.5577968281886584, 0.5446574321158055, 0.5446574321158055, 0.5446574321158055, 0.4659992634621719, 0.47901321339665315, 0.5446574321158055, 0.5446574321158055, 0.5446574321158055, 0.5381996860798458, 0.5381996860798458, 0.5381996860798458, 0.5381996860798458], [0.5577968281886584, 0.5577968281886584, 0.5577968281886584, 0.5577968281886584, 0.2478638227586636, 0.47179796303704724, 0.5446574321158055, 0.5446574321158055, 0.5446574321158055, 0.5446574321158055, 0.5446574321158055, 0.5446574321158055, 0.5446574321158055, 0.5446574321158055, 0.5446574321158055, 0.5446574321158055], [0.5577968281886584, 0.5577968281886584, 0.5577968281886584, 0.5577968281886584, 0.5577968281886584, 0.5577968281886584, 0.5577968281886584, 0.5577968281886584, 0.5446574321158055, 0.5446574321158055, 0.5446574321158055, 0.5446574321158055, 0.5446574321158055, 0.5446574321158055, 0.5446574321158055, 0.5446574321158055], [0.5577968281886584, 0.5577968281886584, 0.5577968281886584, 0.5577968281886584, 0.5577968281886584, 0.5577968281886584, 0.5577968281886584, 0.5577968281886584, 0.5577968281886584, 0.5577968281886584, 0.5577968281886584, 0.4216035025969975, 0.48264522337263327, 0.5577968281886584, 0.5577968281886584, 0.5577968281886584], [0.5577968281886584, 0.5577968281886584, 0.5577968281886584, 0.5577968281886584, 0.5577968281886584, 0.5577968281886584, 0.5577968281886584, 0.5577968281886584, 0.5577968281886584, 0.5577968281886584, 0.5577968281886584, 0.29633969816045935, 0.5577968281886584, 0.5577968281886584, 0.5577968281886584, 0.44199939266055543], [0.5577968281886584, 0.5577968281886584, 0.5577968281886584, 0.5577968281886584, 0.5638211892977647, 0.5577968281886584, 0.5577968281886584, 0.30302996099420987, 0.5577968281886584, 0.5577968281886584, 0.5577968281886584, 0.5577968281886584, 0.5577968281886584, 0.5577968281886584, 0.5577968281886584, 0.5577968281886584], [0.5638211892977647, 0.4668981831258978, 0.45537182573734536, 0.5638211892977647, 0.5577968281886584, 0.5577968281886584, 0.5577968281886584, 0.5577968281886584, 0.5400053777252675, 0.5577968281886584, 0.25407342517410014, 0.5577968281886584, 0.5577968281886584, 0.37250833639996594, 0.5577968281886584, 0.5577968281886584], [0.5638211892977647, 0.5638211892977647, 0.5638211892977647, 0.5638211892977647, 0.519465373447802, 0.5577968281886584, 0.5577968281886584, 0.5577968281886584, 0.5577968281886584, 0.5577968281886584, 0.5577968281886584, 0.5577968281886584, 0.4898275100053059, 0.5326956701004206, 0.5577968281886584, 0.5577968281886584]], "best_fitnesss": [0.44021434417772076, 0.44021434417772076, 0.5381996860798458, 0.5381996860798458, 0.5381996860798458, 0.5446574321158055, 0.5446574321158055, 0.5446574321158055, 0.5446574321158055, 0.5446574321158055, 0.5446574321158055, 0.5577968281886584, 0.5577968281886584, 0.5577968281886584, 0.5577968281886584, 0.5577968281886584, 0.5577968281886584, 0.5638211892977647, 0.5638211892977647, 0.5638211892977647], "prob_mutate": 0.020833333333333332}