{"num_qubits": 2, "depth": 8, "num_circuit": 16, "num_generation": 10, "current_generation": 1, "fitnessss": [[0.9085011190869284, 0.7723681795721293, 0.8687434631165777, 0.7621504494855033, 0.7707287074605088, 0.8478205791403157, 0.900473232763453, 0.8192612169626576, 0.7673421999765314, 0.7824583135922156, 0.8678063545984331, 0.890271724809159, 0.8822745565329662, 0.5146612992591363, 0.9065692326272707, 0.8099456016459932]], "best_fitnesss": [0.9085011190869284], "prob_mutate": 0.0234375}