{"num_qubits": 4, "depth": 21, "num_circuit": 8, "num_generation": 10, "current_generation": 1, "fitnessss": [[0.855260040330253, 0.7798285172276689, 0.7972012789582437, 0.8117103620936008, 0.7756338068177435, 0.7358478434313903, 0.6857535527100785, 0.8620932919993234]], "best_fitnesss": [0.8620932919993234], "prob_mutate": 0.017857142857142856}