{"num_qubits": 4, "depth": 10, "num_circuit": 8, "num_generation": 50, "current_generation": 6, "fitnessss": [[0.4511844569390072, 0.5118431610500296, 0.515574555518172, 0.3680656148904473, 0.5605762117652627, 0.5092231286871998, 0.512523949922627, 0.40329953194275064], [0.5605762117652627, 0.515574555518172, 0.5692554764823722, 0.3907081196861093, 0.512523949922627, 0.5118431610500296, 0.4027829722348682, 0.44910019382958755], [0.5692554764823722, 0.5122438379608256, 0.47018721528148005, 0.5126633090941781, 0.4755884933472923, 0.5291354807679707, 0.5115291893907921, 0.5188890761016421], [0.5692554764823722, 0.5167806858318416, 0.44972873128133684, 0.53101239512238, 0.49629775709225665, 0.5126633090941781, 0.43377205097710014, 0.5021526635439827], [0.5692554764823722, 0.53101239512238, 0.5603726762027825, 0.53101239512238, 0.5167806858318416, 0.5126633090941781, 0.5416207474195035, 0.4733575120891159], [0.5692554764823722, 0.5603726762027825, 0.5692554764823722, 0.5461497266789377, 0.5416207474195035, 0.5793393762349149, 0.5247968243373878, 0.53101239512238]], "best_fitnesss": [0.5605762117652627, 0.5692554764823722, 0.5692554764823722, 0.5692554764823722, 0.5692554764823722, 0.5793393762349149], "prob_mutate": 0.0375}