{"num_qubits": 3, "depth": 9, "num_circuit": 8, "num_generation": 10, "current_generation": 3, "fitnessss": [[0.6723266453080171, 0.7578159957866177, 0.3022869886393604, 0.48180188764600596, 0.7286448779154374, 0.4707902450497336, 0.6650523627276856, 0.5581410538968171], [0.7578159957866177, 0.6354547388509197, 0.5708058855571257, 0.7037588470617119, 0.7556648186899491, 0.6658091347788855, 0.4857967853803009, 0.6720214981373849], [0.7578159957866177, 0.7556648186899491, 0.537549843849433, 0.7952356726944082, 0.7037588470617119, 0.6720214981373849, 0.6303896782058752, 0.7179712347461911]], "best_fitnesss": [0.7578159957866177, 0.7578159957866177, 0.7952356726944082], "prob_mutate": 0.041666666666666664}