{"num_qubits": 4, "depth": 8, "num_circuit": 8, "num_generation": 20, "current_generation": 17, "fitnessss": [[0.8620988953918702, 0.25858697624308663, 0.5092751316071329, 0.6233076138424289, 0.8454001935504941, 0.856271225641219, 0.2763270242583631, 0.8388159617361663], [0.8620988953918702, 0.8470776487388726, 0.8177545140306343, 0.8836774449032315, 0.8454001935504941, 0.8453320838310374, 0.7850486757623865, 0.7510902579702188], [0.7510941185833437, 0.8620988953918702, 0.8836774449032315, 0.8620988953918702, 0.8470776487388726, 0.8454001935504941, 0.8792103225319658, 0.845200388844676], [0.8745646002455366, 0.6693221706330567, 0.7510844251949338, 0.477613458561999, 0.89193068425917, 0.8837159923879337, 0.8620988953918702, 0.8610997819436486], [0.89193068425917, 0.8837159923879337, 0.860585549151309, 0.8620988953918702, 0.8745646002455366, 0.9027902220754294, 0.8915910722063101, 0.8470812696738209], [0.9027902220754294, 0.8621199511552415, 0.8628706192545067, 0.9055589481809119, 0.8915910722063101, 0.8837159923879337, 0.8177879829572179, 0.8620988953918702], [0.9055589481809119, 0.9027902220754294, 0.9055589481809119, 0.8954777350836454, 0.8915910722063101, 0.8837159923879337, 0.8621410512810606, 0.8620988953918702], [0.9055589481809119, 0.8764730482403529, 0.9055589481809119, 0.9055589481809119, 0.9027902220754294, 0.8954777350836454, 0.8954777350836454, 0.9027902220754294], [0.9055589481809119, 0.9055589481809119, 0.8904117378346129, 0.9055589481809119, 0.8133515385331973, 0.9027902220754294, 0.8666190336602947, 0.9027902220754294], [0.9055589481809119, 0.9055589481809119, 0.9005150984765262, 0.8936601791878737, 0.9055589481809119, 0.85619601022557, 0.9055589481809119, 0.9027902220754294], [0.5587848029910741, 0.8865406387248072, 0.9055589481809119, 0.9004837115125486, 0.9055589481809119, 0.8133515385331973, 0.9055589481809119, 0.9055589481809119], [0.9055589481809119, 0.9055589481809119, 0.9055589481809119, 0.9055589481809119, 0.8189039093279845, 0.9055589481809119, 0.9055589481809119, 0.9055589481809119], [0.9055589481809119, 0.9101962004808508, 0.9055589481809119, 0.9055589481809119, 0.9055589481809119, 0.9055589481809119, 0.9055589481809119, 0.9055589481809119], [0.8642229606367723, 0.8698459186782965, 0.6167780074120296, 0.9632863592284151, 0.9055589481809119, 0.9055589481809119, 0.8599721085078909, 0.9055589481809119], [0.9632863592284151, 0.5911104233693674, 0.9055589481809119, 0.9632863592284151, 0.8413606198737466, 0.9055589481809119, 0.9055589481809119, 0.9055589481809119], [0.9632863592284151, 0.5832404459671092, 0.9632863592284151, 0.895869659488444, 0.9055589481809119, 0.9055589481809119, 0.9055589481809119, 0.9055589481809119], [0.9926385140673137, 0.8678213896317579, 0.9632863592284151, 0.9632863592284151, 0.9055589481809119, 0.9055589481809119, 0.9055589481809119, 0.9055589481809119]], "best_fitnesss": [0.8620988953918702, 0.8836774449032315, 0.8836774449032315, 0.89193068425917, 0.9027902220754294, 0.9055589481809119, 0.9055589481809119, 0.9055589481809119, 0.9055589481809119, 0.9055589481809119, 0.9055589481809119, 0.9055589481809119, 0.9101962004808508, 0.9632863592284151, 0.9632863592284151, 0.9632863592284151, 0.9926385140673137], "prob_mutate": 0.046875}