{"num_qubits": 2, "depth": 5, "num_circuit": 8, "num_generation": 10, "current_generation": 2, "fitnessss": [[0.44288697080256323, 0.548530955965431, 0.7376176452685351, 0.6360281921638531, 0.6064695130677293, 0.3433528781936067, 0.6232643508115057, 0.43783549909424097], [0.7376176452685351, 0.6746509401914829, 0.6772411395983464, 0.8288371557255129, 0.4927127215447931, 0.6377334125052991, 0.5659964524814298, 0.809315568531415]], "best_fitnesss": [0.7376176452685351, 0.8288371557255129], "prob_mutate": 0.075}