{"num_qubits": 4, "depth": 9, "num_circuit": 16, "num_generation": 20, "current_generation": 20, "fitnessss": [[0.24190324793255824, 0.43148745975623537, 0.4441603338601624, 0.21205459912849045, 0.40508531975901874, 0.3216530458649677, 0.264426152692098, 0.38801789921294194, 0.2772354415901018, 0.16994744828627084, 0.2793043792501311, 0.14364548969174307, 0.30851897399965744, 0.20087476511801194, 0.20887042576309134, 0.43004858665545476], [0.4441603338601624, 0.5429990131571338, 0.25096515132055364, 0.198514069747608, 0.43004858665545476, 0.40508531975901874, 0.2427539461464454, 0.4566141917447981, 0.38801789921294194, 0.3216530458649677, 0.38523218914394186, 0.3579774962079435, 0.2839963162347162, 0.11355572908711975, 0.4007348303001983, 0.40979591584750774], [0.5429990131571338, 0.4566141917447981, 0.3435465405322583, 0.363018604512944, 0.4441603338601624, 0.43004858665545476, 0.3933919816868917, 0.2704296802182319, 0.40979591584750774, 0.3668375291320549, 0.2044099668938556, 0.28973787233885173, 0.4007348303001983, 0.38801789921294194, 0.23326391453763728, 0.19437841031595648], [0.5429990131571338, 0.5658917038731935, 0.3435465405322583, 0.363018604512944, 0.4441603338601624, 0.43004858665545476, 0.3933919816868917, 0.2647793974566952, 0.40979591584750774, 0.4007348303001983, 0.2793043792501311, 0.08152693219466123, 0.3933919816868917, 0.38801789921294194, 0.3367506557337099, 0.3937627206205503], [0.5658917038731935, 0.32230278760696307, 0.363018604512944, 0.37982163723960205, 0.4441603338601624, 0.43004858665545476, 0.3933919816868917, 0.2228603989000243, 0.40979591584750774, 0.4007348303001983, 0.2793043792501311, 0.30851897399965744, 0.3937627206205503, 0.3933919816868917, 0.3937627206205503, 0.3933919816868917], [0.5658917038731935, 0.4441603338601624, 0.38365203361920597, 0.373587065599954, 0.43004858665545476, 0.40979591584750774, 0.37752497334971735, 0.29105089174174914, 0.4007348303001983, 0.2127153558379562, 0.4032798574350197, 0.19437841031595648, 0.3937627206205503, 0.3933919816868917, 0.3937627206205503, 0.3933919816868917], [0.5658917038731935, 0.4441603338601624, 0.38365203361920597, 0.373587065599954, 0.43004858665545476, 0.40979591584750774, 0.18594118555937444, 0.29105089174174914, 0.4032798574350197, 0.4007348303001983, 0.4007348303001983, 0.4032798574350197, 0.3937627206205503, 0.3937627206205503, 0.3937627206205503, 0.3937627206205503], [0.5658917038731935, 0.4441603338601624, 0.38365203361920597, 0.373587065599954, 0.43004858665545476, 0.40979591584750774, 0.37752497334971735, 0.29105089174174914, 0.4032798574350197, 0.2685743399013153, 0.4459682994271915, 0.4032798574350197, 0.27204449566098154, 0.4007348303001983, 0.4007348303001983, 0.4007348303001983], [0.5658917038731935, 0.4459682994271915, 0.4566141917447981, 0.3966978447306284, 0.4441603338601624, 0.43004858665545476, 0.3933919816868917, 0.2228603989000243, 0.40979591584750774, 0.4032798574350197, 0.2726716755068427, 0.30851897399965744, 0.4032798574350197, 0.2743072246982058, 0.4007348303001983, 0.4032798574350197], [0.5658917038731935, 0.4566141917447981, 0.28440801964441376, 0.2590168419266894, 0.4459682994271915, 0.21923203508437017, 0.23260770995524216, 0.3933919816868917, 0.43004858665545476, 0.40979591584750774, 0.37752497334971735, 0.23333939340363963, 0.4032798574350197, 0.4032798574350197, 0.4032798574350197, 0.4032798574350197], [0.3916701013686058, 0.4566141917447981, 0.4566141917447981, 0.3467327994688041, 0.4459682994271915, 0.43004858665545476, 0.4459682994271915, 0.2858864866858416, 0.40979591584750774, 0.4032798574350197, 0.29105089174174914, 0.30851897399965744, 0.4032798574350197, 0.4032798574350197, 0.4032798574350197, 0.4032798574350197], [0.4566141917447981, 0.4566141917447981, 0.4566141917447981, 0.4566141917447981, 0.4459682994271915, 0.4459682994271915, 0.4459682994271915, 0.4459682994271915, 0.43004858665545476, 0.40979591584750774, 0.37752497334971735, 0.29105089174174914, 0.4032798574350197, 0.4032798574350197, 0.4032798574350197, 0.4032798574350197], [0.4566141917447981, 0.42515226401105455, 0.4566141917447981, 0.4566141917447981, 0.4566141917447981, 0.4566141917447981, 0.4566141917447981, 0.4566141917447981, 0.4459682994271915, 0.3975965837485351, 0.4459682994271915, 0.4459682994271915, 0.4459682994271915, 0.3881249174803303, 0.4459682994271915, 0.4459682994271915], [0.4566141917447981, 0.4566141917447981, 0.2345429036757012, 0.4566141917447981, 0.4566141917447981, 0.4566141917447981, 0.4566141917447981, 0.4566141917447981, 0.4566141917447981, 0.4566141917447981, 0.4566141917447981, 0.4566141917447981, 0.4566141917447981, 0.4459682994271915, 0.4566141917447981, 0.4459682994271915], [0.4566141917447981, 0.4566141917447981, 0.4566141917447981, 0.37549709624325456, 0.40517525838281, 0.4566141917447981, 0.4566141917447981, 0.4566141917447981, 0.4566141917447981, 0.4162144249032649, 0.519961220456976, 0.4566141917447981, 0.4566141917447981, 0.4566141917447981, 0.4566141917447981, 0.4566141917447981], [0.519961220456976, 0.596735765040266, 0.4566141917447981, 0.519961220456976, 0.4566141917447981, 0.4566141917447981, 0.4566141917447981, 0.4566141917447981, 0.4566141917447981, 0.4566141917447981, 0.4566141917447981, 0.40489914019627915, 0.4566141917447981, 0.4566141917447981, 0.4566141917447981, 0.4566141917447981], [0.596735765040266, 0.519961220456976, 0.3358334257613539, 0.596735765040266, 0.43003463882449533, 0.4566141917447981, 0.4566141917447981, 0.519961220456976, 0.4566141917447981, 0.4566141917447981, 0.4566141917447981, 0.4566141917447981, 0.4566141917447981, 0.4566141917447981, 0.4566141917447981, 0.4566141917447981], [0.596735765040266, 0.596735765040266, 0.38822997200236586, 0.36906062545835383, 0.519961220456976, 0.519961220456976, 0.519961220456976, 0.519961220456976, 0.4566141917447981, 0.4566141917447981, 0.4566141917447981, 0.4566141917447981, 0.4566141917447981, 0.4566141917447981, 0.4566141917447981, 0.4566141917447981], [0.2221268308993265, 0.596735765040266, 0.596735765040266, 0.596735765040266, 0.519961220456976, 0.519961220456976, 0.49545212895934765, 0.519961220456976, 0.519961220456976, 0.519961220456976, 0.519961220456976, 0.34869771372179204, 0.4566141917447981, 0.3806723523275013, 0.4566141917447981, 0.4564016301618459], [0.596735765040266, 0.596735765040266, 0.596735765040266, 0.596735765040266, 0.285328593771385, 0.519961220456976, 0.39077992373095205, 0.596735765040266, 0.5292668749271883, 0.519961220456976, 0.49531132216444473, 0.519961220456976, 0.35867433508158686, 0.519961220456976, 0.519961220456976, 0.519961220456976]], "best_fitnesss": [0.4441603338601624, 0.5429990131571338, 0.5429990131571338, 0.5658917038731935, 0.5658917038731935, 0.5658917038731935, 0.5658917038731935, 0.5658917038731935, 0.5658917038731935, 0.5658917038731935, 0.4566141917447981, 0.4566141917447981, 0.4566141917447981, 0.4566141917447981, 0.519961220456976, 0.596735765040266, 0.596735765040266, 0.596735765040266, 0.596735765040266, 0.596735765040266], "prob_mutate": 0.020833333333333332}