{"num_qubits": 4, "depth": 2, "num_circuit": 4, "num_generation": 30, "current_generation": 30, "fitnessss": [[0.2150854477700971, 0.12343878081864892, 0.1489247729060999, 0.07229220480671163], [0.2117808156039715, 0.14889832455265722, 0.24601004747591398, 0.1489247729060999], [0.1471317443597253, 0.12960293767953163, 0.23729519168234034, 0.24601004747591398], [0.23786518027243392, 0.23729519168234034, 0.23729519168234034, 0.24808266954164643], [0.23389305279520028, 0.2668073367432018, 0.15328287959820802, 0.24808266954164643], [0.2668073367432018, 0.15645710965304677, 0.18436888602550644, 0.11442933255264784], [0.2668073367432018, 0.1742989326512104, 0.26415474012330104, 0.09921673400602965], [0.2668073367432018, 0.11243358738607383, 0.24785892507462157, 0.2668073367432018], [0.2668073367432018, 0.2668073367432018, 0.12652088989132856, 0.17620097569867066], [0.15632106022858538, 0.2668073367432018, 0.2668073367432018, 0.15389884774151757], [0.11707647557521991, 0.11442933255264784, 0.2668073367432018, 0.2467963293145122], [0.2668073367432018, 0.18429722397796797, 0.2467963293145122, 0.19396573465743303], [0.2668073367432018, 0.20718401461156283, 0.1948064794704944, 0.2668073367432018], [0.11436837828354926, 0.2668073367432018, 0.1476329194872726, 0.08479992857820932], [0.20192211449323474, 0.1476329194872726, 0.21169089015666503, 0.15563626734383051], [0.10165168809194561, 0.20192211449323474, 0.2668073367432018, 0.12692104949163613], [0.13154403667975978, 0.20192211449323474, 0.19658594867835158, 0.07114476089952501], [0.07421891064777798, 0.1636034513187797, 0.24761568939042028, 0.14498688033742363], [0.27893427198206794, 0.1996629114093844, 0.2533793872105592, 0.14402326284733183], [0.27893427198206794, 0.22715959862844776, 0.27893427198206794, 0.1653947409038536], [0.14206782071208668, 0.1534645984523791, 0.1813396348192264, 0.22715959862844776], [0.22715959862844776, 0.04659808832878067, 0.11031274639817641, 0.27893427198206794], [0.20806091462599946, 0.22715959862844776, 0.27893427198206794, 0.22715959862844776], [0.24559768162721637, 0.25687740034936535, 0.2294829539300486, 0.08177874697606749], [0.13134770044902777, 0.24559768162721637, 0.15194664330577273, 0.27893427198206794], [0.27893427198206794, 0.11442933255264784, 0.21300088510690104, 0.27893427198206794], [0.2431297552671876, 0.27893427198206794, 0.27893427198206794, 0.08635056093629358], [0.25592778540538746, 0.2789342719820679, 0.2391137088140239, 0.27893427198206794], [0.24325063575691108, 0.22244576829505433, 0.2694615795182924, 0.19637612594374443], [0.19667020432585441, 0.20736189141888114, 0.0889590842054798, 0.2789342719820679]], "best_fitnesss": [0.2150854477700971, 0.24601004747591398, 0.24601004747591398, 0.24808266954164643, 0.2668073367432018, 0.2668073367432018, 0.2668073367432018, 0.2668073367432018, 0.2668073367432018, 0.2668073367432018, 0.2668073367432018, 0.2668073367432018, 0.2668073367432018, 0.2668073367432018, 0.21169089015666503, 0.2668073367432018, 0.20192211449323474, 0.24761568939042028, 0.27893427198206794, 0.27893427198206794, 0.22715959862844776, 0.27893427198206794, 0.27893427198206794, 0.25687740034936535, 0.27893427198206794, 0.27893427198206794, 0.27893427198206794, 0.27893427198206794, 0.2694615795182924, 0.2789342719820679], "prob_mutate": 0.375}