{"num_qubits": 3, "depth": 2, "num_circuit": 16, "num_generation": 20, "current_generation": 1, "fitnessss": [[0.2559057337349394, 0.13850947243392983, 0.2883081547833814, 0.2573849377147496, 0.4004869761054152, 0.26494922398064036, 0.19681236239919916, 0.2793868020633868, 0.20099377284089623, 0.13409299622848866, 0.19543740761418038, 0.20699649306267792, 0.2287357539809734, 0.13409299622848866, 0.1385094724339298, 0.28766417776476094]], "best_fitnesss": [0.4004869761054152], "prob_mutate": 0.09375}