{"num_qubits": 5, "depth": 12, "num_circuit": 4, "num_generation": 30, "current_generation": 13, "fitnessss": [[0.2378414779183045, 0.3520687649100354, 0.3458903480163951, 0.33580438346432906], [0.3520687649100354, 0.33590641241496566, 0.36091224380909526, 0.29088950763003274], [0.36091224380909526, 0.3520687649100354, 0.3074279382731131, 0.36091224380909526], [0.36091224380909526, 0.31068484367712473, 0.3251649703775513, 0.36091224380909526], [0.36091224380909526, 0.37228974568985096, 0.3748796332016362, 0.2854439472488001], [0.3748796332016362, 0.34302432855841863, 0.37228974568985096, 0.3748796332016362], [0.3748796332016362, 0.4161865846825433, 0.3826919965723968, 0.3748796332016362], [0.4161865846825433, 0.3826919965723968, 0.3635259947239439, 0.33801159148924664], [0.3915491984637665, 0.37972770945852036, 0.3637241244274364, 0.39424500869300005], [0.3721069197573927, 0.4145475105156642, 0.3888880499318804, 0.36736964655535626], [0.4145475105156642, 0.40474112687280883, 0.3727204488800786, 0.40202091925772077], [0.4145475105156642, 0.36096794507277724, 0.45871020992146316, 0.40202091925772077], [0.4596709345876036, 0.4145475105156642, 0.4145475105156642, 0.4924025609906565]], "best_fitnesss": [0.3520687649100354, 0.36091224380909526, 0.36091224380909526, 0.36091224380909526, 0.3748796332016362, 0.3748796332016362, 0.4161865846825433, 0.4161865846825433, 0.39424500869300005, 0.4145475105156642, 0.4145475105156642, 0.45871020992146316, 0.4924025609906565], "prob_mutate": 0.0625}