{"num_qubits": 5, "depth": 12, "num_circuit": 4, "num_generation": 30, "current_generation": 30, "fitnessss": [[0.2378414779183045, 0.3520687649100354, 0.3458903480163951, 0.33580438346432906], [0.3520687649100354, 0.33590641241496566, 0.36091224380909526, 0.29088950763003274], [0.36091224380909526, 0.3520687649100354, 0.3074279382731131, 0.36091224380909526], [0.36091224380909526, 0.31068484367712473, 0.3251649703775513, 0.36091224380909526], [0.36091224380909526, 0.37228974568985096, 0.3748796332016362, 0.2854439472488001], [0.3748796332016362, 0.34302432855841863, 0.37228974568985096, 0.3748796332016362], [0.3748796332016362, 0.4161865846825433, 0.3826919965723968, 0.3748796332016362], [0.4161865846825433, 0.3826919965723968, 0.3635259947239439, 0.33801159148924664], [0.3915491984637665, 0.37972770945852036, 0.3637241244274364, 0.39424500869300005], [0.3721069197573927, 0.4145475105156642, 0.3888880499318804, 0.36736964655535626], [0.4145475105156642, 0.40474112687280883, 0.3727204488800786, 0.40202091925772077], [0.4145475105156642, 0.36096794507277724, 0.45871020992146316, 0.40202091925772077], [0.4596709345876036, 0.4145475105156642, 0.4145475105156642, 0.4924025609906565], [0.46165549245781323, 0.4596709345876036, 0.4401512084118135, 0.359576815042132], [0.41998201291611725, 0.4743165796586615, 0.426079755810739, 0.354115900616278], [0.4743165796586615, 0.426079755810739, 0.40253358967341385, 0.41081614206359296], [0.44362888697359726, 0.426079755810739, 0.4596709345876036, 0.40608890588349683], [0.4596709345876036, 0.41306895416055517, 0.4075882741277924, 0.4839473456798187], [0.4463555782982606, 0.4596709345876036, 0.4246091218848633, 0.4839473456798187], [0.4839473456798187, 0.3793416367201554, 0.4596709345876036, 0.45552425667701674], [0.43459161146726294, 0.3953504856376357, 0.4596709345876036, 0.4839473456798187], [0.4839473456798187, 0.4596709345876036, 0.4596709345876036, 0.41220669723545866], [0.38959544684353264, 0.4596709345876036, 0.42609833286932564, 0.4839473456798187], [0.4839473456798187, 0.40563065826531164, 0.38665383559742855, 0.4839473456798187], [0.4839473456798187, 0.4839473456798187, 0.3677475458945822, 0.3714200278516083], [0.4839473456798187, 0.4432068939938326, 0.40812802433860407, 0.4873784920971115], [0.4311443329230017, 0.4839473456798187, 0.4839473456798187, 0.47652845488298023], [0.4839473456798187, 0.4839473456798187, 0.4839473456798187, 0.3875937781771761], [0.4062580921806659, 0.3876279819643706, 0.4839473456798187, 0.3689381395414489], [0.4616573275669616, 0.447008390876272, 0.3763928124174171, 0.46593496046065325]], "best_fitnesss": [0.3520687649100354, 0.36091224380909526, 0.36091224380909526, 0.36091224380909526, 0.3748796332016362, 0.3748796332016362, 0.4161865846825433, 0.4161865846825433, 0.39424500869300005, 0.4145475105156642, 0.4145475105156642, 0.45871020992146316, 0.4924025609906565, 0.46165549245781323, 0.4743165796586615, 0.4743165796586615, 0.4596709345876036, 0.4839473456798187, 0.4839473456798187, 0.4839473456798187, 0.4839473456798187, 0.4839473456798187, 0.4839473456798187, 0.4839473456798187, 0.4839473456798187, 0.4873784920971115, 0.4839473456798187, 0.4839473456798187, 0.4839473456798187, 0.46593496046065325], "prob_mutate": 0.0625}