{"num_qubits": 3, "depth": 5, "num_circuit": 32, "num_generation": 10, "current_generation": 10, "fitnessss": [[0.4394663271906655, 0.4875724070625396, 0.37734696262931666, 0.2803952690786063, 0.4025736833688029, 0.1526886626063625, 0.4641864305136484, 0.5227753927722288, 0.3604776144963811, 0.38547320146241953, 0.402509407329148, 0.41498672648442225, 0.28907105071310335, 0.4508735412449053, 0.2959766663339651, 0.362446738417197, 0.37748570740006143, 0.547738833104971, 0.3670367227759482, 0.514270391303372, 0.46578435639350435, 0.5225511132653846, 0.5137881549541996, 0.4664588610374881, 0.40442771022869567, 0.4694163428033173, 0.473581638361581, 0.5153245083095949, 0.3276365510251357, 0.24643078931932277, 0.1687986942142894, 0.42728817971347366], [0.547738833104971, 0.5227753927722288, 0.4088032423262555, 0.4443803225348527, 0.5225511132653846, 0.5153245083095949, 0.453424194292534, 0.4858997698127305, 0.514270391303372, 0.5137881549541996, 0.34080829079244757, 0.4562897032977354, 0.4875724070625396, 0.4453412438454694, 0.5270820335315379, 0.3758718018306443, 0.4694163428033173, 0.4664588610374881, 0.46645886103748796, 0.4694163428033173, 0.46578435639350435, 0.4641864305136484, 0.5223795348349761, 0.5308555929552535, 0.4508735412449053, 0.4394663271906655, 0.4151621209984436, 0.46639731761795994, 0.42728817971347366, 0.41498672648442225, 0.40027781733614154, 0.32365478460717173], [0.547738833104971, 0.5308555929552535, 0.2979827391698456, 0.46026723411826254, 0.5270820335315379, 0.5227753927722288, 0.5704526990183327, 0.38100747401188884, 0.5225511132653846, 0.5223795348349761, 0.5632982316663717, 0.5485482643256279, 0.5153245083095949, 0.514270391303372, 0.41894354277493157, 0.38864672486543056, 0.5137881549541996, 0.4875724070625396, 0.5506195432081226, 0.5468361142568934, 0.5594358517953566, 0.35550661455441557, 0.44147783110265826, 0.3895993626476718, 0.4694163428033173, 0.4664588610374881, 0.4805826851919188, 0.4694163428033173, 0.46645886103748796, 0.46639731761795994, 0.42686472289798694, 0.40107416769079285], [0.6169825903853192, 0.5632982316663717, 0.4180096534861014, 0.64194121783269, 0.5594358517953566, 0.5506195432081226, 0.5059693189637785, 0.5257474227554256, 0.5485482643256279, 0.547738833104971, 0.5801635784108757, 0.47082210954287856, 0.5468361142568934, 0.5308555929552535, 0.5162724803583003, 0.505088131095887, 0.5270820335315379, 0.5227753927722288, 0.5704526990183327, 0.38100747401188884, 0.5225511132653846, 0.5223795348349761, 0.5632982316663717, 0.5078560778711332, 0.5116421997165137, 0.514270391303372, 0.41894354277493157, 0.38864672486543056, 0.33420912042761824, 0.4875724070625396, 0.5506195432081226, 0.42229384202530157], [0.64194121783269, 0.6169825903853192, 0.6284281086358428, 0.42716578288003326, 0.5801635784108757, 0.5704526990183327, 0.5349067286858484, 0.6031317459677391, 0.5632982316663717, 0.5632982316663717, 0.5632982316663717, 0.5632982316663717, 0.5594358517953566, 0.5506195432081226, 0.5059693189637785, 0.5257474227554256, 0.5506195432081226, 0.5485482643256279, 0.4655035780931316, 0.4761738432923292, 0.547738833104971, 0.5468361142568934, 0.4262929153967224, 0.6031317459677391, 0.5308555929552535, 0.5270820335315379, 0.48188916791717373, 0.5162724803583003, 0.5502102940456725, 0.5227753927722288, 0.5893232751974541, 0.32156664763170245], [0.64194121783269, 0.6284281086358428, 0.6284281086358428, 0.64194121783269, 0.6169825903853192, 0.6031317459677391, 0.5630038921780891, 0.5704526990183327, 0.6031317459677391, 0.5893232751974541, 0.5704526990183327, 0.5978606487436792, 0.5801635784108757, 0.5704526990183327, 0.5349067286858484, 0.6031317459677391, 0.5632982316663717, 0.5632982316663717, 0.5632982316663717, 0.5036352934291433, 0.5632982316663717, 0.5632982316663717, 0.5632982316663717, 0.5632982316663717, 0.5594358517953566, 0.5506195432081226, 0.5059693189637785, 0.5257474227554256, 0.5506195432081226, 0.5502102940456725, 0.5502102940456725, 0.5506195432081226], [0.64194121783269, 0.64194121783269, 0.5543877743789573, 0.6142268887007877, 0.6284281086358428, 0.6284281086358428, 0.6284281086358428, 0.6284281086358428, 0.6169825903853192, 0.6031317459677391, 0.5630038921780891, 0.5704526990183327, 0.6031317459677391, 0.6031317459677391, 0.6031317459677391, 0.6031317459677391, 0.5978606487436792, 0.5893232751974541, 0.5893232751974541, 0.5978606487436792, 0.5801635784108757, 0.5704526990183327, 0.5349067286858484, 0.6031317459677391, 0.5704526990183327, 0.5704526990183327, 0.4418897830130305, 0.5704526990183327, 0.5632982316663717, 0.5632982316663717, 0.5632982316663717, 0.591666567737621], [0.64194121783269, 0.64194121783269, 0.64194121783269, 0.64194121783269, 0.5314319945478646, 0.5671590933702011, 0.6284281086358428, 0.6284281086358428, 0.6284281086358428, 0.6284281086358428, 0.6284281086358428, 0.6284281086358428, 0.6169825903853192, 0.6142268887007877, 0.4389419646692274, 0.62193096909065, 0.6031317459677391, 0.6031317459677391, 0.6031317459677391, 0.559719799057496, 0.6031317459677391, 0.6031317459677391, 0.6031317459677391, 0.6031317459677391, 0.6031317459677391, 0.6031317459677391, 0.6031317459677391, 0.6031317459677391, 0.5978606487436792, 0.5978606487436792, 0.5978606487436792, 0.6074919449218321], [0.64194121783269, 0.5141080900576651, 0.64194121783269, 0.64194121783269, 0.64194121783269, 0.64194121783269, 0.64194121783269, 0.64194121783269, 0.6284281086358428, 0.6284281086358428, 0.621800355336078, 0.6284281086358428, 0.6284281086358428, 0.6284281086358428, 0.6284281086358428, 0.6284281086358428, 0.5610983594955228, 0.6284281086358428, 0.6284281086358428, 0.6284281086358428, 0.62193096909065, 0.6169825903853192, 0.62193096909065, 0.6169825903853192, 0.6142268887007877, 0.6074919449218321, 0.6422978218248983, 0.6027900784388041, 0.6031317459677391, 0.6031317459677391, 0.6031317459677391, 0.6031317459677391], [0.6422978218248983, 0.64194121783269, 0.6142268887007877, 0.6473557713397421, 0.64194121783269, 0.64194121783269, 0.64194121783269, 0.64194121783269, 0.64194121783269, 0.64194121783269, 0.53612645945048, 0.64194121783269, 0.64194121783269, 0.64194121783269, 0.64194121783269, 0.64194121783269, 0.6284281086358428, 0.48728961190461256, 0.6284281086358428, 0.6284281086358428, 0.6284281086358428, 0.6284281086358428, 0.6284281086358428, 0.6284281086358428, 0.6284281086358428, 0.6284281086358428, 0.6284281086358428, 0.6284281086358428, 0.6284281086358428, 0.6284281086358428, 0.6284281086358428, 0.6284281086358428]], "best_fitnesss": [0.547738833104971, 0.547738833104971, 0.5704526990183327, 0.64194121783269, 0.64194121783269, 0.64194121783269, 0.64194121783269, 0.64194121783269, 0.6422978218248983, 0.6473557713397421], "prob_mutate": 0.01875}