{"num_qubits": 5, "depth": 16, "num_circuit": 32, "num_generation": 20, "current_generation": 2, "fitnessss": [[0.4143030616416711, 0.46603617750215937, 0.4518282343375599, 0.3553858503978594, 0.4292727195968114, 0.4383868483579734, 0.39129127017020704, 0.400445578370962, 0.4144003735382583, 0.4227572974586892, 0.5037230568443142, 0.5820388144430283, 0.4947136216448123, 0.47580042576609216, 0.4644849525796646, 0.4371888593314396, 0.5000611445380787, 0.4710592685152385, 0.5346298454851579, 0.40220266632792895, 0.5548911344502823, 0.48920398363670686, 0.4920640526191167, 0.4532127164243699, 0.4796016491106214, 0.4303086572856394, 0.4903575590899726, 0.4578373426198216, 0.45025180302379175, 0.5423485307410438, 0.44464923651677435, 0.4227467655886465], [0.5820388144430283, 0.5548911344502823, 0.5275598820858174, 0.5193575022909924, 0.5423485307410438, 0.5430528612281151, 0.528329386708646, 0.5593929014041165, 0.5037230568443142, 0.5000611445380787, 0.5109218144882427, 0.5017167686074124, 0.4947136216448123, 0.4920640526191167, 0.4987695494168805, 0.5100697163239195, 0.4903575590899726, 0.48920398363670686, 0.5105113542775114, 0.4836614908038001, 0.4796016491106214, 0.47580042576609216, 0.4882218995389304, 0.5412050534563642, 0.4710592685152385, 0.46603617750215937, 0.47239731513008953, 0.5205422524504159, 0.43751955481814847, 0.4578373426198216, 0.49952096602748697, 0.4779424625925728]], "best_fitnesss": [0.5820388144430283, 0.5820388144430283], "prob_mutate": 0.005859375}