{"num_qubits": 6, "depth": 27, "num_circuit": 4, "num_generation": 30, "current_generation": 2, "fitnessss": [[0.48421580363515915, 0.487345902795499, 0.4654473863651645, 0.5230231752726705], [0.5665362447098783, 0.49558689489586705, 0.4712230615381559, 0.5489714118915189]], "best_fitnesss": [0.5230231752726705, 0.5665362447098783], "prob_mutate": 0.027777777777777776}