{"num_qubits": 2, "depth": 5, "num_circuit": 16, "num_generation": 20, "current_generation": 2, "fitnessss": [[0.8069125298838555, 0.6100582883651564, 0.7950612947664517, 0.6315716821448952, 0.5705046437172576, 0.6054682593004241, 0.7997843559103149, 0.7296184532880815, 0.7176243891371019, 0.8628814191417151, 0.713647882996002, 0.3015224441785373, 0.7608225637039816, 0.581162623569294, 0.4398279470952099, 0.606316169189734], [0.8628814191417151, 0.8069125298838555, 0.8926548416657683, 0.8408057684050609, 0.7997843559103149, 0.8894512209473288, 0.8074725123558982, 0.7515055205707537, 0.7608225637039816, 0.7296184532880815, 0.8056717529995033, 0.7719467828293144, 0.7176243891371019, 0.713647882996002, 0.827099240169525, 0.7256645792401644]], "best_fitnesss": [0.8628814191417151, 0.8926548416657683], "prob_mutate": 0.0375}