{"num_qubits": 5, "depth": 8, "num_circuit": 8, "num_generation": 10, "current_generation": 10, "fitnessss": [[0.2646408590878585, 0.26082016677868924, 0.2584266488188328, 0.22086046702769663, 0.28493145550085003, 0.24809815190180556, 0.22208440783569566, 0.15614302933582028], [0.28493145550085003, 0.2976047667559503, 0.29674065410815176, 0.28113791328738386, 0.2589237323138066, 0.2584266488188328, 0.2385145697761601, 0.27510730160883906], [0.2976047667559503, 0.31780698809467633, 0.2774117100397996, 0.30443615486299436, 0.28493145550085003, 0.27431773604364473, 0.28493145550085003, 0.28113791328738386], [0.33167190574396643, 0.31118630034529104, 0.2990385834427606, 0.29674065410815176, 0.2976047667559503, 0.31624070170630075, 0.3118491787963979, 0.32896576808638767], [0.28415166565779726, 0.32896576808638767, 0.2712706859236126, 0.30991228699869017, 0.31624070170630075, 0.3118491787963979, 0.3646110537354835, 0.18568565549167446], [0.3646110537354835, 0.32896576808638767, 0.30118339200375593, 0.32025975608135726, 0.31624070170630075, 0.27375186965595455, 0.3646110537354835, 0.2784027635949854], [0.29072104624418904, 0.3646110537354835, 0.2873734649198908, 0.3646110537354835, 0.32896576808638767, 0.32025975608135726, 0.27131323995233153, 0.32896576808638767], [0.3437542434294153, 0.3646110537354835, 0.32775271975105463, 0.3396391002544993, 0.32896576808638767, 0.32896576808638767, 0.32896576808638767, 0.32896576808638767], [0.3646110537354835, 0.3437542434294153, 0.3071564042394809, 0.3437542434294153, 0.3396391002544993, 0.32896576808638767, 0.3213348050435607, 0.3408833448092617], [0.3646110537354835, 0.3437542434294153, 0.2966057112169332, 0.3437542434294153, 0.3437542434294153, 0.3408833448092617, 0.3345745457439592, 0.3408833448092617]], "best_fitnesss": [0.28493145550085003, 0.2976047667559503, 0.31780698809467633, 0.33167190574396643, 0.3646110537354835, 0.3646110537354835, 0.3646110537354835, 0.3646110537354835, 0.3646110537354835, 0.3646110537354835], "prob_mutate": 0.046875}