{"num_qubits": 6, "depth": 34, "num_circuit": 16, "num_generation": 40, "current_generation": 2, "fitnessss": [[0.6296082526338527, 0.6491927263498853, 0.6398648385150519, 0.6521554371183139, 0.6200524611175077, 0.544039279120285, 0.6029119159590494, 0.5959835495845212, 0.6144646148591306, 0.636712225432162, 0.7009729185445258, 0.6392547845811933, 0.645760956457458, 0.64072121156442, 0.6638824934632503, 0.6084275067808493], [0.7009729185445258, 0.6638824934632503, 0.6603311906956343, 0.6562569769160058, 0.6521554371183139, 0.6491927263498853, 0.6192879599440079, 0.653663821567775, 0.645760956457458, 0.64072121156442, 0.6688081469712456, 0.6360743133920654, 0.6398648385150519, 0.6392547845811933, 0.642280165297796, 0.6393717715330581]], "best_fitnesss": [0.7009729185445258, 0.7009729185445258], "prob_mutate": 0.0055147058823529415}