{"num_qubits": 5, "depth": 25, "num_circuit": 32, "num_generation": 30, "current_generation": 2, "fitnessss": [[0.6754052439723708, 0.6513336049215133, 0.6863872764803441, 0.7187374187963916, 0.7580639497024607, 0.7245725091138404, 0.6952249400496455, 0.7431839074045211, 0.6399141405259114, 0.7174287852820564, 0.7057213094305972, 0.7207120208319555, 0.7144371496663504, 0.6433368837009109, 0.6743452415948807, 0.6746637546702157, 0.6666429816775793, 0.6454697317613547, 0.688042351678667, 0.6959012238207981, 0.701610270783529, 0.7467082978555236, 0.7299620077730413, 0.6740036580320219, 0.6929115617257584, 0.7277390946471713, 0.5946809631233427, 0.5480496187316505, 0.6947911376498975, 0.6713914733740525, 0.7278706181896675, 0.6956723198224145], [0.7580639497024607, 0.7467082978555236, 0.7728034365121054, 0.7335636323698297, 0.7431839074045211, 0.7068659175616239, 0.7269258302978829, 0.7074767231020804, 0.7278706181896675, 0.7277390946471713, 0.6327394733641978, 0.7304833415804711, 0.7245725091138404, 0.7207120208319555, 0.6521217479996289, 0.726545603301685, 0.7187374187963916, 0.7174287852820564, 0.6698056870001248, 0.7494791522195685, 0.7144371496663504, 0.7671658088765173, 0.7496012880524672, 0.75437800646298, 0.701610270783529, 0.6959012238207981, 0.6621723685597379, 0.673579511084756, 0.6956723198224145, 0.6952249400496455, 0.7037350508960978, 0.6872988720435003]], "best_fitnesss": [0.7580639497024607, 0.7728034365121054], "prob_mutate": 0.00375}