{"num_qubits": 6, "depth": 35, "num_circuit": 4, "num_generation": 30, "current_generation": 3, "fitnessss": [[0.5172520649830298, 0.6922563328353906, 0.6115738987944982, 0.6186313893065002], [0.6922563328353906, 0.6257241110836113, 0.6921522002120801, 0.616867045546646], [0.6900491587689028, 0.6815182972166876, 0.6738569257021949, 0.7006586689513306]], "best_fitnesss": [0.6922563328353906, 0.6922563328353906, 0.7006586689513306], "prob_mutate": 0.02142857142857143}