{"num_qubits": 4, "depth": 16, "num_circuit": 16, "num_generation": 40, "current_generation": 2, "fitnessss": [[0.59085, 0.68746, 0.7282500000000001, 0.5029699999999999, 0.7361, 0.71259, 0.6260399999999999, 0.69117, 0.66787, 0.7897500000000001, 0.69614, 0.58973, 0.75008, 0.69898, 0.64548, 0.51181], [0.78752, 0.7430399999999999, 0.71183, 0.80135, 0.73099, 0.72726, 0.73266, 0.7316900000000001, 0.7344599999999999, 0.69574, 0.7176800000000001, 0.75062, 0.7011100000000001, 0.71371, 0.71148, 0.6924699999999999]], "best_fitnesss": [0.7897500000000001, 0.80135], "prob_mutate": 0.01171875}