{"num_qubits": 5, "depth": 13, "num_circuit": 8, "num_generation": 30, "current_generation": 7, "fitnessss": [[0.4017304664548603, 0.32257424363897924, 0.45109673040252246, 0.34261835845724387, 0.387490681018735, 0.3914120494582777, 0.46558460146896097, 0.4711740276418013], [0.4711740276418013, 0.46558460146896097, 0.43977152423843935, 0.47820960413400815, 0.45109673040252246, 0.4017304664548603, 0.36498766310223213, 0.4315153149179796], [0.47820960413400815, 0.4711740276418013, 0.4322614417959641, 0.4852992560851682, 0.46558460146896097, 0.45109673040252246, 0.4518509893696523, 0.42243818142801237], [0.4852992560851682, 0.47820960413400815, 0.4852992560851682, 0.42402077597745613, 0.4711740276418013, 0.46558460146896097, 0.43977152423843935, 0.4322614417959641], [0.4852992560851682, 0.4852992560851682, 0.425042052134451, 0.4852992560851682, 0.47820960413400815, 0.5020574163273734, 0.4322614417959641, 0.4852992560851682], [0.5020574163273734, 0.4852992560851682, 0.4852992560851682, 0.458649934242019, 0.4852992560851682, 0.4852992560851682, 0.5186065177613501, 0.4673614664000036], [0.5186065177613501, 0.5020574163273734, 0.4704897950632251, 0.45278496168927473, 0.4852992560851682, 0.4852992560851682, 0.4852992560851682, 0.4704675926971079]], "best_fitnesss": [0.4711740276418013, 0.47820960413400815, 0.4852992560851682, 0.4852992560851682, 0.5020574163273734, 0.5186065177613501, 0.5186065177613501], "prob_mutate": 0.028846153846153848}