{"num_qubits": 4, "depth": 28, "num_circuit": 4, "num_generation": 40, "current_generation": 2, "fitnessss": [[0.9268238077616967, 0.8951590074917976, 0.9354118505288426, 0.9358012991057935], [0.9358012991057935, 0.9413525446850303, 0.9384119453285056, 0.9300637062940155]], "best_fitnesss": [0.9358012991057935, 0.9413525446850303], "prob_mutate": 0.026785714285714284}