{"num_qubits": 5, "depth": 16, "num_circuit": 16, "num_generation": 10, "current_generation": 4, "fitnessss": [[0.42866202048206326, 0.48874335101818067, 0.4748733902207382, 0.4534228592459611, 0.5048498455563403, 0.4870813299826545, 0.4909971068865372, 0.48404425519476807, 0.573406376544059, 0.4779377866413349, 0.5058643476635365, 0.46716226008372636, 0.5411454987304906, 0.5153308271572656, 0.5082034972960763, 0.43764518745908393], [0.573406376544059, 0.4652726331650843, 0.5550435238207784, 0.5031300303830648, 0.4209620107259509, 0.5082034972960763, 0.47779702943891583, 0.4783554439336627, 0.5058643476635365, 0.5048498455563403, 0.48133142316066585, 0.4562271361202389, 0.4909971068865372, 0.48874335101818067, 0.4971155210566627, 0.47681479512603653], [0.573406376544059, 0.5550435238207784, 0.5550435238207784, 0.573406376544059, 0.5082034972960763, 0.5058643476635365, 0.4813568085379217, 0.44142878274076497, 0.5048498455563403, 0.5031300303830648, 0.5177043150606118, 0.582054755634807, 0.4971155210566627, 0.4909971068865372, 0.4909971068865372, 0.4971155210566627], [0.5268272553965601, 0.573406376544059, 0.52836733015756, 0.5343250738910289, 0.573406376544059, 0.5550435238207784, 0.5550435238207784, 0.5100480178306568, 0.5550435238207784, 0.5177043150606118, 0.49246957024887683, 0.470933459411615, 0.5082034972960763, 0.5058643476635365, 0.4813568085379217, 0.44142878274076497]], "best_fitnesss": [0.573406376544059, 0.573406376544059, 0.582054755634807, 0.573406376544059], "prob_mutate": 0.01171875}