{"num_qubits": 4, "depth": 9, "num_circuit": 8, "num_generation": 20, "current_generation": 5, "fitnessss": [[0.8409745914888316, 0.8350488512413599, 0.8775414261932676, 0.4546112626228266, 0.8569833936238979, 0.859829033478699, 0.8167356205777976, 0.833906362601588], [0.8775414261932676, 0.859829033478699, 0.7797132802297116, 0.6221876238802599, 0.8325698624741115, 0.8409745914888316, 0.8947705908255218, 0.8506106671820254], [0.8947705908255218, 0.8775414261932676, 0.4882992706736206, 0.8569108824332279, 0.859829033478699, 0.8506106671820254, 0.8099423884470793, 0.8221985379846704], [0.8947705908255218, 0.8775414261932676, 0.4882992706736206, 0.8569108824332279, 0.7996556693635618, 0.8569108824332279, 0.795582657340403, 0.7797132802297116], [0.8947705908255218, 0.8382018496543531, 0.4882992706736206, 0.8569108824332279, 0.8569108824332279, 0.8569108824332279, 0.8569108824332279, 0.8569108824332279]], "best_fitnesss": [0.8775414261932676, 0.8947705908255218, 0.8947705908255218, 0.8947705908255218, 0.8947705908255218], "prob_mutate": 0.041666666666666664}