{"num_qubits": 4, "depth": 6, "num_circuit": 4, "num_generation": 30, "current_generation": 30, "fitnessss": [[0.23754641259026146, 0.365153762613459, 0.3615033632829726, 0.1932092177271345], [0.365153762613459, 0.3789304285961702, 0.26158777202879036, 0.30760387669755174], [0.32036963017833575, 0.365153762613459, 0.25137001831841815, 0.3384343752879426], [0.365153762613459, 0.3415404416391149, 0.16251845490213288, 0.30856636192396747], [0.2586757236570067, 0.3415404416391149, 0.22641765839933012, 0.46029335765624807], [0.3530654122481606, 0.3415404416391149, 0.3887796341270791, 0.46029335765624807], [0.46029335765624807, 0.3887796341270791, 0.35709820994587144, 0.40946708456625497], [0.46029335765624807, 0.43060988352541407, 0.3804062028367318, 0.40946708456625497], [0.46029335765624807, 0.3433200125895024, 0.40390956943477646, 0.3762304354048348], [0.3762432553612826, 0.40390956943477646, 0.42705607966674297, 0.46029335765624807], [0.394358510510637, 0.42705607966674297, 0.42705607966674297, 0.46029335765624807], [0.46029335765624807, 0.39943334851534057, 0.42705607966674297, 0.3415227817766474], [0.46029335765624807, 0.4175669014345987, 0.42705607966674297, 0.47229613239624973], [0.40522295552746607, 0.46029335765624807, 0.43922634379598885, 0.3821916529402003], [0.35493847014679963, 0.4517261131204956, 0.46029335765624807, 0.43922634379598885], [0.46029335765624807, 0.3865959672856529, 0.21806809359837068, 0.43922634379598885], [0.2330476920019267, 0.2815503661502228, 0.46029335765624807, 0.43922634379598885], [0.4022801717774488, 0.43922634379598885, 0.46029335765624807, 0.38425472767204233], [0.4174496683204394, 0.44525999805389677, 0.46029335765624807, 0.43922634379598885], [0.44524837863722544, 0.4389316391065748, 0.40398171965212704, 0.3736628810430026], [0.44524837863722544, 0.44226690138314123, 0.3431583688541363, 0.2251710348812151], [0.4504870062278975, 0.37667962367050095, 0.38843896548758317, 0.2251710348812151], [0.42291307114731874, 0.38843896548758317, 0.37456032962226604, 0.34503911967051126], [0.44014413012702525, 0.48891584568126917, 0.387732544174345, 0.37665318578509266], [0.41633583964513043, 0.4311577058127972, 0.3654886928701647, 0.28175153212985266], [0.4311577058127972, 0.4571343658817547, 0.32733354320904623, 0.3471315490429293], [0.374944608180305, 0.4311577058127972, 0.3019013883573535, 0.3769790598815703], [0.38046156682146776, 0.2761863676721007, 0.3769790598815703, 0.29097461407781156], [0.38046156682146776, 0.3668575275073481, 0.3769790598815703, 0.38046156682146776], [0.3585255311253891, 0.3413338615422704, 0.4371780725330276, 0.4050005488318151]], "best_fitnesss": [0.365153762613459, 0.3789304285961702, 0.365153762613459, 0.365153762613459, 0.46029335765624807, 0.46029335765624807, 0.46029335765624807, 0.46029335765624807, 0.46029335765624807, 0.46029335765624807, 0.46029335765624807, 0.46029335765624807, 0.47229613239624973, 0.46029335765624807, 0.46029335765624807, 0.46029335765624807, 0.46029335765624807, 0.46029335765624807, 0.46029335765624807, 0.44524837863722544, 0.44524837863722544, 0.4504870062278975, 0.42291307114731874, 0.48891584568126917, 0.4311577058127972, 0.4571343658817547, 0.4311577058127972, 0.38046156682146776, 0.38046156682146776, 0.4371780725330276], "prob_mutate": 0.125}