{"num_qubits": 4, "depth": 6, "num_circuit": 4, "num_generation": 30, "current_generation": 9, "fitnessss": [[0.2535256253793211, 0.260522935300029, 0.2353997918174484, 0.32679380182758966], [0.32679380182758966, 0.260522935300029, 0.21045990654451902, 0.2000542407553974], [0.3591813221642743, 0.3200042583254388, 0.2972550507809998, 0.27449773976942665], [0.3591813221642743, 0.2711984116376055, 0.3030363469601195, 0.2962129611948961], [0.19612512413330965, 0.22323082663700688, 0.18562388042430455, 0.3746484108042179], [0.2533372834430216, 0.21097996940936, 0.349465759093898, 0.1820293025660656], [0.349465759093898, 0.2533372834430216, 0.3746484108042179, 0.31334869654566233], [0.35972458250896683, 0.3478294760905985, 0.3082602534868769, 0.3746484108042179], [0.2985573443068989, 0.35972458250896683, 0.36613619721937013, 0.3035486952353522]], "best_fitnesss": [0.32679380182758966, 0.32679380182758966, 0.3591813221642743, 0.3591813221642743, 0.3746484108042179, 0.349465759093898, 0.3746484108042179, 0.3746484108042179, 0.36613619721937013], "prob_mutate": 0.125}