{"num_qubits": 6, "depth": 24, "num_circuit": 32, "num_generation": 10, "current_generation": 2, "fitnessss": [[0.4532235034973618, 0.4774112364617234, 0.5314203468258729, 0.44035528664934354, 0.47268004267047353, 0.46822303241729635, 0.4785824547296305, 0.5248568261145498, 0.46321581408700646, 0.5242425964632014, 0.4682024962886208, 0.5072410562363869, 0.43528655429246654, 0.4985931644599817, 0.4201627590736141, 0.4873034539038358, 0.4725418936162815, 0.501170731414794, 0.42775923657594533, 0.42641782562121283, 0.4631739209437189, 0.4290667355241407, 0.4530864076426823, 0.44914153985668037, 0.47853668199496574, 0.4937544307743543, 0.44973112242742824, 0.4753673204093441, 0.44960741033783647, 0.5078063016554333, 0.5279238381069502, 0.41425443581480936], [0.5314203468258729, 0.5279238381069502, 0.4973678558822542, 0.5162489451361209, 0.5248568261145498, 0.5242425964632014, 0.5272775969151262, 0.502451135329621, 0.5078063016554333, 0.5072410562363869, 0.5224996157307631, 0.45915920514619035, 0.501170731414794, 0.4985931644599817, 0.5222447587057998, 0.4718725766563149, 0.4937544307743543, 0.4873034539038358, 0.5036966012984958, 0.435108480032875, 0.4785824547296305, 0.47853668199496574, 0.4538615070346498, 0.4631864736486563, 0.4774112364617234, 0.4753673204093441, 0.39961157223772614, 0.4903371071527026, 0.47268004267047353, 0.4725418936162815, 0.4052213210776031, 0.5009894480105354]], "best_fitnesss": [0.5314203468258729, 0.5314203468258729], "prob_mutate": 0.00390625}