{"num_qubits": 2, "depth": 6, "num_circuit": 8, "num_generation": 30, "current_generation": 1, "fitnessss": [[0.5750143344181138, 0.38673598018446864, 0.6466362567767134, 0.5041542265644265, 0.923615601360182, 0.7921111100550655, 0.6922658328177352, 0.6751404144021955]], "best_fitnesss": [0.923615601360182], "prob_mutate": 0.0625}