{"num_qubits": 6, "depth": 36, "num_circuit": 4, "num_generation": 40, "current_generation": 2, "fitnessss": [[0.6294495502435712, 0.7255616211726963, 0.6930224725514181, 0.6639403979993203], [0.7205142908091016, 0.6744748685336737, 0.7322640022276491, 0.7276139128654884]], "best_fitnesss": [0.7255616211726963, 0.7322640022276491], "prob_mutate": 0.020833333333333332}