{"num_qubits": 6, "depth": 21, "num_circuit": 16, "num_generation": 40, "current_generation": 2, "fitnessss": [[0.4454628303637551, 0.3823872698545895, 0.4262075501467164, 0.3138612545958443, 0.45949226827107525, 0.4322415203729964, 0.4211420295180874, 0.4580949577608625, 0.3922443696600402, 0.4493933801082499, 0.44004375101751725, 0.40008176354692704, 0.4295552241493691, 0.3184116515174934, 0.39645244370332156, 0.35518496402641314], [0.45949226827107525, 0.48097228424054334, 0.47032724495276235, 0.4458817831143964, 0.4493933801082499, 0.4454628303637551, 0.4495478150572927, 0.4170792963732085, 0.38496979536233067, 0.4322415203729964, 0.40684204572193305, 0.4615273640386778, 0.4295552241493691, 0.4262075501467164, 0.37843550355745414, 0.4309741058873774]], "best_fitnesss": [0.45949226827107525, 0.48097228424054334], "prob_mutate": 0.008928571428571428}