{"num_qubits": 6, "depth": 21, "num_circuit": 16, "num_generation": 40, "current_generation": 1, "fitnessss": [[0.4454628303637551, 0.3823872698545895, 0.4262075501467164, 0.3138612545958443, 0.45949226827107525, 0.4322415203729964, 0.4211420295180874, 0.4580949577608625, 0.3922443696600402, 0.4493933801082499, 0.44004375101751725, 0.40008176354692704, 0.4295552241493691, 0.3184116515174934, 0.39645244370332156, 0.35518496402641314]], "best_fitnesss": [0.45949226827107525], "prob_mutate": 0.008928571428571428}