{"num_qubits": 5, "depth": 34, "num_circuit": 4, "num_generation": 20, "current_generation": 2, "fitnessss": [[0.8230394844430278, 0.8361258082959584, 0.7918810127704913, 0.8488389940880264], [0.8488389940880264, 0.8452253958452888, 0.8524886481333139, 0.8233962767564579]], "best_fitnesss": [0.8488389940880264, 0.8524886481333139], "prob_mutate": 0.022058823529411766}