{"num_qubits": 5, "depth": 30, "num_circuit": 4, "num_generation": 20, "current_generation": 3, "fitnessss": [[0.8085400307049311, 0.767545678508976, 0.7343960439731423, 0.7494817111705829], [0.796659638857464, 0.7945307236035611, 0.7946748471401565, 0.7920000207957805], [0.7835562246372273, 0.7946748471401565, 0.8216193665434369, 0.8079338076933048]], "best_fitnesss": [0.8085400307049311, 0.796659638857464, 0.8216193665434369], "prob_mutate": 0.025}