{"num_qubits": 4, "depth": 25, "num_circuit": 8, "num_generation": 20, "current_generation": 2, "fitnessss": [[0.8525721179591426, 0.6796157870461087, 0.8358343798041684, 0.835255593215517, 0.8557504824503324, 0.8663351276288077, 0.8512493377698149, 0.8017982681565817], [0.8663351276288077, 0.875230333473781, 0.877714782794412, 0.8618217977405571, 0.8638334072355398, 0.8512493377698149, 0.8268243338595797, 0.8825877298470625]], "best_fitnesss": [0.8663351276288077, 0.8825877298470625], "prob_mutate": 0.015}