{"num_qubits": 3, "depth": 9, "num_circuit": 16, "num_generation": 20, "current_generation": 3, "fitnessss": [[0.5520326040935337, 0.5111212455887525, 0.6439943353645234, 0.4429232131997032, 0.3900796190350767, 0.5093677810449189, 0.3785597132963122, 0.45353141071353287, 0.6835982735702293, 0.6094566620251054, 0.6459058197925396, 0.451181606596462, 0.6297539591846013, 0.6298486555787791, 0.5803624574042182, 0.6678482359923513], [0.6835982735702293, 0.6678482359923513, 0.7267066270142367, 0.6501966143998434, 0.6459058197925396, 0.6439943353645234, 0.5806458420775524, 0.6666499511671157, 0.6298486555787791, 0.6297539591846013, 0.5714590248999711, 0.49675701739015315, 0.6094566620251054, 0.5803624574042182, 0.34772301365626823, 0.6272318804027759], [0.7267066270142367, 0.6835982735702293, 0.7627699526593461, 0.6311282874875566, 0.6678482359923513, 0.6434364065308232, 0.6749641516093131, 0.6106381204638393, 0.7534422833543596, 0.6459058197925396, 0.6749641516093131, 0.757878062724996, 0.4691730369829508, 0.6298486555787791, 0.6185283045451684, 0.37195020263776946]], "best_fitnesss": [0.6835982735702293, 0.7267066270142367, 0.7627699526593461], "prob_mutate": 0.020833333333333332}