{"num_qubits": 3, "depth": 9, "num_circuit": 16, "num_generation": 20, "current_generation": 2, "fitnessss": [[0.5649961898675775, 0.4990080417070198, 0.4570688180860297, 0.4825184834114061, 0.667238060654311, 0.6674937874365654, 0.7199477974931604, 0.5994860397809112, 0.6088134327218689, 0.6267243051531959, 0.6125580447646816, 0.6417456658224735, 0.7856215412600516, 0.7132377981122715, 0.5020460847852096, 0.7726838311341108], [0.7856215412600516, 0.7726838311341108, 0.8027539770427431, 0.8058107401760148, 0.7199477974931604, 0.7132377981122715, 0.5939648855387428, 0.6075914799686619, 0.6674937874365654, 0.6569482936969001, 0.737136278901524, 0.6042359729676743, 0.6742175243655157, 0.6267243051531959, 0.5602871594726115, 0.6461187892223278]], "best_fitnesss": [0.7856215412600516, 0.8058107401760148], "prob_mutate": 0.020833333333333332}