{"num_qubits": 6, "depth": 38, "num_circuit": 4, "num_generation": 20, "current_generation": 2, "fitnessss": [[0.6872338893394045, 0.6382624055294078, 0.6433801403883266, 0.701799515935093], [0.7144545590927971, 0.6872338893394045, 0.6768009509962488, 0.7476725714023997]], "best_fitnesss": [0.701799515935093, 0.7476725714023997], "prob_mutate": 0.019736842105263157}