{"num_qubits": 4, "depth": 14, "num_circuit": 8, "num_generation": 20, "current_generation": 2, "fitnessss": [[0.5938413435139925, 0.7395110670966731, 0.6358515545758878, 0.641546510417167, 0.6748535904723489, 0.5594939168398327, 0.5495742526179976, 0.5705193120615188], [0.7398819814569843, 0.7038179871344219, 0.6983297714071368, 0.6923354669172842, 0.641546510417167, 0.6358515545758878, 0.5309823643650634, 0.6166868062776014]], "best_fitnesss": [0.7395110670966731, 0.7398819814569843], "prob_mutate": 0.026785714285714284}