{"num_qubits": 4, "depth": 14, "num_circuit": 8, "num_generation": 20, "current_generation": 1, "fitnessss": [[0.6469871593690211, 0.5857745636981976, 0.6416490353944603, 0.5532825486957895, 0.5604013717372841, 0.6192229427548464, 0.6711845613679116, 0.6624690120415635]], "best_fitnesss": [0.6711845613679116], "prob_mutate": 0.026785714285714284}