{"num_qubits": 4, "depth": 17, "num_circuit": 8, "num_generation": 20, "current_generation": 1, "fitnessss": [[0.8356199999999999, 0.6517200000000001, 0.63417, 0.76237, 0.68545, 0.71588, 0.64184, 0.7113700000000001]], "best_fitnesss": [0.8356199999999999], "prob_mutate": 0.022058823529411766}