{"num_qubits": 6, "depth": 23, "num_circuit": 8, "num_generation": 40, "current_generation": 1, "fitnessss": [[0.48795040226256114, 0.5220937840243709, 0.4344295464847339, 0.43043355294830077, 0.40884554241190063, 0.43110091320327176, 0.503046895055394, 0.43507710530617033]], "best_fitnesss": [0.5220937840243709], "prob_mutate": 0.016304347826086956}