{"num_qubits": 4, "depth": 16, "num_circuit": 32, "num_generation": 20, "current_generation": 1, "fitnessss": [[0.7010246190293419, 0.6314008253645569, 0.580615892001058, 0.7080769891307257, 0.5659716086978369, 0.7426801826310003, 0.7029630577478058, 0.5382665397611618, 0.7241016757831503, 0.6946526119078422, 0.7425705211898793, 0.6304433284567468, 0.6605601322337041, 0.7246007593334406, 0.7477300042789377, 0.6951036432726764, 0.6207256413337915, 0.6337985269070991, 0.5820417972279587, 0.7543566622963789, 0.6071091783588773, 0.7159721235206089, 0.6639631406221044, 0.5743926396900462, 0.6536867542250911, 0.7735979085638145, 0.7258492306909609, 0.6348087580603661, 0.7547083196304751, 0.6151146404506322, 0.7179312467348054, 0.701303690922016]], "best_fitnesss": [0.7735979085638145], "prob_mutate": 0.005859375}