{"num_qubits": 4, "depth": 9, "num_circuit": 16, "num_generation": 20, "current_generation": 20, "fitnessss": [[0.3329457310614278, 0.2697380809397997, 0.2469766135893703, 0.33672554913532216, 0.1782541578138741, 0.279587609763878, 0.3459453979689662, 0.4143865098760865, 0.31845282404071584, 0.2354409857886447, 0.1788155374886029, 0.18264670968480223, 0.2996130722568202, 0.2234558658985505, 0.4125957899838323, 0.3898674984678312], [0.1677150761710069, 0.4125957899838323, 0.34533971769440863, 0.36539329624427963, 0.3898674984678312, 0.3459453979689662, 0.1173207678264202, 0.2782832014302731, 0.33672554913532216, 0.3329457310614278, 0.31718753767310903, 0.32209037436549626, 0.31845282404071584, 0.2996130722568202, 0.4392922396922956, 0.21193668835228596], [0.4392922396922956, 0.4125957899838323, 0.46863221666350285, 0.2486812502992436, 0.3898674984678312, 0.36539329624427963, 0.3751152341819257, 0.36505828506359195, 0.3459453979689662, 0.34533971769440863, 0.3013136596215844, 0.2558306413509046, 0.33672554913532216, 0.3329457310614278, 0.31718753767310903, 0.3335992005245746], [0.46863221666350285, 0.4392922396922956, 0.398556785687888, 0.46863221666350285, 0.4125957899838323, 0.3898674984678312, 0.36505828506359195, 0.34852355860729545, 0.37612952956196233, 0.36539329624427963, 0.3989375530108523, 0.39483627735652704, 0.36505828506359195, 0.3459453979689662, 0.4076721390331963, 0.2782832014302731], [0.46863221666350285, 0.637116842118445, 0.46863221666350285, 0.46863221666350285, 0.4392922396922956, 0.4125957899838323, 0.46863221666350285, 0.2486812502992436, 0.4076721390331963, 0.3989375530108523, 0.36539329624427963, 0.1173207678264202, 0.398556785687888, 0.37854523007439445, 0.2490965720171563, 0.31522113795622175], [0.637116842118445, 0.3149616570236917, 0.46863221666350285, 0.637116842118445, 0.46863221666350285, 0.46863221666350285, 0.46863221666350285, 0.46863221666350285, 0.46863221666350285, 0.4392922396922956, 0.4392922396922956, 0.35237604431823555, 0.4125957899838323, 0.15272701175875303, 0.4076721390331963, 0.4125957899838323], [0.637116842118445, 0.5913174918738041, 0.637116842118445, 0.627742394161116, 0.46863221666350285, 0.46863221666350285, 0.46863221666350285, 0.46863221666350285, 0.46863221666350285, 0.46863221666350285, 0.46863221666350285, 0.46863221666350285, 0.46863221666350285, 0.46863221666350285, 0.46863221666350285, 0.46863221666350285], [0.637116842118445, 0.637116842118445, 0.637116842118445, 0.637116842118445, 0.5920032676211828, 0.5913174918738041, 0.5913174918738041, 0.627742394161116, 0.46863221666350285, 0.5630048172088402, 0.46863221666350285, 0.46863221666350285, 0.46863221666350285, 0.46863221666350285, 0.46863221666350285, 0.46863221666350285], [0.637116842118445, 0.637116842118445, 0.637116842118445, 0.637116842118445, 0.637116842118445, 0.6373391525529657, 0.48114338542694035, 0.5883969889751881, 0.627742394161116, 0.5920032676211828, 0.627742394161116, 0.5920032676211828, 0.5913174918738041, 0.5913174918738041, 0.5913174918738041, 0.5913174918738041], [0.6373391525529657, 0.637116842118445, 0.5948711587652646, 0.6373391525529657, 0.637116842118445, 0.637116842118445, 0.5513663867344398, 0.637116842118445, 0.637116842118445, 0.6158085313496494, 0.637116842118445, 0.637116842118445, 0.627742394161116, 0.627742394161116, 0.627742394161116, 0.627742394161116], [0.6373391525529657, 0.5691621431672473, 0.6373391525529657, 0.6373391525529657, 0.5718751645030145, 0.637116842118445, 0.637116842118445, 0.637116842118445, 0.637116842118445, 0.637116842118445, 0.637116842118445, 0.637116842118445, 0.637116842118445, 0.637116842118445, 0.637116842118445, 0.637116842118445], [0.6373391525529657, 0.6373391525529657, 0.6373391525529657, 0.6373391525529657, 0.6373391525529657, 0.637116842118445, 0.637116842118445, 0.6373391525529657, 0.637116842118445, 0.637116842118445, 0.637116842118445, 0.637116842118445, 0.637116842118445, 0.637116842118445, 0.637116842118445, 0.637116842118445], [0.6541376781857959, 0.3666361562294661, 0.5232973022620329, 0.6373391525529657, 0.6373391525529657, 0.6373391525529657, 0.6373391525529657, 0.6373391525529657, 0.6373391525529657, 0.6373391525529657, 0.6373391525529657, 0.6373391525529657, 0.637116842118445, 0.637116842118445, 0.637116842118445, 0.637116842118445], [0.6541376781857959, 0.6373391525529657, 0.6373391525529657, 0.6541376781857959, 0.6429470065863808, 0.6373391525529657, 0.6373391525529657, 0.6373391525529657, 0.6373391525529657, 0.6373391525529657, 0.5651237295076206, 0.6373391525529657, 0.6373391525529657, 0.6664574028772282, 0.6373391525529657, 0.6373391525529657], [0.6664574028772282, 0.6541376781857959, 0.7108728700117753, 0.5746727873485616, 0.6541376781857959, 0.6429470065863808, 0.6373391525529657, 0.4829292515260465, 0.6373391525529657, 0.6794630522835575, 0.6373391525529657, 0.6373391525529657, 0.6373391525529657, 0.6373391525529657, 0.6373391525529657, 0.6373391525529657], [0.7108728700117753, 0.6794630522835575, 0.6664574028772282, 0.6198825821557304, 0.6343247667843218, 0.6541376781857959, 0.7108728700117753, 0.6373391525529657, 0.6541376781857959, 0.6429470065863808, 0.6373391525529657, 0.5158232377586807, 0.6373391525529657, 0.6373391525529657, 0.6373391525529657, 0.6373391525529657], [0.7108728700117753, 0.7108728700117753, 0.7108728700117753, 0.7108728700117753, 0.6794630522835575, 0.6664574028772282, 0.6794630522835575, 0.6664574028772282, 0.6541376781857959, 0.6541376781857959, 0.6541376781857959, 0.6541376781857959, 0.6429470065863808, 0.6151492359569997, 0.6429470065863808, 0.6619437335191276], [0.7108728700117753, 0.7108728700117753, 0.7108728700117753, 0.7108728700117753, 0.7108728700117753, 0.7108728700117753, 0.7108728700117753, 0.7108728700117753, 0.6794630522835575, 0.6794630522835575, 0.6794630522835575, 0.6716001331821887, 0.6664574028772282, 0.6664574028772282, 0.6664574028772282, 0.6664574028772282], [0.7108728700117753, 0.7108728700117753, 0.7108728700117753, 0.7108728700117753, 0.7108728700117753, 0.7108728700117753, 0.7108728700117753, 0.7108728700117753, 0.7108728700117753, 0.7108728700117753, 0.7108728700117753, 0.7108728700117753, 0.7108728700117753, 0.7108728700117753, 0.7108728700117753, 0.7108728700117753], [0.7108728700117753, 0.6900396743402117, 0.7108728700117753, 0.6566410537310526, 0.7108728700117753, 0.7108728700117753, 0.5724951372782476, 0.7108728700117753, 0.7108728700117753, 0.7413117834620858, 0.7108728700117753, 0.7108728700117753, 0.6226699323106948, 0.7108728700117753, 0.7108728700117753, 0.7108728700117753]], "best_fitnesss": [0.4143865098760865, 0.4392922396922956, 0.46863221666350285, 0.46863221666350285, 0.637116842118445, 0.637116842118445, 0.637116842118445, 0.637116842118445, 0.6373391525529657, 0.6373391525529657, 0.6373391525529657, 0.6373391525529657, 0.6541376781857959, 0.6664574028772282, 0.7108728700117753, 0.7108728700117753, 0.7108728700117753, 0.7108728700117753, 0.7108728700117753, 0.7413117834620858], "prob_mutate": 0.020833333333333332}