{"num_qubits": 5, "depth": 14, "num_circuit": 32, "num_generation": 20, "current_generation": 1, "fitnessss": [[0.4247459177896298, 0.4226023865994096, 0.4215962521120318, 0.5058662003058962, 0.36783284093904955, 0.47005011076304787, 0.4172828999152595, 0.38008913144714374, 0.3527946399538649, 0.3943085626217111, 0.3583994099071095, 0.4360973923591029, 0.49206226149907606, 0.3411607483971512, 0.44670928322837955, 0.47156844369966533, 0.3760025957370981, 0.39812883900026097, 0.444940732659904, 0.37107256659775795, 0.3960335703824021, 0.4992592726670949, 0.3844038538943004, 0.4543970451094414, 0.43520526016734856, 0.3889980358095505, 0.32383653965399206, 0.4966504305311418, 0.5188708755012876, 0.3619613084753513, 0.4744851343569249, 0.29215156658581143]], "best_fitnesss": [0.5188708755012876], "prob_mutate": 0.006696428571428571}