{"num_qubits": 4, "depth": 26, "num_circuit": 8, "num_generation": 20, "current_generation": 2, "fitnessss": [[0.8859585296659074, 0.8883740691228962, 0.8833026705219924, 0.8342545031134389, 0.9019853496331187, 0.8755647651315719, 0.8962609313776312, 0.8306834106107492], [0.9019853496331187, 0.8807150703354234, 0.9047129985218033, 0.8645158149330102, 0.8885047112268399, 0.8859585296659074, 0.9073902395553249, 0.8570889542346309]], "best_fitnesss": [0.9019853496331187, 0.9073902395553249], "prob_mutate": 0.014423076923076924}