{"num_qubits": 4, "depth": 9, "num_circuit": 16, "num_generation": 20, "current_generation": 20, "fitnessss": [[0.28744107679450226, 0.12103038492048912, 0.0975459869465286, 0.2635909129466112, 0.29569384020969414, 0.33252215319054357, 0.2902644388824751, 0.25012537438379945, 0.5167396017198778, 0.27774312719478456, 0.21677835625381114, 0.20050076422308738, 0.34106766558274315, 0.22380268108959356, 0.10293667105367066, 0.36782664733885784], [0.5167396017198778, 0.3514560812316416, 0.3677766723676319, 0.44556620662212254, 0.26989952419177754, 0.33252215319054357, 0.4693848150915746, 0.3597481972220352, 0.29569384020969414, 0.2902644388824751, 0.17644713488372155, 0.3855163899120617, 0.28744107679450226, 0.27774312719478456, 0.12130960865913454, 0.2381595833874144], [0.5167396017198778, 0.4693848150915746, 0.30877853959771717, 0.40226758861225986, 0.44556620662212254, 0.3855163899120617, 0.37754646993218866, 0.4050779227974124, 0.3677766723676319, 0.2539937682990474, 0.3626469345343474, 0.30987757609210753, 0.3514560812316416, 0.19013356723129193, 0.29143257031706615, 0.3786023045233209], [0.5167396017198778, 0.4693848150915746, 0.30877853959771717, 0.5470000275828084, 0.44556620662212254, 0.43733257532342296, 0.44556620662212254, 0.4050779227974124, 0.40226758861225986, 0.3866369830128391, 0.2508275243207724, 0.41009594835735497, 0.3786023045233209, 0.37754646993218866, 0.23230485413437907, 0.3796624171854608], [0.5031066901210643, 0.5167396017198778, 0.40226758861225986, 0.516959082277751, 0.4693848150915746, 0.44556620662212254, 0.40226758861225986, 0.285184513894458, 0.44556620662212254, 0.43733257532342296, 0.4221779536547231, 0.4050779227974124, 0.41009594835735497, 0.4050779227974124, 0.41009594835735497, 0.4050779227974124], [0.4768772333038356, 0.4483972674036456, 0.42775578630045863, 0.4952111978167768, 0.5031066901210643, 0.4693848150915746, 0.524025228273901, 0.5470000275828084, 0.44556620662212254, 0.44556620662212254, 0.44556620662212254, 0.44556620662212254, 0.5031385358153988, 0.4221779536547231, 0.43733257532342296, 0.4221779536547231], [0.5470000275828084, 0.524025228273901, 0.4693848150915746, 0.5031066901210643, 0.24994970009584339, 0.5031066901210643, 0.44177660050130574, 0.32531531051486406, 0.4440538601251426, 0.4768772333038356, 0.4952111978167768, 0.4768772333038356, 0.4693848150915746, 0.4483972674036456, 0.40226758861225986, 0.2886904598482424], [0.5470000275828084, 0.524025228273901, 0.4693848150915746, 0.5031066901210643, 0.5031066901210643, 0.5031066901210643, 0.5031066901210643, 0.5011125445268089, 0.4952111978167768, 0.4768772333038356, 0.4952111978167768, 0.4768772333038356, 0.4768772333038356, 0.4693848150915746, 0.21773485404343673, 0.4625863977312965], [0.5470000275828084, 0.3175721507957239, 0.44346097887286373, 0.5031066901210643, 0.5031066901210643, 0.5031066901210643, 0.5031066901210643, 0.4656955786149146, 0.5031066901210643, 0.5031066901210643, 0.5031066901210643, 0.4993317322255507, 0.5011125445268089, 0.4137325084593859, 0.3597529207716821, 0.4933635004188831], [0.35201596760391407, 0.5031066901210643, 0.5470000275828084, 0.5031066901210643, 0.5031066901210643, 0.5031066901210643, 0.5031066901210643, 0.5031066901210643, 0.5031066901210643, 0.5031066901210643, 0.5031066901210643, 0.5031066901210643, 0.5031066901210643, 0.5031066901210643, 0.5031066901210643, 0.5031066901210643], [0.5470000275828084, 0.5031066901210643, 0.30594290150179526, 0.5031066901210643, 0.5031066901210643, 0.5031066901210643, 0.5031066901210643, 0.23183146418676515, 0.428681386065508, 0.5031066901210643, 0.5031066901210643, 0.5031066901210643, 0.5031066901210643, 0.5031066901210643, 0.5031066901210643, 0.4305151992090941], [0.5470000275828084, 0.5031066901210643, 0.5470000275828084, 0.5031066901210643, 0.5031066901210643, 0.5031066901210643, 0.5031066901210643, 0.34252221692403895, 0.5031066901210643, 0.5031066901210643, 0.5031066901210643, 0.5031066901210643, 0.5031066901210643, 0.5031066901210643, 0.5031066901210643, 0.5339675169245142], [0.5470000275828084, 0.5470000275828084, 0.5470000275828084, 0.5470000275828084, 0.5339675169245142, 0.5422988563393862, 0.5339675169245142, 0.5031066901210643, 0.5031066901210643, 0.5031066901210643, 0.5031066901210643, 0.5031066901210643, 0.5031066901210643, 0.5031066901210643, 0.5031066901210643, 0.43934785963851264], [0.5336394111897239, 0.5470000275828084, 0.5470000275828084, 0.5470000275828084, 0.5470000275828084, 0.5470000275828084, 0.5470000275828084, 0.5470000275828084, 0.5422988563393862, 0.5339675169245142, 0.5031066901210643, 0.4891510946484263, 0.4467498177131375, 0.5031066901210643, 0.3884225871223641, 0.5031066901210643], [0.5470000275828084, 0.5470000275828084, 0.5470000275828084, 0.5470000275828084, 0.5470000275828084, 0.5470000275828084, 0.5470000275828084, 0.4838431175647707, 0.5470000275828084, 0.5470000275828084, 0.5470000275828084, 0.5470000275828084, 0.33321919663264443, 0.5422988563393862, 0.4889938296685983, 0.5031066901210643], [0.5470000275828084, 0.5470000275828084, 0.5470000275828084, 0.5470000275828084, 0.28595180965348754, 0.5470000275828084, 0.5470000275828084, 0.5470000275828084, 0.5470000275828084, 0.5470000275828084, 0.5470000275828084, 0.5470000275828084, 0.5470000275828084, 0.5470000275828084, 0.5470000275828084, 0.5400210928827005], [0.5470000275828084, 0.5470000275828084, 0.5470000275828084, 0.5470000275828084, 0.5470000275828084, 0.5470000275828084, 0.5470000275828084, 0.3785080704069822, 0.5470000275828084, 0.5470000275828084, 0.5470000275828084, 0.5470000275828084, 0.5413959805100743, 0.5470000275828084, 0.5470000275828084, 0.5470000275828084], [0.5470000275828084, 0.5470000275828084, 0.5470000275828084, 0.315466126686923, 0.5470000275828084, 0.5470000275828084, 0.5470000275828084, 0.41658727466682266, 0.5470000275828084, 0.5470000275828084, 0.5470000275828084, 0.5470000275828084, 0.5470000275828084, 0.5470000275828084, 0.3346801374533154, 0.5470000275828084], [0.5470000275828084, 0.5470000275828084, 0.49783724404903595, 0.48499170212133946, 0.47881245872232125, 0.4709248570741307, 0.5470000275828084, 0.5470000275828084, 0.5470000275828084, 0.5470000275828084, 0.5470000275828084, 0.5470000275828084, 0.36139871530415635, 0.5470000275828084, 0.5470000275828084, 0.5470000275828084], [0.5470000275828084, 0.5470000275828084, 0.5470000275828084, 0.5470000275828084, 0.5470000275828084, 0.5470000275828084, 0.5470000275828084, 0.5470000275828084, 0.5470000275828084, 0.5470000275828084, 0.5470000275828084, 0.5470000275828084, 0.5470000275828084, 0.5470000275828084, 0.3580422781291669, 0.4829600322314296]], "best_fitnesss": [0.5167396017198778, 0.5167396017198778, 0.5167396017198778, 0.5470000275828084, 0.516959082277751, 0.5470000275828084, 0.5470000275828084, 0.5470000275828084, 0.5470000275828084, 0.5470000275828084, 0.5470000275828084, 0.5470000275828084, 0.5470000275828084, 0.5470000275828084, 0.5470000275828084, 0.5470000275828084, 0.5470000275828084, 0.5470000275828084, 0.5470000275828084, 0.5470000275828084], "prob_mutate": 0.020833333333333332}