{"num_qubits": 4, "depth": 22, "num_circuit": 32, "num_generation": 20, "current_generation": 6, "fitnessss": [[0.7083368447528817, 0.769846363958174, 0.6608136435952595, 0.7317104412065843, 0.8434070406118854, 0.8146384419212265, 0.8607820238477922, 0.7637818888583475, 0.8306021329476441, 0.8738619766526305, 0.7826874255117116, 0.8194540080836287, 0.7818280867180407, 0.7192702850755851, 0.8296891962397881, 0.7664663209248701, 0.8608767273443085, 0.8225914053638992, 0.9009440782118375, 0.7762620292217528, 0.7835312935894428, 0.8598393183671786, 0.8188755804509696, 0.7497233385158545, 0.8680584883832354, 0.8717257659602918, 0.7884455789669838, 0.8800390720744659, 0.7818530639261777, 0.830285452513803, 0.78302285798315, 0.8034356094486395], [0.8684774311093243, 0.8800390720744659, 0.8671704791131823, 0.8713682083765519, 0.8738619766526305, 0.8717257659602918, 0.887092430536892, 0.8618502672784579, 0.8680584883832354, 0.8608767273443085, 0.8137049273918973, 0.8717316396586158, 0.8607820238477922, 0.8598393183671786, 0.8427895089400972, 0.8631820273115197, 0.8003590619125609, 0.8306021329476441, 0.8496880470195973, 0.7995345538785827, 0.830285452513803, 0.8296891962397881, 0.802157259018869, 0.8403274927837799, 0.8225914053638992, 0.8194540080836287, 0.8028728612825986, 0.8249296661357839, 0.8188755804509696, 0.8146384419212265, 0.8043284997240437, 0.810950817226975], [0.887092430536892, 0.8800390720744659, 0.8871509088449996, 0.8595791467286995, 0.8738619766526305, 0.8717316396586158, 0.8837226130870963, 0.8564011868397838, 0.8717257659602918, 0.8713682083765519, 0.8615235646605175, 0.8595791467286995, 0.8684774311093243, 0.8680584883832354, 0.8420951972657436, 0.8002058663727543, 0.8671704791131823, 0.8631820273115197, 0.8852394464362907, 0.8712295807617121, 0.888556310323336, 0.8608767273443085, 0.8571908597948328, 0.8496423956746583, 0.8607820238477922, 0.8598393183671786, 0.8427895089400972, 0.8771987982976969, 0.8496880470195973, 0.7925461995976069, 0.8377146550105856, 0.8481780651037358], [0.888556310323336, 0.8871509088449996, 0.8646596883389037, 0.8635199262677304, 0.887092430536892, 0.8852394464362907, 0.8423596106187317, 0.8789495610636908, 0.8837226130870963, 0.8800390720744659, 0.8871509088449996, 0.8506512317657604, 0.8771987982976969, 0.8738619766526305, 0.8686796921477716, 0.8650476896559602, 0.8717316396586158, 0.8717257659602918, 0.8736887625447733, 0.8517030746773777, 0.8713682083765519, 0.8712295807617121, 0.8800390720744659, 0.8577831214591486, 0.8684774311093243, 0.8680584883832354, 0.8420951972657436, 0.8002058663727543, 0.8671704791131823, 0.8631820273115197, 0.8852394464362907, 0.8712295807617121], [0.888556310323336, 0.8871509088449996, 0.8646596883389037, 0.8738619766526305, 0.8871509088449996, 0.887092430536892, 0.887092430536892, 0.8871509088449996, 0.8852394464362907, 0.8852394464362907, 0.8852394464362907, 0.8852394464362907, 0.8837226130870963, 0.8800390720744659, 0.8871509088449996, 0.8506512317657604, 0.8800390720744659, 0.8789495610636908, 0.8595791467286995, 0.8671704791131823, 0.8771987982976969, 0.8738619766526305, 0.8686796921477716, 0.8650476896559602, 0.8736887625447733, 0.8717316396586158, 0.8717316396586158, 0.8736887625447733, 0.8717257659602918, 0.8713682083765519, 0.8615235646605175, 0.8595791467286995], [0.888556310323336, 0.8871509088449996, 0.8646596883389037, 0.8738619766526305, 0.8871509088449996, 0.8871509088449996, 0.8871509088449996, 0.8871509088449996, 0.8871509088449996, 0.8631003868335491, 0.887092430536892, 0.8871509088449996, 0.8528267143184886, 0.8852394464362907, 0.8923023451542906, 0.8789495610636908, 0.8852394464362907, 0.8874759875954021, 0.8852394464362907, 0.8852394464362907, 0.8852394464362907, 0.8837226130870963, 0.8673143504664818, 0.8423596106187317, 0.8800390720744659, 0.8800390720744659, 0.8800390720744659, 0.8800390720744659, 0.8789495610636908, 0.8771987982976969, 0.8696215918342407, 0.88713926573232]], "best_fitnesss": [0.9009440782118375, 0.887092430536892, 0.888556310323336, 0.888556310323336, 0.888556310323336, 0.8923023451542906], "prob_mutate": 0.004261363636363636}