{"num_qubits": 4, "depth": 9, "num_circuit": 16, "num_generation": 20, "current_generation": 20, "fitnessss": [[0.2784908770470569, 0.24424448531999055, 0.128648368724402, 0.2317030771896208, 0.22447818011786214, 0.42692067840244596, 0.41891084182289795, 0.24622669151586174, 0.4014004610887165, 0.16953725722635726, 0.2430000924876039, 0.2702697327981809, 0.3776611956541919, 0.16685847323654956, 0.21875442872200346, 0.15784493228156893], [0.4227941146992108, 0.41891084182289795, 0.3572407673839618, 0.2129813804499282, 0.4014004610887165, 0.3776611956541919, 0.20346729300069166, 0.4205934273416071, 0.2784908770470569, 0.23187784940661604, 0.48303999236135, 0.383826054898907, 0.24622669151586174, 0.24424448531999055, 0.25307190422189996, 0.32675405558630055], [0.48303999236135, 0.4227941146992108, 0.2073653264739167, 0.2269004833160766, 0.2368061013557503, 0.41891084182289795, 0.24264109255602218, 0.334622015159041, 0.4014004610887165, 0.383826054898907, 0.39462169931603586, 0.38765312925346795, 0.39802379152702216, 0.3572407673839618, 0.24264109255602218, 0.5536504914869858], [0.2958667540749397, 0.48303999236135, 0.2269004833160766, 0.1250177083294599, 0.4227941146992108, 0.34126872057071267, 0.3572407673839618, 0.41707959421141594, 0.4014004610887165, 0.39802379152702216, 0.2201087295422024, 0.4278970473629734, 0.39462169931603586, 0.38765312925346795, 0.18014744761703216, 0.383826054898907], [0.48303999236135, 0.4278970473629734, 0.3071608645000451, 0.6266057953422691, 0.4227941146992108, 0.41707959421141594, 0.4227941146992108, 0.41707959421141594, 0.4014004610887165, 0.39802379152702216, 0.2201087295422024, 0.4278970473629734, 0.5600577423558175, 0.38765312925346795, 0.4014004610887165, 0.383826054898907], [0.28484239403303646, 0.5600577423558175, 0.4222826839064643, 0.2841554135049178, 0.48303999236135, 0.4278970473629734, 0.3071608645000451, 0.6266057953422691, 0.4278970473629734, 0.4227941146992108, 0.21112088213124836, 0.5185408131700107, 0.4227941146992108, 0.41707959421141594, 0.4227941146992108, 0.41707959421141594], [0.6266057953422691, 0.5600577423558175, 0.4222826839064643, 0.3404568439289427, 0.5185408131700107, 0.22206668034858812, 0.2269004833160766, 0.19554430342838425, 0.4278970473629734, 0.47805940590092655, 0.4278970473629734, 0.3345026997454793, 0.4227941146992108, 0.4227941146992108, 0.4227941146992108, 0.4227941146992108], [0.31566145582182503, 0.5600577423558175, 0.4222826839064643, 0.35389348342447513, 0.5185408131700107, 0.47805940590092655, 0.5014700259909463, 0.4278970473629734, 0.4278970473629734, 0.4278970473629734, 0.4278970473629734, 0.4278970473629734, 0.4227941146992108, 0.4227941146992108, 0.4227941146992108, 0.4227941146992108], [0.5600577423558175, 0.5185408131700107, 0.2111648986913346, 0.42410363700492915, 0.5014700259909463, 0.3206867640536084, 0.5014700259909463, 0.47805940590092655, 0.2870531967935498, 0.4278970473629734, 0.4278970473629734, 0.4278970473629734, 0.4278970473629734, 0.4278970473629734, 0.4278970473629734, 0.4278970473629734], [0.5600577423558175, 0.5185408131700107, 0.4014004610887165, 0.42410363700492915, 0.49040618125681346, 0.24139866982930758, 0.5014700259909463, 0.5014700259909463, 0.47805940590092655, 0.43212895047254274, 0.4278970473629734, 0.47805940590092655, 0.4278970473629734, 0.4278970473629734, 0.4278970473629734, 0.4278970473629734], [0.5600577423558175, 0.5185408131700107, 0.22007805332845864, 0.42410363700492915, 0.5014700259909463, 0.5014700259909463, 0.5014700259909463, 0.26340098765744213, 0.49040618125681346, 0.3282727166000228, 0.5014700259909463, 0.3675070364647126, 0.2697855793970383, 0.43212895047254274, 0.43212895047254274, 0.47805940590092655], [0.5600577423558175, 0.5185408131700107, 0.4014004610887165, 0.1834618746965786, 0.5014700259909463, 0.5014700259909463, 0.5014700259909463, 0.5014700259909463, 0.5014700259909463, 0.5014700259909463, 0.5014700259909463, 0.5014700259909463, 0.49040618125681346, 0.4904810666435745, 0.5014700259909463, 0.3675070364647126], [0.5600577423558175, 0.3795163577685775, 0.4014004610887165, 0.42410363700492915, 0.5014700259909463, 0.5014700259909463, 0.5014700259909463, 0.5014700259909463, 0.5199539737164866, 0.5014700259909463, 0.5014700259909463, 0.49097424071446727, 0.22552701751408066, 0.4680972991851312, 0.5014700259909463, 0.5014700259909463], [0.5600577423558175, 0.5199539737164866, 0.25818932800662764, 0.42410363700492915, 0.2822690222100649, 0.4206869482955117, 0.5014700259909463, 0.5014700259909463, 0.5014700259909463, 0.5014700259909463, 0.5014700259909463, 0.5014700259909463, 0.5014700259909463, 0.5014700259909463, 0.41125321520635927, 0.5014700259909463], [0.5600577423558175, 0.5199539737164866, 0.25818932800662764, 0.42410363700492915, 0.5014700259909463, 0.5014700259909463, 0.5014700259909463, 0.5014700259909463, 0.5014700259909463, 0.5014700259909463, 0.5014700259909463, 0.5014700259909463, 0.5014700259909463, 0.3445245929765963, 0.5014700259909463, 0.5014700259909463], [0.5600577423558175, 0.5199539737164866, 0.25818932800662764, 0.42410363700492915, 0.5472213750163581, 0.32688529122518417, 0.5014700259909463, 0.4299069483932201, 0.33619726112343906, 0.3969120073462511, 0.5014700259909463, 0.5014700259909463, 0.5014700259909463, 0.5014700259909463, 0.5014700259909463, 0.5014700259909463], [0.5600577423558175, 0.5472213750163581, 0.258999529609545, 0.3058868095900297, 0.5199539737164866, 0.5014700259909463, 0.5014700259909463, 0.5199539737164866, 0.5014700259909463, 0.5014700259909463, 0.5014700259909463, 0.5014700259909463, 0.35910912928655225, 0.5014700259909463, 0.5167212400594978, 0.5014700259909463], [0.5600577423558175, 0.5472213750163581, 0.258999529609545, 0.42410363700492915, 0.5199539737164866, 0.5199539737164866, 0.5199539737164866, 0.5199539737164866, 0.5167212400594978, 0.5014700259909463, 0.5014700259909463, 0.5167212400594978, 0.23549049233080233, 0.5014700259909463, 0.5014700259909463, 0.5014700259909463], [0.5600577423558175, 0.5153063292772355, 0.258999529609545, 0.42410363700492915, 0.5199539737164866, 0.5199539737164866, 0.5199539737164866, 0.5199539737164866, 0.5199539737164866, 0.5199539737164866, 0.5199539737164866, 0.5199539737164866, 0.3126153100922059, 0.5167212400594978, 0.5167212400594978, 0.5167212400594978], [0.4706280038514301, 0.5199539737164866, 0.2086963239245443, 0.42410363700492915, 0.5199539737164866, 0.5199539737164866, 0.5199539737164866, 0.5199539737164866, 0.5199539737164866, 0.5199539737164866, 0.4701711887716892, 0.5199539737164866, 0.5199539737164866, 0.5199539737164866, 0.5199539737164866, 0.5199539737164866]], "best_fitnesss": [0.42692067840244596, 0.48303999236135, 0.5536504914869858, 0.48303999236135, 0.6266057953422691, 0.6266057953422691, 0.6266057953422691, 0.5600577423558175, 0.5600577423558175, 0.5600577423558175, 0.5600577423558175, 0.5600577423558175, 0.5600577423558175, 0.5600577423558175, 0.5600577423558175, 0.5600577423558175, 0.5600577423558175, 0.5600577423558175, 0.5600577423558175, 0.5199539737164866], "prob_mutate": 0.020833333333333332}