{"num_qubits": 5, "depth": 19, "num_circuit": 8, "num_generation": 10, "current_generation": 2, "fitnessss": [[0.5626264978234394, 0.5494542557774494, 0.5071674825667329, 0.5081028200577329, 0.5576828165750476, 0.5455519444300589, 0.5786450602328281, 0.5642723716703534], [0.5786450602328281, 0.5642723716703534, 0.6259269765567975, 0.6251752047018039, 0.5626264978234394, 0.535639072797101, 0.6539309853957636, 0.5626832149164229]], "best_fitnesss": [0.5786450602328281, 0.6539309853957636], "prob_mutate": 0.019736842105263157}