{"num_qubits": 5, "depth": 26, "num_circuit": 16, "num_generation": 20, "current_generation": 2, "fitnessss": [[0.7279980247666102, 0.7085377806605914, 0.7467325355277951, 0.7196078575349223, 0.7679055536349472, 0.7755899566071218, 0.7461870729068228, 0.6993830545128505, 0.7718237830863435, 0.722563272441562, 0.7449316246257804, 0.7115435591160676, 0.5557858431784539, 0.7716510747070087, 0.6423163566039268, 0.6163790622140521], [0.7755899566071218, 0.7718237830863435, 0.6724538936680855, 0.8217140839618043, 0.7716510747070087, 0.7679055536349472, 0.8034621338684931, 0.7654997061283332, 0.7467325355277951, 0.7461870729068228, 0.7040340235632753, 0.7462680948599189, 0.7449316246257804, 0.7279980247666102, 0.7682123518956404, 0.6316801990899225]], "best_fitnesss": [0.7755899566071218, 0.8217140839618043], "prob_mutate": 0.007211538461538462}