{"num_qubits": 5, "depth": 18, "num_circuit": 32, "num_generation": 40, "current_generation": 2, "fitnessss": [[0.49997116568575467, 0.4811500019038045, 0.5897094336350434, 0.5722987216366173, 0.4929256921414435, 0.5048226503624186, 0.5598047688886773, 0.4619583853576422, 0.49467957796630146, 0.519744584813315, 0.5603118637217476, 0.5593752409747232, 0.5182275682928845, 0.5520532584955626, 0.5145652468802799, 0.5680457984699624, 0.5307044905554082, 0.4967285939464219, 0.5325980823083866, 0.5551958117064751, 0.5436487762819661, 0.5306059862812651, 0.5165456108023382, 0.538009054209833, 0.5456932003002443, 0.4967494336154917, 0.5072030286970551, 0.502896224400494, 0.5704321223250602, 0.5321372294907583, 0.5518660891272437, 0.46473767634041463], [0.5674530504773181, 0.5722987216366173, 0.5706078381505595, 0.5837763306503027, 0.5704321223250602, 0.5680457984699624, 0.4604058844096211, 0.5513912115614624, 0.5603118637217476, 0.5598047688886773, 0.6210774259665837, 0.5075787565640602, 0.5593752409747232, 0.5551958117064751, 0.5257016098956607, 0.5103030204733928, 0.5520532584955626, 0.546825627330275, 0.582112179763879, 0.5619594042921557, 0.5456932003002443, 0.5436487762819661, 0.5255913111382824, 0.46425631021157354, 0.538009054209833, 0.5325980823083866, 0.59815397798234, 0.471083303063872, 0.5321372294907583, 0.5307044905554082, 0.5718822206855732, 0.5886376381073928]], "best_fitnesss": [0.5897094336350434, 0.6210774259665837], "prob_mutate": 0.005208333333333333}