{"num_qubits": 6, "depth": 20, "num_circuit": 32, "num_generation": 10, "current_generation": 3, "fitnessss": [[0.37234165089284477, 0.4032256969047291, 0.41796868887127586, 0.45437430646838906, 0.4238450017849166, 0.3708776421287347, 0.4522720796180771, 0.43147550295367976, 0.44668092507656276, 0.3636180876821661, 0.4703749254630131, 0.4215650961627272, 0.35866821189387854, 0.38046577157561634, 0.4247699830443213, 0.42981730431335147, 0.46533777961515516, 0.3433015732995624, 0.36360068101006837, 0.3931797694660494, 0.29337905681381904, 0.38717894829321553, 0.3521574643340306, 0.4421319028808088, 0.30475250326899217, 0.3954824132831375, 0.381663098410865, 0.4080465146079922, 0.30234162092475214, 0.41794395175054905, 0.36203617194872834, 0.4486132096077097], [0.4703749254630131, 0.46533777961515516, 0.41866558425764566, 0.47539812349871263, 0.45437430646838906, 0.4522720796180771, 0.395427363708816, 0.4595558015547077, 0.4486132096077097, 0.44668092507656276, 0.4319600868831618, 0.4424093534555418, 0.4421319028808088, 0.43147550295367976, 0.46743715647328143, 0.3564484702176639, 0.42981730431335147, 0.4247699830443213, 0.40134899557134196, 0.43831016776538057, 0.4238450017849166, 0.4322367950570225, 0.3771477380915593, 0.4161472968998918, 0.41796868887127586, 0.41794395175054905, 0.3970022049946663, 0.4475428409111597, 0.4080465146079922, 0.4032256969047291, 0.39423829022006585, 0.43375915268425286], [0.47539812349871263, 0.4703749254630131, 0.47539812349871263, 0.4703749254630131, 0.46743715647328143, 0.46533777961515516, 0.43051162588394815, 0.46010986288407435, 0.4595558015547077, 0.45437430646838906, 0.4595558015547077, 0.45437430646838906, 0.4522720796180771, 0.4486132096077097, 0.46724371447754676, 0.451745188745132, 0.4475428409111597, 0.44668092507656276, 0.40122672458189246, 0.37810467431507505, 0.4424093534555418, 0.4421319028808088, 0.4295492877153661, 0.42368510881534194, 0.43831016776538057, 0.43375915268425286, 0.4453621556530316, 0.45494053229443604, 0.4322367950570225, 0.4319600868831618, 0.4295130659466503, 0.42972319202290316]], "best_fitnesss": [0.4703749254630131, 0.47539812349871263, 0.47539812349871263], "prob_mutate": 0.0046875}