{"num_qubits": 5, "depth": 20, "num_circuit": 4, "num_generation": 30, "current_generation": 4, "fitnessss": [[0.5249436924073582, 0.6385079593002503, 0.5069765119923436, 0.5370313170572889], [0.6385079593002503, 0.5370313170572889, 0.5814011787927822, 0.6043427592509667], [0.6385079593002503, 0.6043427592509667, 0.631842162983675, 0.5714767989231497], [0.6385079593002503, 0.6285722682594399, 0.631842162983675, 0.6385079593002503]], "best_fitnesss": [0.6385079593002503, 0.6385079593002503, 0.6385079593002503, 0.6385079593002503], "prob_mutate": 0.0375}