{"num_qubits": 4, "depth": 13, "num_circuit": 8, "num_generation": 40, "current_generation": 3, "fitnessss": [[0.6608631867650009, 0.5538722906531335, 0.6436583684522084, 0.647274255909073, 0.5639459489260722, 0.5769441833085385, 0.5357559964672733, 0.5748675112208629], [0.6608631867650009, 0.5257241875372611, 0.6179161440689717, 0.6273245725655803, 0.6436583684522084, 0.4672250386079222, 0.5800150047375123, 0.5024930071892192], [0.6608631867650009, 0.6436583684522084, 0.6126560825259808, 0.6987571477079515, 0.6273245725655803, 0.5689974665797475, 0.6222948444784682, 0.6608631867650009]], "best_fitnesss": [0.6608631867650009, 0.6608631867650009, 0.6987571477079515], "prob_mutate": 0.028846153846153848}