{"num_qubits": 5, "depth": 22, "num_circuit": 8, "num_generation": 30, "current_generation": 2, "fitnessss": [[0.6099634396514448, 0.6573223082940566, 0.6445572925939773, 0.6351482383631063, 0.6443150647400635, 0.7061461004426777, 0.5864137237341834, 0.6894257639959034], [0.7061461004426777, 0.696700045148374, 0.6449461317306928, 0.7297513085104252, 0.6573223082940566, 0.6193625168196147, 0.6768637071489231, 0.6295879715695873]], "best_fitnesss": [0.7061461004426777, 0.7297513085104252], "prob_mutate": 0.017045454545454544}