{"num_qubits": 4, "depth": 9, "num_circuit": 16, "num_generation": 20, "current_generation": 20, "fitnessss": [[0.29700968952507556, 0.18340818257942504, 0.4430876034862947, 0.19258467524655265, 0.23043089110062653, 0.4268217673973058, 0.19033993915017144, 0.1730294013377357, 0.28930591490352564, 0.1985150379493037, 0.0982025664581816, 0.32879196820349, 0.2659225676446333, 0.2568471685156004, 0.24529844749841134, 0.4276821517206779], [0.23808752845018, 0.4276821517206779, 0.18514220915761714, 0.24535681998797254, 0.4268217673973058, 0.32879196820349, 0.40007098307159894, 0.34706516628250283, 0.29700968952507556, 0.28930591490352564, 0.20296397083061046, 0.3151628958372724, 0.22189235497311177, 0.2568471685156004, 0.4606134292684674, 0.25836534732629], [0.4606134292684674, 0.4276821517206779, 0.4604468299279516, 0.33077087781137426, 0.4268217673973058, 0.40007098307159894, 0.40007098307159894, 0.4268217673973058, 0.34706516628250283, 0.32879196820349, 0.32879196820349, 0.27736830783068434, 0.3151628958372724, 0.22625956633596545, 0.3151628958372724, 0.29700968952507556], [0.46399364052699876, 0.4604468299279516, 0.18799913162711912, 0.4998381712457255, 0.4276821517206779, 0.4268217673973058, 0.1325211214993519, 0.34565960268372753, 0.4268217673973058, 0.40007098307159894, 0.40007098307159894, 0.4268217673973058, 0.40007098307159894, 0.34706516628250283, 0.44040437984459024, 0.32879196820349], [0.4998381712457255, 0.4853177326476985, 0.4998381712457255, 0.5424791897830457, 0.4604468299279516, 0.44040437984459024, 0.5213104889213239, 0.43931491060717653, 0.4276821517206779, 0.4268217673973058, 0.1325211214993519, 0.34565960268372753, 0.4268217673973058, 0.4268217673973058, 0.4268217673973058, 0.4268217673973058], [0.5424791897830457, 0.5213104889213239, 0.1975715064846716, 0.4018950285547678, 0.4998381712457255, 0.4998381712457255, 0.4998381712457255, 0.4998381712457255, 0.4853177326476985, 0.4600705826135628, 0.34900250663871024, 0.4998381712457255, 0.44040437984459024, 0.43931491060717653, 0.34565960268372753, 0.1863365787738449], [0.5424791897830457, 0.4726753565852433, 0.1975715064846716, 0.4018950285547678, 0.4998381712457255, 0.4998381712457255, 0.4998381712457255, 0.4998381712457255, 0.4998381712457255, 0.4998381712457255, 0.4998381712457255, 0.4998381712457255, 0.4998381712457255, 0.4853177326476985, 0.4998381712457255, 0.4853177326476985], [0.5424791897830457, 0.4998381712457255, 0.46399364052699876, 0.4018950285547678, 0.4998381712457255, 0.4998381712457255, 0.4998381712457255, 0.4998381712457255, 0.4998381712457255, 0.4998381712457255, 0.4998381712457255, 0.4998381712457255, 0.4998381712457255, 0.4998381712457255, 0.4998381712457255, 0.4998381712457255], [0.5270482067322554, 0.4998381712457255, 0.46399364052699876, 0.4018950285547678, 0.4998381712457255, 0.4998381712457255, 0.4998381712457255, 0.4998381712457255, 0.4998381712457255, 0.4998381712457255, 0.4998381712457255, 0.4998381712457255, 0.4998381712457255, 0.4998381712457255, 0.4998381712457255, 0.4998381712457255], [0.5270482067322554, 0.4998381712457255, 0.5050550259325094, 0.5836570531123193, 0.4998381712457255, 0.4998381712457255, 0.4998381712457255, 0.4998381712457255, 0.4998381712457255, 0.4998381712457255, 0.4998381712457255, 0.4998381712457255, 0.4998381712457255, 0.4998381712457255, 0.4998381712457255, 0.4998381712457255], [0.5836570531123193, 0.5270482067322554, 0.5303363128210277, 0.5270482067322554, 0.5050550259325094, 0.3841059635744999, 0.48190211776878145, 0.4998381712457255, 0.4998381712457255, 0.4998381712457255, 0.4998381712457255, 0.4998381712457255, 0.4998381712457255, 0.4998381712457255, 0.4998381712457255, 0.4998381712457255], [0.5836570531123193, 0.5303363128210277, 0.5836570531123193, 0.48705956727075717, 0.5270482067322554, 0.5270482067322554, 0.5270482067322554, 0.5270482067322554, 0.5050550259325094, 0.4998381712457255, 0.5050550259325094, 0.27800161983856697, 0.40169079680174913, 0.4998381712457255, 0.4998381712457255, 0.4998381712457255], [0.5836570531123193, 0.5836570531123193, 0.5836570531123193, 0.5836570531123193, 0.5303363128210277, 0.5270482067322554, 0.5303363128210277, 0.5270482067322554, 0.5270482067322554, 0.31623386003096643, 0.5270482067322554, 0.5270482067322554, 0.5272396526154589, 0.5050550259325094, 0.5050550259325094, 0.24382578891522688], [0.5836570531123193, 0.5836570531123193, 0.5836570531123193, 0.5836570531123193, 0.5836570531123193, 0.5836570531123193, 0.5836570531123193, 0.5836570531123193, 0.5303363128210277, 0.5303363128210277, 0.5303363128210277, 0.5303363128210277, 0.5272396526154589, 0.16822062540711613, 0.5272396526154589, 0.20945848319048754], [0.5836570531123193, 0.5836570531123193, 0.5836570531123193, 0.5836570531123193, 0.5836570531123193, 0.5836570531123193, 0.5836570531123193, 0.5836570531123193, 0.5836570531123193, 0.5836570531123193, 0.5836570531123193, 0.5836570531123193, 0.5836570531123193, 0.5836570531123193, 0.5836570531123193, 0.5836570531123193], [0.5836570531123193, 0.5836570531123193, 0.5836570531123193, 0.4245479275855252, 0.5836570531123193, 0.5836570531123193, 0.5836570531123193, 0.5836570531123193, 0.5836570531123193, 0.5836570531123193, 0.5836570531123193, 0.4689961949067051, 0.5836570531123193, 0.5836570531123193, 0.4467544090413359, 0.5836570531123193], [0.5836570531123193, 0.5836570531123193, 0.5836570531123193, 0.3224857058429832, 0.3784867661031789, 0.5836570531123193, 0.5836570531123193, 0.5836570531123193, 0.5836570531123193, 0.5836570531123193, 0.5836570531123193, 0.4911807540871871, 0.5836570531123193, 0.516840352110622, 0.43344275121594544, 0.5836570531123193], [0.5836570531123193, 0.5836570531123193, 0.39763497092431077, 0.5836570531123193, 0.5836570531123193, 0.5836570531123193, 0.5836570531123193, 0.5836570531123193, 0.4049795484579446, 0.5836570531123193, 0.5836570531123193, 0.5836570531123193, 0.46955365521634285, 0.5836570531123193, 0.5836570531123193, 0.5836570531123193], [0.5836570531123193, 0.5836570531123193, 0.5836570531123193, 0.5836570531123193, 0.38913777610385514, 0.5836570531123193, 0.5836570531123193, 0.5836570531123193, 0.41945126041091185, 0.5836570531123193, 0.5836570531123193, 0.5836570531123193, 0.5836570531123193, 0.4501798099920129, 0.5836570531123193, 0.5836570531123193], [0.5836570531123193, 0.5836570531123193, 0.5836570531123193, 0.5836570531123193, 0.4006574875944121, 0.5836570531123193, 0.5836570531123193, 0.5836570531123193, 0.5836570531123193, 0.5836570531123193, 0.5836570531123193, 0.5836570531123193, 0.5836570531123193, 0.3611061600950328, 0.39411502716193936, 0.5836570531123193]], "best_fitnesss": [0.4430876034862947, 0.4606134292684674, 0.4606134292684674, 0.4998381712457255, 0.5424791897830457, 0.5424791897830457, 0.5424791897830457, 0.5424791897830457, 0.5270482067322554, 0.5836570531123193, 0.5836570531123193, 0.5836570531123193, 0.5836570531123193, 0.5836570531123193, 0.5836570531123193, 0.5836570531123193, 0.5836570531123193, 0.5836570531123193, 0.5836570531123193, 0.5836570531123193], "prob_mutate": 0.020833333333333332}