{"num_qubits": 6, "depth": 23, "num_circuit": 32, "num_generation": 40, "current_generation": 2, "fitnessss": [[0.46385764764373655, 0.43188770283715333, 0.4821900076604025, 0.490416364665477, 0.48429464702403796, 0.3923652211804494, 0.4464587673772953, 0.43323612939577094, 0.5002143134948343, 0.46404186941130926, 0.3614899430560624, 0.38905950636580805, 0.4291026653962982, 0.4382994056181107, 0.5030695845348341, 0.4579605262619172, 0.49760487895868144, 0.48425118938253203, 0.5432227821563994, 0.4465640500670469, 0.3945417773451288, 0.4659478753819727, 0.42322633134941545, 0.4169931247652417, 0.4822476717728619, 0.45717973348311736, 0.4970638625190407, 0.4457072175638519, 0.5228595902457853, 0.4402544715680089, 0.4787701135190571, 0.4677303884385993], [0.5432227821563994, 0.5228595902457853, 0.46810303264431063, 0.5704820860405044, 0.5043310341789937, 0.5002143134948343, 0.4857305204239477, 0.4506044677327633, 0.49760487895868144, 0.4970638625190407, 0.4607001983985863, 0.510869854697272, 0.490416364665477, 0.48429464702403796, 0.518628576586808, 0.4489595499984137, 0.48425118938253203, 0.4822476717728619, 0.4518727001949303, 0.49427807271088664, 0.4821900076604025, 0.4787701135190571, 0.45642451674308526, 0.4859866500431139, 0.4677303884385993, 0.4659478753819727, 0.4692224388145167, 0.4391874452059872, 0.4794037038094001, 0.46385764764373655, 0.49527072097133207, 0.46319547657653093]], "best_fitnesss": [0.5432227821563994, 0.5704820860405044], "prob_mutate": 0.004076086956521739}