{"num_qubits": 5, "depth": 26, "num_circuit": 4, "num_generation": 30, "current_generation": 19, "fitnessss": [[0.7300218707564264, 0.7782971181668052, 0.6329444221268711, 0.6456093249608591], [0.7782971181668052, 0.7300218707564264, 0.7170849183245148, 0.7164514996843379], [0.7589094136010057, 0.7300218707564264, 0.7320819381045578, 0.7604461766251112], [0.7778491999668107, 0.7405345238009806, 0.7781691880956318, 0.7507970401081334], [0.7488254058999453, 0.7778491999668107, 0.7666764426544501, 0.7519071495395249], [0.7703115497140465, 0.7666764426544501, 0.7294606612743479, 0.7737876005749303], [0.7772277843631608, 0.7498810727888915, 0.7653380076754784, 0.7778491999668107], [0.7778491999668107, 0.7603564948179292, 0.7496518384428944, 0.7737876005749303], [0.7778491999668107, 0.7459058106828534, 0.7542855821462725, 0.7440824497605322], [0.7778491999668107, 0.7542855821462725, 0.7542855821462725, 0.7778491999668107], [0.7778491999668107, 0.7444834695438465, 0.7520999713884737, 0.7348072208997662], [0.7778491999668107, 0.7520999713884737, 0.7445661042372718, 0.7520999713884737], [0.7778491999668107, 0.7476974560781706, 0.7354480552354747, 0.7520999713884737], [0.7778491999668107, 0.7425089421927024, 0.7491426897231036, 0.7229722079089258], [0.7778491999668107, 0.7491426897231036, 0.7491426897231036, 0.7454651573914577], [0.7036659495399024, 0.7491426897231036, 0.7491426897231036, 0.7517127927420943], [0.7517127927420943, 0.7491426897231036, 0.7535077508609056, 0.7450905905965433], [0.7685492341628193, 0.6906236478369019, 0.7513021955090249, 0.7687851744370778], [0.7687851744370778, 0.7685492341628193, 0.7735202143705263, 0.7869287872840528]], "best_fitnesss": [0.7782971181668052, 0.7782971181668052, 0.7604461766251112, 0.7781691880956318, 0.7778491999668107, 0.7737876005749303, 0.7778491999668107, 0.7778491999668107, 0.7778491999668107, 0.7778491999668107, 0.7778491999668107, 0.7778491999668107, 0.7778491999668107, 0.7778491999668107, 0.7778491999668107, 0.7517127927420943, 0.7535077508609056, 0.7687851744370778, 0.7869287872840528], "prob_mutate": 0.028846153846153848}