{"num_qubits": 2, "depth": 4, "num_circuit": 32, "num_generation": 40, "current_generation": 2, "fitnessss": [[0.43170650173267056, 0.546668434754648, 0.7697580793276447, 0.5454625656995578, 0.5018405604165646, 0.34175696810477146, 0.34698322013750105, 0.6954721671560565, 0.49066804242542084, 0.2045028251097531, 0.2206378135615438, 0.48701467181126235, 0.3105210986781747, 0.16558437311163782, 0.20685027209960097, 0.5688412338347681, 0.591413977285198, 0.544010697220382, 0.32889760050148037, 0.34175696810477146, 0.408703593698197, 0.5649990122171611, 0.753737767840468, 0.6199754553740988, 0.3814042178625888, 0.478693719606745, 0.4981478017589501, 0.433501677244688, 0.7759870324738785, 0.6196122424378342, 0.3938644484294791, 0.3105210986781747], [0.7759870324738785, 0.7697580793276447, 0.658101507354527, 0.8280020896066305, 0.753737767840468, 0.6954721671560565, 0.6719215122380804, 0.6293581963525688, 0.16558437311163782, 0.6196122424378342, 0.4482044463939455, 0.6715845536222218, 0.591413977285198, 0.5688412338347681, 0.7017210150147811, 0.509904749518042, 0.5192394052286802, 0.546668434754648, 0.5170645349262586, 0.47398187321610685, 0.5962330020553938, 0.46992645566977487, 0.5893292974459599, 0.2707545583707983, 0.5251262469749867, 0.4981478017589501, 0.6684564340420674, 0.578605700653033, 0.49066804242542084, 0.48701467181126235, 0.36837289350655766, 0.4244034577547069]], "best_fitnesss": [0.7759870324738785, 0.8280020896066305], "prob_mutate": 0.0234375}