{"num_qubits": 4, "depth": 20, "num_circuit": 32, "num_generation": 20, "current_generation": 1, "fitnessss": [[0.8540294244202439, 0.7978261020652984, 0.7632855854651109, 0.5930815170790668, 0.8370502449848469, 0.793598669231904, 0.7918103887730903, 0.7836596174975367, 0.7089165108921524, 0.689597632783167, 0.6891390730578817, 0.7883504625549975, 0.8308941469408173, 0.6900766512701285, 0.684292027826529, 0.8144031092873533, 0.7641897184054776, 0.7652242129870584, 0.5980449686039525, 0.7665015052069996, 0.7942386584007493, 0.7578765053628207, 0.7656572997179845, 0.746011542105717, 0.8226529754979042, 0.8360161705853347, 0.7702723183135104, 0.7225073354218505, 0.8325491780291874, 0.7386608471999521, 0.7803851196223627, 0.7345511391157378]], "best_fitnesss": [0.8540294244202439], "prob_mutate": 0.0046875}