{"num_qubits": 3, "depth": 13, "num_circuit": 32, "num_generation": 50, "current_generation": 3, "fitnessss": [[0.7599917229755226, 0.8057483290172028, 0.7709693240404255, 0.7952942366619642, 0.6486685240473128, 0.8751693169097662, 0.7850979373575548, 0.7252690571292202, 0.8859380125315521, 0.787530141293504, 0.7296576783803077, 0.7499918998906142, 0.8364824896527523, 0.708063357941542, 0.8383079078703302, 0.7913333356147942, 0.8387486966904414, 0.7196440013960705, 0.6526489314101415, 0.8408196927484445, 0.6976395333920319, 0.7744820466892764, 0.8071420297822305, 0.670406613118867, 0.7857969510379211, 0.7759753414975377, 0.823281565289516, 0.706371921037346, 0.7933793608114638, 0.7707810296547738, 0.7786169390218951, 0.6447586461997029], [0.8859380125315521, 0.8751693169097662, 0.8485957236993812, 0.7800361945883011, 0.8408196927484445, 0.8387486966904414, 0.7656779426130645, 0.833885959975689, 0.8383079078703302, 0.8364824896527523, 0.8637569115585727, 0.808721945460011, 0.8078147811163415, 0.8071420297822305, 0.6740300186503652, 0.8356334231510566, 0.8057483290172028, 0.7952942366619642, 0.8112581852812145, 0.8334854394280906, 0.7933793608114638, 0.7913333356147942, 0.8365611042896413, 0.7466491132286259, 0.787530141293504, 0.7857969510379211, 0.8018684005829465, 0.8467833310892783, 0.7850979373575548, 0.7786169390218951, 0.8459359302466283, 0.779808518117775], [0.8952390624184072, 0.8751693169097662, 0.8485957236993812, 0.7968392772527245, 0.8637569115585727, 0.8485957236993812, 0.7948255645677345, 0.8949620505849362, 0.8467833310892783, 0.8459359302466283, 0.8058152450563675, 0.8470507462708909, 0.8408196927484445, 0.8434055244358737, 0.7656779426130645, 0.833885959975689, 0.8383079078703302, 0.7527505330496215, 0.901396517641008, 0.8370063823487752, 0.8364824896527523, 0.8356334231510566, 0.8220321251485606, 0.8495953972502601, 0.833885959975689, 0.8334854394280906, 0.8421299297260898, 0.9077643024331495, 0.8112581852812145, 0.808721945460011, 0.7273837637503651, 0.7497595995192451]], "best_fitnesss": [0.8859380125315521, 0.8859380125315521, 0.9077643024331495], "prob_mutate": 0.007211538461538462}