{"num_qubits": 6, "depth": 34, "num_circuit": 8, "num_generation": 10, "current_generation": 3, "fitnessss": [[0.6388885477295663, 0.6023452763692785, 0.6793824395200261, 0.6601157154811369, 0.661611034691742, 0.6033214294085535, 0.6664876969973307, 0.6288033562392643], [0.6793824395200261, 0.6344044887066318, 0.609756172260672, 0.6784750093127675, 0.661611034691742, 0.6601157154811369, 0.6483051457833435, 0.6597964985914117], [0.6843366869162825, 0.6764129391273819, 0.6829091285775662, 0.683455057050086, 0.7032252107762849, 0.6601157154811369, 0.6483051457833435, 0.6597964985914117]], "best_fitnesss": [0.6793824395200261, 0.6793824395200261, 0.7032252107762849], "prob_mutate": 0.011029411764705883}