{"num_qubits": 5, "depth": 6, "num_circuit": 32, "num_generation": 50, "current_generation": 1, "fitnessss": [[0.1671919347852753, 0.17949064537106543, 0.1901103986618144, 0.12754561680915044, 0.2796866652953339, 0.1408010012779068, 0.212199647158762, 0.18555643007777023, 0.10675053326292669, 0.1266274232349652, 0.17593006053062993, 0.22392547905692117, 0.11367348375648215, 0.15888620518758553, 0.16113887261651838, 0.19879469162712984, 0.2370633185629619, 0.21807641962153249, 0.192481627385008, 0.187354585527916, 0.18057924538747572, 0.16141373334960074, 0.20723567422168188, 0.10718991304224848, 0.19856616232989532, 0.07272514520251452, 0.20738851331004682, 0.24363454026042491, 0.13078284064878457, 0.1916546062453726, 0.15620862442040276, 0.20807236856850508]], "best_fitnesss": [0.2796866652953339], "prob_mutate": 0.015625}