{"num_qubits": 4, "depth": 26, "num_circuit": 4, "num_generation": 30, "current_generation": 8, "fitnessss": [[0.8492547701016203, 0.8969290082631571, 0.8907189581137567, 0.9057412675872174], [0.9057412675872174, 0.8969290082631571, 0.8997020914312905, 0.8660382899550869], [0.9057412675872174, 0.8874793167991564, 0.8997020914312905, 0.9057412675872174], [0.8739196183867669, 0.9057412675872174, 0.9057412675872174, 0.8978613270489554], [0.9057412675872174, 0.9057412675872174, 0.9057412675872174, 0.9057412675872174], [0.9057412675872174, 0.9057412675872174, 0.9057412675872174, 0.8920749674032947], [0.8713233451189749, 0.8805170159203545, 0.9057412675872174, 0.8953305949095895], [0.9057412675872174, 0.8862987697344847, 0.9169521700164367, 0.8953305949095895]], "best_fitnesss": [0.9057412675872174, 0.9057412675872174, 0.9057412675872174, 0.9057412675872174, 0.9057412675872174, 0.9057412675872174, 0.9057412675872174, 0.9169521700164367], "prob_mutate": 0.028846153846153848}