{"num_qubits": 4, "depth": 26, "num_circuit": 4, "num_generation": 30, "current_generation": 12, "fitnessss": [[0.8182537657555331, 0.882206867885977, 0.8388039183987217, 0.9177037148500826], [0.9177037148500826, 0.882206867885977, 0.8784433245415724, 0.8995626659080944], [0.9177037148500826, 0.8707930022094962, 0.9177037148500826, 0.9095329133511841], [0.9177037148500826, 0.9177037148500826, 0.9066950530795452, 0.9177037148500826], [0.9177037148500826, 0.9130009009394872, 0.9177037148500826, 0.9177037148500826], [0.9177037148500826, 0.9177037148500826, 0.9143660014705217, 0.9177037148500826], [0.9048818915797497, 0.9177037148500826, 0.8949758400150628, 0.9177037148500826], [0.8989299100841807, 0.9177037148500826, 0.87500227133455, 0.8841139576773894], [0.9136247890067208, 0.8989299100841807, 0.9129610450723801, 0.9154846538291036], [0.911049037773533, 0.9136247890067208, 0.8819437222913585, 0.8918445306666654], [0.9044585692196818, 0.8886317499140416, 0.8915362522468777, 0.9054052928545527], [0.9054052928545527, 0.8966941921583705, 0.9029047359812692, 0.898577269903415]], "best_fitnesss": [0.9177037148500826, 0.9177037148500826, 0.9177037148500826, 0.9177037148500826, 0.9177037148500826, 0.9177037148500826, 0.9177037148500826, 0.9177037148500826, 0.9154846538291036, 0.9136247890067208, 0.9054052928545527, 0.9054052928545527], "prob_mutate": 0.028846153846153848}