{"num_qubits": 3, "depth": 10, "num_circuit": 4, "num_generation": 50, "current_generation": 2, "fitnessss": [[0.6570904254203382, 0.6789272351871258, 0.6252548891146008, 0.7005999234398035], [0.6444001645796895, 0.6878436792795617, 0.52742701683769, 0.8072776675727491]], "best_fitnesss": [0.7005999234398035, 0.8072776675727491], "prob_mutate": 0.075}