{"num_qubits": 6, "depth": 20, "num_circuit": 8, "num_generation": 40, "current_generation": 15, "fitnessss": [[0.3791088135597258, 0.3699594979622411, 0.48679262726265593, 0.3567747944247503, 0.45627620158495324, 0.3807207092341766, 0.3489960426638351, 0.38282119490598554], [0.4325704870923598, 0.45627620158495324, 0.42078284183012693, 0.4483370408954494, 0.38282119490598554, 0.3807207092341766, 0.4129911308119061, 0.37776877300046396], [0.455326974222438, 0.4483370408954494, 0.4483158741891506, 0.45627620158495324, 0.4325704870923598, 0.42078284183012693, 0.42078284183012693, 0.4325704870923598], [0.45627620158495324, 0.455326974222438, 0.45349215372657337, 0.4573502275088698, 0.4860352999269354, 0.4554789453918545, 0.4483370408954494, 0.4483158741891506], [0.4860352999269354, 0.45544791268354157, 0.4894182005566359, 0.482566055147144, 0.4691939761489404, 0.4547599857067633, 0.4448928144756491, 0.4294029198651785], [0.4894182005566359, 0.4860352999269354, 0.4860352999269354, 0.4894182005566359, 0.482566055147144, 0.4691939761489404, 0.4429856125541642, 0.4483370408954494], [0.43748685321638237, 0.4894182005566359, 0.4894182005566359, 0.4894182005566359, 0.448392473605157, 0.4860352999269354, 0.45328000336596797, 0.4860352999269354], [0.4894182005566359, 0.440665352648484, 0.4894182005566359, 0.4894182005566359, 0.4894182005566359, 0.47770156002878483, 0.47862134173032767, 0.4894182005566359], [0.4894182005566359, 0.43672238602376307, 0.4713871887088068, 0.4894182005566359, 0.4894182005566359, 0.4894182005566359, 0.4894182005566359, 0.4767812756749275], [0.4894182005566359, 0.4486138490301436, 0.4894182005566359, 0.4894182005566359, 0.4894182005566359, 0.45038964889066185, 0.4604578103395034, 0.4894182005566359], [0.4894182005566359, 0.5095725671825654, 0.47875670299095524, 0.48932338113978746, 0.4894182005566359, 0.5042957815341713, 0.4894182005566359, 0.48533935570902526], [0.48022332919580685, 0.5042957815341713, 0.4894182005566359, 0.47333103466173265, 0.4894182005566359, 0.4894182005566359, 0.4894182005566359, 0.4894182005566359], [0.5042957815341713, 0.4894182005566359, 0.4888181786226274, 0.4894182005566359, 0.4894182005566359, 0.4894182005566359, 0.48066946846376374, 0.4894182005566359], [0.5042957815341713, 0.4723953315721605, 0.4754388412219395, 0.4677048755760532, 0.4894182005566359, 0.48245409315549137, 0.4894182005566359, 0.45109318544390176], [0.5042957815341713, 0.4894182005566359, 0.5042957815341713, 0.4894182005566359, 0.48547913746830174, 0.4608987221499368, 0.48245409315549137, 0.4894182005566359]], "best_fitnesss": [0.48679262726265593, 0.45627620158495324, 0.45627620158495324, 0.4860352999269354, 0.4894182005566359, 0.4894182005566359, 0.4894182005566359, 0.4894182005566359, 0.4894182005566359, 0.4894182005566359, 0.5095725671825654, 0.5042957815341713, 0.5042957815341713, 0.5042957815341713, 0.5042957815341713], "prob_mutate": 0.01875}