{"num_qubits": 6, "depth": 20, "num_circuit": 8, "num_generation": 40, "current_generation": 2, "fitnessss": [[0.3791088135597258, 0.3699594979622411, 0.48679262726265593, 0.3567747944247503, 0.45627620158495324, 0.3807207092341766, 0.3489960426638351, 0.38282119490598554], [0.4325704870923598, 0.45627620158495324, 0.42078284183012693, 0.4483370408954494, 0.38282119490598554, 0.3807207092341766, 0.4129911308119061, 0.37776877300046396]], "best_fitnesss": [0.48679262726265593, 0.45627620158495324], "prob_mutate": 0.01875}