{"num_qubits": 5, "depth": 13, "num_circuit": 4, "num_generation": 20, "current_generation": 5, "fitnessss": [[0.416991207195346, 0.39647110482526615, 0.415804886752597, 0.4294260845565268], [0.40316002810755813, 0.423065140216358, 0.39850581311711, 0.43873219628179516], [0.43873219628179516, 0.423065140216358, 0.4308431024681118, 0.44641449431960334], [0.42936760646747973, 0.46401415004576824, 0.449378094418117, 0.4346802751968205], [0.44040268901340845, 0.449378094418117, 0.4757472726573383, 0.3763678621333348]], "best_fitnesss": [0.4294260845565268, 0.43873219628179516, 0.44641449431960334, 0.46401415004576824, 0.4757472726573383], "prob_mutate": 0.057692307692307696}