{"num_qubits": 3, "depth": 6, "num_circuit": 32, "num_generation": 10, "current_generation": 3, "fitnessss": [[0.43235617776174495, 0.49784359764077185, 0.41545578029128283, 0.4855730358829581, 0.47663768072899354, 0.3749926847436468, 0.3829904560623086, 0.45217025432778096, 0.41650644085937705, 0.367748664653261, 0.43197811304516315, 0.49908599023625644, 0.535325632287114, 0.6308835207390655, 0.5352179378062529, 0.556529029612492, 0.41832238383281756, 0.30564631621504346, 0.597761285198996, 0.6342247230102656, 0.543654784700339, 0.49990487841078746, 0.5109364088033868, 0.48562074533203115, 0.5087511579604257, 0.5199129243050447, 0.6567280174918314, 0.301318779472803, 0.4529532429788591, 0.4976164175376292, 0.5033482072110192, 0.3067448765363596], [0.6567280174918314, 0.6342247230102656, 0.6535257543984287, 0.5291774690888719, 0.6308835207390655, 0.597761285198996, 0.570376426901038, 0.5020811869918336, 0.556529029612492, 0.543654784700339, 0.32571668700964057, 0.6200135531642796, 0.535325632287114, 0.4861114787407632, 0.47643211028023175, 0.43390362350530287, 0.5199129243050447, 0.5109364088033868, 0.4430771800393611, 0.53229017467885, 0.5087511579604257, 0.5033482072110192, 0.4606033114349364, 0.38980035004794245, 0.49990487841078746, 0.49908599023625644, 0.4901695183286253, 0.52556993607278, 0.49784359764077185, 0.4976164175376292, 0.5615771547146993, 0.5113768493834381], [0.6567280174918314, 0.6535257543984287, 0.6535257543984287, 0.6567280174918314, 0.6342247230102656, 0.6308835207390655, 0.6947345717023372, 0.6075349807301528, 0.6200135531642796, 0.597761285198996, 0.4658973881527727, 0.5977892320027833, 0.570376426901038, 0.5615771547146993, 0.4794395810590725, 0.5016230859931581, 0.556529029612492, 0.543654784700339, 0.32571668700964057, 0.6200135531642796, 0.535325632287114, 0.53229017467885, 0.5763741466615719, 0.3752079457208436, 0.5291774690888719, 0.52556993607278, 0.5578870175487675, 0.47654347508734035, 0.5199129243050447, 0.5113768493834381, 0.47138818491945533, 0.5277593308477209]], "best_fitnesss": [0.6567280174918314, 0.6567280174918314, 0.6947345717023372], "prob_mutate": 0.015625}