{"num_qubits": 4, "depth": 8, "num_circuit": 8, "num_generation": 40, "current_generation": 15, "fitnessss": [[0.40746161658960095, 0.4109946237769956, 0.3433227757265938, 0.3989030716568854, 0.5529733068225862, 0.5230505325137882, 0.476174027162768, 0.42774469483752353], [0.5529733068225862, 0.5230505325137882, 0.47205511430425384, 0.4551861723708356, 0.476174027162768, 0.3503476709764823, 0.40644624051576955, 0.3623893807558149], [0.5529733068225862, 0.5230505325137882, 0.530634817971562, 0.47740825682277527, 0.476174027162768, 0.49432148188383473, 0.5051848956867766, 0.47587213778522675], [0.5529733068225862, 0.47073815967105964, 0.5194665550421421, 0.4985433065419205, 0.5230505325137882, 0.2723490214593426, 0.4667371660853479, 0.5226217902641904], [0.5529733068225862, 0.5230505325137882, 0.556363127201039, 0.4551861723708356, 0.5226217902641904, 0.5194665550421421, 0.4810161903301717, 0.5194665550421421], [0.5175288403707113, 0.5529733068225862, 0.5331588311669218, 0.530634817971562, 0.5230505325137882, 0.5226217902641904, 0.5230505325137882, 0.5226217902641904], [0.4910026935432776, 0.5331588311669218, 0.5529733068225862, 0.47569419000689017, 0.530634817971562, 0.5230505325137882, 0.42244042558042094, 0.5230505325137882], [0.5529733068225862, 0.5331588311669218, 0.5529733068225862, 0.5331588311669218, 0.530634817971562, 0.5230505325137882, 0.4117695036870308, 0.5478146763492476], [0.5529733068225862, 0.5529733068225862, 0.5529733068225862, 0.5529733068225862, 0.45277137697330944, 0.5331588311669218, 0.42078692190617517, 0.5228653346471841], [0.5529733068225862, 0.5529733068225862, 0.5529733068225862, 0.4729665225256695, 0.5050516220291745, 0.5529733068225862, 0.5529733068225862, 0.5529733068225862], [0.5529733068225862, 0.5529733068225862, 0.4804937359462098, 0.5529733068225862, 0.5529733068225862, 0.5529733068225862, 0.4625228568480143, 0.5529733068225862], [0.32141035755264397, 0.5529733068225862, 0.5529733068225862, 0.4156011087438552, 0.5529733068225862, 0.5120189900122954, 0.5529733068225862, 0.524432139180831], [0.5529733068225862, 0.4690440654827966, 0.5529733068225862, 0.5529733068225862, 0.5529733068225862, 0.5529733068225862, 0.5529733068225862, 0.43021810327997045], [0.5529733068225862, 0.5529733068225862, 0.5529733068225862, 0.4632545009370498, 0.5529733068225862, 0.5529733068225862, 0.550695304158234, 0.5529733068225862], [0.5529733068225862, 0.5529733068225862, 0.5210458554823907, 0.56161945562799, 0.5529733068225862, 0.4699735181192561, 0.5529733068225862, 0.5529733068225862]], "best_fitnesss": [0.5529733068225862, 0.5529733068225862, 0.5529733068225862, 0.5529733068225862, 0.556363127201039, 0.5529733068225862, 0.5529733068225862, 0.5529733068225862, 0.5529733068225862, 0.5529733068225862, 0.5529733068225862, 0.5529733068225862, 0.5529733068225862, 0.5529733068225862, 0.56161945562799], "prob_mutate": 0.046875}