{"num_qubits": 5, "depth": 7, "num_circuit": 4, "num_generation": 40, "current_generation": 40, "fitnessss": [[0.19347333717531962, 0.1917175990432971, 0.21210874047225933, 0.25189217920401386], [0.25195911592268516, 0.21210874047225933, 0.23996681535215142, 0.24557241603912655], [0.25195911592268516, 0.22759003342894105, 0.3320563328889612, 0.20466839170716603], [0.22335007768674925, 0.2194292957437473, 0.25195911592268516, 0.3320563328889612], [0.32950679410368255, 0.2526792261189029, 0.25195911592268516, 0.30897712914332], [0.2690424046254215, 0.275302486718787, 0.2621260209722134, 0.29663529762809226], [0.1869594260773488, 0.275302486718787, 0.2719755061875483, 0.29663529762809226], [0.29663529762809226, 0.32209159050530534, 0.241353186432098, 0.29663529762809226], [0.32209159050530534, 0.29663529762809226, 0.29663529762809226, 0.3277192330075179], [0.3277192330075179, 0.32209159050530534, 0.32209159050530534, 0.26334545371546864], [0.3277192330075179, 0.32209159050530534, 0.29206535106384096, 0.318026777760377], [0.31731088695159515, 0.31580811017966015, 0.2967720499449911, 0.3277192330075179], [0.31193440874923384, 0.31731088695159515, 0.31731088695159515, 0.3277192330075179], [0.3277192330075179, 0.31731088695159515, 0.31731088695159515, 0.307372937561684], [0.3277192330075179, 0.31731088695159515, 0.31731088695159515, 0.3277192330075179], [0.3277192330075179, 0.3277192330075179, 0.25794305728982847, 0.3277192330075179], [0.3277192330075179, 0.3574964276952472, 0.3277192330075179, 0.3277192330075179], [0.3574964276952472, 0.3277192330075179, 0.2836688022711044, 0.2873192084676152], [0.3574964276952472, 0.21173276827438658, 0.3277192330075179, 0.2268929379951888], [0.32570460560356956, 0.3277192330075179, 0.2212674754752177, 0.3574964276952472], [0.3574964276952472, 0.3277192330075179, 0.3277192330075179, 0.2754768486266512], [0.35186993237278724, 0.3277192330075179, 0.22339354459886018, 0.3574964276952472], [0.3574964276952472, 0.35186993237278724, 0.28577329896139003, 0.3574964276952472], [0.2970857773004651, 0.24220495984005797, 0.3203534073603062, 0.3022113288967783], [0.27943436389915266, 0.3022113288967783, 0.23459714637655987, 0.31525773834626497], [0.29760106596948904, 0.15961756685746495, 0.2198287439580234, 0.24790600501883042], [0.29760106596948904, 0.24790600501883042, 0.24496740629442568, 0.26737740182340575], [0.29760106596948904, 0.2566008989711149, 0.2662409044805535, 0.26737740182340575], [0.2552516687522108, 0.21077750000466713, 0.29760106596948904, 0.26737740182340575], [0.29760106596948904, 0.29063145145041497, 0.29760106596948904, 0.26737740182340575], [0.29760106596948904, 0.25421650959988973, 0.29760106596948904, 0.2546863804939662], [0.2429042170234542, 0.29760106596948904, 0.29760106596948904, 0.29760106596948904], [0.29760106596948904, 0.22295051827485998, 0.29760106596948904, 0.2093006034629868], [0.270431887389603, 0.21011960281224934, 0.2806140395101083, 0.29760106596948904], [0.2561557758241428, 0.2806140395101083, 0.28703634057987354, 0.29760106596948904], [0.21748697715163684, 0.28703634057987354, 0.2618796695178599, 0.25116676826960016], [0.28703634057987354, 0.20349516403577872, 0.21443258784127073, 0.28734948523560516], [0.3124976598821006, 0.28703634057987354, 0.28734948523560516, 0.28703634057987354], [0.27281041718893206, 0.28734948523560516, 0.28594306486654847, 0.3124976598821006], [0.3124976598821006, 0.28734948523560516, 0.28734948523560516, 0.3124976598821006]], "best_fitnesss": [0.25189217920401386, 0.25195911592268516, 0.3320563328889612, 0.3320563328889612, 0.32950679410368255, 0.29663529762809226, 0.29663529762809226, 0.32209159050530534, 0.3277192330075179, 0.3277192330075179, 0.3277192330075179, 0.3277192330075179, 0.3277192330075179, 0.3277192330075179, 0.3277192330075179, 0.3277192330075179, 0.3574964276952472, 0.3574964276952472, 0.3574964276952472, 0.3574964276952472, 0.3574964276952472, 0.3574964276952472, 0.3574964276952472, 0.3203534073603062, 0.31525773834626497, 0.29760106596948904, 0.29760106596948904, 0.29760106596948904, 0.29760106596948904, 0.29760106596948904, 0.29760106596948904, 0.29760106596948904, 0.29760106596948904, 0.29760106596948904, 0.29760106596948904, 0.28703634057987354, 0.28734948523560516, 0.3124976598821006, 0.3124976598821006, 0.3124976598821006], "prob_mutate": 0.10714285714285714}