{"num_qubits": 4, "depth": 11, "num_circuit": 4, "num_generation": 20, "current_generation": 3, "fitnessss": [[0.4551450777442101, 0.5935445672892417, 0.349911806775747, 0.48163921879735855], [0.5935445672892417, 0.5198315739707416, 0.5770000777830582, 0.5441123642299537], [0.6415507897740752, 0.5770000777830582, 0.5770000777830582, 0.5483244104851771]], "best_fitnesss": [0.5935445672892417, 0.5935445672892417, 0.6415507897740752], "prob_mutate": 0.06818181818181818}