{"num_qubits": 4, "depth": 11, "num_circuit": 4, "num_generation": 20, "current_generation": 5, "fitnessss": [[0.5201849312598373, 0.4948564413267853, 0.438821940470892, 0.6052538958863275], [0.5797609820204283, 0.5201849312598373, 0.5443806851099339, 0.5253032622969271], [0.5797609820204283, 0.5443806851099339, 0.5660228240264994, 0.6052538958863275], [0.6052538958863275, 0.5515756774895632, 0.6052538958863275, 0.5111441518388035], [0.6213843666511266, 0.6052538958863275, 0.49869805459963423, 0.6052538958863275]], "best_fitnesss": [0.6052538958863275, 0.5797609820204283, 0.6052538958863275, 0.6052538958863275, 0.6213843666511266], "prob_mutate": 0.06818181818181818}