{"num_qubits": 5, "depth": 24, "num_circuit": 16, "num_generation": 10, "current_generation": 3, "fitnessss": [[0.5860108866267099, 0.6802000956556624, 0.6347317920009808, 0.6462017640062825, 0.6954346452332573, 0.717721651221848, 0.7163366998941598, 0.7202136927505969, 0.7159721836629007, 0.6857397773893938, 0.6929636755222683, 0.7004355134244898, 0.7422061349651877, 0.6705728318578347, 0.6592974372889293, 0.5842974175260898], [0.7422061349651877, 0.7202136927505969, 0.7134069372075587, 0.721607250550643, 0.717721651221848, 0.7163366998941598, 0.6740694518521924, 0.7303882992034004, 0.7159721836629007, 0.7004355134244898, 0.7304501350513598, 0.7019264652806947, 0.6954346452332573, 0.6929636755222683, 0.6697974322135395, 0.6902398642265795], [0.7422061349651877, 0.7304501350513598, 0.6978845668974565, 0.7176766586760782, 0.7209206035431885, 0.721607250550643, 0.7232060774025661, 0.6609852147274432, 0.7202136927505969, 0.74453075653952, 0.7238414612375408, 0.7210161355102781, 0.7163366998941598, 0.7159721836629007, 0.682254314455721, 0.7308460239398391]], "best_fitnesss": [0.7422061349651877, 0.7422061349651877, 0.74453075653952], "prob_mutate": 0.0078125}