{"num_qubits": 6, "depth": 21, "num_circuit": 4, "num_generation": 40, "current_generation": 6, "fitnessss": [[0.4458506104852439, 0.4027060890121025, 0.4252732926988802, 0.47130474424913], [0.5037114630669313, 0.4458506104852439, 0.41455359242959827, 0.45572236150780965], [0.5037114630669313, 0.4094062105915766, 0.5037114630669313, 0.45572236150780965], [0.4894915230732537, 0.5037114630669313, 0.5037114630669313, 0.5037114630669313], [0.5037114630669313, 0.5037114630669313, 0.4649293438201309, 0.5037114630669313], [0.5037114630669313, 0.4756569423699413, 0.48495291593375905, 0.5037114630669313]], "best_fitnesss": [0.47130474424913, 0.5037114630669313, 0.5037114630669313, 0.5037114630669313, 0.5037114630669313, 0.5037114630669313], "prob_mutate": 0.03571428571428571}