{"num_qubits": 4, "depth": 6, "num_circuit": 8, "num_generation": 20, "current_generation": 20, "fitnessss": [[0.4799709690139303, 0.2668581313684296, 0.6668093496772582, 0.5500906180346009, 0.8160216171229904, 0.2989678562548056, 0.5284474960994543, 0.4763583972247048], [0.8160216171229904, 0.7488688528534587, 0.669462784020191, 0.838557828947297, 0.5500906180346009, 0.5284474960994543, 0.31316913837729793, 0.4794653720793637], [0.838557828947297, 0.8160216171229904, 0.838557828947297, 0.8160216171229904, 0.7488688528534587, 0.669462784020191, 0.7517085818869939, 0.5728364320040427], [0.838557828947297, 0.8388439175100221, 0.8606703553583526, 0.838557828947297, 0.8160216171229904, 0.8160216171229904, 0.8160216171229904, 0.8180869539493102], [0.8606703553583526, 0.8559968946269049, 0.8606703553583526, 0.4659682444876802, 0.838557828947297, 0.838557828947297, 0.8214990787249302, 0.838557828947297], [0.8606703553583526, 0.8561669922448255, 0.8525760172160031, 0.8102034708995305, 0.8559968946269049, 0.838557828947297, 0.8389750184904712, 0.7494666423000577], [0.8606703553583526, 0.8561669922448255, 0.8561669922448255, 0.8180106079544742, 0.8559968946269049, 0.8525760172160031, 0.8561556623055072, 0.8352346917282155], [0.8606703553583526, 0.8561669922448255, 0.8561669922448255, 0.8606703553583526, 0.8561669922448255, 0.8622508993284022, 0.8176980498283388, 0.8328957555719478], [0.8622508993284022, 0.8606703553583526, 0.8388439175100221, 0.8378518733132255, 0.8267829743533694, 0.8561669922448255, 0.7514125183872429, 0.7930149393806655], [0.862131163891384, 0.8606703553583526, 0.8387541265320477, 0.8378518733132255, 0.8337076446485661, 0.8159134064052148, 0.8561762666603652, 0.8328957555719478], [0.862131163891384, 0.77976919255919, 0.8181318082965421, 0.9586269393058897, 0.6694472868579847, 0.8387541265320477, 0.856055498383437, 0.8388439175100221], [0.9586269393058897, 0.8564469146029081, 0.8620269193944876, 0.751537776678035, 0.856055498383437, 0.8388439175100221, 0.2914902481913286, 0.8763830124789667], [0.9586269393058897, 0.8646323805536047, 0.7504719980740737, 0.6661447269254875, 0.8620269193944876, 0.8564469146029081, 0.5814913314781988, 0.862131163891384], [0.9586269393058897, 0.8646323805536047, 0.7504719980740737, 0.8568852992043267, 0.8660008284061828, 0.30268114014691916, 0.862131163891384, 0.8561063860568584], [0.9586269393058897, 0.8660008284061828, 0.9011481831869389, 0.9169935807928251, 0.8646323805536047, 0.862131163891384, 0.8588676918556354, 0.7519364682180949], [0.9586269393058897, 0.9169935807928251, 0.9586269393058897, 0.9169935807928251, 0.9011481831869389, 0.8618709492840292, 0.9011481831869389, 0.8660008284061828], [0.42352073962226766, 0.9586269393058897, 0.9586269393058897, 0.9586269393058897, 0.9169935807928251, 0.9169935807928251, 0.9010354773972324, 0.9169935807928251], [0.9586269393058897, 0.2975912765518191, 0.2560755890369684, 0.9586269393058897, 0.9586269393058897, 0.9169935807928251, 0.9586269393058897, 0.9169935807928251], [0.9586269393058897, 0.9586269393058897, 0.9586269393058897, 0.9586269393058897, 0.4703619368921211, 0.9586269393058897, 0.858801139798245, 0.7658947191640856], [0.9586269393058897, 0.9586269393058897, 0.37174589540043834, 0.9586269393058897, 0.6867286173228473, 0.9586269393058897, 0.9586269393058897, 0.9586269393058897]], "best_fitnesss": [0.8160216171229904, 0.838557828947297, 0.838557828947297, 0.8606703553583526, 0.8606703553583526, 0.8606703553583526, 0.8606703553583526, 0.8622508993284022, 0.8622508993284022, 0.862131163891384, 0.9586269393058897, 0.9586269393058897, 0.9586269393058897, 0.9586269393058897, 0.9586269393058897, 0.9586269393058897, 0.9586269393058897, 0.9586269393058897, 0.9586269393058897, 0.9586269393058897], "prob_mutate": 0.0625}