{"num_qubits": 4, "depth": 4, "num_circuit": 4, "num_generation": 30, "current_generation": 24, "fitnessss": [[0.2546973418764626, 0.32215909185934144, 0.13577747687022002, 0.2818189941505983], [0.32215909185934144, 0.1936377863175392, 0.22797046913483948, 0.233232266233704], [0.3354970829816583, 0.233232266233704, 0.21818075151741828, 0.312953860772789], [0.3354970829816583, 0.32929729471015307, 0.3354970829816583, 0.2948967693422638], [0.3354970829816583, 0.3354970829816583, 0.3354970829816583, 0.3354970829816583], [0.30853632820990884, 0.25743365221735387, 0.3619403774322774, 0.3029912564023514], [0.3619403774322774, 0.2797649819751814, 0.39249399194806295, 0.3256872964794397], [0.39249399194806295, 0.3179814474798099, 0.3619403774322774, 0.32543598899609133], [0.39249399194806295, 0.3619403774322774, 0.19597548391603664, 0.3257673321708071], [0.39249399194806295, 0.33232488801805526, 0.3619403774322774, 0.310338349840234], [0.2949099302772817, 0.3619403774322774, 0.3002825575662407, 0.39249399194806295], [0.3028768164060024, 0.32866629632344024, 0.3619403774322774, 0.39249399194806295], [0.1656774645648504, 0.3173569419709025, 0.34721438608480176, 0.39249399194806295], [0.39249399194806295, 0.34721438608480176, 0.34721438608480176, 0.39249399194806295], [0.2875396666683522, 0.39249399194806295, 0.39421993021987156, 0.39249399194806295], [0.2560295212971963, 0.39249399194806295, 0.39421993021987156, 0.38769539730393304], [0.30090590235966574, 0.39249399194806295, 0.39421993021987156, 0.30103525893118477], [0.24957756446401644, 0.34814735223090004, 0.39421993021987156, 0.39249399194806295], [0.3038405246742867, 0.39249399194806295, 0.2942170383932071, 0.39249399194806295], [0.32543598899609133, 0.2970058670924642, 0.31123854551722135, 0.39249399194806295], [0.31825206380172527, 0.32543598899609133, 0.3709879458956543, 0.32543598899609133], [0.3709879458956543, 0.13364074634166703, 0.3709879458956543, 0.310338349840234], [0.322515230384752, 0.296959384912072, 0.3709879458956543, 0.2387641449817483], [0.3709879458956543, 0.1756816324309765, 0.07800430806712469, 0.3709879458956543]], "best_fitnesss": [0.32215909185934144, 0.32215909185934144, 0.3354970829816583, 0.3354970829816583, 0.3354970829816583, 0.3619403774322774, 0.39249399194806295, 0.39249399194806295, 0.39249399194806295, 0.39249399194806295, 0.39249399194806295, 0.39249399194806295, 0.39249399194806295, 0.39249399194806295, 0.39421993021987156, 0.39421993021987156, 0.39421993021987156, 0.39421993021987156, 0.39249399194806295, 0.39249399194806295, 0.3709879458956543, 0.3709879458956543, 0.3709879458956543, 0.3709879458956543], "prob_mutate": 0.1875}