{"num_qubits": 3, "depth": 5, "num_circuit": 16, "num_generation": 20, "current_generation": 6, "fitnessss": [[0.36714098758604674, 0.5049355925503536, 0.5509419916336689, 0.26301212636071514, 0.20853770199237487, 0.3915726512786153, 0.45468279965913955, 0.3868771452618517, 0.3949274625315652, 0.3851776013600487, 0.34438591463834267, 0.23125475194129783, 0.27938142518652176, 0.4961631268050186, 0.5039368436879087, 0.48018976288927817], [0.5509419916336689, 0.5049355925503536, 0.5735730328842619, 0.366300462882564, 0.5039368436879087, 0.4961631268050186, 0.6204487305383806, 0.36196928733514855, 0.48018976288927817, 0.45468279965913955, 0.49813070546668464, 0.4374239778213026, 0.460927168200101, 0.3915726512786153, 0.3670815391633512, 0.4262220139507081], [0.6204487305383806, 0.5735730328842619, 0.5381474093463927, 0.6065461224902216, 0.5559798498330514, 0.5049355925503536, 0.5735730328842619, 0.366300462882564, 0.45710224864189797, 0.49813070546668464, 0.5360043217846993, 0.5078123160738581, 0.4961631268050186, 0.48018976288927817, 0.49339487900943, 0.5312918092773738], [0.6204487305383806, 0.6065461224902216, 0.6072904150350735, 0.56600557108048, 0.4602062004788038, 0.5735730328842619, 0.5735730328842619, 0.5735730328842619, 0.5559798498330514, 0.5381474093463927, 0.5735730328842619, 0.5231585154580577, 0.5360043217846993, 0.5312918092773738, 0.5194564369412912, 0.49813070546668464], [0.6204487305383806, 0.5675527545953339, 0.5846177325073196, 0.6204487305383806, 0.6065461224902216, 0.5735730328842619, 0.5735730328842619, 0.6100202998604206, 0.5735730328842619, 0.5735730328842619, 0.5735730328842619, 0.5735730328842619, 0.6304212265886223, 0.56600557108048, 0.56600557108048, 0.5735730328842619], [0.6304212265886223, 0.6204487305383806, 0.4686316107748351, 0.5421967305211866, 0.6204487305383806, 0.6100202998604206, 0.5920964852523836, 0.56600557108048, 0.6065461224902216, 0.5846177325073196, 0.6759547639098036, 0.6072904150350735, 0.5735730328842619, 0.5735730328842619, 0.5735730328842619, 0.6246176947063078]], "best_fitnesss": [0.5509419916336689, 0.6204487305383806, 0.6204487305383806, 0.6204487305383806, 0.6304212265886223, 0.6759547639098036], "prob_mutate": 0.0375}