{"num_qubits": 6, "depth": 32, "num_circuit": 4, "num_generation": 30, "current_generation": 2, "fitnessss": [[0.6085221673926133, 0.625549279423886, 0.5393591977225327, 0.6346675597910274], [0.6346675597910274, 0.625549279423886, 0.648845457351303, 0.6302578442030022]], "best_fitnesss": [0.6346675597910274, 0.648845457351303], "prob_mutate": 0.0234375}