{"num_qubits": 4, "depth": 10, "num_circuit": 4, "num_generation": 50, "current_generation": 2, "fitnessss": [[0.5318865966576107, 0.5173567999125138, 0.5208458751167331, 0.5483086865955821], [0.6139983425318236, 0.44002371512729843, 0.450580723406932, 0.412882466901361]], "best_fitnesss": [0.5483086865955821, 0.6139983425318236], "prob_mutate": 0.075}