{"num_qubits": 6, "depth": 37, "num_circuit": 32, "num_generation": 20, "current_generation": 2, "fitnessss": [[0.7318823225202031, 0.6670662031475753, 0.7144460011334127, 0.659639517746798, 0.6365403168157999, 0.6867317810478158, 0.6719399380825497, 0.6740430371046853, 0.624747072821815, 0.6923115826331698, 0.6639169381178501, 0.6703257924749929, 0.6732280027134808, 0.6746022737853595, 0.6817433173959933, 0.6518527294044102, 0.6521115100865027, 0.6521322359796827, 0.6574737553655574, 0.6493556427501853, 0.6373547482442358, 0.6855650051945659, 0.7166675950296708, 0.654775537952448, 0.6383290072113209, 0.6898949205105435, 0.699222193572571, 0.6434969692309037, 0.7162813202417468, 0.6214132965390469, 0.6607704946256941, 0.6659684081602883], [0.7318823225202031, 0.7166675950296708, 0.7024219056931564, 0.7427283243922603, 0.7162813202417468, 0.7144460011334127, 0.6370238262182735, 0.7508434117850938, 0.699222193572571, 0.6923115826331698, 0.7021598766778538, 0.7183842507876472, 0.6898949205105435, 0.6867317810478158, 0.71375845225167, 0.6877707493654517, 0.7045339377439472, 0.6817433173959933, 0.6901582234525255, 0.6671820369676399, 0.6746022737853595, 0.6637176477486406, 0.7193607762692309, 0.6555860060870744, 0.6732280027134808, 0.6719399380825497, 0.664958809787827, 0.6352651976439478, 0.6703257924749929, 0.6670662031475753, 0.6906557353093941, 0.6650164351362714]], "best_fitnesss": [0.7318823225202031, 0.7508434117850938], "prob_mutate": 0.002533783783783784}