{"num_qubits": 4, "depth": 20, "num_circuit": 4, "num_generation": 40, "current_generation": 5, "fitnessss": [[0.7163680126691746, 0.7898994947619566, 0.8350008709027676, 0.8493467613326562], [0.8300366370860803, 0.7920685469993257, 0.8138914506940831, 0.8189334319009888], [0.8204355411289701, 0.8115138585518858, 0.8493467613326562, 0.7832325038316885], [0.8493467613326562, 0.8224953287561785, 0.8204355411289701, 0.8493467613326562], [0.8118855258659583, 0.8266642358671785, 0.8512697275451796, 0.8352915209368152]], "best_fitnesss": [0.8493467613326562, 0.8300366370860803, 0.8493467613326562, 0.8493467613326562, 0.8512697275451796], "prob_mutate": 0.0375}