{"num_qubits": 5, "depth": 10, "num_circuit": 16, "num_generation": 50, "current_generation": 6, "fitnessss": [[0.30778471241774225, 0.2777540584155743, 0.2855594474244477, 0.2958955208560396, 0.3633533527425509, 0.3347567345629191, 0.2901092668482435, 0.37750612296343566, 0.35757445557937373, 0.3022338318587326, 0.1855621401564172, 0.35605683047449743, 0.3260995472723325, 0.2694930115202471, 0.21739121928557625, 0.3567229113247157], [0.37750612296343566, 0.3633533527425509, 0.3560092273240987, 0.4166412006781327, 0.35757445557937373, 0.3567229113247157, 0.33143853728240724, 0.32619981386288954, 0.3084107870509219, 0.3347567345629191, 0.33308074075314564, 0.3586511991686189, 0.3993645070299273, 0.31806660907100776, 0.32726390272383804, 0.33139690577520164], [0.4166412006781327, 0.4206600731918665, 0.36125112046279984, 0.36915974303632, 0.37750612296343566, 0.3633533527425509, 0.31089751212213346, 0.4166412006781327, 0.3586511991686189, 0.35757445557937373, 0.34812385401697343, 0.40674919922983455, 0.3567229113247157, 0.3560092273240987, 0.33748649626112914, 0.32012941458599947], [0.4206600731918665, 0.4166412006781327, 0.40162754894183017, 0.36125112046279984, 0.4166412006781327, 0.40674919922983455, 0.33030868475231107, 0.3526027401136833, 0.37750612296343566, 0.36915974303632, 0.37750612296343566, 0.36915974303632, 0.3633533527425509, 0.36125112046279984, 0.36125112046279984, 0.30339828822891235], [0.4206600731918665, 0.4166412006781327, 0.40162754894183017, 0.36125112046279984, 0.4166412006781327, 0.40674919922983455, 0.28497002969897267, 0.3526027401136833, 0.40162754894183017, 0.37750612296343566, 0.40162754894183017, 0.37750612296343566, 0.34516814485654723, 0.36915974303632, 0.3572273942381567, 0.3410760063611621], [0.4206600731918665, 0.4166412006781327, 0.40162754894183017, 0.36125112046279984, 0.4166412006781327, 0.40674919922983455, 0.33030868475231107, 0.33248625309287955, 0.40162754894183017, 0.44036907600807107, 0.40162754894183017, 0.3844039061907198, 0.40162754894183017, 0.37750612296343566, 0.40162754894183017, 0.37750612296343566]], "best_fitnesss": [0.37750612296343566, 0.4166412006781327, 0.4206600731918665, 0.4206600731918665, 0.4206600731918665, 0.44036907600807107], "prob_mutate": 0.01875}