{"num_qubits": 6, "depth": 21, "num_circuit": 32, "num_generation": 30, "current_generation": 7, "fitnessss": [[0.38695751722181393, 0.43682790460874993, 0.4436503495966219, 0.46620127959005897, 0.3707650698289554, 0.3752799206669504, 0.37300893592705187, 0.3981680273269748, 0.40202457094786564, 0.430723074165748, 0.4166941916109238, 0.3892935283360729, 0.43904744074292534, 0.38727055779453873, 0.4468139356319664, 0.39624217101185266, 0.408517529437158, 0.44577142196106323, 0.3836757166828031, 0.3878728833282531, 0.36075670591440223, 0.3835175489459045, 0.4196370389259407, 0.38381291797947065, 0.37064849851345405, 0.4042908446819643, 0.4073732953915467, 0.4471190122033957, 0.4448720778583287, 0.34652272972175924, 0.4487609921752938, 0.45193121774074696], [0.46620127959005897, 0.45193121774074696, 0.4446688007970295, 0.4367559196889048, 0.43447837342081463, 0.4471190122033957, 0.4555829071685724, 0.40234328869861075, 0.4468139356319664, 0.40203661730353907, 0.4265693186651326, 0.4518595638506763, 0.4448720778583287, 0.4436503495966219, 0.44429193582040716, 0.4116398872873715, 0.43904744074292534, 0.43682790460874993, 0.41154307008722035, 0.4231026381831331, 0.430723074165748, 0.4196370389259407, 0.476141066811695, 0.4230100773299002, 0.4166941916109238, 0.408517529437158, 0.3804516116043425, 0.4050829882734221, 0.4073732953915467, 0.4042908446819643, 0.43112274439088105, 0.4272692458214487], [0.4542450748638733, 0.4341984321806859, 0.4164695401778557, 0.48319562238344166, 0.4555829071685724, 0.45193121774074696, 0.43806741855755654, 0.43629420905949196, 0.4518595638506763, 0.4471190122033957, 0.4645807306963605, 0.4648026670078583, 0.4449210465987126, 0.4658679688927926, 0.4461657726207499, 0.47522332374616827, 0.4446688007970295, 0.44429193582040716, 0.47468177611971163, 0.4554664057596378, 0.4436503495966219, 0.43904744074292534, 0.4354989210454231, 0.44933529134621786, 0.39897860476450453, 0.4367559196889048, 0.3934434593404458, 0.4415287592184981, 0.43447837342081463, 0.43112274439088105, 0.42586873251026375, 0.38871415927093034], [0.48319562238344166, 0.47522332374616827, 0.4586225185877456, 0.47697718857626803, 0.47468177611971163, 0.4658679688927926, 0.4462553284433083, 0.44429193582040716, 0.4648026670078583, 0.4645807306963605, 0.4471190122033957, 0.4518595638506763, 0.4555829071685724, 0.4554664057596378, 0.43806741855755654, 0.44911488613101447, 0.4542450748638733, 0.45193121774074696, 0.4331877582995105, 0.4410666674929161, 0.4518595638506763, 0.44933529134621786, 0.4617840199974347, 0.43490965724670183, 0.41907719921866515, 0.4461657726207499, 0.43915403482086546, 0.37633250951500574, 0.4449210465987126, 0.4446688007970295, 0.41147519193401605, 0.4586225185877456], [0.48319562238344166, 0.47697718857626803, 0.48319562238344166, 0.47697718857626803, 0.47522332374616827, 0.4875761324418734, 0.44429193582040716, 0.4586225185877456, 0.4658679688927926, 0.4648026670078583, 0.47522332374616827, 0.42390439910544586, 0.4645807306963605, 0.4617840199974347, 0.4466585030172391, 0.4645807306963605, 0.4586225185877456, 0.4586225185877456, 0.4586225185877456, 0.4586225185877456, 0.4555829071685724, 0.4554664057596378, 0.43806741855755654, 0.44911488613101447, 0.4542450748638733, 0.45193121774074696, 0.4331877582995105, 0.4410666674929161, 0.4518595638506763, 0.4518595638506763, 0.4518595638506763, 0.4518595638506763], [0.457799989922702, 0.48319562238344166, 0.48319562238344166, 0.4875761324418734, 0.48319562238344166, 0.47697718857626803, 0.48319562238344166, 0.47697718857626803, 0.47697718857626803, 0.47522332374616827, 0.47522332374616827, 0.47697718857626803, 0.47522332374616827, 0.4658679688927926, 0.4658679688927926, 0.47522332374616827, 0.4648026670078583, 0.4645807306963605, 0.4471190122033957, 0.4518595638506763, 0.4645807306963605, 0.4617840199974347, 0.4617840199974347, 0.4645807306963605, 0.4586225185877456, 0.4586225185877456, 0.4586225185877456, 0.4586225185877456, 0.4586225185877456, 0.43498645829877036, 0.4586225185877456, 0.4586225185877456], [0.4875761324418734, 0.48319562238344166, 0.48319562238344166, 0.4903671098884491, 0.48319562238344166, 0.48319562238344166, 0.48319562238344166, 0.48319562238344166, 0.48319562238344166, 0.47697718857626803, 0.48319562238344166, 0.468191881140808, 0.47697718857626803, 0.47697718857626803, 0.47697718857626803, 0.47697718857626803, 0.47697718857626803, 0.47522332374616827, 0.47522332374616827, 0.47697718857626803, 0.47522332374616827, 0.47522332374616827, 0.47522332374616827, 0.47522332374616827, 0.47522332374616827, 0.4658679688927926, 0.4658679688927926, 0.47522332374616827, 0.4658679688927926, 0.4648026670078583, 0.47522332374616827, 0.444107546973859]], "best_fitnesss": [0.46620127959005897, 0.476141066811695, 0.48319562238344166, 0.48319562238344166, 0.4875761324418734, 0.4875761324418734, 0.4903671098884491], "prob_mutate": 0.004464285714285714}