{"num_qubits": 4, "depth": 19, "num_circuit": 16, "num_generation": 40, "current_generation": 1, "fitnessss": [[0.7930694486979435, 0.7400514268369591, 0.7986393339071756, 0.7478918656438737, 0.7215137178032813, 0.7850565332408206, 0.7334114900167857, 0.7779879805756897, 0.7992943332030147, 0.7831988105682167, 0.6980580434485165, 0.6137064483325407, 0.7551190002311958, 0.7355729067120654, 0.7077902240881958, 0.7378357297348431]], "best_fitnesss": [0.7992943332030147], "prob_mutate": 0.009868421052631578}