{"num_qubits": 4, "depth": 10, "num_circuit": 4, "num_generation": 30, "current_generation": 30, "fitnessss": [[0.4093095178278511, 0.40674391353655953, 0.4387625422383922, 0.5054487480461379], [0.5054487480461379, 0.4804209506121704, 0.4140601465594269, 0.530498594912418], [0.5663634682242457, 0.4716957682842705, 0.530498594912418, 0.49203246903460174], [0.5663634682242457, 0.6101400840983937, 0.5663634682242457, 0.530498594912418], [0.6101400840983937, 0.5212402465158801, 0.5395776773561362, 0.5329754022677067], [0.5755369487010167, 0.5723873372738438, 0.5395776773561362, 0.52255543180533], [0.510960471827433, 0.4747981217638534, 0.5390673538188634, 0.5755369487010167], [0.548843255224442, 0.497881268347209, 0.5723873372738438, 0.5303128992126181], [0.5587214064919608, 0.548843255224442, 0.5204483734571639, 0.5723873372738438], [0.5120984954022646, 0.49006765466422414, 0.5511165393157291, 0.5667661314468176], [0.5667661314468176, 0.5511165393157291, 0.5874715699758137, 0.5570244746298973], [0.44174368881894654, 0.497936237151515, 0.5667661314468176, 0.5874715699758137], [0.5468310120044694, 0.5667661314468176, 0.5539261752063759, 0.6019229363968589], [0.5401158189295981, 0.5667661314468176, 0.5834788115680621, 0.6019229363968589], [0.5470676687833682, 0.5834788115680621, 0.5834788115680621, 0.4793237764330983], [0.5834788115680621, 0.5480445290550346, 0.5745459191730633, 0.5834788115680621], [0.5834788115680621, 0.5834788115680621, 0.5834788115680621, 0.5834788115680621], [0.5834788115680621, 0.5834788115680621, 0.5522919096975774, 0.4757975269068222], [0.5110707836492215, 0.47781743496119616, 0.5834788115680621, 0.5834788115680621], [0.4737492029318264, 0.5834788115680621, 0.5834788115680621, 0.5368001737669303], [0.5834788115680621, 0.4832809362330406, 0.5980278318504191, 0.5834788115680621], [0.5560756683774856, 0.5196868054258965, 0.5385457790677325, 0.5980278318504191], [0.5980278318504191, 0.5560756683774856, 0.5917984425911879, 0.48822426011726944], [0.5149319120701793, 0.6302998073584278, 0.5366328906978071, 0.5793616298377], [0.5692570857777013, 0.5793616298377, 0.5889737209664355, 0.5625146543976761], [0.5889737209664355, 0.39982489233348745, 0.576706636048492, 0.5793616298377], [0.5889737209664355, 0.4223128818703885, 0.5256222332598883, 0.571220787816962], [0.5889737209664355, 0.571220787816962, 0.5889737209664355, 0.5073020955876242], [0.5889737209664355, 0.5597514289027877, 0.5377765419145175, 0.5519962553227378], [0.5889737209664355, 0.5655436515688654, 0.5597514289027877, 0.5552873143487367]], "best_fitnesss": [0.5054487480461379, 0.530498594912418, 0.5663634682242457, 0.6101400840983937, 0.6101400840983937, 0.5755369487010167, 0.5755369487010167, 0.5723873372738438, 0.5723873372738438, 0.5667661314468176, 0.5874715699758137, 0.5874715699758137, 0.6019229363968589, 0.6019229363968589, 0.5834788115680621, 0.5834788115680621, 0.5834788115680621, 0.5834788115680621, 0.5834788115680621, 0.5834788115680621, 0.5980278318504191, 0.5980278318504191, 0.5980278318504191, 0.6302998073584278, 0.5889737209664355, 0.5889737209664355, 0.5889737209664355, 0.5889737209664355, 0.5889737209664355, 0.5889737209664355], "prob_mutate": 0.075}