{"num_qubits": 4, "depth": 6, "num_circuit": 16, "num_generation": 10, "current_generation": 10, "fitnessss": [[0.3779904721317813, 0.3057693855611897, 0.26943830327125295, 0.3867334483781949, 0.37306679541358145, 0.42400431018160845, 0.3278223146013186, 0.29504594993199185, 0.37261704135927787, 0.32631086807218496, 0.3052647881314234, 0.2587402268536242, 0.34508937885150465, 0.40695098603736773, 0.32690273511764306, 0.3114376764392085], [0.42400431018160845, 0.40695098603736773, 0.3970154380621757, 0.4147401591621745, 0.3867334483781949, 0.3779904721317813, 0.3698979314413284, 0.42602017835391826, 0.37306679541358145, 0.37261704135927787, 0.4257939944192734, 0.3961418086509254, 0.34508937885150465, 0.3278223146013186, 0.31230965802413885, 0.18494078826953647], [0.42602017835391826, 0.4257939944192734, 0.2636907506035184, 0.38307787761285095, 0.42400431018160845, 0.4147401591621745, 0.28158196391661133, 0.4147401591621745, 0.40695098603736773, 0.3970154380621757, 0.40695098603736773, 0.3970154380621757, 0.3961418086509254, 0.3867334483781949, 0.34554470067232806, 0.3759577031586837], [0.42602017835391826, 0.4257939944192734, 0.4204359207801643, 0.37134333529698865, 0.42400431018160845, 0.4147401591621745, 0.42400431018160845, 0.4147401591621745, 0.4147401591621745, 0.40695098603736773, 0.40695098603736773, 0.47182171490592645, 0.46617694704571094, 0.3970154380621757, 0.40695098603736773, 0.3970154380621757], [0.47182171490592645, 0.46617694704571094, 0.40695098603736773, 0.42155471145130896, 0.42602017835391826, 0.41793417352911766, 0.36770729248200257, 0.38307787761285095, 0.42400431018160845, 0.42400431018160845, 0.4561703236004381, 0.42400431018160845, 0.4204359207801643, 0.4147401591621745, 0.41895359462349147, 0.42978269035704325], [0.47182171490592645, 0.46617694704571094, 0.40695098603736773, 0.42155471145130896, 0.4561703236004381, 0.24390766931550117, 0.35462502959511355, 0.4520371093433619, 0.3980132111987077, 0.42400431018160845, 0.41895359462349147, 0.3587446108618513, 0.35511952698429083, 0.42400431018160845, 0.42400431018160845, 0.42400431018160845], [0.47182171490592645, 0.46617694704571094, 0.3876837472479452, 0.43041535649743967, 0.4561703236004381, 0.4520371093433619, 0.4561703236004381, 0.4520371093433619, 0.35113322306739225, 0.2600489509030496, 0.42400431018160845, 0.42400431018160845, 0.33966993031290743, 0.3877410358362209, 0.42400431018160845, 0.42400431018160845], [0.3955681922870929, 0.3961078256876783, 0.40695098603736773, 0.42155471145130896, 0.4561703236004381, 0.4561703236004381, 0.4561703236004381, 0.4561703236004381, 0.33691752684299525, 0.4520371093433619, 0.4520371093433619, 0.4520371093433619, 0.43041535649743967, 0.42400431018160845, 0.440972023667639, 0.38940021958850324], [0.4561703236004381, 0.4561703236004381, 0.4561703236004381, 0.4561703236004381, 0.4561703236004381, 0.4561703236004381, 0.4561703236004381, 0.4561703236004381, 0.4520371093433619, 0.4520371093433619, 0.4520371093433619, 0.4520371093433619, 0.4520371093433619, 0.440972023667639, 0.416032526375475, 0.3238179238341147], [0.35919313622898874, 0.4561703236004381, 0.4561703236004381, 0.4561703236004381, 0.4561703236004381, 0.33708119552176535, 0.4561703236004381, 0.4561703236004381, 0.4561703236004381, 0.4561703236004381, 0.4561703236004381, 0.4561703236004381, 0.4561703236004381, 0.36286717745548486, 0.4561703236004381, 0.4561703236004381]], "best_fitnesss": [0.42400431018160845, 0.42602017835391826, 0.42602017835391826, 0.47182171490592645, 0.47182171490592645, 0.47182171490592645, 0.47182171490592645, 0.4561703236004381, 0.4561703236004381, 0.4561703236004381], "prob_mutate": 0.03125}