{"num_qubits": 4, "depth": 6, "num_circuit": 16, "num_generation": 10, "current_generation": 10, "fitnessss": [[0.4129637094690284, 0.25990158932080937, 0.26926989124425765, 0.33144335741504694, 0.28988261527348896, 0.3066199422065332, 0.30724235011289586, 0.36152071801423263, 0.3112182979462784, 0.29247639859299535, 0.33517528520398127, 0.3645416908700465, 0.2950705918395156, 0.35984721137351056, 0.25901398936476705, 0.3630281138147687], [0.4129637094690284, 0.3645416908700465, 0.2737717109665404, 0.4015919047463609, 0.37281058466709693, 0.36152071801423263, 0.32956545508687396, 0.39056369353074377, 0.35984721137351056, 0.33517528520398127, 0.35383194836872894, 0.3871182489493431, 0.33144335741504694, 0.3112182979462784, 0.29007123609273133, 0.44133050172162147], [0.44133050172162147, 0.4129637094690284, 0.488178393529778, 0.33027321269781373, 0.4015919047463609, 0.39056369353074377, 0.3780961813306979, 0.3818946694484519, 0.3871182489493431, 0.37281058466709693, 0.36701435986260866, 0.3341584190034737, 0.3645416908700465, 0.36152071801423263, 0.4204489807877132, 0.2990312517041157], [0.488178393529778, 0.44133050172162147, 0.44133050172162147, 0.488178393529778, 0.4204489807877132, 0.35918066898151185, 0.46354846747700884, 0.3072844113369133, 0.4015919047463609, 0.39056369353074377, 0.3780961813306979, 0.500593301993239, 0.38572550478323175, 0.3818946694484519, 0.3630117894952913, 0.36574985473873345], [0.500593301993239, 0.488178393529778, 0.46650284729558117, 0.488178393529778, 0.4333954584860882, 0.4128828090609179, 0.488178393529778, 0.43839263216096686, 0.44133050172162147, 0.44133050172162147, 0.44133050172162147, 0.44133050172162147, 0.40074919565433403, 0.4015919047463609, 0.46354846747700884, 0.42610033084124266], [0.500593301993239, 0.488178393529778, 0.500593301993239, 0.488178393529778, 0.41268778588828636, 0.488178393529778, 0.488178393529778, 0.45757572906705457, 0.27960198211946097, 0.46354846747700884, 0.500593301993239, 0.42531918536049435, 0.44133050172162147, 0.44133050172162147, 0.42331745626431994, 0.44133050172162147], [0.49956167234929383, 0.500593301993239, 0.500593301993239, 0.500593301993239, 0.4472226551563693, 0.488178393529778, 0.3884983972239501, 0.488178393529778, 0.488178393529778, 0.488178393529778, 0.488178393529778, 0.488178393529778, 0.488178393529778, 0.46354846747700884, 0.488178393529778, 0.46354846747700884], [0.500593301993239, 0.5092963832565902, 0.500593301993239, 0.5269507786871774, 0.500593301993239, 0.49956167234929383, 0.49491997153553946, 0.49956167234929383, 0.488178393529778, 0.488178393529778, 0.488178393529778, 0.488178393529778, 0.488178393529778, 0.3743212576455711, 0.488178393529778, 0.488178393529778], [0.5050743258084905, 0.5092963832565902, 0.5092963832565902, 0.5269507786871774, 0.500593301993239, 0.500593301993239, 0.500593301993239, 0.500593301993239, 0.49723844431658487, 0.49956167234929383, 0.500593301993239, 0.49956167234929383, 0.49956167234929383, 0.49491997153553946, 0.4413411642797718, 0.500593301993239], [0.5269507786871774, 0.5092963832565902, 0.5092963832565902, 0.5269507786871774, 0.5092963832565902, 0.5050743258084905, 0.5050743258084905, 0.5092963832565902, 0.48330072822537307, 0.39302229330627914, 0.500593301993239, 0.500593301993239, 0.5189731684775049, 0.500593301993239, 0.500593301993239, 0.45693723782534734]], "best_fitnesss": [0.4129637094690284, 0.44133050172162147, 0.488178393529778, 0.500593301993239, 0.500593301993239, 0.500593301993239, 0.500593301993239, 0.5269507786871774, 0.5269507786871774, 0.5269507786871774], "prob_mutate": 0.03125}