{"num_qubits": 5, "depth": 12, "num_circuit": 32, "num_generation": 30, "current_generation": 21, "fitnessss": [[0.3133836416799084, 0.3913508009250379, 0.28810293449117996, 0.3278340322955916, 0.3990460581252525, 0.30993068284275355, 0.29182876316830597, 0.27999050077560467, 0.47283540193832796, 0.4005765163403515, 0.47170002009171974, 0.3816914455018825, 0.3836344263503652, 0.3530807572628584, 0.2823579587327948, 0.3313327214875292, 0.33327568972969246, 0.42155711121800127, 0.40400731373789023, 0.23494970894370412, 0.359613936165188, 0.43733778018575703, 0.3796129658188191, 0.3004177914602037, 0.2779328887644553, 0.36070703109626023, 0.4037662288926053, 0.3315562991687521, 0.40928941436014765, 0.29545187349949664, 0.3498539963386171, 0.3071263460485244], [0.47283540193832796, 0.47170002009171974, 0.42482490582500826, 0.5001270026112488, 0.43733778018575703, 0.42155711121800127, 0.4375202629714817, 0.4408015697402452, 0.40928941436014765, 0.40400731373789023, 0.4041723539812622, 0.45657924613311496, 0.4037662288926053, 0.4005765163403515, 0.37762550062130973, 0.4062066146619772, 0.3990460581252525, 0.3913508009250379, 0.42401410278551693, 0.42088392284257586, 0.3836344263503652, 0.3816914455018825, 0.35055561192663875, 0.36970577275289385, 0.3796129658188191, 0.36070703109626023, 0.44836197493339985, 0.35419845988485205, 0.359613936165188, 0.3530807572628584, 0.34992923323411923, 0.41605431146069416], [0.5001270026112488, 0.47283540193832796, 0.5001270026112488, 0.47283540193832796, 0.47170002009171974, 0.45657924613311496, 0.4804633906234786, 0.4249174991604683, 0.44836197493339985, 0.4408015697402452, 0.40590016887166946, 0.4261293608620663, 0.4375202629714817, 0.43733778018575703, 0.43733778018575703, 0.4375202629714817, 0.42482490582500826, 0.42401410278551693, 0.4106392857257588, 0.349049736678077, 0.42155711121800127, 0.42088392284257586, 0.3917035205027927, 0.44771543671188463, 0.41605431146069416, 0.40928941436014765, 0.3687967471730582, 0.4468520626226872, 0.4062066146619772, 0.4041723539812622, 0.4008342781994072, 0.3840517344480007], [0.5001270026112488, 0.5001270026112488, 0.5001270026112488, 0.5001270026112488, 0.42207977899981586, 0.47283540193832796, 0.5001270026112488, 0.42330855198243234, 0.47283540193832796, 0.47170002009171974, 0.42482490582500826, 0.5001270026112488, 0.45657924613311496, 0.44836197493339985, 0.44171033100412405, 0.4383485346303232, 0.44771543671188463, 0.4468520626226872, 0.45578145705142703, 0.42774549060454026, 0.4408015697402452, 0.4375202629714817, 0.42155711121800127, 0.43733778018575703, 0.4375202629714817, 0.43733778018575703, 0.43733778018575703, 0.4375202629714817, 0.43733778018575703, 0.4261293608620663, 0.48106265470871545, 0.4408015697402452], [0.5001270026112488, 0.5001270026112488, 0.5001270026112488, 0.5001270026112488, 0.5001270026112488, 0.5001270026112488, 0.5001270026112488, 0.5086157503317291, 0.5001270026112488, 0.5001270026112488, 0.5001270026112488, 0.5001270026112488, 0.48106265470871545, 0.47283540193832796, 0.41029926057588745, 0.4574663436630363, 0.42102407013796944, 0.47170002009171974, 0.42482490582500826, 0.5001270026112488, 0.45657924613311496, 0.45578145705142703, 0.4115121148136616, 0.44569524098127394, 0.44836197493339985, 0.44771543671188463, 0.4593119465191496, 0.4234916853850007, 0.4468520626226872, 0.44171033100412405, 0.3933357794796691, 0.4115121148136616], [0.5086157503317291, 0.4504521411415161, 0.5001270026112488, 0.5172899257709751, 0.5001270026112488, 0.5001270026112488, 0.5001270026112488, 0.5001270026112488, 0.5001270026112488, 0.4768630187294086, 0.5001270026112488, 0.5001270026112488, 0.5001270026112488, 0.5001270026112488, 0.46037484489811026, 0.5001270026112488, 0.5001270026112488, 0.5001270026112488, 0.5001270026112488, 0.5001270026112488, 0.5001270026112488, 0.5001270026112488, 0.5001270026112488, 0.5001270026112488, 0.5001270026112488, 0.4427275860592731, 0.4532332125291771, 0.41029926057588745, 0.33486679071017705, 0.47170002009171974, 0.42482490582500826, 0.5001270026112488], [0.5172899257709751, 0.5086157503317291, 0.5172899257709751, 0.5086157503317291, 0.5001270026112488, 0.5001270026112488, 0.507484505078087, 0.5001270026112488, 0.5001270026112488, 0.5001270026112488, 0.5001270026112488, 0.5001270026112488, 0.5001270026112488, 0.5001270026112488, 0.5001270026112488, 0.5001270026112488, 0.5001270026112488, 0.5001270026112488, 0.5001270026112488, 0.5001270026112488, 0.5001270026112488, 0.5001270026112488, 0.5001270026112488, 0.5001270026112488, 0.5001270026112488, 0.5001270026112488, 0.5001270026112488, 0.5001270026112488, 0.5001270026112488, 0.5001270026112488, 0.5001270026112488, 0.4883839827032572], [0.5172899257709751, 0.4338144290955711, 0.5172899257709751, 0.5172899257709751, 0.5086157503317291, 0.5086157503317291, 0.5086157503317291, 0.5086157503317291, 0.507484505078087, 0.5001270026112488, 0.4354850522153077, 0.507484505078087, 0.5001270026112488, 0.5001270026112488, 0.5001270026112488, 0.5001270026112488, 0.5001270026112488, 0.5001270026112488, 0.5001270026112488, 0.5001270026112488, 0.5001270026112488, 0.5001270026112488, 0.5001270026112488, 0.5001270026112488, 0.5001270026112488, 0.5001270026112488, 0.5001270026112488, 0.5001270026112488, 0.5001270026112488, 0.4520604322438889, 0.5001270026112488, 0.5001270026112488], [0.5172899257709751, 0.5172899257709751, 0.5172899257709751, 0.5172899257709751, 0.5172899257709751, 0.5086157503317291, 0.5172899257709751, 0.5086157503317291, 0.5086157503317291, 0.5086157503317291, 0.5086157503317291, 0.5086157503317291, 0.5086157503317291, 0.507484505078087, 0.507484505078087, 0.5086157503317291, 0.507484505078087, 0.5001270026112488, 0.5001270026112488, 0.507484505078087, 0.5001270026112488, 0.5001270026112488, 0.5001270026112488, 0.5001270026112488, 0.5001270026112488, 0.5001270026112488, 0.5001270026112488, 0.5001270026112488, 0.43993661122281613, 0.4585522030719857, 0.5001270026112488, 0.5001270026112488], [0.5172899257709751, 0.5172899257709751, 0.5172899257709751, 0.5172899257709751, 0.5172899257709751, 0.5172899257709751, 0.5172899257709751, 0.5172899257709751, 0.5172899257709751, 0.5172899257709751, 0.5172899257709751, 0.5172899257709751, 0.5086157503317291, 0.5086157503317291, 0.5086157503317291, 0.5086157503317291, 0.5086157503317291, 0.5086157503317291, 0.5086157503317291, 0.5086157503317291, 0.5086157503317291, 0.5086157503317291, 0.5086157503317291, 0.5086157503317291, 0.5086157503317291, 0.5086157503317291, 0.5086157503317291, 0.5086157503317291, 0.507484505078087, 0.507484505078087, 0.507484505078087, 0.507484505078087], [0.42745932930533825, 0.5172899257709751, 0.5172899257709751, 0.5172899257709751, 0.5172899257709751, 0.5172899257709751, 0.5172899257709751, 0.5172899257709751, 0.5172899257709751, 0.5172899257709751, 0.49429876161475744, 0.5172899257709751, 0.5172899257709751, 0.5172899257709751, 0.5172899257709751, 0.5172899257709751, 0.5172899257709751, 0.5172899257709751, 0.5172899257709751, 0.5172899257709751, 0.5172899257709751, 0.5172899257709751, 0.5172899257709751, 0.5172899257709751, 0.5086157503317291, 0.5086157503317291, 0.5086157503317291, 0.5086157503317291, 0.5086157503317291, 0.5086157503317291, 0.4755887635386187, 0.5086157503317291], [0.5172899257709751, 0.5172899257709751, 0.5172899257709751, 0.5172899257709751, 0.5172899257709751, 0.4683284136613149, 0.5027426719706428, 0.5160753875970187, 0.5172899257709751, 0.4867463835914071, 0.5172899257709751, 0.5172899257709751, 0.5172899257709751, 0.5172899257709751, 0.5172899257709751, 0.5172899257709751, 0.5172899257709751, 0.5172899257709751, 0.5172899257709751, 0.5172899257709751, 0.5172899257709751, 0.5172899257709751, 0.5172899257709751, 0.5172899257709751, 0.5172899257709751, 0.5172899257709751, 0.5172899257709751, 0.5172899257709751, 0.5172899257709751, 0.5172899257709751, 0.5172899257709751, 0.5172899257709751], [0.5172899257709751, 0.5172899257709751, 0.5172899257709751, 0.5172899257709751, 0.5172899257709751, 