{"num_qubits": 3, "depth": 5, "num_circuit": 8, "num_generation": 50, "current_generation": 9, "fitnessss": [[0.3701747136652936, 0.4848513337116424, 0.460096561890832, 0.25821806493468075, 0.5302657797801343, 0.36477726445478403, 0.49448299613201063, 0.2964001142365415], [0.3889369497377255, 0.2689889622742703, 0.3074687451002348, 0.5216705007955215, 0.4848513337116424, 0.3425942992912886, 0.6182016801632131, 0.24506413618411899], [0.5980418686204194, 0.5216705007955215, 0.5669675702994565, 0.5210943345072242, 0.4848513337116424, 0.3889369497377255, 0.6048255756018855, 0.4150400642443414], [0.6048255756018855, 0.5980418686204194, 0.5980418686204194, 0.6048255756018855, 0.5710201956033141, 0.49932265419387417, 0.5669675702994565, 0.5216705007955215], [0.6370394950251995, 0.5647266993541059, 0.6048255756018855, 0.6048255756018855, 0.5980418686204194, 0.5980418686204194, 0.5381549682972272, 0.5980418686204194], [0.6370394950251995, 0.6170849158296654, 0.5832293659909115, 0.6370394950251995, 0.6048255756018855, 0.5980418686204194, 0.5980418686204194, 0.6048255756018855], [0.5890051600008888, 0.42297508801434464, 0.6370394950251995, 0.41709302424148637, 0.6170849158296654, 0.6068203000512066, 0.6170849158296654, 0.5532529715297738], [0.6370394950251995, 0.6170849158296654, 0.6048255756018855, 0.6350392362475533, 0.5546122391677437, 0.4819074091485773, 0.5944552647048701, 0.6048255756018858], [0.44422755476309295, 0.6844271758770184, 0.6370394950251995, 0.6350392362475533, 0.5381662476585554, 0.38993768201171697, 0.6170849158296654, 0.5346501225531497]], "best_fitnesss": [0.5302657797801343, 0.6182016801632131, 0.6048255756018855, 0.6048255756018855, 0.6370394950251995, 0.6370394950251995, 0.6370394950251995, 0.6370394950251995, 0.6844271758770184], "prob_mutate": 0.075}