{"num_qubits": 4, "depth": 18, "num_circuit": 32, "num_generation": 10, "current_generation": 3, "fitnessss": [[0.5701086416228847, 0.7441306050530253, 0.7189803790569738, 0.6973539655866383, 0.7303156372928417, 0.6609996715251458, 0.7248809622693868, 0.7278286613355063, 0.7271139712146264, 0.7734004568630436, 0.7626841980977839, 0.7026463833245534, 0.7698023613654542, 0.6863313094674317, 0.8052616030450249, 0.5375162189946844, 0.7546299756727339, 0.74954446726097, 0.7412382049626931, 0.7533091172128427, 0.7355458198767367, 0.7781791272304774, 0.750108773614184, 0.6019895112569364, 0.7347731023665645, 0.7502024711344306, 0.5707091243050966, 0.7469856606076907, 0.7564248044996646, 0.6873252440281583, 0.817068511832654, 0.705759542970959], [0.817068511832654, 0.8052616030450249, 0.7785842476490806, 0.7938207590840898, 0.7781791272304774, 0.7734004568630436, 0.7716555856245282, 0.7732825840753144, 0.7034338466885401, 0.7626841980977839, 0.7667527300151724, 0.7298613017904365, 0.7564248044996646, 0.7546299756727339, 0.7445206406765228, 0.789766247264412, 0.7533091172128427, 0.7502024711344306, 0.8049475181884436, 0.7262308507614569, 0.750108773614184, 0.74954446726097, 0.7153464499354929, 0.7931040802981804, 0.7469856606076907, 0.7441306050530253, 0.7614993763041568, 0.809229148320733, 0.7412382049626931, 0.7355458198767367, 0.8030865620794205, 0.7127827809896565], [0.817068511832654, 0.7399387113153495, 0.7453200488667271, 0.8106179688769679, 0.8052616030450249, 0.8049475181884436, 0.7389597057840298, 0.7887330911781264, 0.8030865620794205, 0.7938207590840898, 0.7779229297699961, 0.8406184555955246, 0.7931040802981804, 0.789766247264412, 0.8226208967095244, 0.657610358220948, 0.7785842476490806, 0.7781791272304774, 0.7921969733383619, 0.7876743075238004, 0.8569709590534369, 0.7732825840753144, 0.7732825840753144, 0.7734004568630436, 0.7716555856245282, 0.7667527300151724, 0.843639294342154, 0.7688977948859208, 0.7676891239436425, 0.7614993763041568, 0.7092440021994078, 0.7897558833776998]], "best_fitnesss": [0.817068511832654, 0.817068511832654, 0.8569709590534369], "prob_mutate": 0.005208333333333333}