{"num_qubits": 6, "depth": 29, "num_circuit": 32, "num_generation": 20, "current_generation": 1, "fitnessss": [[0.47717267912632233, 0.44340194263314203, 0.5116435325511651, 0.5144504720278718, 0.5704951654288639, 0.47575144249734846, 0.5749819688012533, 0.5888216547622085, 0.5554863701275817, 0.584446095029877, 0.5874023944954188, 0.5854344967167081, 0.5935028898762839, 0.5577255775219291, 0.5869822739073391, 0.5740049186065117, 0.5885359289993557, 0.6164699381065274, 0.5883256867864232, 0.6247589408127128, 0.5576508216196451, 0.5572698814048476, 0.5515893184624077, 0.47044663347451987, 0.5279389394031366, 0.529696451546472, 0.5087347640740811, 0.5267226838574407, 0.592503416393095, 0.5244684239662865, 0.6188621996455654, 0.541609851873376]], "best_fitnesss": [0.6247589408127128], "prob_mutate": 0.003232758620689655}