{"num_qubits": 6, "depth": 31, "num_circuit": 8, "num_generation": 40, "current_generation": 4, "fitnessss": [[0.5398948339260217, 0.6836245588013763, 0.5687181772935028, 0.632130321631709, 0.5533704780322215, 0.5892240624890629, 0.6250399588313446, 0.6170205077644606], [0.6556921727435852, 0.632130321631709, 0.6265068124280215, 0.6740926997428647, 0.6250399588313446, 0.6312452619618709, 0.6040331294559456, 0.5828207736790518], [0.6740926997428647, 0.6556921727435852, 0.6753000246260711, 0.6714116723494921, 0.632130321631709, 0.632133318211402, 0.6672772253511353, 0.5911298914838297], [0.6753000246260711, 0.6810001133572765, 0.6861525856267103, 0.6686872628305158, 0.6714116723494921, 0.6728432938300251, 0.6400997836048312, 0.6790790736836075]], "best_fitnesss": [0.6836245588013763, 0.6740926997428647, 0.6753000246260711, 0.6861525856267103], "prob_mutate": 0.012096774193548387}