{"num_qubits": 5, "depth": 24, "num_circuit": 32, "num_generation": 30, "current_generation": 2, "fitnessss": [[0.6182083926967037, 0.6523993206301325, 0.6679124795684132, 0.6267100839372477, 0.6433640165261751, 0.6329817512663888, 0.6755461009787602, 0.7161611773198443, 0.6977779488636114, 0.670390531361792, 0.6779269855624925, 0.6068746970234843, 0.710020473381973, 0.6891583390579172, 0.6959183623739291, 0.6974189361902976, 0.7055576767006378, 0.7006110054515052, 0.7068898828543801, 0.6125595679819151, 0.6907105979121344, 0.7114819874167174, 0.7092126727491593, 0.6771859315949148, 0.674543684137318, 0.6279468587595718, 0.7002749751926531, 0.6826038874517346, 0.5045369314558467, 0.6591321865421064, 0.6913345275126842, 0.7086624233310619], [0.7161611773198443, 0.7114819874167174, 0.7510689803176623, 0.7227765948668015, 0.710020473381973, 0.7092126727491593, 0.7029787510544174, 0.7087369998784384, 0.7086624233310619, 0.7068898828543801, 0.7050472524729474, 0.7332173887202905, 0.7055576767006378, 0.7202984276838175, 0.7060988119446744, 0.6724632203017968, 0.7002749751926531, 0.6977779488636114, 0.7151034631564508, 0.6781141704750908, 0.6974189361902976, 0.6959183623739291, 0.6776295324858053, 0.6298882797765024, 0.6913345275126842, 0.6907105979121344, 0.6849476663544855, 0.687064441990532, 0.6891583390579172, 0.6826038874517346, 0.7039038274715648, 0.6449671918968948]], "best_fitnesss": [0.7161611773198443, 0.7510689803176623], "prob_mutate": 0.00390625}