{"num_qubits": 4, "depth": 18, "num_circuit": 16, "num_generation": 50, "current_generation": 3, "fitnessss": [[0.7623746441456383, 0.8148084084275149, 0.6852690134412978, 0.7205167573662917, 0.5547385706249385, 0.7711324381480249, 0.7586514473392393, 0.7342440172206792, 0.7254690503971577, 0.7267602645318538, 0.8304417510577137, 0.7888949608520595, 0.7995399524648625, 0.6845881700322304, 0.7151596089117419, 0.7658492003302254], [0.8304417510577137, 0.7473006149417724, 0.8053711094963457, 0.7983624155552576, 0.7995399524648625, 0.7888949608520595, 0.7862400442405436, 0.7901616676395504, 0.7711324381480249, 0.7658492003302254, 0.7012782009787208, 0.798989353175451, 0.7623746441456383, 0.7586514473392393, 0.7696521474662414, 0.7843181771291474], [0.8304417510577137, 0.8053711094963457, 0.8370785304051644, 0.8304417510577137, 0.7995399524648625, 0.798989353175451, 0.7713961158110274, 0.8543537295044701, 0.7983624155552576, 0.7901616676395504, 0.8074788281741088, 0.7971545462878, 0.800756875541647, 0.8124607495353612, 0.7778982096670919, 0.8558952399788249]], "best_fitnesss": [0.8304417510577137, 0.8304417510577137, 0.8558952399788249], "prob_mutate": 0.010416666666666666}