{"num_qubits": 4, "depth": 23, "num_circuit": 32, "num_generation": 10, "current_generation": 3, "fitnessss": [[0.756374435285006, 0.857053037022478, 0.7878811150877316, 0.8834594722523713, 0.8388182727079352, 0.8479505078554477, 0.8071785110913974, 0.8352630441705472, 0.8716879677318434, 0.8372170519510366, 0.8374459797377538, 0.8217988405456376, 0.8221393290786713, 0.7839787099002964, 0.8433756587484396, 0.8539076991232399, 0.842298515150917, 0.8020035631785761, 0.8124645100296011, 0.8634285090130284, 0.851614438379098, 0.7858525765415602, 0.8464465686432346, 0.8289094290253972, 0.8623701604833434, 0.7699534291094391, 0.8185828894153012, 0.7985256462567072, 0.8098116612080887, 0.8502638120253888, 0.7248080109298457, 0.8483407967777348], [0.8834594722523713, 0.8716879677318434, 0.8602068634301359, 0.8820773502608494, 0.8634285090130284, 0.8623701604833434, 0.876548306581034, 0.8066878004118736, 0.857053037022478, 0.8539076991232399, 0.8635746238910744, 0.7872073394693924, 0.851614438379098, 0.8502638120253888, 0.8408796991416174, 0.8082340516599891, 0.8483407967777348, 0.8479505078554477, 0.8796956259968798, 0.8071753883286219, 0.8464465686432346, 0.8433756587484396, 0.8389763240237237, 0.808037609517944, 0.842298515150917, 0.8388182727079352, 0.852150466932561, 0.7484082310670244, 0.8374459797377538, 0.8372170519510366, 0.8327402381544047, 0.8526128767959298], [0.8834594722523713, 0.8976499106942514, 0.8834594722523713, 0.8657828549730964, 0.8796956259968798, 0.8487015101074251, 0.8295299383357537, 0.8984766250622519, 0.8716879677318434, 0.8635746238910744, 0.8864889887165918, 0.8496813863171123, 0.8634285090130284, 0.8623701604833434, 0.8674025075881941, 0.8066878004118736, 0.8602068634301359, 0.857053037022478, 0.8013360382857664, 0.8496813863171123, 0.8539076991232399, 0.8526128767959298, 0.8275535867597726, 0.8618586949080592, 0.852150466932561, 0.851614438379098, 0.8599842561185003, 0.8269650156755146, 0.8622402994261215, 0.8483407967777348, 0.8580499713273575, 0.8171160114231142]], "best_fitnesss": [0.8834594722523713, 0.8834594722523713, 0.8984766250622519], "prob_mutate": 0.004076086956521739}