{"num_qubits": 4, "depth": 26, "num_circuit": 32, "num_generation": 20, "current_generation": 4, "fitnessss": [[0.7855576396501895, 0.8511364115459303, 0.896596354674679, 0.9153361808414087, 0.8705170101825978, 0.8359412362845658, 0.8761853388488792, 0.8282669439828234, 0.893995376416574, 0.8955534030478086, 0.9019412919284415, 0.8853098816440008, 0.896716737139926, 0.8607315308113153, 0.8693501484836117, 0.8634111748917321, 0.9016989927533242, 0.8808746541553459, 0.8832613600874295, 0.7914732367781718, 0.9347179792378715, 0.891374699103301, 0.8521100017335478, 0.8832824759562277, 0.8176372250121275, 0.9301030479281674, 0.8639124151163668, 0.8363420308674371, 0.874395381259472, 0.880264732307336, 0.825500114926748, 0.8619297918258528], [0.9347179792378715, 0.9301030479281674, 0.9228020584617379, 0.91752621295542, 0.9153361808414087, 0.9019412919284415, 0.8883724675327394, 0.9056868015820569, 0.9016989927533242, 0.896716737139926, 0.8878202568619823, 0.907080171186788, 0.896596354674679, 0.8955534030478086, 0.8706594961279459, 0.8861443447317999, 0.908007231795726, 0.891374699103301, 0.8485928090090397, 0.9233272366315326, 0.8853098816440008, 0.8832824759562277, 0.8582751810500706, 0.8714799687559779, 0.8832613600874295, 0.8808746541553459, 0.9064752324527949, 0.881456152413383, 0.880264732307336, 0.8761853388488792, 0.9019561677347683, 0.8168546688715652], [0.9347179792378715, 0.9301030479281674, 0.9228020584617379, 0.91752621295542, 0.9233272366315326, 0.9228020584617379, 0.8978408495180842, 0.9180115536398853, 0.91752621295542, 0.9153361808414087, 0.9340002029285126, 0.9054892270196759, 0.908007231795726, 0.907080171186788, 0.8915439876038643, 0.9071984234398582, 0.9064752324527949, 0.9056868015820569, 0.9067666291881242, 0.8953389419194258, 0.9019561677347683, 0.9019412919284415, 0.8831013969784444, 0.9221606586567427, 0.9016989927533242, 0.896716737139926, 0.8878202568619823, 0.907080171186788, 0.896596354674679, 0.8955534030478086, 0.8706594961279459, 0.8861443447317999], [0.9347179792378715, 0.9340002029285126, 0.9353986252963944, 0.91752621295542, 0.9301030479281674, 0.9233272366315326, 0.9113575455118564, 0.9245846787829001, 0.9228020584617379, 0.9228020584617379, 0.9228020584617379, 0.9228020584617379, 0.9221606586567427, 0.9180115536398853, 0.8882009026399384, 0.9402948798831472, 0.91752621295542, 0.91752621295542, 0.9211188562748666, 0.91752621295542, 0.9153361808414087, 0.908007231795726, 0.8729394733873411, 0.9088787540608247, 0.9071984234398582, 0.907080171186788, 0.907080171186788, 0.9071984234398582, 0.907080171186788, 0.9067666291881242, 0.9182811444922121, 0.9028892496450535]], "best_fitnesss": [0.9347179792378715, 0.9347179792378715, 0.9347179792378715, 0.9402948798831472], "prob_mutate": 0.003605769230769231}