{"num_qubits": 6, "depth": 33, "num_circuit": 8, "num_generation": 10, "current_generation": 2, "fitnessss": [[0.5710593032305586, 0.588382283522106, 0.6475780251429615, 0.6220989782626154, 0.6272989969706948, 0.6539909591063393, 0.5836566582844951, 0.598472818579445], [0.6539909591063393, 0.6475780251429615, 0.6142331374929659, 0.6855617127436681, 0.6502043516602964, 0.6007059345901266, 0.6611397589604527, 0.5494692006745534]], "best_fitnesss": [0.6539909591063393, 0.6855617127436681], "prob_mutate": 0.011363636363636364}