{"num_qubits": 3, "depth": 11, "num_circuit": 16, "num_generation": 10, "current_generation": 2, "fitnessss": [[0.8032581594208731, 0.7973222013023236, 0.5630649888132881, 0.5387677141751193, 0.7089073490069273, 0.764872593246546, 0.750252277798888, 0.6307428481563804, 0.717097437810555, 0.766915056652564, 0.7548356436534266, 0.6218331421352065, 0.7639596181821763, 0.7998863778208261, 0.44522736389780426, 0.7354112294514579], [0.8032581594208731, 0.7998863778208261, 0.700189864579223, 0.8569771621958724, 0.7973222013023236, 0.766915056652564, 0.7679627743167249, 0.6978305528987911, 0.764872593246546, 0.7639596181821763, 0.6625326964144289, 0.7439149301847325, 0.7548356436534266, 0.750252277798888, 0.6832586574626174, 0.7664964518400866]], "best_fitnesss": [0.8032581594208731, 0.8569771621958724], "prob_mutate": 0.017045454545454544}