{"num_qubits": 3, "depth": 5, "num_circuit": 4, "num_generation": 10, "current_generation": 8, "fitnessss": [[0.46278259865254034, 0.49129754631246525, 0.4616333023447239, 0.27705389255698737], [0.5110027851137524, 0.4534084419089396, 0.464728848223678, 0.40869003301806117], [0.5110027851137524, 0.464728848223678, 0.49479204423354073, 0.45446509136423446], [0.5110027851137524, 0.49479204423354073, 0.49479204423354073, 0.5110027851137524], [0.5110027851137524, 0.34738525440120654, 0.5110027851137524, 0.49852199517015194], [0.5110027851137524, 0.45939631454547314, 0.5110027851137524, 0.5610561790879968], [0.510248917973881, 0.5110027851137524, 0.4230629825794477, 0.48210816813483426], [0.4699457043349602, 0.32989161531069444, 0.5610561790879968, 0.4336906401710229]], "best_fitnesss": [0.49129754631246525, 0.5110027851137524, 0.5110027851137524, 0.5110027851137524, 0.5110027851137524, 0.5610561790879968, 0.5110027851137524, 0.5610561790879968], "prob_mutate": 0.15}