{"num_qubits": 5, "depth": 21, "num_circuit": 8, "num_generation": 50, "current_generation": 2, "fitnessss": [[0.6751214813815204, 0.6538790707234056, 0.6111317041346027, 0.6369317236692844, 0.5636216127985925, 0.6468154518112328, 0.6179430279816883, 0.5460887865133248], [0.6751214813815204, 0.6538790707234056, 0.55720970790952, 0.6367752982615421, 0.6468154518112328, 0.6591705955144461, 0.6813118834668273, 0.6031553990308576]], "best_fitnesss": [0.6751214813815204, 0.6813118834668273], "prob_mutate": 0.017857142857142856}