{"num_qubits": 4, "depth": 18, "num_circuit": 32, "num_generation": 10, "current_generation": 1, "fitnessss": [[0.7216699950410461, 0.7311836926345118, 0.7720628888043806, 0.7186193979592611, 0.7072332817076886, 0.7494576369712798, 0.7465542011115073, 0.6155438155047224, 0.779507681990149, 0.7435218963904398, 0.7806421419452043, 0.7162238208409886, 0.7479909306965123, 0.7031378063589269, 0.702199673626473, 0.7369543253579595, 0.7221835145933471, 0.7403858380578973, 0.6822650820456533, 0.7229103419435333, 0.7465890094634386, 0.8262889563801694, 0.778884946678122, 0.7525821354387052, 0.7875753594582823, 0.7546591124106572, 0.7081683946300882, 0.7529852062595475, 0.6841148363427509, 0.7436108288246546, 0.6776287292002807, 0.6847327723799944]], "best_fitnesss": [0.8262889563801694], "prob_mutate": 0.005208333333333333}