{"num_qubits": 2, "depth": 4, "num_circuit": 8, "num_generation": 20, "current_generation": 20, "fitnessss": [[0.4140533547379112, 0.39252079112186566, 0.6146443290668469, 0.7400497782172815, 0.5803847376148364, 0.7954872269795349, 0.5106685706309833, 0.5430422329312974], [0.7954872269795349, 0.7025477496590283, 0.539514725055166, 0.7998556632197154, 0.6751442517712236, 0.5803847376148364, 0.5803847376148364, 0.6146443290668469], [0.6304044571403532, 0.5438896318949558, 0.7998556632197154, 0.45114172884969195, 0.7025477496590283, 0.6751442517712236, 0.770514701548182, 0.6438371556941468], [0.760225426521579, 0.770514701548182, 0.6929445716663288, 0.7425344365577653, 0.7397224111198156, 0.6751442517712236, 0.40436051260534034, 0.6438371556941468], [0.770514701548182, 0.5845370436492349, 0.7465355405556511, 0.6929445716663288, 0.7425344365577653, 0.7397224111198156, 0.7397224111198156, 0.7425344365577653], [0.770514701548182, 0.7465355405556511, 0.7465355405556511, 0.770514701548182, 0.7425344365577653, 0.7425344365577653, 0.7484025874583138, 0.7110736230843356], [0.770514701548182, 0.770514701548182, 0.770514701548182, 0.770514701548182, 0.7484025874583138, 0.7465355405556511, 0.7465355405556511, 0.7484025874583138], [0.675728853285341, 0.770514701548182, 0.770514701548182, 0.770514701548182, 0.675728853285341, 0.770514701548182, 0.770514701548182, 0.770514701548182], [0.6932317492936513, 0.770514701548182, 0.770514701548182, 0.770514701548182, 0.6713161832272576, 0.6402047769022337, 0.4453800365425133, 0.770514701548182], [0.770514701548182, 0.770514701548182, 0.770514701548182, 0.770514701548182, 0.770514701548182, 0.770514701548182, 0.770514701548182, 0.770514701548182], [0.632837580185259, 0.770514701548182, 0.770514701548182, 0.770514701548182, 0.770514701548182, 0.770514701548182, 0.770514701548182, 0.25464771954914345], [0.770514701548182, 0.770514701548182, 0.7239265550097249, 0.770514701548182, 0.7302566734240087, 0.770514701548182, 0.7357966038202807, 0.770514701548182], [0.770514701548182, 0.770514701548182, 0.770514701548182, 0.6610500932926034, 0.770514701548182, 0.770514701548182, 0.770514701548182, 0.770514701548182], [0.7220032442776307, 0.7727800866671533, 0.770514701548182, 0.770514701548182, 0.6774071005792495, 0.770514701548182, 0.770514701548182, 0.770514701548182], [0.7283698343395331, 0.770514701548182, 0.770514701548182, 0.7574776584640175, 0.770514701548182, 0.770514701548182, 0.770514701548182, 0.7004940118175569], [0.770514701548182, 0.6752840427795177, 0.770514701548182, 0.7359277595315252, 0.770514701548182, 0.770514701548182, 0.770514701548182, 0.770514701548182], [0.770514701548182, 0.770514701548182, 0.770514701548182, 0.25464771954914345, 0.770514701548182, 0.770514701548182, 0.770514701548182, 0.770514701548182], [0.770514701548182, 0.6016612747409112, 0.770514701548182, 0.770514701548182, 0.770514701548182, 0.770514701548182, 0.6098060810030724, 0.7524869633166379], [0.770514701548182, 0.770514701548182, 0.66256702186031, 0.770514701548182, 0.770514701548182, 0.7150259063451954, 0.7776362110916077, 0.7023744598171499], [0.662828058718566, 0.770514701548182, 0.770514701548182, 0.7776362110916077, 0.770514701548182, 0.25464771954914345, 0.770514701548182, 0.770514701548182]], "best_fitnesss": [0.7954872269795349, 0.7998556632197154, 0.7998556632197154, 0.770514701548182, 0.770514701548182, 0.770514701548182, 0.770514701548182, 0.770514701548182, 0.770514701548182, 0.770514701548182, 0.770514701548182, 0.770514701548182, 0.770514701548182, 0.7727800866671533, 0.770514701548182, 0.770514701548182, 0.770514701548182, 0.770514701548182, 0.7776362110916077, 0.7776362110916077], "prob_mutate": 0.09375}