{"num_qubits": 6, "depth": 32, "num_circuit": 8, "num_generation": 30, "current_generation": 2, "fitnessss": [[0.5543201539034375, 0.6714710463822446, 0.576068626649595, 0.517252512963673, 0.5563507837060587, 0.54858957739482, 0.6118550246332141, 0.5819558339246923], [0.6714710463822446, 0.6118550246332141, 0.6421569962312526, 0.6774058008557438, 0.5819558339246923, 0.576068626649595, 0.581147368761215, 0.6084728566440097]], "best_fitnesss": [0.6714710463822446, 0.6774058008557438], "prob_mutate": 0.01171875}