{"num_qubits": 3, "depth": 6, "num_circuit": 4, "num_generation": 10, "current_generation": 10, "fitnessss": [[0.4027772877642475, 0.5869797828272482, 0.402600472610198, 0.5437115028787036], [0.5869797828272482, 0.5437115028787036, 0.578826530482836, 0.3065045468506756], [0.4849723393593062, 0.578826530482836, 0.5008267406503404, 0.5869797828272482], [0.5869797828272482, 0.656295742942322, 0.6323842754862918, 0.5124688249824694], [0.4593957305309616, 0.5965572483587935, 0.540370742151538, 0.5751716740412721], [0.6036986437263071, 0.5758784129640854, 0.6041661956991901, 0.4863881309620659], [0.6077951889100899, 0.6036986437263071, 0.5583054790732652, 0.6041661956991901], [0.49106373181522517, 0.6082583970999551, 0.6077951889100899, 0.653454412327459], [0.653454412327459, 0.29393491907173436, 0.6870700555402953, 0.5150546658573061], [0.6870700555402953, 0.6364860578160799, 0.6105768360174642, 0.6324632431196954]], "best_fitnesss": [0.5869797828272482, 0.5869797828272482, 0.5869797828272482, 0.656295742942322, 0.5965572483587935, 0.6041661956991901, 0.6077951889100899, 0.653454412327459, 0.6870700555402953, 0.6870700555402953], "prob_mutate": 0.125}