{"num_qubits": 4, "depth": 16, "num_circuit": 32, "num_generation": 10, "current_generation": 2, "fitnessss": [[0.46852, 0.70087, 0.62346, 0.3237, 0.61717, 0.7584899999999999, 0.6875599999999998, 0.67872, 0.44778, 0.64689, 0.65238, 0.6934199999999999, 0.68154, 0.51902, 0.62119, 0.6677799999999999, 0.7642100000000001, 0.67936, 0.63706, 0.65765, 0.60673, 0.6882, 0.7110099999999999, 0.54389, 0.7051200000000001, 0.69357, 0.74204, 0.6756599999999999, 0.6934899999999999, 0.55658, 0.65025, 0.7208500000000001], [0.754, 0.75472, 0.78844, 0.6787599999999999, 0.7451, 0.72251, 0.6978899999999999, 0.7006699999999999, 0.71232, 0.69847, 0.6371399999999999, 0.66332, 0.69539, 0.68555, 0.6719999999999999, 0.69451, 0.6784600000000001, 0.6932600000000001, 0.6415200000000001, 0.6601600000000001, 0.69989, 0.68825, 0.70177, 0.68763, 0.68574, 0.68327, 0.6271, 0.7196100000000001, 0.68599, 0.6722, 0.61961, 0.67305]], "best_fitnesss": [0.7642100000000001, 0.78844], "prob_mutate": 0.005859375}