{"num_qubits": 4, "depth": 16, "num_circuit": 32, "num_generation": 10, "current_generation": 1, "fitnessss": [[0.7669622197601248, 0.6515844474459802, 0.6889629740728782, 0.5353461547165689, 0.6684732156160644, 0.6675574635470389, 0.7646783386120843, 0.6594904603798232, 0.6937549560786922, 0.6009607487775639, 0.6300354723567885, 0.6121928807220625, 0.6763498115743507, 0.6718120461572445, 0.6487596892380779, 0.6438487146572237, 0.640320950168482, 0.7550918191341764, 0.7237054789179125, 0.6364103691728781, 0.729535480149696, 0.6352995745178681, 0.6462294350815724, 0.7377071939788807, 0.7265495009067519, 0.698997495316948, 0.6907635383762818, 0.7695615019872385, 0.7234847754819796, 0.7952519537182849, 0.8085335891628438, 0.7219647942088666]], "best_fitnesss": [0.8085335891628438], "prob_mutate": 0.005859375}