{"num_qubits": 5, "depth": 17, "num_circuit": 8, "num_generation": 20, "current_generation": 2, "fitnessss": [[0.4436042678732373, 0.347787477823972, 0.47845499152675186, 0.5045663010016737, 0.5009321034021006, 0.4840646902236245, 0.4831387549901705, 0.44683151369432095], [0.5040394931555602, 0.5210927244080414, 0.5288750144258658, 0.5129805494668067, 0.4840646902236245, 0.4831387549901705, 0.4671468843041825, 0.4883699714554869]], "best_fitnesss": [0.5045663010016737, 0.5288750144258658], "prob_mutate": 0.022058823529411766}