{"num_qubits": 4, "depth": 14, "num_circuit": 32, "num_generation": 50, "current_generation": 9, "fitnessss": [[0.5901303665939002, 0.7338335945472287, 0.618325788738839, 0.5736560904783883, 0.6421074438171563, 0.5822743507603528, 0.5814449835947444, 0.6311616867481845, 0.5199965272484756, 0.6413220585560554, 0.4292103293452837, 0.5724532720489028, 0.6009262098655673, 0.5764667202037653, 0.6625052544387436, 0.5977086110790603, 0.6150031279178639, 0.42072404272476643, 0.6434995135511392, 0.5444438103003714, 0.6304911486208116, 0.6112252644737531, 0.595662124671886, 0.626569851691864, 0.5513227207019643, 0.5865979483623738, 0.496494543743503, 0.671747545058817, 0.6389702732634215, 0.6295476102999811, 0.708293806874167, 0.6828048439297534], [0.7338335945472287, 0.708293806874167, 0.598565996977831, 0.5779591193904698, 0.6682664081703162, 0.671747545058817, 0.6407417922920015, 0.6352532533075358, 0.6625052544387436, 0.6434995135511392, 0.5902071779743687, 0.7005731455846325, 0.6421074438171563, 0.6413220585560554, 0.6039545587440085, 0.5916054563345647, 0.6389702732634215, 0.6311616867481845, 0.5194685270408643, 0.6275999273732678, 0.6304911486208116, 0.6295476102999811, 0.6056295647204084, 0.6355411187270252, 0.626569851691864, 0.618325788738839, 0.619249978773821, 0.6798630513458666, 0.6150031279178639, 0.6112252644737531, 0.634556776144596, 0.5958294127245747], [0.7338335945472287, 0.708293806874167, 0.6211170411171493, 0.5779591193904698, 0.7033688055924916, 0.6798630513458666, 0.6201872637052752, 0.6759288889093312, 0.671747545058817, 0.6682664081703162, 0.6352532533075358, 0.6903890719922195, 0.6625052544387436, 0.6434995135511392, 0.5902071779743687, 0.7005731455846325, 0.6421074438171563, 0.6413220585560554, 0.6039545587440085, 0.5916054563345647, 0.6407417922920015, 0.6389702732634215, 0.6422957812055169, 0.5368471008834452, 0.6355411187270252, 0.6352532533075358, 0.6393015406066598, 0.5205730425871494, 0.634556776144596, 0.6311616867481845, 0.6117417523746307, 0.6344216222346039], [0.7338335945472287, 0.708293806874167, 0.598565996977831, 0.5779591193904698, 0.7033688055924916, 0.7005731455846325, 0.7033688055924916, 0.7005731455846325, 0.6903890719922195, 0.6798630513458666, 0.5760805828148639, 0.6080164760610517, 0.6759288889093312, 0.671747545058817, 0.6080164760610517, 0.6854529459790101, 0.6682664081703162, 0.6625052544387436, 0.6401772551078817, 0.6121265944529563, 0.6434995135511392, 0.6422957812055169, 0.6429190445108872, 0.5874355922379045, 0.6421074438171563, 0.6413220585560554, 0.6039545587440085, 0.5916054563345647, 0.6407417922920015, 0.6393015406066598, 0.6828048439297534, 0.6317594877264974], [0.7338335945472287, 0.708293806874167, 0.598565996977831, 0.5779591193904698, 0.7033688055924916, 0.7033688055924916, 0.7033688055924916, 0.7033688055924916, 0.7005731455846325, 0.7005731455846325, 0.7005731455846325, 0.7005731455846325, 0.6221498898582736, 0.6854529459790101, 0.6573947063970231, 0.671747545058817, 0.6828048439297534, 0.6798630513458666, 0.6633179222532697, 0.5955624052153702, 0.6759288889093312, 0.671747545058817, 0.6080164760610517, 0.6854529459790101, 0.6787961140182464, 0.659160587899361, 0.6573947063970231, 0.6239561397952057, 0.6434995135511392, 0.6429190445108872, 0.6429190445108872, 0.6434995135511392], [0.6768129909268098, 0.708293806874167, 0.598565996977831, 0.5779591193904698, 0.7033688055924916, 0.7033688055924916, 0.7033688055924916, 0.7033688055924916, 0.68138677793414, 0.7033688055924916, 0.7052781426296771, 0.7033688055924916, 0.7005731455846325, 0.7005731455846325, 0.7005731455846325, 0.7005731455846325, 0.7005731455846325, 0.7005731455846325, 0.7005731455846325, 0.7005731455846325, 0.6854529459790101, 0.6854529459790101, 0.6854529459790101, 0.6854529459790101, 0.6828048439297534, 0.6798630513458666, 0.6633179222532697, 0.6341310850223536, 0.6787961140182464, 0.6759288889093312, 0.6916746584011322, 0.6570906112197956], [0.708293806874167, 0.7052781426296771, 0.7164415920789069, 0.6812781341908695, 0.7033688055924916, 0.7033688055924916, 0.7033688055924916, 0.7033688055924916, 0.6443014881476068, 0.7033688055924916, 0.7033688055924916, 0.7033688055924916, 0.7033688055924916, 0.7033688055924916, 0.7033688055924916, 0.7033688055924916, 0.7005731455846325, 0.68748506219671, 0.7005731455846325, 0.7005731455846325, 0.7005731455846325, 0.7291809330602967, 0.7005731455846325, 0.7005731455846325, 0.7005731455846325, 0.7005731455846325, 0.7005731455846325, 0.7005731455846325, 0.7005731455846325, 0.7005731455846325, 0.7005731455846325, 0.7005731455846325], [0.7291809330602967, 0.7164415920789069, 0.7005731455846325, 0.6934038117565221, 0.6906040590848426, 0.7052781426296771, 0.7164415920789069, 0.6812781341908695, 0.7033688055924916, 0.7033688055924916, 0.7033688055924916, 0.7033688055924916, 0.7033688055924916, 0.7033688055924916, 0.7033688055924916, 0.7033688055924916, 0.7033688055924916, 0.7033688055924916, 0.7033688055924916, 0.7033688055924916, 0.7033688055924916, 0.7033688055924916, 0.7033688055924916, 0.7033688055924916, 0.7033688055924916, 0.7033688055924916, 0.7033688055924916, 0.7033688055924916, 0.7033688055924916, 0.7005731455846325, 0.7033688055924916, 0.7005731455846325], [0.7291809330602967, 0.7164415920789069, 0.7005731455846325, 0.6934038117565221, 0.7164415920789069, 0.7052781426296771, 0.7164415920789069, 0.7052781426296771, 0.7033688055924916, 0.7033688055924916, 0.7033688055924916, 0.7033688055924916, 0.7033688055924916, 0.7033688055924916, 0.7033688055924916, 0.717991080578033, 0.7033688055924916, 0.7033688055924916, 0.7033688055924916, 0.7033688055924916, 0.7033688055924916, 0.7033688055924916, 0.7033688055924916, 0.7033688055924916, 0.7033688055924916, 0.7033688055924916, 0.7033688055924916, 0.7033688055924916, 0.7033688055924916, 0.7454139357369363, 0.7033688055924916, 0.7033688055924916]], "best_fitnesss": [0.7338335945472287, 0.7338335945472287, 0.7338335945472287, 0.7338335945472287, 0.7338335945472287, 0.708293806874167, 0.7291809330602967, 0.7291809330602967, 0.7454139357369363], "prob_mutate": 0.006696428571428571}