{"num_qubits": 4, "depth": 7, "num_circuit": 8, "num_generation": 50, "current_generation": 19, "fitnessss": [[0.3543483436457233, 0.2990528399077538, 0.4107187627009168, 0.23792108201458317, 0.40645091915999865, 0.43681350120962137, 0.36293604187309725, 0.1914566159204484], [0.43681350120962137, 0.38650101658325864, 0.4116340078681531, 0.3172697574302141, 0.40645091915999865, 0.36293604187309725, 0.30388923084155745, 0.358613268421802], [0.34063208096718023, 0.38600294505179134, 0.4116340078681531, 0.43681350120962137, 0.40645091915999865, 0.38650101658325864, 0.2928971143418784, 0.4057758432733956], [0.43681350120962137, 0.4116340078681531, 0.4116340078681531, 0.3738709196974581, 0.40645091915999865, 0.4010792684133523, 0.40645091915999865, 0.4057758432733956], [0.28977331654475036, 0.44630404744607893, 0.45528667872234496, 0.43681350120962137, 0.3693582541778994, 0.40645091915999865, 0.42711380128361653, 0.3349849464742811], [0.45528667872234496, 0.44630404744607893, 0.44630404744607893, 0.45528667872234496, 0.43681350120962137, 0.42711380128361653, 0.42711380128361653, 0.43681350120962137], [0.47496877601564413, 0.45292812442085245, 0.45528667872234496, 0.45528667872234496, 0.44630404744607893, 0.44630404744607893, 0.44630404744607893, 0.44630404744607893], [0.47496877601564413, 0.4042130018455783, 0.45528667872234496, 0.47496877601564413, 0.45528667872234496, 0.45292812442085245, 0.45528667872234496, 0.38801679083663937], [0.22711950331298397, 0.4168724683337596, 0.47496877601564413, 0.49466792544005395, 0.45528667872234496, 0.41999233362811816, 0.45528667872234496, 0.45528667872234496], [0.48293896459129027, 0.47496877601564413, 0.49466792544005395, 0.4527902877544503, 0.45528667872234496, 0.45528667872234496, 0.4552219155437611, 0.45528667872234496], [0.49466792544005395, 0.48293896459129027, 0.48293896459129027, 0.49466792544005395, 0.47496877601564413, 0.45528667872234496, 0.5096982564921649, 0.47496877601564413], [0.3824005279398731, 0.4365982247187663, 0.34152327202291966, 0.4983286584171349, 0.49466792544005395, 0.48293896459129027, 0.48293896459129027, 0.49466792544005395], [0.4983286584171349, 0.44320384292074755, 0.49466792544005395, 0.47114753254279956, 0.49466792544005395, 0.48293896459129027, 0.48293896459129027, 0.49466792544005395], [0.4983286584171349, 0.49466792544005395, 0.49466792544005395, 0.4983286584171349, 0.36858706752472414, 0.49466792544005395, 0.49466792544005395, 0.49466792544005395], [0.4722397290352488, 0.42880659191691883, 0.4826800503160308, 0.4983286584171349, 0.49466792544005395, 0.49466792544005395, 0.45931666953771205, 0.49466792544005395], [0.4989104943736451, 0.4462603676411713, 0.3975729868690113, 0.4983286584171349, 0.47395114492107177, 0.2511844289742169, 0.43318616135326976, 0.25165527027482665], [0.4989104943736451, 0.45512156483568145, 0.4983286584171349, 0.4989104943736451, 0.47395114492107177, 0.39659314591106637, 0.4462603676411713, 0.47395114492107177], [0.4989104943736451, 0.3684547749931029, 0.4989104943736451, 0.4989104943736451, 0.4983286584171349, 0.47395114492107177, 0.49491828817497796, 0.4983286584171349], [0.42835870170129065, 0.4989104943736451, 0.4989104943736451, 0.4989104943736451, 0.46546860345025004, 0.46264497374673574, 0.4983286584171349, 0.4989104943736451]], "best_fitnesss": [0.43681350120962137, 0.43681350120962137, 0.43681350120962137, 0.43681350120962137, 0.45528667872234496, 0.45528667872234496, 0.47496877601564413, 0.47496877601564413, 0.49466792544005395, 0.49466792544005395, 0.5096982564921649, 0.4983286584171349, 0.4983286584171349, 0.4983286584171349, 0.4983286584171349, 0.4989104943736451, 0.4989104943736451, 0.4989104943736451, 0.4989104943736451], "prob_mutate": 0.05357142857142857}