{"num_qubits": 4, "depth": 7, "num_circuit": 8, "num_generation": 50, "current_generation": 1, "fitnessss": [[0.3543483436457233, 0.2990528399077538, 0.4107187627009168, 0.23792108201458317, 0.40645091915999865, 0.43681350120962137, 0.36293604187309725, 0.1914566159204484]], "best_fitnesss": [0.43681350120962137], "prob_mutate": 0.05357142857142857}