{"num_qubits": 3, "depth": 9, "num_circuit": 4, "num_generation": 10, "current_generation": 2, "fitnessss": [[0.5278163805120327, 0.668103992863459, 0.6637061850947124, 0.5739258873772343], [0.7090055132108766, 0.6975559680339114, 0.6232153547589006, 0.7742544815925148]], "best_fitnesss": [0.668103992863459, 0.7742544815925148], "prob_mutate": 0.08333333333333333}