{"num_qubits": 2, "depth": 9, "num_circuit": 16, "num_generation": 30, "current_generation": 1, "fitnessss": [[0.8567016664192671, 0.5567184940919748, 0.8313928443952019, 0.8908384005524382, 0.7806487628871572, 0.8951684726598014, 0.9322557406443265, 0.9573528181502924, 0.8380610711485013, 0.7202280212442511, 0.7921742554821494, 0.8898617784750806, 0.8841462214597557, 0.32887419369338367, 0.8286021248009245, 0.7824095538792719]], "best_fitnesss": [0.9573528181502924], "prob_mutate": 0.020833333333333332}