{"num_qubits": 2, "depth": 9, "num_circuit": 16, "num_generation": 20, "current_generation": 1, "fitnessss": [[0.882132733699317, 0.8245534835916839, 0.5861277675957777, 0.4686934317294872, 0.8189036548062175, 0.9448205375777686, 0.8092606120924962, 0.9114943307066463, 0.8952703298494203, 0.9060050895292322, 0.9242303889673449, 0.8667894395188611, 0.7577209965441682, 0.934652931722894, 0.9209786099140779, 0.7594192492642632]], "best_fitnesss": [0.9448205375777686], "prob_mutate": 0.020833333333333332}