{"num_qubits": 4, "depth": 25, "num_circuit": 16, "num_generation": 40, "current_generation": 2, "fitnessss": [[0.7877836958100468, 0.878990159619628, 0.7831450530755577, 0.8779140370617838, 0.8900452523324456, 0.9042131562881309, 0.8319027608279764, 0.8759806511687553, 0.8615802661853549, 0.8632171121768424, 0.8845571606380453, 0.8896886262188867, 0.8654811419384411, 0.8922852522953129, 0.8905998685757031, 0.8714712679782466], [0.9042131562881309, 0.9066404628604445, 0.8719487369676717, 0.8855808741969513, 0.9041764285416803, 0.8900452523324456, 0.8885523768750186, 0.8889118013379198, 0.866437841443892, 0.8845571606380453, 0.8890204833348045, 0.9113099329802313, 0.878990159619628, 0.8779140370617838, 0.847589182294812, 0.8812828228630878]], "best_fitnesss": [0.9042131562881309, 0.9113099329802313], "prob_mutate": 0.0075}