{"num_qubits": 4, "depth": 19, "num_circuit": 16, "num_generation": 50, "current_generation": 2, "fitnessss": [[0.564619473814948, 0.7010126979963218, 0.7122668619609034, 0.825749988729136, 0.6933620479960545, 0.6621055472981311, 0.8002910145262927, 0.7064609540584633, 0.6708520772822046, 0.7976435346284882, 0.708897450102226, 0.813314144198641, 0.701612498251684, 0.7411887381571604, 0.7398216293250601, 0.8132774764323341], [0.825749988729136, 0.813314144198641, 0.7540588657652683, 0.8307431350263826, 0.8132774764323341, 0.8002910145262927, 0.825153883776687, 0.823340656064557, 0.7976435346284882, 0.6897741844319261, 0.753398005704647, 0.7451615237951972, 0.7398216293250601, 0.7122668619609034, 0.7366150558387206, 0.747511562069712]], "best_fitnesss": [0.825749988729136, 0.8307431350263826], "prob_mutate": 0.009868421052631578}