{"num_qubits": 4, "depth": 9, "num_circuit": 16, "num_generation": 20, "current_generation": 20, "fitnessss": [[0.24307407874861509, 0.21674578627273344, 0.179207693377623, 0.4011032292543456, 0.2263411707071643, 0.2070288935969199, 0.4447437485031601, 0.28362591893131683, 0.192590754801375, 0.22142047853794966, 0.2586866507742378, 0.21153731552504507, 0.19340320764304209, 0.14062151875017226, 0.23757826734093035, 0.17662246126634273], [0.3753097774733992, 0.3876998208327045, 0.28559569102047067, 0.40837091596210706, 0.28362591893131683, 0.2586866507742378, 0.3289845480209903, 0.27358620885730134, 0.24307407874861509, 0.23757826734093035, 0.3814621602448607, 0.23494704206936823, 0.2263411707071643, 0.22142047853794966, 0.16392974571291496, 0.38251370235043214], [0.36626483128333387, 0.3667633050958067, 0.3876998208327045, 0.36393595260832323, 0.38251370235043214, 0.3814621602448607, 0.22495519127328745, 0.26625422339915783, 0.3753097774733992, 0.3289845480209903, 0.48874592313284826, 0.22129816859859497, 0.28559569102047067, 0.28362591893131683, 0.26137531465928987, 0.4651087711688898], [0.48874592313284826, 0.4651087711688898, 0.28559569102047067, 0.3289845480209903, 0.3876998208327045, 0.38251370235043214, 0.3572944888316151, 0.26894710354917195, 0.3323131581666313, 0.3753097774733992, 0.2912619552870097, 0.5090609700980089, 0.2771479541863522, 0.36626483128333387, 0.40837091596210706, 0.3647377265104057], [0.5090609700980089, 0.48874592313284826, 0.48874592313284826, 0.5090609700980089, 0.4651087711688898, 0.3883750357511958, 0.23240017914814837, 0.4011032292543456, 0.3876998208327045, 0.38251370235043214, 0.3572944888316151, 0.26894710354917195, 0.3753097774733992, 0.36626483128333387, 0.2933287210574951, 0.30637783834438004], [0.5090609700980089, 0.43078727390482174, 0.5090609700980089, 0.5090609700980089, 0.3860197350131408, 0.48874592313284826, 0.48874592313284826, 0.48874592313284826, 0.5861152222758876, 0.4011032292543456, 0.4651087711688898, 0.4011032292543456, 0.3883750357511958, 0.3876998208327045, 0.3940503234968007, 0.3883750357511958], [0.5861152222758876, 0.6028500406479749, 0.33089689895366825, 0.28559569102047067, 0.5002066699782365, 0.5090609700980089, 0.5090609700980089, 0.5090609700980089, 0.36389240300457004, 0.48874592313284826, 0.48874592313284826, 0.37420140261681545, 0.48874592313284826, 0.4651087711688898, 0.28559569102047067, 0.18054198369007324], [0.6028500406479749, 0.5861152222758876, 0.3657695601966854, 0.33089689895366825, 0.5090609700980089, 0.5090609700980089, 0.5090609700980089, 0.5090609700980089, 0.5090609700980089, 0.5002066699782365, 0.17400993406193754, 0.5002066699782365, 0.48874592313284826, 0.526021621234504, 0.48874592313284826, 0.4174630246303125], [0.5598031552468952, 0.5861152222758876, 0.3657695601966854, 0.33089689895366825, 0.526021621234504, 0.5090609700980089, 0.37800306454716015, 0.48874592313284826, 0.5090609700980089, 0.5090609700980089, 0.5090609700980089, 0.2994153712799834, 0.5090609700980089, 0.5090609700980089, 0.5090609700980089, 0.3016039080236107], [0.5861152222758876, 0.5598031552468952, 0.2723845245379707, 0.26846570967428574, 0.526021621234504, 0.5090609700980089, 0.34956129666257174, 0.45808342576592287, 0.5090609700980089, 0.5090609700980089, 0.5090609700980089, 0.5090609700980089, 0.5090609700980089, 0.5090609700980089, 0.6039931703258509, 0.5090609700980089], [0.6039931703258509, 0.5861152222758876, 0.28559569102047067, 0.3794117662268971, 0.5598031552468952, 0.526021621234504, 0.4622598523254129, 0.34956129666257174, 0.5090609700980089, 0.5090609700980089, 0.5090609700980089, 0.5090609700980089, 0.5320147662716418, 0.2680880236972969, 0.5090609700980089, 0.48212715160604847], [0.24614326362835592, 0.5861152222758876, 0.28559569102047067, 0.3794117662268971, 0.5598031552468952, 0.5320147662716418, 0.5598031552468952, 0.4540243722625875, 0.526021621234504, 0.5090609700980089, 0.34956129666257174, 0.48874592313284826, 0.5090609700980089, 0.5090609700980089, 0.5090609700980089, 0.506999260098562], [0.5861152222758876, 0.5598031552468952, 0.33089689895366825, 0.3623010153144789, 0.5598031552468952, 0.5320147662716418, 0.5598031552468952, 0.5320147662716418, 0.526021621234504, 0.5090609700980089, 0.34956129666257174, 0.48874592313284826, 0.5090609700980089, 0.5090609700980089, 0.5090609700980089, 0.5090609700980089], [0.2377509652549722, 0.5598031552468952, 0.33089689895366825, 0.38102401611062475, 0.4926442754547826, 0.5598031552468952, 0.5598031552468952, 0.5598031552468952, 0.5320147662716418, 0.41680087728115445, 0.3704953216687127, 0.5320147662716418, 0.36447174058719123, 0.5035073370759087, 0.38820263136958366, 0.43184162838402906], [0.5598031552468952, 0.5598031552468952, 0.5598031552468952, 0.5598031552468952, 0.5598031552468952, 0.5598031552468952, 0.5598031552468952, 0.5613360507436325, 0.5320147662716418, 0.5320147662716418, 0.5320147662716418, 0.5320147662716418, 0.5035073370759087, 0.4926442754547826, 0.40392259348130866, 0.45856900336020456], [0.5613360507436325, 0.5598031552468952, 0.5598031552468952, 0.5613360507436325, 0.6299722738626674, 0.5598031552468952, 0.5598031552468952, 0.5598031552468952, 0.3976445057854028, 0.5598031552468952, 0.5598031552468952, 0.5598031552468952, 0.5598031552468952, 0.5598031552468952, 0.5598031552468952, 0.5598031552468952], [0.6299722738626674, 0.5613360507436325, 0.27851489499239757, 0.5598031552468952, 0.5613360507436325, 0.5598031552468952, 0.5598031552468952, 0.5613360507436325, 0.5598031552468952, 0.5598031552468952, 0.5598031552468952, 0.5598031552468952, 0.5598031552468952, 0.5598031552468952, 0.5598031552468952, 0.5598031552468952], [0.6299722738626674, 0.5613360507436325, 0.27851489499239757, 0.5598031552468952, 0.5613360507436325, 0.5613360507436325, 0.5613360507436325, 0.5613360507436325, 0.5598031552468952, 0.5598031552468952, 0.5598031552468952, 0.5598031552468952, 0.37801718942391127, 0.5598031552468952, 0.5598031552468952, 0.5598031552468952], [0.6299722738626674, 0.5613360507436325, 0.27851489499239757, 0.5737697331608582, 0.5613360507436325, 0.16814476484744856, 0.5613360507436325, 0.5613360507436325, 0.5613360507436325, 0.5613360507436325, 0.27510802021804026, 0.5613360507436325, 0.5598031552468952, 0.5110620752502776, 0.5598031552468952, 0.5598031552468952], [0.6299722738626674, 0.266183720442687, 0.588555741594079, 0.5598031552468952, 0.5613360507436325, 0.46485830090292013, 0.5613360507436325, 0.5613360507436325, 0.5613360507436325, 0.24280054491522918, 0.5613360507436325, 0.5613360507436325, 0.5613360507436325, 0.5613360507436325, 0.37220539556932963, 0.5613360507436325]], "best_fitnesss": [0.4447437485031601, 0.40837091596210706, 0.48874592313284826, 0.5090609700980089, 0.5090609700980089, 0.5861152222758876, 0.6028500406479749, 0.6028500406479749, 0.5861152222758876, 0.6039931703258509, 0.6039931703258509, 0.5861152222758876, 0.5861152222758876, 0.5598031552468952, 0.5613360507436325, 0.6299722738626674, 0.6299722738626674, 0.6299722738626674, 0.6299722738626674, 0.6299722738626674], "prob_mutate": 0.020833333333333332}