{"num_qubits": 2, "depth": 6, "num_circuit": 32, "num_generation": 30, "current_generation": 1, "fitnessss": [[0.8249678880517897, 0.6349520641834603, 0.7135783475241801, 0.42286300084597206, 0.6237703528999543, 0.6933563418009229, 0.7242490839890515, 0.585516121791488, 0.776966041283055, 0.7708417371218339, 0.865924067026483, 0.7128932198351416, 0.776640455228821, 0.618013941548637, 0.7211209204678428, 0.5965847810657967, 0.7365518076680162, 0.6163199359410662, 0.9125877821331146, 0.7378431673616629, 0.8299285426719898, 0.7705456455569302, 0.8009360473080896, 0.6308154800448661, 0.6474166055341338, 0.36036835059861977, 0.5861780015367533, 0.6342102622234593, 0.8083478685935338, 0.7857580454615671, 0.7873775152069683, 0.6433050907604481]], "best_fitnesss": [0.9125877821331146], "prob_mutate": 0.015625}