{"num_qubits": 4, "depth": 15, "num_circuit": 8, "num_generation": 20, "current_generation": 2, "fitnessss": [[0.68588, 0.5582499999999999, 0.6181699999999999, 0.60117, 0.71365, 0.6269199999999999, 0.63158, 0.65099], [0.7123899999999999, 0.7413199999999999, 0.76893, 0.6743800000000001, 0.64811, 0.59351, 0.67128, 0.5985]], "best_fitnesss": [0.71365, 0.76893], "prob_mutate": 0.025}