{"num_qubits": 2, "depth": 7, "num_circuit": 16, "num_generation": 20, "current_generation": 1, "fitnessss": [[0.774028603396386, 0.7167190701728889, 0.8792894538221587, 0.7167775354749046, 0.405306031760558, 0.2351537015751438, 0.8011358272593931, 0.908244256831864, 0.7260711467991898, 0.7035193469653082, 0.8849959801979219, 0.6854292092946199, 0.7681600792184062, 0.775121340257369, 0.9314479371356061, 0.5706180640025108]], "best_fitnesss": [0.9314479371356061], "prob_mutate": 0.026785714285714284}