{"num_qubits": 4, "depth": 28, "num_circuit": 16, "num_generation": 50, "current_generation": 2, "fitnessss": [[0.8407707901817002, 0.9052756843773914, 0.9225395945577624, 0.9052878608011511, 0.9109574312318809, 0.8912000405043013, 0.8287683963733643, 0.8931636635931154, 0.8830546740898662, 0.8476568784937287, 0.860162292555931, 0.8695035831486335, 0.8897908309893031, 0.8617775147163635, 0.8798530733298244, 0.9131178629530071], [0.9225395945577624, 0.9112261837274106, 0.9229273465525653, 0.8966971045213761, 0.8991568650111414, 0.8532605289789178, 0.8957954915351103, 0.8930877138835169, 0.9052756843773914, 0.8931636635931154, 0.8907666178779493, 0.9020755811801605, 0.8912000405043013, 0.8903442540168214, 0.9121734585738246, 0.8658108769001066]], "best_fitnesss": [0.9225395945577624, 0.9229273465525653], "prob_mutate": 0.006696428571428571}