{"num_qubits": 5, "depth": 10, "num_circuit": 4, "num_generation": 20, "current_generation": 20, "fitnessss": [[0.32387301346008346, 0.36590807061716174, 0.33039077410061446, 0.3125043574066294], [0.36590807061716174, 0.3454768144785171, 0.3773940026886328, 0.35277087933914647], [0.3773940026886328, 0.36590807061716174, 0.3517357182031259, 0.3162510793701677], [0.3368533827934327, 0.36590807061716174, 0.33596017197846073, 0.34942801467579365], [0.39819668204962244, 0.31569322572132996, 0.34352827805178965, 0.36590807061716174], [0.39819668204962244, 0.36590807061716174, 0.3500184832076457, 0.34427751233243187], [0.3760482303830367, 0.33252767627340624, 0.36590807061716174, 0.3727165416604986], [0.38863504284498673, 0.3727165416604986, 0.3760482303830367, 0.40989313444799025], [0.3999955412086355, 0.38863504284498673, 0.27874368350644196, 0.41435254947769706], [0.41435254947769706, 0.3999955412086355, 0.3760482303830367, 0.3378808388894181], [0.41435254947769706, 0.3724820456476219, 0.3760482303830367, 0.3378808388894181], [0.41741888465185084, 0.3760482303830367, 0.3376215996843295, 0.3867282418925303], [0.41741888465185084, 0.3867282418925303, 0.37696031503291305, 0.3933066161650508], [0.41741888465185084, 0.3702802396045968, 0.3910278458967661, 0.39866773690729934], [0.46517050974598523, 0.39866773690729934, 0.41000018612463424, 0.4302718624633653], [0.3710687307980519, 0.4302718624633653, 0.46517050974598523, 0.4302718624633653], [0.46517050974598523, 0.4302718624633653, 0.46517050974598523, 0.4190126196420347], [0.4223670577167734, 0.46517050974598523, 0.42489270626903436, 0.3841218765566123], [0.38649434863365295, 0.3878729577512109, 0.43258306685610143, 0.42489270626903436], [0.4090172378149834, 0.3596238641754058, 0.43258306685610143, 0.3806637458089332]], "best_fitnesss": [0.36590807061716174, 0.3773940026886328, 0.3773940026886328, 0.36590807061716174, 0.39819668204962244, 0.39819668204962244, 0.3760482303830367, 0.40989313444799025, 0.41435254947769706, 0.41435254947769706, 0.41435254947769706, 0.41741888465185084, 0.41741888465185084, 0.41741888465185084, 0.46517050974598523, 0.46517050974598523, 0.46517050974598523, 0.46517050974598523, 0.43258306685610143, 0.43258306685610143], "prob_mutate": 0.075}