{"num_qubits": 6, "depth": 34, "num_circuit": 32, "num_generation": 40, "current_generation": 1, "fitnessss": [[0.5847547680123422, 0.6788665102751035, 0.5966631021028908, 0.6443688222795549, 0.654591075777725, 0.6416969863620322, 0.681489071070884, 0.6031394703002831, 0.6194787717779672, 0.6498538557881238, 0.6013411448947656, 0.6182122814054856, 0.6543836118002598, 0.5968323474554171, 0.6521549903910321, 0.6149948405814959, 0.6241050200590352, 0.6654414724158254, 0.6135364933009371, 0.686003551689898, 0.6110929381638226, 0.6146816284572003, 0.6110714504460258, 0.6680173619732467, 0.6473419107262801, 0.6757740477955405, 0.6364970614960433, 0.6823393026638982, 0.6942174278282411, 0.644305125960513, 0.6230123930287865, 0.6247202160087818]], "best_fitnesss": [0.6942174278282411], "prob_mutate": 0.0027573529411764708}