{"num_qubits": 5, "depth": 14, "num_circuit": 16, "num_generation": 20, "current_generation": 2, "fitnessss": [[0.45318585735906247, 0.46132653984858124, 0.42178453083630185, 0.5548727516114091, 0.45134876214560304, 0.32990761073533603, 0.4106950836181462, 0.4337312594396742, 0.4414531658396754, 0.438677639564952, 0.3823535574992752, 0.4525122237749063, 0.4167539996679534, 0.35944164216510277, 0.35104210384916257, 0.5028527757855864], [0.5548727516114091, 0.481516374431458, 0.5134505268656422, 0.4877062098797514, 0.46132653984858124, 0.45318585735906247, 0.38152409716317326, 0.46561438911398306, 0.4525122237749063, 0.38721643785872095, 0.477411737280502, 0.4182020635225494, 0.4414531658396754, 0.438677639564952, 0.3535410390001979, 0.45533768235532757]], "best_fitnesss": [0.5548727516114091, 0.5548727516114091], "prob_mutate": 0.013392857142857142}