{"num_qubits": 4, "depth": 28, "num_circuit": 16, "num_generation": 10, "current_generation": 1, "fitnessss": [[0.9038348907438284, 0.9197683361249183, 0.9142890757576054, 0.9229744238712488, 0.8365485701352855, 0.8755774933695635, 0.8944018381124701, 0.8850008942842074, 0.900993485844862, 0.8109202353045214, 0.8550069520114156, 0.8858557433431784, 0.8564926391744321, 0.8832215582309997, 0.898168491009741, 0.8380566239717927]], "best_fitnesss": [0.9229744238712488], "prob_mutate": 0.006696428571428571}