{"num_qubits": 6, "depth": 31, "num_circuit": 16, "num_generation": 40, "current_generation": 1, "fitnessss": [[0.6169169326743439, 0.6488821171263652, 0.5691708518889533, 0.5680722014771633, 0.6023907039081406, 0.5610405573405407, 0.5914746204389731, 0.5856146334017068, 0.574140152943323, 0.4814977843196481, 0.5937525695604509, 0.555205308009678, 0.5993638622496136, 0.5897165525891108, 0.5794427634721, 0.5847102374174509]], "best_fitnesss": [0.6488821171263652], "prob_mutate": 0.006048387096774193}