{"num_qubits": 5, "depth": 17, "num_circuit": 8, "num_generation": 10, "current_generation": 4, "fitnessss": [[0.4193909391146171, 0.4641535895399896, 0.5264242611441281, 0.5381756067655387, 0.5199034262295672, 0.44238396978456496, 0.4985921605680351, 0.6319154654427285], [0.6319154654427285, 0.5527498905647977, 0.5779509595808118, 0.5629708573330293, 0.5264242611441281, 0.5337601369145712, 0.4977554645893739, 0.5838345841017639], [0.6319154654427285, 0.5838345841017639, 0.5426474881671228, 0.5425314684316378, 0.5562559600185886, 0.549752786969925, 0.6319154654427285, 0.5230965607981124], [0.6425372619525731, 0.623046823591901, 0.5872937621194464, 0.7174866776891277, 0.5838345841017639, 0.5562559600185886, 0.5370550554539535, 0.5426474881671228]], "best_fitnesss": [0.6319154654427285, 0.6319154654427285, 0.6319154654427285, 0.7174866776891277], "prob_mutate": 0.022058823529411766}