{"num_qubits": 4, "depth": 17, "num_circuit": 8, "num_generation": 50, "current_generation": 1, "fitnessss": [[0.75241, 0.7326400000000001, 0.54775, 0.7193700000000001, 0.7091900000000001, 0.7773500000000001, 0.60622, 0.6776]], "best_fitnesss": [0.7773500000000001], "prob_mutate": 0.022058823529411766}