{"num_qubits": 8, "depth": 4, "num_circuit": 16, "num_generation": 20, "current_generation": 20, "fitnessss": [[0.12604347934236448, 0.03201239677359502, 0.16142978827053478, 0.290563603978482, 0.09446148618625827, 0.16214559737386358, 0.29636657270990885, 0.007931453981127379, 0.03206405170589932, 0.13738768847181415, 0.06314355421975137, 0.1324171509302411, 0.03144437433877856, 0.0652807908253944, 0.03247739044506048, 0.06415813301605278], [0.03361498355986503, 0.26842635367312473, 0.06367740601863081, 0.13541917671047088, 0.06522730035585655, 0.16375840811401876, 0.06790558418151649, 0.07782864932811973, 0.13426331947872272, 0.13259006231194237, 0.13599768518828614, 0.06463910708219145, 0.12364390799173419, 0.09589823581634349, 0.036776246140077795, 0.11478816094677091], [0.26651516716431, 0.17229232213298873, 0.06645835657963284, 0.06239667236085389, 0.13825757908757919, 0.13703997775099686, 0.29261043264690423, 0.2926811185893593, 0.1408143390395764, 0.1358819525088022, 0.06533428435616617, 0.016435055525055864, 0.12667302801298985, 0.11348998877621241, 0.11926167336716853, 0.11309527005433107], [0.291762751614969, 0.13738768847181415, 0.1332243658246962, 0.1331666826892265, 0.27, 0.16867575519536304, 0.06479948674094493, 0.16639337814530286, 0.1386057813056788, 0.1346099145472026, 0.13472547708834048, 0.13489884984471323, 0.12313056844248471, 0.13507225735325146, 0.2927518115965231, 0.06576234286986693], [0.29310538267716313, 0.28578714657323623, 0.29063408596127205, 0.2940254962110884, 0.27391460557314606, 0.16292174798290215, 0.06405128345619282, 0.06570882483028884, 0.05358571439353266, 0.137677554507596, 0.13345513676440268, 0.12673028221516813, 0.13293598852218524, 0.028454838929244608, 0.13495664848517563, 0.06592291538652972], [0.29211582868381636, 0.28985916889676033, 0.2885226637481697, 0.29992857507251447, 0.28950721326673556, 0.29622446760348375, 0.2936006795020256, 0.28111196977554287, 0.25073369220283237, 0.16399760765892535, 0.06474602379888272, 0.0625566683793628, 0.109269962334266, 0.06463910708219145, 0.13409007396842942, 0.29148041664326596], [0.297646812493885, 0.29657978419724107, 0.2873991299472053, 0.06266334756396086, 0.29615342580928905, 0.0637842129081565, 0.2934591306937723, 0.29367146454358795, 0.1355926886010277, 0.03180580460322935, 0.13368596917745823, 0.12604347934236448, 0.2907045749477867, 0.29388386224361074, 0.2876798472596749, 0.28627736479778076], [0.2888038245322181, 0.29657978419724107, 0.29232775948183465, 0.2981453141853365, 0.29211582868381636, 0.2903522000315931, 0.28985916889676033, 0.29204519918288574, 0.2866978199949197, 0.29084557394034405, 0.011718663537553131, 0.2931761181171083, 0.29126873922480323, 0.28866323024885043, 0.28760965756124957, 0.28452812773666636], [0.29126873922480323, 0.2923984171866205, 0.29657978419724107, 0.29197457672764315, 0.2888038245322181, 0.28922577424332563, 0.2928225116705142, 0.2954434018476586, 0.03984376271358836, 0.29169215732140874, 0.29907204364499773, 0.29225710883118017, 0.2911276560621088, 0.29565633388238666, 0.2930346543146545, 0.294379705507275], [0.2954434018476586, 0.29374225667961695, 0.29246908194765087, 0.2954434018476586, 0.2927518115965231, 0.13727176932709573, 0.2900704260280461, 0.2907045749477867, 0.29204519918288574, 0.28557715602032996, 0.2944505687054946, 0.2857171428628572, 0.29190396131598073, 0.2883821250137122, 0.291339291338937, 0.29537243880188735], [0.29338836692281955, 0.28971836571680953, 0.29140985047772505, 0.2859971988850464, 0.29466320101670573, 0.28306206684260315, 0.29190396131598073, 0.297219806767436, 0.2901408590431479, 0.29885807428167577, 0.294379705507275, 0.2883821250137122, 0.13507225735325146, 0.29063408596127205, 0.13790951750990776, 0.2901408590431479], [0.2880308995468974, 0.1366344922340249, 0.2902112990473855, 0.28845239091119135, 0.029793836341986513, 0.29338836692281955, 0.2973621131763531, 0.29480499150944073, 0.29190396131598073, 0.2932468606366152, 0.28845239091119135, 0.29565633388238666, 0.29537243880188735, 0.2985016037081767, 0.2902112990473855, 0.2944505687054946], [0.29665086905577254, 0.2933176102378099, 0.29091608395056656, 0.28718866451213054, 0.2903522000315931, 0.2894368430603793, 0.2926811185893593, 0.2926811185893593, 0.016485892322840145, 0.2930346543146545, 0.29310538267716313, 0.06731570185834046, 0.29042266101572833, 0.29878676566967166, 0.06447875491788002, 0.2936006795020256], [0.2965087065215377, 0.29707752916840113, 0.0625566683793628, 0.29907204364499773, 0.28901476808586235, 0.29042266101572833, 0.29211582868381636, 0.29367146454358795, 0.29028174604283985, 0.29586933030864215, 0.28866323024885043, 0.2881011307776926, 0.29190396131598073, 0.2903522000315931, 0.2930346543146545, 0.2939546756758459], [0.28922577424332563, 0.2897887638174119, 0.011566896547874572, 0.29771800535682247, 0.29261043264690423, 0.042346618029257876, 0.28971836571680953, 0.29084557394034405, 0.28936647982240526, 0.29857288332999277, 0.2877500438750452, 0.2902112990473855, 0.2909866009728731, 0.2930346543146545, 0.28796067524328406, 0.13109264015086164], [0.28250435541391616, 0.2923984171866205, 0.2897887638174119, 0.2926811185893593, 0.29197457672764315, 0.29707752916840113, 0.2980740779825837, 0.29169215732140874, 0.290563603978482, 0.2895775904435447, 0.12068208252077561, 0.2901408590431479, 0.2903522000315931, 0.28662772691952765, 0.28985916889676033, 0.29466320101670573], [0.29084557394034405, 0.13680824841753736, 0.28936647982240526, 0.030825093184929764, 0.28922577424332563, 0.29246908194765087, 0.2931761181171083, 0.29771800535682247, 0.29487589744783227, 0.06833482409183078, 0.134436599664704, 0.29693528036175787, 0.29537243880188735, 0.29714866436777687, 0.290563603978482, 0.06010638899926557], [0.29190396131598073, 0.2857171428628572, 0.2907045749477867, 0.28522730885966274, 0.28971836571680953, 0.29246908194765087, 0.28985916889676033, 0.29615342580928905, 0.2957273255336397, 0.29253975376704033, 0.13518788167602558, 0.2896479745928784, 0.2873289678961267, 0.28950721326673556, 0.2939546756758459, 0.2927518115965231], [0.29148041664326596, 0.28501748273122096, 0.041668115943124806, 0.29636657270990885, 0.2894368430603793, 0.29338836692281955, 0.2981453141853365, 0.2936006795020256, 0.2938130559122464, 0.29246908194765087, 0.2909866009728731, 0.28746929890705764, 0.28971836571680953, 0.2926811185893593, 0.290563603978482, 0.29857288332999277], [0.2885929435267035, 0.061277463783893205, 0.28662772691952765, 0.28760965756124957, 0.13328205279918193, 0.2918333529457914, 0.29077507094011423, 0.291339291338937, 0.2878202474094058, 0.2894368430603793, 0.2909866009728731, 0.28936647982240526, 0.2973621131763531, 0.29000000000000004, 0.297931627261276, 0.29042266101572833]], "prob_mutate": 0.046875}