{"num_qubits": 5, "depth": 23, "num_circuit": 4, "num_generation": 20, "current_generation": 2, "fitnessss": [[0.6394175714079672, 0.6839862263487974, 0.6017643683731048, 0.6815292965089238], [0.6839862263487974, 0.6815292965089238, 0.6966211239350873, 0.5716942750462943]], "best_fitnesss": [0.6839862263487974, 0.6966211239350873], "prob_mutate": 0.03260869565217391}