{"num_qubits": 12, "depth": 13, "num_circuit": 8, "num_generation": 20, "current_generation": 17, "fitnessss": [[0.19625486038376702, 0.11379068009661546, 0.18683204695439784, 0.11453839332592222, 0.315312494711527, 0.24820348548054474, 0.41382506882042797, 0.1161507839092403], [0.2717819488609847, 0.35726136562552335, 0.0018180091351727777, 0.2342210778072658, 0.16079176646477383, 0.4663331360501554, 0.08119107253443919, 0.13428676117373936], [0.4844043440325333, 0.33939378981536883, 0.23273573928919586, 0.2712013956665128, 0.27785120000292546, 0.18212570942608478, 0.29344268002793056, 0.30477857207450615], [0.4849964523822553, 0.28748337230476184, 0.19566810315147695, 0.0004599140854655579, 0.33255109567283425, 0.28940162841393857, 0.20557981041377288, 0.32681292801527173], [0.5102718699694779, 0.7064844481001147, 0.33060481024585014, 0.4003987541353447, 0.2956570513988456, 0.2754179620911811, 0.19961730533071753, 0.39985656769357975], [0.6990266802676082, 0.4765696700446031, 0.5279187968836926, 0.3104586092791123, 0.40921505973182215, 0.4373043645886633, 0.1018941954704166, 0.25713805638857024], [0.703502137018981, 0.6088542255798222, 0.0004994337075425032, 0.7015553974129084, 0.5102005416527915, 0.2192552649742102, 0.09317732600893562, 0.28240238229961706], [0.4093916319518082, 0.7516459418841128, 0.14445379467033131, 0.7088652026753466, 0.5993838663450614, 0.473552994363336, 0.3888636073448407, 0.41483153638922143], [0.7004875081452073, 0.1712922556549253, 0.7031601875530219, 0.7090654261135528, 0.6024105203093547, 0.5282436844914348, 0.5253941286299884, 0.40758085254408793], [0.0008520224513663526, 0.7241621142868788, 0.03449055843434294, 0.5413099351951537, 0.21120261771148713, 0.49803512182644794, 0.6234883347863623, 0.6985660516138978], [0.000622484424829158, 0.721889442433013, 0.6721995726895252, 0.7049444934990711, 0.5886695959199368, 0.47077669169391817, 0.44451553977063496, 0.5837295832040607], [0.7124673855609258, 0.6006400070077275, 0.7027715532598793, 0.6966682916522496, 0.6933204312091064, 0.6154661232814526, 0.6077096873727557, 0.7048035400014363], [0.7083277356574902, 0.3113222554830662, 0.7144599832071659, 0.6941555605590459, 0.6861807392835525, 0.69004562612514, 0.7097123423948273, 0.6857038401832956], [0.7118099945874151, 0.2788398409177991, 0.5420896643363359, 0.5188535359309658, 0.7099803889430861, 0.6997105879223903, 0.7314717013804557, 0.49910721521408286], [0.6973636144693802, 0.7053575115289317, 0.7021649954865151, 0.7114472102373895, 0.1433121463116102, 0.6963044847726857, 0.4133705281447, 0.6979465020433763], [0.433343457410562, 0.6891601339637778, 0.7005829053467475, 0.7079063706517463, 0.6969698080816485, 0.5650491257557986, 0.7015646845797545, 0.7066180338558348], [0.23298395212900722, 0.404908300198875, 0.4897495489036497, 0.29206858528768614, 0.6817807126223251, 0.23028242953775768, 0.1652963500370744, 0.006722822088363159]], "best_fitnesss": [0.41382506882042797, 0.4663331360501554, 0.4844043440325333, 0.4849964523822553, 0.7064844481001147, 0.6990266802676082, 0.703502137018981, 0.7516459418841128, 0.7090654261135528, 0.7241621142868788, 0.721889442433013, 0.7124673855609258, 0.7144599832071659, 0.7314717013804557, 0.7114472102373895, 0.7079063706517463, 0.6817807126223251], "prob_mutate": 0.028846153846153848}