{"num_qubits": 4, "depth": 29, "num_circuit": 4, "num_generation": 10, "current_generation": 6, "fitnessss": [[0.9166419095161824, 0.8185958384154539, 0.945494205770661, 0.9188855768004872], [0.9313280457040495, 0.9224279405457579, 0.9104260763915877, 0.9371053120598483], [0.9186815065449796, 0.9313280457040495, 0.9371053120598483, 0.9255329995223149], [0.9278874655847247, 0.9313280457040495, 0.9373480159395783, 0.9313280457040495], [0.9153323235506221, 0.9340472084914732, 0.9371053120598483, 0.9259853483992805], [0.9267525458565444, 0.9192647807091486, 0.9510586681635897, 0.9311016920377455]], "best_fitnesss": [0.945494205770661, 0.9371053120598483, 0.9371053120598483, 0.9373480159395783, 0.9371053120598483, 0.9510586681635897], "prob_mutate": 0.02586206896551724}