{"num_qubits": 8, "depth": 15, "num_circuit": 16, "num_generation": 20, "current_generation": 20, "fitnessss": [[0.3904302881610458, 0.620194173263562, 0.6189121565318351, 0.4281069827160658, 0.2018649767618946, 0.4846488567804424, 0.25115172561485577, 0.5785078887827421, 0.2940346193353106, 0.28241668018504906, 0.5911776538200837, 0.39028318150378644, 0.14904711553210329, 0.46983066513381055, 0.3241810402400266, 0.6581717528167259], [0.643851761088305, 0.5895862526177815, 0.6740122540702173, 0.46372741961982716, 0.5661055374354589, 0.6585330958853433, 0.17386004326317933, 0.44672646085069123, 0.5269706471335132, 0.5185462601581977, 0.3293176331262252, 0.5828787405510618, 0.44309483666392946, 0.5384987788013861, 0.5981689949227408, 0.22143356128253527], [0.4201958093291588, 0.21982467269770364, 0.15409578731802215, 0.6177142764520721, 0.628236419831872, 0.536397908238335, 0.6172620244219276, 0.5878612635065854, 0.6140856750148602, 0.5185278886790076, 0.52087003403399, 0.5405964171762019, 0.656862100819042, 0.5091271975580278, 0.4179249304455718, 0.4038583206032603], [0.7032765378136087, 0.5912892300530727, 0.6732443696423418, 0.5646385211199655, 0.6592494020378162, 0.6313936524053846, 0.6928318968319764, 0.4542229938381711, 0.595504481824116, 0.5840374000209476, 0.4489107046375219, 0.6024657403002063, 0.550165537940585, 0.5356111635457396, 0.5388199121088878, 0.34869656880146904], [0.5951424013704962, 0.6346033763370997, 0.38938921399106624, 0.4826791872680767, 0.6701415404087991, 0.6399498676010666, 0.5828711954754292, 0.6510407457206211, 0.5666993309219546, 0.5776565514915004, 0.5697938179504951, 0.6236078894864538, 0.6593200054905066, 0.6442439377435342, 0.49970685423682115, 0.6589855988075997], [0.6428184901072781, 0.6188335564884296, 0.6391987789484354, 0.4973304991987497, 0.6504443286201635, 0.5258880326406993, 0.5643299831606956, 0.660960194676864, 0.6330235138216975, 0.6839062854491331, 0.6403310719252922, 0.4787290170475672, 0.6910919501680552, 0.5902748174876598, 0.6788463572121198, 0.612061884945474], [0.6885136081030511, 0.6285771492437452, 0.5794549160883758, 0.4974832001740994, 0.6884503999671255, 0.6838094301560669, 0.6746485930124573, 0.6840379370333827, 0.6829185115865977, 0.6251002783671982, 0.5203676235202843, 0.6662120957714477, 0.6758695876153782, 0.6185928831234289, 0.6764681519893472, 0.5632174353434005], [0.6526614227541626, 0.6955970453213007, 0.6909611336190895, 0.6806376762360385, 0.6928143444128047, 0.6319397290993651, 0.6893925895855875, 0.6988042564106818, 0.6880931365094616, 0.6419987278756669, 0.5229494738922081, 0.6856230132143742, 0.630540036725044, 0.7205364879133662, 0.5374871549600572, 0.5702211069849401], [0.669435313898633, 0.6949073424513692, 0.6957957911072896, 0.6119046993986454, 0.6810322917580761, 0.625291673397355, 0.708997159796559, 0.6803660247163076, 0.6839820685148784, 0.6280349029187768, 0.5377860457171092, 0.7125071479416891, 0.654509988548135, 0.6458682710629782, 0.67387691577251, 0.6706687812366936], [0.6267124042001154, 0.6690407342834029, 0.7003597224869307, 0.7045660709657984, 0.7041790489662432, 0.38865718896484686, 0.6936130447143015, 0.6910282987100417, 0.7280803875586457, 0.6731252511315741, 0.6778376922420999, 0.6947834544561771, 0.6957003579264677, 0.6565801797580164, 0.6274440586702204, 0.47333100241292164], [0.6870111049451598, 0.6724233692789946, 0.6829789862486436, 0.6711761871803623, 0.698672125543452, 0.6848576568260057, 0.6708551704567804, 0.5957026796683274, 0.6618188167126606, 0.645247002946838, 0.6582070454572931, 0.7011919964598847, 0.6603525628492248, 0.6906091793521478, 0.6327905519258891, 0.66891372666001], [0.66596520387321, 0.5467048659959579, 0.6737956962144499, 0.6767593736254263, 0.6347037459085264, 0.5800673825675842, 0.6196666670102179, 0.6946829987922902, 0.7057702614126639, 0.6566283504707633, 0.691793999518271, 0.6697029798330677, 0.6145922297510834, 0.6894607382841831, 0.6797632228948287, 0.661958320109514], [0.6644854796413084, 0.6777648917967821, 0.640470070214732, 0.692384590097835, 0.6918625434955983, 0.6719862217599601, 0.6761971434332812, 0.6862602634585877, 0.6991735262733818, 0.6561348238789698, 0.6943296591650956, 0.6980980754568726, 0.670996606071426, 0.6854502912018774, 0.666207926183274, 0.6479939176217661], [0.6903727909743121, 0.5540329778580582, 0.6117223063360128, 0.6725227637853625, 0.661500278750042, 0.6841483034325979, 0.7018637387609042, 0.6762596266007586, 0.6653666495518096, 0.6739236824536472, 0.682925373695656, 0.6887261722272107, 0.714711033909403, 0.5379646053391208, 0.5101681579238452, 0.6986397210438688], [0.6848955057018946, 0.6344048124149162, 0.6868268985895213, 0.716514880668937, 0.5803593568260752, 0.6923347272334681, 0.7258911209810555, 0.6540547257667331, 0.6833860755171619, 0.651574601778764, 0.6606121962996011, 0.6730990104736702, 0.6359168347249642, 0.6905668928497173, 0.7331760235700494, 0.633178537174773], [0.6923696996239832, 0.35881596525864407, 0.6969429958658232, 0.6814052763441394, 0.6070104946316375, 0.7056389122492102, 0.64965894955117, 0.6710789225339893, 0.6559637775671251, 0.6947399857845521, 0.6286942162505234, 0.7055328385300321, 0.7002890493833407, 0.6995085464745019, 0.6781226989343564, 0.691457960652558], [0.6538588176614983, 0.6796848590635236, 0.6835106329751823, 0.37849449385350864, 0.665291726548947, 0.5420104700074707, 0.63852451115656, 0.6697217419079726, 0.678833544138892, 0.6459435126211913, 0.7118353579632333, 0.6593135409224822, 0.6806280027805938, 0.7003343484144616, 0.6895526331772628, 0.6486269368984031], [0.6509578570710701, 0.7765482599419593, 0.650545385332121, 0.7240910589585908, 0.6995552785754579, 0.6399563596377067, 0.4876997959241405, 0.6921529456353837, 0.6790707226164235, 0.6686029460650269, 0.6608016135753704, 0.5444363167907922, 0.7050990104390568, 0.6970369819204422, 0.660406058596316, 0.7072679280285986], [0.6305317533321632, 0.6998857002615368, 0.6712916261552284, 0.6398039622043962, 0.644104761735015, 0.6916037079722679, 0.7070417968461628, 0.6996434676738318, 0.6808745493249311, 0.6901621810212636, 0.6960061095226451, 0.6863409806029541, 0.5874839292479258, 0.6180785908903899, 0.714902408362795, 0.5973330742952065], [0.6840056240544803, 0.6602990830439597, 0.7207064429085064, 0.660586517680329, 0.703084842149411, 0.6924155328213522, 0.700760798407764, 0.6765742676010529, 0.679920283341515, 0.6928527451023363, 0.5432065369506718, 0.5780922168066779, 0.6735977824449988, 0.7082888699815931, 0.2964728763024596, 0.6686115502788381]], "best_fitnesss": [0.6581717528167259, 0.6740122540702173, 0.656862100819042, 0.7032765378136087, 0.6701415404087991, 0.6910919501680552, 0.6885136081030511, 0.7205364879133662, 0.7125071479416891, 0.7280803875586457, 0.7011919964598847, 0.7057702614126639, 0.6991735262733818, 0.714711033909403, 0.7331760235700494, 0.7056389122492102, 0.7118353579632333, 0.7765482599419593, 0.714902408362795, 0.7207064429085064], "prob_mutate": 0.0125}