{"num_qubits": 8, "depth": 5, "num_circuit": 4, "num_generation": 2, "current_generation": 1, "fitnessss": [[0.7560136123898955, 0.7834536052196811, 0.8058198592396102, 0.8061069791886583]], "prob_mutate": 0.075}