{"num_qubits": 2, "depth": 3, "num_circuit": 16, "num_generation": 50, "current_generation": 9, "fitnessss": [[0.5921535155136677, 0.5472029653477721, 0.6240053051267367, 0.41359950896411035, 0.5471648578004611, 0.4026714523243635, 0.13516436141463467, 0.5842371932779258, 0.5370159330750786, 0.4791233957560334, 0.39992164298898686, 0.35326060507467655, 0.3785051502817396, 0.43135639377904056, 0.32312583637337255, 0.4453159568471013], [0.6240053051267367, 0.5390234202133393, 0.4473885326504493, 0.6585489056838933, 0.5842371932779258, 0.5472029653477721, 0.5875528247094493, 0.44146115445127165, 0.5471648578004611, 0.5370159330750786, 0.5375504123460177, 0.2679891851553655, 0.4791233957560334, 0.6775718407874095, 0.5201313186736549, 0.5137625523418358], [0.654435674731727, 0.5657186301508135, 0.618523162098879, 0.6384661705792731, 0.6240053051267367, 0.6197011764270192, 0.3819965586552653, 0.5798787433560122, 0.5842371932779258, 0.5472029653477721, 0.5875528247094493, 0.44146115445127165, 0.5100135630471103, 0.5390234202133393, 0.5390234202133393, 0.5471648578004611], [0.654435674731727, 0.6384661705792731, 0.6775718407874095, 0.4473880491749845, 0.6240053051267367, 0.6197011764270192, 0.3819965586552653, 0.7765521088078282, 0.618523162098879, 0.5875528247094493, 0.45057926106190455, 0.5798787433560122, 0.5842371932779258, 0.5798787433560122, 0.5798787433560122, 0.5842371932779258], [0.7765521088078282, 0.6824986861011092, 0.532564575882973, 0.618523162098879, 0.2679891851553655, 0.5917351753350355, 0.6775718407874095, 0.674051079426199, 0.6240053051267367, 0.6197011764270192, 0.3819965586552653, 0.6389987952210673, 0.618523162098879, 0.5875528247094493, 0.45057926106190455, 0.5798787433560122], [0.7765521088078282, 0.6824986861011092, 0.5460164892575199, 0.6799941488116662, 0.6775718407874095, 0.5714397606677424, 0.654435674731727, 0.6384661705792731, 0.6389987952210673, 0.6240053051267367, 0.6389987952210673, 0.6240053051267367, 0.6197011764270192, 0.27278991180330137, 0.6389987952210673, 0.39992164298898686], [0.7765521088078282, 0.6824986861011092, 0.4690383125371242, 0.618523162098879, 0.6080943941752877, 0.6775718407874095, 0.6954492523622141, 0.7765521088078282, 0.2679891851553655, 0.6389987952210673, 0.618523162098879, 0.7370525845857248, 0.6389987952210673, 0.5895642116585348, 0.6389987952210673, 0.6389987952210673], [0.7765521088078282, 0.7217618183511185, 0.7765521088078282, 0.7765521088078282, 0.7370525845857248, 0.6954492523622141, 0.6946006890186249, 0.6890334425304869, 0.6824986861011092, 0.532564575882973, 0.6775718407874095, 0.5560872306267887, 0.6389987952210673, 0.6389987952210673, 0.6389987952210673, 0.3760532999371204], [0.7765521088078282, 0.7765521088078282, 0.7765521088078282, 0.7765521088078282, 0.7765521088078282, 0.7370525845857248, 0.2679891851553655, 0.6389987952210673, 0.7217618183511185, 0.6954492523622141, 0.4262947387014015, 0.7471113196693971, 0.6946006890186249, 0.6890334425304869, 0.8152529256107437, 0.6954492523622141]], "best_fitnesss": [0.6240053051267367, 0.6775718407874095, 0.654435674731727, 0.7765521088078282, 0.7765521088078282, 0.7765521088078282, 0.7765521088078282, 0.7765521088078282, 0.8152529256107437], "prob_mutate": 0.0625}