{"num_qubits": 4, "depth": 6, "num_circuit": 16, "num_generation": 30, "current_generation": 1, "fitnessss": [[0.22359202298970304, 0.4134507373740157, 0.18107935558575164, 0.1983158960452387, 0.32610186808357855, 0.2853539413309759, 0.34756191435931794, 0.38715639840347404, 0.2997234310658231, 0.36718654668012396, 0.2694025428142964, 0.19546904926969996, 0.3586490489066552, 0.2826206243455261, 0.25907265611677943, 0.35745881069100544]], "best_fitnesss": [0.4134507373740157], "prob_mutate": 0.03125}