{"num_qubits": 4, "depth": 10, "num_circuit": 32, "num_generation": 20, "current_generation": 1, "fitnessss": [[0.40129206458165323, 0.345651863823314, 0.47912721303617173, 0.48689740390000935, 0.47981513665965536, 0.5778834644567279, 0.601217153060757, 0.5278342470925064, 0.45999812670106976, 0.4404331777714933, 0.49554289434814847, 0.5093165877554305, 0.43579169473370954, 0.3698840080335833, 0.5107363023331517, 0.44007283715021045, 0.602304851240026, 0.4189865547943228, 0.5598681243688505, 0.3595736958397474, 0.4783495926395801, 0.4817908966173203, 0.4833333175837658, 0.3828198538924005, 0.517202699090251, 0.4462611470519614, 0.4829209501206627, 0.6340156607825808, 0.46268478514677264, 0.47378452776100594, 0.4889022034270128, 0.444854869945899]], "best_fitnesss": [0.6340156607825808], "prob_mutate": 0.009375}