{"num_qubits": 3, "depth": 5, "num_circuit": 8, "num_generation": 30, "current_generation": 30, "fitnessss": [[0.39541012486512206, 0.494080951695406, 0.40587184349865735, 0.45786713435939086, 0.3648461524132768, 0.46988928876473846, 0.20314760433572618, 0.3023496787700129], [0.494080951695406, 0.3969213745463872, 0.45558047776509547, 0.3833143011010698, 0.45786713435939086, 0.40587184349865735, 0.3173382137656741, 0.509836134389457], [0.509836134389457, 0.5797207783275884, 0.37168121042623276, 0.6116271778352637, 0.45786713435939086, 0.45558047776509547, 0.44571569080851015, 0.5425597299782925], [0.6116271778352637, 0.5797207783275884, 0.5324397485708052, 0.6116271778352637, 0.5537939163015146, 0.509836134389457, 0.45216863839145544, 0.3081182271985315], [0.6116271778352637, 0.6116271778352637, 0.5987929376153774, 0.6116271778352637, 0.5797207783275884, 0.5537939163015146, 0.5042582777467068, 0.43655343605828856], [0.5319570733172856, 0.37881991425362027, 0.6116271778352637, 0.6116271778352637, 0.4429162318819239, 0.5021582959631503, 0.568915506991061, 0.592475677186102], [0.6116271778352637, 0.6116271778352637, 0.5113605531540555, 0.6116271778352637, 0.592475677186102, 0.43962625600008065, 0.43480300680123396, 0.6116271778352637], [0.6116271778352637, 0.5485544727322585, 0.5611253343734595, 0.6116271778352637, 0.6116271778352637, 0.6116271778352637, 0.3502983595589147, 0.6116271778352637], [0.5978422715964826, 0.6116271778352637, 0.6116271778352637, 0.6116271778352637, 0.6294769036154869, 0.6116271778352637, 0.6116271778352637, 0.6116271778352637], [0.589511339943867, 0.6116271778352637, 0.6116271778352637, 0.6294769036154869, 0.528957682884121, 0.6116271778352637, 0.6116271778352637, 0.6116271778352637], [0.6294769036154869, 0.6116271778352637, 0.428384977541129, 0.6294769036154869, 0.6116271778352637, 0.6116271778352637, 0.6116271778352637, 0.6116271778352637], [0.5580307365455496, 0.5576125844890686, 0.5933547971717569, 0.6294769036154869, 0.5774645841479746, 0.5838678054320744, 0.6116271778352637, 0.4261608937218556], [0.6294769036154869, 0.6116271778352637, 0.5889419473620171, 0.542203213109588, 0.5933547971717569, 0.5838678054320744, 0.4937043383894072, 0.5933547971717569], [0.6294769036154869, 0.6116271778352637, 0.588945890844597, 0.6294769036154869, 0.5933547971717569, 0.5933547971717569, 0.5933547971717569, 0.5933547971717569], [0.6294769036154869, 0.6294769036154869, 0.6294769036154869, 0.6294769036154869, 0.6116271778352637, 0.5933547971717569, 0.5933547971717569, 0.6116271778352637], [0.44704745956044595, 0.6294769036154869, 0.6294769036154869, 0.6294769036154869, 0.5294545630588077, 0.5654931915586532, 0.6294769036154869, 0.47004078406184374], [0.49009553331508304, 0.5614875124335574, 0.6294769036154869, 0.6415605454873566, 0.6294769036154869, 0.5610770178454851, 0.622880844034168, 0.6294769036154869], [0.594082027290393, 0.6294769036154869, 0.6294769036154869, 0.6415605454873566, 0.6294769036154869, 0.6294769036154869, 0.6095706551971607, 0.5781057059345459], [0.6415605454873566, 0.48084758252096227, 0.6294769036154869, 0.6415605454873566, 0.6294769036154869, 0.6294769036154869, 0.6294769036154869, 0.6294769036154869], [0.6113987698847642, 0.6415605454873566, 0.6415605454873566, 0.6415605454873566, 0.5465848083038916, 0.6294769036154869, 0.6294769036154869, 0.6294769036154869], [0.6415605454873566, 0.6415605454873566, 0.6415605454873566, 0.6415605454873566, 0.6415605454873566, 0.44595652881522774, 0.6294769036154869, 0.511287432572319], [0.6415605454873566, 0.6415605454873566, 0.6415605454873566, 0.6415605454873566, 0.6415605454873566, 0.5927382581904214, 0.6415605454873566, 0.6415605454873566], [0.6415605454873566, 0.6415605454873566, 0.6415605454873566, 0.5458234945927554, 0.5713010081443676, 0.6415605454873566, 0.6415605454873566, 0.6282107306589874], [0.6415605454873566, 0.6415605454873566, 0.6415605454873566, 0.5846301722239984, 0.5072734759229552, 0.5642806943441212, 0.6415605454873566, 0.6415605454873566], [0.6415605454873566, 0.5574716925710976, 0.6415605454873566, 0.54422437374014, 0.6415605454873566, 0.6415605454873566, 0.6415605454873566, 0.6415605454873566], [0.6415605454873566, 0.5048833839081617, 0.6415605454873566, 0.6415605454873566, 0.5637966750624849, 0.6415605454873566, 0.6415605454873566, 0.6036387611298013], [0.6415605454873566, 0.6041829141765194, 0.6415605454873566, 0.6415605454873566, 0.6415605454873566, 0.5134309158604164, 0.6651052282576693, 0.49974457263625993], [0.658670598947052, 0.6276290863526685, 0.6415605454873566, 0.6001596510366526, 0.6415605454873566, 0.48355753363965215, 0.5354747046270091, 0.6415605454873566], [0.6410144094456589, 0.6415605454873566, 0.6415605454873566, 0.658670598947052, 0.6415605454873566, 0.6415605454873566, 0.6415605454873566, 0.6415605454873566], [0.658670598947052, 0.6415605454873566, 0.6415605454873566, 0.6088199402635206, 0.6415605454873566, 0.6415605454873566, 0.6415605454873566, 0.5152807842864332]], "best_fitnesss": [0.494080951695406, 0.509836134389457, 0.6116271778352637, 0.6116271778352637, 0.6116271778352637, 0.6116271778352637, 0.6116271778352637, 0.6116271778352637, 0.6294769036154869, 0.6294769036154869, 0.6294769036154869, 0.6294769036154869, 0.6294769036154869, 0.6294769036154869, 0.6294769036154869, 0.6294769036154869, 0.6415605454873566, 0.6415605454873566, 0.6415605454873566, 0.6415605454873566, 0.6415605454873566, 0.6415605454873566, 0.6415605454873566, 0.6415605454873566, 0.6415605454873566, 0.6415605454873566, 0.6651052282576693, 0.658670598947052, 0.658670598947052, 0.658670598947052], "prob_mutate": 0.075}