{"num_qubits": 3, "depth": 10, "num_circuit": 8, "num_generation": 10, "current_generation": 2, "fitnessss": [[0.5632617529306062, 0.4412728814562275, 0.7224956728893656, 0.5482236659974496, 0.4697837664227829, 0.6187923607791685, 0.7062692009481788, 0.6733111145860387], [0.8333516739731008, 0.7040351389399296, 0.64628729654868, 0.8289799679677181, 0.6527378746470294, 0.6187923607791685, 0.739295388340501, 0.6374650468144277]], "best_fitnesss": [0.7224956728893656, 0.8333516739731008], "prob_mutate": 0.0375}