{"num_qubits": 4, "depth": 10, "num_circuit": 32, "num_generation": 40, "current_generation": 2, "fitnessss": [[0.5204796056300717, 0.39983312651829256, 0.5095467233304737, 0.41957370684792294, 0.39750079436202446, 0.46328083580666235, 0.5594342686416545, 0.47032317137481955, 0.5217752821777888, 0.45890529890425064, 0.5857446755329971, 0.32504471175985417, 0.272235659742358, 0.4216703657212232, 0.4431946504001421, 0.41186688289829465, 0.4730417627772412, 0.3415896137776805, 0.4724844831682729, 0.4481148815551938, 0.45601941977743354, 0.4586610924262685, 0.36039147988113884, 0.4858452592188606, 0.5590996372683207, 0.3781359494097627, 0.5404442262846809, 0.4946676522012929, 0.4689836590035276, 0.5220274496690815, 0.3574096437459432, 0.3238118323903045], [0.5857446755329971, 0.5594342686416545, 0.5473064441150732, 0.549134477521936, 0.4758488322058601, 0.5404442262846809, 0.48864708147804387, 0.6178150752772777, 0.5220274496690815, 0.5217752821777888, 0.5411595064847831, 0.4481675124214785, 0.5204796056300717, 0.5095467233304737, 0.5013495717696499, 0.49109770442855566, 0.4946676522012929, 0.4858452592188606, 0.47722767145027223, 0.4842388285028578, 0.4730417627772412, 0.4724844831682729, 0.4809810013695244, 0.4665918166901909, 0.47032317137481955, 0.4689836590035276, 0.4178482133736828, 0.4999010100587287, 0.46328083580666235, 0.4431657411051789, 0.42499785079285657, 0.41224788473833335]], "best_fitnesss": [0.5857446755329971, 0.6178150752772777], "prob_mutate": 0.009375}