{"num_qubits": 5, "depth": 13, "num_circuit": 32, "num_generation": 10, "current_generation": 2, "fitnessss": [[0.4240515723693007, 0.503164624205113, 0.43741879641737624, 0.4210680493936011, 0.3878811972593376, 0.29320638515177705, 0.39115095218048, 0.3754930648514151, 0.38690136728003327, 0.40305203211251506, 0.3937199747499147, 0.33411047180123365, 0.44664812653773484, 0.37406117444908493, 0.37978941444342174, 0.26751122482737266, 0.47782744751685124, 0.43981037264549816, 0.3075710832000999, 0.397453784925189, 0.4058229984127476, 0.23921352821681233, 0.33688784405077277, 0.4054422867930757, 0.3815904866327801, 0.4516770645470613, 0.40257561693764093, 0.3684576182276138, 0.43364268549965407, 0.37093918237972606, 0.36573222918432424, 0.48748736377043916], [0.503164624205113, 0.48748736377043916, 0.4617679083647722, 0.42965569883469656, 0.47782744751685124, 0.4516770645470613, 0.3470047419041877, 0.5429841359132211, 0.4377134363059617, 0.43981037264549816, 0.48899178694330236, 0.42325887588774974, 0.43741879641737624, 0.43364268549965407, 0.4372309147440552, 0.4379373877195893, 0.4240515723693007, 0.4210680493936011, 0.37972919326501514, 0.44228615249159225, 0.4058229984127476, 0.4054422867930757, 0.5126599248750209, 0.3505849031068881, 0.40305203211251506, 0.40257561693764093, 0.38599286803101224, 0.40001585084755503, 0.397453784925189, 0.3937199747499147, 0.4749909699339757, 0.36114599631716926]], "best_fitnesss": [0.503164624205113, 0.5429841359132211], "prob_mutate": 0.007211538461538462}