{"num_qubits": 4, "depth": 26, "num_circuit": 32, "num_generation": 30, "current_generation": 2, "fitnessss": [[0.8323339049925247, 0.9176676326294644, 0.7431024788527069, 0.8582742004986121, 0.7806132825567864, 0.8994470365827866, 0.8687233230907122, 0.8772012858851218, 0.8824503000345153, 0.8285090689599139, 0.897305658099576, 0.8167109681740238, 0.7153219674354891, 0.914175054283989, 0.8494007416690303, 0.8886142004500464, 0.9071984308325215, 0.8689031326955483, 0.8444614748544327, 0.8131865175539155, 0.8267450190985566, 0.8262996456052576, 0.7290129600292425, 0.8739819787312921, 0.8895244291036593, 0.8716127557484936, 0.9122972154606834, 0.842822808869381, 0.8797436405858875, 0.88026591589182, 0.9123765353526808, 0.8997687342818784], [0.9176676326294644, 0.914175054283989, 0.9185697607161372, 0.8934747609258042, 0.9123765353526808, 0.9122972154606834, 0.9208129188590455, 0.9281720520135608, 0.9071984308325215, 0.8997687342818784, 0.9001522706338381, 0.8753580282897898, 0.8994470365827866, 0.897305658099576, 0.8873200155834523, 0.8901296460467696, 0.8277979013018685, 0.8886142004500464, 0.8788747457819017, 0.8890044622498807, 0.8824503000345153, 0.88026591589182, 0.8667985888772943, 0.8752601415968607, 0.8797436405858875, 0.8772012858851218, 0.8875843021257799, 0.8879791999481672, 0.8739819787312921, 0.8716127557484936, 0.9021788342963475, 0.8367138721307258]], "best_fitnesss": [0.9176676326294644, 0.9281720520135608], "prob_mutate": 0.003605769230769231}