{"num_qubits": 6, "depth": 33, "num_circuit": 16, "num_generation": 10, "current_generation": 2, "fitnessss": [[0.6647811080245252, 0.6305435202531289, 0.6466007825247078, 0.6172699891538633, 0.6643218257338346, 0.6111998220781991, 0.6161735278039233, 0.6149829509397304, 0.6520359960680139, 0.5994950814950274, 0.6103937468925248, 0.655809789048192, 0.5506562159748857, 0.5660381164469932, 0.6314643021328916, 0.6139133038911445], [0.6647811080245252, 0.6701066803335161, 0.6733335744888416, 0.6541083569014023, 0.655809789048192, 0.6520359960680139, 0.641719926622183, 0.6367003483238276, 0.6466007825247078, 0.6407491026693345, 0.6471774295482688, 0.6873998218516131, 0.6305435202531289, 0.6172699891538633, 0.6187860444672297, 0.6122074441969638]], "best_fitnesss": [0.6647811080245252, 0.6873998218516131], "prob_mutate": 0.005681818181818182}