{"num_qubits": 3, "depth": 10, "num_circuit": 16, "num_generation": 20, "current_generation": 7, "fitnessss": [[0.6517810931937641, 0.6833863177910937, 0.6161382700275804, 0.6664439613891762, 0.46013455143089477, 0.7266288908415638, 0.3700278003545941, 0.6891863213037719, 0.6322741929959362, 0.8342812910557938, 0.6739116971521608, 0.5744661025405813, 0.67829427008234, 0.5552865675222743, 0.5482519217239744, 0.7645430486439455], [0.8342812910557938, 0.7645430486439455, 0.8063374702437771, 0.8142329890333574, 0.7266288908415638, 0.6891863213037719, 0.7071913477562386, 0.7537605465164855, 0.6833863177910937, 0.67829427008234, 0.658639347989892, 0.6244193736070898, 0.6739116971521608, 0.6664439613891762, 0.7241282724796145, 0.5856805026198353], [0.8046646230447397, 0.8142329890333574, 0.7189531783043324, 0.8142329890333574, 0.8063374702437771, 0.7645430486439455, 0.8063374702437771, 0.7645430486439455, 0.7537605465164855, 0.7266288908415638, 0.7537605465164855, 0.7266288908415638, 0.6682367671453474, 0.7071913477562386, 0.665718374301598, 0.768498541309123], [0.7032625585517672, 0.8142329890333574, 0.6151923280978496, 0.8142329890333574, 0.8063374702437771, 0.8063374702437771, 0.795338444989723, 0.8063374702437771, 0.8046646230447397, 0.768498541309123, 0.812999705731398, 0.7909942588575688, 0.7645430486439455, 0.7645430486439455, 0.7645430486439455, 0.7645430486439455], [0.8212663610038471, 0.8142329890333574, 0.7364668802407957, 0.8142329890333574, 0.812999705731398, 0.8063374702437771, 0.8063374702437771, 0.8010221542204026, 0.8063374702437771, 0.8063374702437771, 0.8063374702437771, 0.7129458307949255, 0.8046646230447397, 0.795338444989723, 0.8063374702437771, 0.765655770329739], [0.8212663610038471, 0.8142329890333574, 0.8212663610038471, 0.8142329890333574, 0.7281626267957014, 0.812999705731398, 0.7938264840739512, 0.8342812910557938, 0.7917910841156794, 0.8063374702437771, 0.8063374702437771, 0.8063374702437771, 0.8063374702437771, 0.8063374702437771, 0.8063374702437771, 0.8063374702437771], [0.8342812910557938, 0.8212663610038471, 0.8342812910557938, 0.852052131987716, 0.8212663610038471, 0.8142329890333574, 0.8212663610038471, 0.8142329890333574, 0.8142329890333574, 0.812999705731398, 0.7938264840739512, 0.8342812910557938, 0.8063374702437771, 0.8063374702437771, 0.8063374702437771, 0.8063374702437771]], "best_fitnesss": [0.8342812910557938, 0.8342812910557938, 0.8142329890333574, 0.8142329890333574, 0.8212663610038471, 0.8342812910557938, 0.852052131987716], "prob_mutate": 0.01875}