{"num_qubits": 4, "depth": 25, "num_circuit": 16, "num_generation": 20, "current_generation": 1, "fitnessss": [[0.8479689789654561, 0.827757768979412, 0.8423180788255527, 0.8758543092196367, 0.8656629979496696, 0.7649698667199483, 0.8573538218415517, 0.8717482558818308, 0.8967433630124179, 0.8626221632233921, 0.8900434529537392, 0.8617850274894534, 0.8274619108504304, 0.8742241275401408, 0.7676201211215665, 0.8417781773166342]], "best_fitnesss": [0.8967433630124179], "prob_mutate": 0.0075}