{"num_qubits": 5, "depth": 29, "num_circuit": 4, "num_generation": 10, "current_generation": 2, "fitnessss": [[0.7925658519390182, 0.7616224580150337, 0.7059707722222542, 0.7995470026802693], [0.8055729886171301, 0.785951743742777, 0.8198792983575537, 0.8109176688401541]], "best_fitnesss": [0.7995470026802693, 0.8198792983575537], "prob_mutate": 0.02586206896551724}