{"num_qubits": 5, "depth": 29, "num_circuit": 8, "num_generation": 40, "current_generation": 2, "fitnessss": [[0.7334159864430287, 0.7768366248949663, 0.7952959229821899, 0.7726332616557158, 0.7724312898111869, 0.744644302367924, 0.7899218753967684, 0.7480584302355163], [0.7952959229821899, 0.7899218753967684, 0.8055057235325986, 0.7768414370574329, 0.7293845118229172, 0.7925907599495607, 0.7438502856050839, 0.7467320969943424]], "best_fitnesss": [0.7952959229821899, 0.8055057235325986], "prob_mutate": 0.01293103448275862}