{"num_qubits": 4, "depth": 9, "num_circuit": 16, "num_generation": 20, "current_generation": 20, "fitnessss": [[0.18743754831021042, 0.2480696054786885, 0.34607065261341985, 0.16598802470324792, 0.4116222827001783, 0.2027492794173359, 0.39679938158219097, 0.1581425219984156, 0.2272934350173167, 0.17334450912444233, 0.2124506284021923, 0.1468660676537341, 0.11913425407098754, 0.2138550815955964, 0.24326235543043162, 0.23997775230620844], [0.4116222827001783, 0.46564934789967616, 0.3111083124637226, 0.25056250337390973, 0.34607065261341985, 0.2480696054786885, 0.3084400916840957, 0.2345303573775086, 0.24326235543043162, 0.23997775230620844, 0.41174945283849096, 0.21989505024461864, 0.2966584052008209, 0.2138550815955964, 0.308933981771225, 0.31134565980608797], [0.46564934789967616, 0.41174945283849096, 0.2707937585226792, 0.12865043087640216, 0.4116222827001783, 0.34607065261341985, 0.17548600012489746, 0.36305021338659427, 0.31134565980608797, 0.3111083124637226, 0.2239773808885761, 0.3604863274041561, 0.308933981771225, 0.3084400916840957, 0.3023601742493902, 0.3516798323270882], [0.46564934789967616, 0.41174945283849096, 0.2707937585226792, 0.12865043087640216, 0.4116222827001783, 0.36305021338659427, 0.4116222827001783, 0.36305021338659427, 0.3604863274041561, 0.3516798323270882, 0.30767935531817403, 0.3601069449068921, 0.34607065261341985, 0.17189075824263467, 0.37712362709076697, 0.2631117375393377], [0.46564934789967616, 0.41174945283849096, 0.24153315064574088, 0.2688975062885681, 0.4116222827001783, 0.4116222827001783, 0.44154104985303166, 0.4116222827001783, 0.37712362709076697, 0.36305021338659427, 0.36305021338659427, 0.37712362709076697, 0.36305021338659427, 0.3604863274041561, 0.37712362709076697, 0.4116222827001783], [0.46564934789967616, 0.44154104985303166, 0.4249381079954887, 0.5355268620521609, 0.41174945283849096, 0.4116222827001783, 0.28927067207277146, 0.30286558732125224, 0.4116222827001783, 0.4116222827001783, 0.4116222827001783, 0.4116222827001783, 0.4116222827001783, 0.2415686238337904, 0.2211575955735292, 0.36305021338659427], [0.5355268620521609, 0.26203301215959074, 0.5355268620521609, 0.46564934789967616, 0.44154104985303166, 0.4249381079954887, 0.44154104985303166, 0.4249381079954887, 0.41174945283849096, 0.4116222827001783, 0.28927067207277146, 0.30286558732125224, 0.4116222827001783, 0.4116222827001783, 0.4116222827001783, 0.4116222827001783], [0.5355268620521609, 0.5355268620521609, 0.5355268620521609, 0.5355268620521609, 0.2936849250360103, 0.44154104985303166, 0.14189765444875868, 0.5355268620521609, 0.4073243876032946, 0.4249381079954887, 0.44154104985303166, 0.1935685398249355, 0.4249381079954887, 0.41174945283849096, 0.2707937585226792, 0.28927067207277146], [0.5355268620521609, 0.5355268620521609, 0.5355268620521609, 0.5355268620521609, 0.5355268620521609, 0.5355268620521609, 0.5355268620521609, 0.24597960998284396, 0.5355268620521609, 0.44154104985303166, 0.44154104985303166, 0.5355268620521609, 0.44154104985303166, 0.3132858039634512, 0.44154104985303166, 0.4249381079954887], [0.2861890356756067, 0.5355268620521609, 0.34381126038673515, 0.5355268620521609, 0.5355268620521609, 0.5355268620521609, 0.5355268620521609, 0.5355268620521609, 0.3926010622004851, 0.35331002750980056, 0.5355268620521609, 0.5355268620521609, 0.30196244701970676, 0.5355268620521609, 0.5355268620521609, 0.5355268620521609], [0.5355268620521609, 0.5355268620521609, 0.5355268620521609, 0.5355268620521609, 0.2347564400174763, 0.5355268620521609, 0.5355268620521609, 0.5355268620521609, 0.5355268620521609, 0.5355268620521609, 0.5355268620521609, 0.5355268620521609, 0.5355268620521609, 0.5121679286044784, 0.4438360532585388, 0.5355268620521609], [0.5355268620521609, 0.5355268620521609, 0.5355268620521609, 0.5355268620521609, 0.28618903567560683, 0.5355268620521609, 0.5355268620521609, 0.5355268620521609, 0.5355268620521609, 0.5355268620521609, 0.5355268620521609, 0.5355268620521609, 0.5355268620521609, 0.5355268620521609, 0.5355268620521609, 0.5355268620521609], [0.5355268620521609, 0.5355268620521609, 0.5355268620521609, 0.5355268620521609, 0.5355268620521609, 0.5355268620521609, 0.5355268620521609, 0.5355268620521609, 0.5355268620521609, 0.30539482176901667, 0.5355268620521609, 0.5355268620521609, 0.5355268620521609, 0.30977323937691825, 0.5355268620521609, 0.5355268620521609], [0.5355268620521609, 0.5355268620521609, 0.5355268620521609, 0.5355268620521609, 0.5355268620521609, 0.5355268620521609, 0.5355268620521609, 0.5355268620521609, 0.2734282575339939, 0.5355268620521609, 0.5355268620521609, 0.5355268620521609, 0.5355268620521609, 0.5355268620521609, 0.5355268620521609, 0.5355268620521609], [0.5355268620521609, 0.24805207843824983, 0.5355268620521609, 0.5355268620521609, 0.5355268620521609, 0.5355268620521609, 0.5355268620521609, 0.5355268620521609, 0.5355268620521609, 0.5355268620521609, 0.5355268620521609, 0.5355268620521609, 0.5355268620521609, 0.5355268620521609, 0.5355268620521609, 0.5355268620521609], [0.5355268620521609, 0.5355268620521609, 0.5355268620521609, 0.36118159340101075, 0.5355268620521609, 0.5355268620521609, 0.5355268620521609, 0.5355268620521609, 0.34324711195081903, 0.5355268620521609, 0.5355268620521609, 0.5355268620521609, 0.5355268620521609, 0.5355268620521609, 0.5355268620521609, 0.5355268620521609], [0.4585499555050243, 0.5166821123305047, 0.5355268620521609, 0.34452808887795094, 0.5355268620521609, 0.4626587303306998, 0.5355268620521609, 0.5355268620521609, 0.5355268620521609, 0.5355268620521609, 0.5355268620521609, 0.5355268620521609, 0.5730972598727441, 0.5355268620521609, 0.5355268620521609, 0.32862122205332966], [0.5319569289494195, 0.5355268620521609, 0.5355268620521609, 0.5730972598727441, 0.5355268620521609, 0.2181722663559692, 0.5355268620521609, 0.38467421215359743, 0.5355268620521609, 0.5518426522655995, 0.5355268620521609, 0.5355268620521609, 0.5355268620521609, 0.5355268620521609, 0.5355268620521609, 0.5355268620521609], [0.5730972598727441, 0.5518426522655995, 0.5518426522655995, 0.5730972598727441, 0.5355268620521609, 0.5355268620521609, 0.2045978302548389, 0.5355268620521609, 0.5355268620521609, 0.5355268620521609, 0.5603440771121838, 0.5355268620521609, 0.5355268620521609, 0.5355268620521609, 0.5355268620521609, 0.5355268620521609], [0.5730972598727441, 0.5730972598727441, 0.5730972598727441, 0.5730972598727441, 0.5603440771121838, 0.39093790073327406, 0.5518426522655995, 0.5603440771121838, 0.5518426522655995, 0.5355268620521609, 0.5355268620521609, 0.5518426522655995, 0.5355268620521609, 0.5355268620521609, 0.5355268620521609, 0.35430519313553577]], "best_fitnesss": [0.4116222827001783, 0.46564934789967616, 0.46564934789967616, 0.46564934789967616, 0.46564934789967616, 0.5355268620521609, 0.5355268620521609, 0.5355268620521609, 0.5355268620521609, 0.5355268620521609, 0.5355268620521609, 0.5355268620521609, 0.5355268620521609, 0.5355268620521609, 0.5355268620521609, 0.5355268620521609, 0.5730972598727441, 0.5730972598727441, 0.5730972598727441, 0.5730972598727441], "prob_mutate": 0.020833333333333332}