{"num_qubits": 6, "depth": 26, "num_circuit": 16, "num_generation": 10, "current_generation": 3, "fitnessss": [[0.46698236441614477, 0.5283412362000063, 0.49843639193448847, 0.5138746754333502, 0.5186733008233005, 0.541649306770781, 0.4319457205696988, 0.48565777639190183, 0.5263460916436613, 0.5348414984993213, 0.5760225094788604, 0.4845194520021887, 0.48260133069955913, 0.4376928996455848, 0.5203357266759427, 0.5496531060722561], [0.5760225094788604, 0.5496531060722561, 0.5028287689459117, 0.5505068403483641, 0.541649306770781, 0.5286944222979152, 0.5276002864568171, 0.5419957519887475, 0.5283412362000063, 0.5356387167817156, 0.5624396265520806, 0.502018535506297, 0.5203357266759427, 0.5186733008233005, 0.5183529332848559, 0.5236496874556889], [0.5760225094788604, 0.5624396265520806, 0.5442200770876495, 0.5502797456848322, 0.5505068403483641, 0.5496531060722561, 0.5496531060722561, 0.5505068403483641, 0.5419957519887475, 0.541649306770781, 0.5419957519887475, 0.541649306770781, 0.5441752136904989, 0.5282852691943398, 0.48257683482507857, 0.5795739644022613]], "best_fitnesss": [0.5760225094788604, 0.5760225094788604, 0.5795739644022613], "prob_mutate": 0.007211538461538462}