{"num_qubits": 2, "depth": 6, "num_circuit": 16, "num_generation": 20, "current_generation": 1, "fitnessss": [[0.3415932956684581, 0.8523591981798099, 0.3619090655020806, 0.7144751675697202, 0.6728399603707903, 0.5216857553199971, 0.4597114468824701, 0.739398830935073, 0.6320010651278343, 0.7533366713655432, 0.7902307476655049, 0.7542073269709121, 0.7110726189227552, 0.8186043511669284, 0.5341175481509819, 0.5092668998942879]], "best_fitnesss": [0.8523591981798099], "prob_mutate": 0.03125}