{"num_qubits": 4, "depth": 9, "num_circuit": 16, "num_generation": 20, "current_generation": 20, "fitnessss": [[0.43749901114775036, 0.14988910895965224, 0.2830552033799627, 0.32467915026862726, 0.3481474671739211, 0.39074568298767964, 0.32299859311682744, 0.1349943816874175, 0.18215823168770395, 0.3403949841513991, 0.22140143389712974, 0.20960103283710652, 0.29161138573477874, 0.19321438904153998, 0.22224089382996504, 0.15798840372867085], [0.43749901114775036, 0.39074568298767964, 0.3480967707073124, 0.47699384111496257, 0.3481474671739211, 0.3403949841513991, 0.20764468171662964, 0.2930229096950068, 0.32467915026862726, 0.32299859311682744, 0.2578688411604626, 0.3005923710986216, 0.29161138573477874, 0.2830552033799627, 0.21654527358396758, 0.1834120926025955], [0.46873347969459667, 0.43749901114775036, 0.5312043755224839, 0.39403997762376264, 0.413882245067146, 0.3481474671739211, 0.3070377882243015, 0.4180765548191302, 0.3480967707073124, 0.3403949841513991, 0.31494418446073724, 0.3403782750136821, 0.32467915026862726, 0.32299859311682744, 0.2578688411604626, 0.3005923710986216], [0.5312043755224839, 0.46873347969459667, 0.46873347969459667, 0.5312043755224839, 0.43749901114775036, 0.4180765548191302, 0.3480967707073124, 0.4811573532983253, 0.413882245067146, 0.39403997762376264, 0.35990355680411035, 0.28224028194233364, 0.3481474671739211, 0.3480967707073124, 0.4180765548191302, 0.27287372338194626], [0.5312043755224839, 0.5129501521887924, 0.5312043755224839, 0.5312043755224839, 0.4811573532983253, 0.46873347969459667, 0.5041909277267397, 0.47699384111496257, 0.46873347969459667, 0.43749901114775036, 0.4827863437231995, 0.43075748988743945, 0.4180765548191302, 0.39584530634509196, 0.4180765548191302, 0.4180765548191302], [0.5312043755224839, 0.5312043755224839, 0.5312043755224839, 0.5312043755224839, 0.30469605084243534, 0.5129501521887924, 0.5312043755224839, 0.5129501521887924, 0.5041909277267397, 0.4827863437231995, 0.4861474705933577, 0.46873347969459667, 0.4811573532983253, 0.5375257237234232, 0.23531335329501657, 0.47699384111496257], [0.5375257237234232, 0.5312043755224839, 0.5312043755224839, 0.5375257237234232, 0.5312043755224839, 0.5312043755224839, 0.5312043755224839, 0.5312043755224839, 0.5312043755224839, 0.5312043755224839, 0.5312043755224839, 0.5312043755224839, 0.5129501521887924, 0.5129501521887924, 0.5129501521887924, 0.5129501521887924], [0.5375257237234232, 0.5375257237234232, 0.5375257237234232, 0.5375257237234232, 0.3743730581708441, 0.5312043755224839, 0.5312043755224839, 0.5378587268687633, 0.5312043755224839, 0.3230870298017232, 0.5312043755224839, 0.5312043755224839, 0.5312043755224839, 0.5312043755224839, 0.5312043755224839, 0.5312043755224839], [0.5378587268687633, 0.5375257237234232, 0.5235026850104889, 0.5312043755224839, 0.5375257237234232, 0.5375257237234232, 0.5375257237234232, 0.5375257237234232, 0.5375257237234232, 0.5312043755224839, 0.5312043755224839, 0.5375257237234232, 0.2771765501293243, 0.5312043755224839, 0.3186073359247633, 0.5312043755224839], [0.5378587268687633, 0.5375257237234232, 0.5235026850104889, 0.45412648405405576, 0.5375257237234232, 0.5375257237234232, 0.5375257237234232, 0.5375257237234232, 0.556426568067155, 0.5375257237234232, 0.38306070876145615, 0.5375257237234232, 0.5375257237234232, 0.5375257237234232, 0.5375257237234232, 0.5375257237234232], [0.556426568067155, 0.5378587268687633, 0.5912122913494027, 0.5235026850104889, 0.5375257237234232, 0.5375257237234232, 0.5375257237234232, 0.5375257237234232, 0.3474166918017402, 0.5375257237234232, 0.5375257237234232, 0.5375257237234232, 0.5375257237234232, 0.24240047011412857, 0.5375257237234232, 0.15059492997564816], [0.5912122913494027, 0.556426568067155, 0.21653432237928205, 0.5533912340687793, 0.5378587268687633, 0.5375257237234232, 0.5235026850104889, 0.5312043755224839, 0.5375257237234232, 0.5375257237234232, 0.5375257237234232, 0.5375257237234232, 0.5375257237234232, 0.5375257237234232, 0.5375257237234232, 0.5375257237234232], [0.5912122913494027, 0.46314787428233184, 0.556426568067155, 0.5912122913494027, 0.5533912340687793, 0.2617370625336146, 0.5912122913494027, 0.4046091831235644, 0.5375257237234232, 0.5375257237234232, 0.5375257237234232, 0.5375257237234232, 0.4711127177340648, 0.5375257237234232, 0.5375257237234232, 0.5375257237234232], [0.5912122913494027, 0.5912122913494027, 0.5912122913494027, 0.5912122913494027, 0.5912122913494027, 0.556426568067155, 0.5771021615410534, 0.5912122913494027, 0.5533912340687793, 0.5375257237234232, 0.556426568067155, 0.28477997006683586, 0.5375257237234232, 0.5375257237234232, 0.5375257237234232, 0.5375257237234232], [0.5912122913494027, 0.5912122913494027, 0.5912122913494027, 0.5912122913494027, 0.560588569180026, 0.5912122913494027, 0.50147795487883, 0.5912122913494027, 0.5912122913494027, 0.5912122913494027, 0.5912122913494027, 0.5912122913494027, 0.5771021615410534, 0.556426568067155, 0.5771021615410534, 0.37440623248245886], [0.5912122913494027, 0.5912122913494027, 0.5912122913494027, 0.5912122913494027, 0.5912122913494027, 0.5912122913494027, 0.5912122913494027, 0.5912122913494027, 0.5912122913494027, 0.5912122913494027, 0.5912122913494027, 0.5912122913494027, 0.5912122913494027, 0.5912122913494027, 0.5912122913494027, 0.4842675520883801], [0.5912122913494027, 0.5912122913494027, 0.5912122913494027, 0.5912122913494027, 0.5912122913494027, 0.5912122913494027, 0.5912122913494027, 0.5912122913494027, 0.5912122913494027, 0.5912122913494027, 0.5912122913494027, 0.5912122913494027, 0.38000770366745706, 0.2422349331263276, 0.5912122913494027, 0.5912122913494027], [0.5912122913494027, 0.5735706908958286, 0.5912122913494027, 0.5912122913494027, 0.5912122913494027, 0.5912122913494027, 0.5912122913494027, 0.5912122913494027, 0.5912122913494027, 0.5912122913494027, 0.5912122913494027, 0.5912122913494027, 0.37079612024113795, 0.5912122913494027, 0.5912122913494027, 0.5912122913494027], [0.5912122913494027, 0.46740271845231274, 0.5912122913494027, 0.5912122913494027, 0.5912122913494027, 0.5912122913494027, 0.5912122913494027, 0.4725611605534751, 0.4047530503127721, 0.5912122913494027, 0.5912122913494027, 0.5912122913494027, 0.5912122913494027, 0.5912122913494027, 0.5912122913494027, 0.5912122913494027], [0.5912122913494027, 0.5912122913494027, 0.5912122913494027, 0.5912122913494027, 0.5912122913494027, 0.5912122913494027, 0.48929483660110895, 0.27401752031644633, 0.5912122913494027, 0.5912122913494027, 0.43129042391397565, 0.5912122913494027, 0.5912122913494027, 0.5912122913494027, 0.5912122913494027, 0.5912122913494027]], "best_fitnesss": [0.43749901114775036, 0.47699384111496257, 0.5312043755224839, 0.5312043755224839, 0.5312043755224839, 0.5375257237234232, 0.5375257237234232, 0.5378587268687633, 0.5378587268687633, 0.556426568067155, 0.5912122913494027, 0.5912122913494027, 0.5912122913494027, 0.5912122913494027, 0.5912122913494027, 0.5912122913494027, 0.5912122913494027, 0.5912122913494027, 0.5912122913494027, 0.5912122913494027], "prob_mutate": 0.020833333333333332}