{"num_qubits": 5, "depth": 27, "num_circuit": 16, "num_generation": 50, "current_generation": 3, "fitnessss": [[0.7437173660029242, 0.6402504202484609, 0.7698206548339566, 0.6822693543277507, 0.6977038845757982, 0.7041269361631246, 0.670239238236606, 0.7509081998424837, 0.7394963756035055, 0.7518022877378401, 0.707080040766459, 0.7285009093416318, 0.7419791687684436, 0.7397665586112685, 0.7524707876191099, 0.6929627123522624], [0.7698206548339566, 0.747699478668519, 0.7493540523180314, 0.7697920453019538, 0.7518022877378401, 0.7509081998424837, 0.7683950454914265, 0.7193275144890315, 0.7437173660029242, 0.7419791687684436, 0.7278109689568054, 0.7344082114431699, 0.7397665586112685, 0.7394963756035055, 0.7492657136631774, 0.7413681175696468], [0.7698206548339566, 0.7697920453019538, 0.7492715702323561, 0.7630159276609552, 0.7683950454914265, 0.7317012914836497, 0.7518022877378401, 0.7683950454914265, 0.7509081998424837, 0.7493540523180314, 0.760136837341925, 0.7263679892050158, 0.7492657136631774, 0.747699478668519, 0.7609690448720188, 0.7740263952202185]], "best_fitnesss": [0.7698206548339566, 0.7698206548339566, 0.7740263952202185], "prob_mutate": 0.006944444444444444}