{"num_qubits": 6, "depth": 21, "num_circuit": 32, "num_generation": 20, "current_generation": 1, "fitnessss": [[0.3680045419630632, 0.37266314512620136, 0.3239098640263727, 0.47426590494088217, 0.42174207911702516, 0.3215052072934027, 0.39454148143713663, 0.33442544122383633, 0.441889557843703, 0.42370292742441473, 0.40520015138478643, 0.3689573802020318, 0.4780256281237035, 0.3696900805807616, 0.40556583818355063, 0.3940395778440283, 0.43669829466129667, 0.46611584311093435, 0.348151391727863, 0.4864674142336899, 0.4174888813563076, 0.451181363718816, 0.43964104170792995, 0.412004537496382, 0.39793320546418476, 0.4088100518927507, 0.31350119301957646, 0.3840462984204883, 0.4441562721332435, 0.3656992855912695, 0.4387759899233492, 0.36169891375093016]], "best_fitnesss": [0.4864674142336899], "prob_mutate": 0.004464285714285714}