{"num_qubits": 6, "depth": 35, "num_circuit": 32, "num_generation": 10, "current_generation": 1, "fitnessss": [[0.6681411160961737, 0.6661275245185683, 0.6159557728119205, 0.6416228679711065, 0.6602316014028835, 0.6965561003026712, 0.651000106195252, 0.6168172375638958, 0.6563723319928573, 0.5984667770525883, 0.6838971556311711, 0.6608153697917633, 0.6744005991130609, 0.68086406092647, 0.6847700143289386, 0.6728583908607274, 0.6582188391207262, 0.6265721600736119, 0.6062037554775295, 0.6447179103847086, 0.6829379866130687, 0.632618919615876, 0.6769107117282221, 0.6866293830658753, 0.6799268045837696, 0.6220303734675541, 0.6466603708033427, 0.604541094716629, 0.6582123869410261, 0.6140494185097616, 0.6276281336932181, 0.6449634224372971]], "best_fitnesss": [0.6965561003026712], "prob_mutate": 0.0026785714285714286}