{"num_qubits": 6, "depth": 31, "num_circuit": 16, "num_generation": 20, "current_generation": 1, "fitnessss": [[0.6397619141539005, 0.5729955043379025, 0.6005992110926028, 0.6036155310859194, 0.5603740222332382, 0.5069547122194975, 0.6389532829127539, 0.5902693556248877, 0.610326299839027, 0.5929551268232107, 0.5757885850370895, 0.6029279699500161, 0.6197337700416818, 0.5638462707557282, 0.48297231405640595, 0.5950923007173008]], "best_fitnesss": [0.6397619141539005], "prob_mutate": 0.006048387096774193}