{"num_qubits": 3, "depth": 6, "num_circuit": 16, "num_generation": 50, "current_generation": 9, "fitnessss": [[0.5599974839529347, 0.5231231803245546, 0.460501515221927, 0.3922446040009876, 0.47563640820601155, 0.6558106307561719, 0.4925320272319813, 0.4814732000607157, 0.5245528825984627, 0.33469457654021106, 0.4875135680346183, 0.1857672047564193, 0.5578935516915395, 0.5486836998673168, 0.3960463297782396, 0.49267001569146734], [0.6558106307561719, 0.4051756978393038, 0.6250451159717516, 0.48989449472988555, 0.5578935516915395, 0.5486836998673168, 0.5609241702335639, 0.5163483205646495, 0.5245528825984627, 0.5231231803245546, 0.5998524015299117, 0.5097963789686061, 0.49267001569146734, 0.4925320272319813, 0.4900306848314636, 0.46934316995230985], [0.5535256598353513, 0.6250451159717516, 0.6250451159717516, 0.6558106307561719, 0.5998524015299117, 0.5609241702335639, 0.5056957060336486, 0.6433832753638915, 0.5578935516915395, 0.5486836998673168, 0.5609241702335639, 0.5163483205646495, 0.5245528825984627, 0.5231231803245546, 0.5998524015299117, 0.5097963789686061], [0.6558106307561719, 0.6534318293025233, 0.5787655141417624, 0.47735425522809083, 0.6250451159717516, 0.6250451159717516, 0.6250451159717516, 0.6250451159717516, 0.5998524015299117, 0.5998524015299117, 0.5595405104104465, 0.5998524015299117, 0.5609241702335639, 0.6002117166465496, 0.5609241702335639, 0.5801247875421123], [0.6558106307561719, 0.6534318293025233, 0.6204412579332823, 0.5125005361311981, 0.6250451159717516, 0.6250451159717516, 0.6250451159717516, 0.6250451159717516, 0.6250451159717516, 0.6250451159717516, 0.6367843674129192, 0.6250451159717516, 0.6002117166465496, 0.5998524015299117, 0.6433832753638915, 0.4691950473464315], [0.6567021755970844, 0.6534318293025233, 0.6204412579332823, 0.5125005361311981, 0.6433832753638915, 0.593680961255871, 0.5799907937479735, 0.6432749345723587, 0.6250451159717516, 0.6250451159717516, 0.6250451159717516, 0.6250451159717516, 0.6250451159717516, 0.6250451159717516, 0.6250451159717516, 0.6250451159717516], [0.6567021755970844, 0.6534318293025233, 0.6204412579332823, 0.4369220739256422, 0.6433832753638915, 0.6432749345723587, 0.6433832753638915, 0.6432749345723587, 0.6250451159717516, 0.6250451159717516, 0.6697736130811689, 0.5410725450683916, 0.6250451159717516, 0.6250451159717516, 0.6250451159717516, 0.6250451159717516], [0.6697736130811689, 0.6567021755970844, 0.5960727203941446, 0.6250451159717516, 0.6534318293025233, 0.6433832753638915, 0.5909938833788437, 0.6534318293025233, 0.635043238121405, 0.5882762942307903, 0.6433832753638915, 0.5733325210622856, 0.6432749345723587, 0.5951921219766069, 0.6367843674129192, 0.6368309150995903], [0.6697736130811689, 0.6567021755970844, 0.7391353726382869, 0.6250451159717516, 0.6534318293025233, 0.6534318293025233, 0.49274674897808557, 0.6534318293025233, 0.6433832753638915, 0.6433832753638915, 0.6433832753638915, 0.6433832753638915, 0.4534806038249811, 0.6368309150995903, 0.6432749345723587, 0.6875820901420301]], "best_fitnesss": [0.6558106307561719, 0.6558106307561719, 0.6558106307561719, 0.6558106307561719, 0.6558106307561719, 0.6567021755970844, 0.6697736130811689, 0.6697736130811689, 0.7391353726382869], "prob_mutate": 0.03125}