{"num_qubits": 5, "depth": 8, "num_circuit": 32, "num_generation": 40, "current_generation": 15, "fitnessss": [[0.15104537674334043, 0.2568716844146275, 0.31041197765510037, 0.24723269758125346, 0.24961849335658934, 0.228383207913493, 0.2528817786569711, 0.2230164547953572, 0.2976432535162853, 0.19595599339036635, 0.23738139002758057, 0.29522547586184944, 0.28733169778466344, 0.2571560892453437, 0.19649061727413292, 0.26442667515285995, 0.17932816810571317, 0.26952807636181103, 0.20291223276856613, 0.19150735894390747, 0.3018103954836686, 0.30391740134171064, 0.2191547623441466, 0.23322882722467791, 0.280936800782256, 0.23359881262177334, 0.13398870877470562, 0.21141494819688428, 0.15890157994300746, 0.24608212528152634, 0.21930254336182325, 0.22609546619199242], [0.31041197765510037, 0.30391740134171064, 0.31994739924147825, 0.30893825905050687, 0.3018103954836686, 0.2976432535162853, 0.27146997296408804, 0.27086654305634145, 0.28450165288634344, 0.28733169778466344, 0.24161091770490248, 0.24234176999078372, 0.280936800782256, 0.26952807636181103, 0.2713038430373968, 0.18471579728050852, 0.26442667515285995, 0.2571560892453437, 0.25017668212021765, 0.2960486812011176, 0.2568716844146275, 0.2528817786569711, 0.22441035274117466, 0.3050856825281451, 0.24961849335658934, 0.24723269758125346, 0.24217395059399785, 0.24559110617817687, 0.24608212528152634, 0.23738139002758057, 0.2305315651086563, 0.22740843363779825], [0.31994739924147825, 0.31041197765510037, 0.28051957100032704, 0.31994739924147825, 0.30893825905050687, 0.3050856825281451, 0.25355877486946404, 0.2650073581899159, 0.30391740134171064, 0.3018103954836686, 0.32911241440405226, 0.261430649959696, 0.2976432535162853, 0.2960486812011176, 0.2706061435640641, 0.29608722410989563, 0.28733169778466344, 0.28450165288634344, 0.24234176999078372, 0.2661341108264351, 0.280936800782256, 0.27146997296408804, 0.24921565239127882, 0.2043482862067049, 0.2713038430373968, 0.27086654305634145, 0.2778514603583349, 0.26830793145363085, 0.26952807636181103, 0.26442667515285995, 0.2559338511809421, 0.2484010620353807], [0.32911241440405226, 0.31994739924147825, 0.30391740134171064, 0.3138700886700499, 0.31994739924147825, 0.31041197765510037, 0.31041197765510037, 0.31994739924147825, 0.30893825905050687, 0.3050856825281451, 0.25355877486946404, 0.2650073581899159, 0.30391740134171064, 0.3311230737686829, 0.32911241440405226, 0.261430649959696, 0.2976432535162853, 0.29608722410989563, 0.2976432535162853, 0.29608722410989563, 0.2960486812011176, 0.28733169778466344, 0.2599455655172999, 0.25900304981275324, 0.28450165288634344, 0.280936800782256, 0.22368995739415612, 0.25183210943701007, 0.28051957100032704, 0.2778514603583349, 0.3138700886700499, 0.28386514219599307], [0.3311230737686829, 0.32911241440405226, 0.3018103954836686, 0.31830136151672284, 0.32911241440405226, 0.31994739924147825, 0.30391740134171064, 0.3138700886700499, 0.31994739924147825, 0.31994739924147825, 0.31994739924147825, 0.31994739924147825, 0.2593037320414821, 0.3138700886700499, 0.3138700886700499, 0.3138700886700499, 0.31041197765510037, 0.31041197765510037, 0.31041197765510037, 0.31041197765510037, 0.3080603752383365, 0.3050856825281451, 0.25355877486946404, 0.2650073581899159, 0.27933126382206697, 0.30391740134171064, 0.30391740134171064, 0.30391740134171064, 0.2976432535162853, 0.2976432535162853, 0.2976432535162853, 0.2976432535162853], [0.3311230737686829, 0.32911241440405226, 0.3018103954836686, 0.31830136151672284, 0.2913195828839099, 0.3065269967359889, 0.30391740134171064, 0.3138700886700499, 0.31994739924147825, 0.31994739924147825, 0.31994739924147825, 0.31994739924147825, 0.31994739924147825, 0.31994739924147825, 0.31994739924147825, 0.31994739924147825, 0.31830136151672284, 0.3138700886700499, 0.32911241440405226, 0.3144645979254903, 0.3138700886700499, 0.3138700886700499, 0.3138700886700499, 0.2843583962848575, 0.3138700886700499, 0.31041197765510037, 0.31041197765510037, 0.3138700886700499, 0.31041197765510037, 0.31041197765510037, 0.31041197765510037, 0.31041197765510037], [0.3311230737686829, 0.32911241440405226, 0.3018103954836686, 0.31830136151672284, 0.32911241440405226, 0.31994739924147825, 0.30391740134171064, 0.2733016203714189, 0.31994739924147825, 0.31994739924147825, 0.2846605666709028, 0.31994739924147825, 0.31994739924147825, 0.31994739924147825, 0.31994739924147825, 0.31994739924147825, 0.31994739924147825, 0.31994739924147825, 0.31994739924147825, 0.31994739924147825, 0.31994739924147825, 0.31830136151672284, 0.3144645979254903, 0.30391740134171064, 0.31830136151672284, 0.3144645979254903, 0.31830136151672284, 0.3144645979254903, 0.3138700886700499, 0.3138700886700499, 0.3138700886700499, 0.3138700886700499], [0.3311230737686829, 0.32911241440405226, 0.3018103954836686, 0.31830136151672284, 0.32911241440405226, 0.31994739924147825, 0.30391740134171064, 0.3138700886700499, 0.31994739924147825, 0.31994739924147825, 0.31994739924147825, 0.31994739924147825, 0.31994739924147825, 0.31994739924147825, 0.31994739924147825, 0.31994739924147825, 0.31994739924147825, 0.31994739924147825, 0.24429247663444, 0.31994739924147825, 0.31994739924147825, 0.3074359669512039, 0.31994739924147825, 0.31994739924147825, 0.31994739924147825, 0.2883418136183411, 0.31994739924147825, 0.31994739924147825, 0.31994739924147825, 0.28543531186220905, 0.31994739924147825, 0.31994739924147825], [0.3311230737686829, 0.32911241440405226, 0.3272770635641852, 0.29902757458892437, 0.32521763255054836, 0.31994739924147825, 0.2928510950245612, 0.3138700886700499, 0.31994739924147825, 0.31994739924147825, 0.31994739924147825, 0.31994739924147825, 0.31994739924147825, 0.31994739924147825, 0.31994739924147825, 0.3090231256436807, 0.31994739924147825, 0.31994739924147825, 0.31994739924147825, 0.31994739924147825, 0.31994739924147825, 0.31994739924147825, 0.31994739924147825, 0.31994739924147825, 0.31994739924147825, 0.33799924425729033, 0.31994739924147825, 0.31994739924147825, 0.31994739924147825, 0.31994739924147825, 0.30557625956584267, 0.31994739924147825], [0.33799924425729033, 0.3311230737686829, 0.33761523722049114, 0.261430649959696, 0.32911241440405226, 0.3272770635641852, 0.32936386448943694, 0.3018103954836686, 0.32521763255054836, 0.31994739924147825, 0.30391740134171064, 0.3170812566877194, 0.31994739924147825, 0.27332241545666064, 0.31994739924147825, 0.31994739924147825, 0.31994739924147825, 0.31994739924147825, 0.31994739924147825, 0.31994739924147825, 0.31994739924147825, 0.31994739924147825, 0.31994739924147825, 0.31994739924147825, 0.31994739924147825, 0.31994739924147825, 0.31994739924147825, 0.31994739924147825, 0.31994739924147825, 0.31994739924147825, 0.31994739924147825, 0.31994739924147825], [0.3365830277083419, 0.33761523722049114, 0.33761523722049114, 0.33799924425729033, 0.3311230737686829, 0.32936386448943694, 0.3272770635641852, 0.31830136151672284, 0.32911241440405226, 0.3272770635641852, 0.32936386448943694, 0.3018103954836686, 0.32521763255054836, 0.31994739924147825, 0.30391740134171064, 0.3170812566877194, 0.31994739924147825, 0.31994739924147825, 0.31994739924147825, 0.31994739924147825, 0.31994739924147825, 0.31994739924147825, 0.31994739924147825, 0.31994739924147825, 0.31994739924147825, 0.31994739924147825, 0.31994739924147825, 0.31994739924147825, 0.31994739924147825, 0.31994739924147825, 0.31994739924147825, 0.2921880602575331], [0.33799924425729033, 0.33761523722049114, 0.33761523722049114, 0.33799924425729033, 0.33761523722049114, 0.3365830277083419, 0.33799924425729033, 0.2867833912646338, 0.3311230737686829, 0.32936386448943694, 0.3272770635641852, 0.31830136151672284, 0.32936386448943694, 0.32911241440405226, 0.32911241440405226, 0.32936386448943694, 0.3272770635641852, 0.3272770635641852, 0.3272770635641852, 0.3272770635641852, 0.32521763255054836, 0.31994739924147825, 0.30391740134171064, 0.3192288822219089, 0.31994739924147825, 0.31994739924147825, 0.31994739924147825, 0.31994739924147825, 