{"num_qubits": 4, "depth": 20, "num_circuit": 16, "num_generation": 40, "current_generation": 5, "fitnessss": [[0.8119831034591515, 0.7276755454202055, 0.8845559872264037, 0.7907462834139561, 0.7632556430749087, 0.7943721278222211, 0.7957583420014602, 0.8011425370203966, 0.80060643176421, 0.7894390031751282, 0.7297733114689106, 0.8042439423411614, 0.7123683054821366, 0.699011839233423, 0.767111461603071, 0.657729512821159], [0.8845559872264037, 0.8119831034591515, 0.8166055495239165, 0.8825410568931223, 0.8042439423411614, 0.8011425370203966, 0.6913863996374717, 0.8077388323788954, 0.80060643176421, 0.7957583420014602, 0.7949938829150862, 0.7480147106729136, 0.7943721278222211, 0.7907462834139561, 0.8552251398445868, 0.7293139802881903], [0.8845559872264037, 0.8825410568931223, 0.8845559872264037, 0.8387297534993804, 0.8552251398445868, 0.8166055495239165, 0.8748249225076078, 0.8263960289634135, 0.8119831034591515, 0.8210117214361068, 0.7859202699116239, 0.8474658448039559, 0.8042439423411614, 0.8011425370203966, 0.714293583684778, 0.8077388323788954], [0.8845559872264037, 0.8845559872264037, 0.8845559872264037, 0.8845559872264037, 0.8825410568931223, 0.8748249225076078, 0.8119831034591515, 0.8323704869335586, 0.8552251398445868, 0.7468544018601719, 0.8748249225076078, 0.8482542808034008, 0.8387297534993804, 0.8263960289634135, 0.8466560409791946, 0.8426624603663525], [0.8845559872264037, 0.8845559872264037, 0.8845559872264037, 0.8845559872264037, 0.8845559872264037, 0.8845559872264037, 0.8845559872264037, 0.8845559872264037, 0.8825410568931223, 0.8748249225076078, 0.7748269717945409, 0.8640324125232788, 0.8748249225076078, 0.8552251398445868, 0.8552251398445868, 0.8748249225076078]], "best_fitnesss": [0.8845559872264037, 0.8845559872264037, 0.8845559872264037, 0.8845559872264037, 0.8845559872264037], "prob_mutate": 0.009375}