{"num_qubits": 4, "depth": 3, "num_circuit": 32, "num_generation": 10, "current_generation": 10, "fitnessss": [[0.08519603185209898, 0.25835450788565345, 0.27912318919733464, 0.16654701835078564, 0.11348571096194884, 0.18648550386894303, 0.13642054594129988, 0.1111869699690123, 0.2341752545736388, 0.21689060239638938, 0.13140629766215678, 0.15598647256366602, 0.22524067484875282, 0.15269689249579096, 0.2314298133767429, 0.15076300527783562, 0.18826044761872524, 0.1667080819675968, 0.12050481525263937, 0.14408011874861887, 0.06135229150284709, 0.18872692976314262, 0.14613802467408435, 0.15696050264024355, 0.22686079745487414, 0.16639023164716799, 0.22924517364112712, 0.1951535154824364, 0.21299053573758675, 0.07413181208992567, 0.19859772967522632, 0.02969325343729473], [0.27912318919733464, 0.25835450788565345, 0.22989832431908006, 0.10624528274553065, 0.2341752545736388, 0.2314298133767429, 0.2919634454949291, 0.10160990339430861, 0.23023891350236694, 0.22686079745487414, 0.27288924547586507, 0.20442119678754994, 0.22524067484875282, 0.21689060239638938, 0.1412146342786919, 0.1914865949477909, 0.21299053573758675, 0.23581472071971152, 0.1180570793355995, 0.3112780029870818, 0.1951535154824364, 0.18872692976314262, 0.11490867068347757, 0.14222536533214816, 0.18826044761872524, 0.18648550386894303, 0.21589460816090736, 0.17322854179804079, 0.16670808196759682, 0.16654701835078564, 0.08496524544371967, 0.1855906993911746], [0.3112780029870818, 0.2919634454949291, 0.2200413956447759, 0.29072626943643815, 0.27912318919733464, 0.27288924547586507, 0.2877776269047386, 0.2281724693468492, 0.25835450788565345, 0.23581472071971152, 0.12917607586823998, 0.14780888415606006, 0.2341752545736388, 0.2314298133767429, 0.2919634454949291, 0.10921280443152312, 0.23023891350236694, 0.22989832431908006, 0.1565370397502363, 0.3136341706918577, 0.22686079745487414, 0.22524067484875282, 0.10551036402310165, 0.27776932192307785, 0.21689060239638938, 0.21589460816090736, 0.20217009167207536, 0.14637904744665195, 0.21299053573758675, 0.20442119678754994, 0.2779151519977354, 0.04230562508132106], [0.25868245515804195, 0.11193863641353789, 0.14190978636472967, 0.33103322116212797, 0.30761073635171793, 0.2919634454949291, 0.2919634454949291, 0.2919634454949291, 0.29072626943643815, 0.2877776269047386, 0.331838513309193, 0.15150458645124207, 0.27912318919733464, 0.2779151519977354, 0.24481153230044156, 0.27798985272693877, 0.27776932192307785, 0.27288924547586507, 0.27776932192307785, 0.27288924547586507, 0.25835450788565345, 0.23581472071971152, 0.12917607586823998, 0.14780888415606006, 0.2341752545736388, 0.2064305027184909, 0.2919634454949291, 0.10160990339430861, 0.23023891350236694, 0.22989832431908006, 0.10359954136520147, 0.2583119044275615], [0.331838513309193, 0.33103322116212797, 0.34113613454947816, 0.3555628556089525, 0.30761073635171793, 0.2919634454949291, 0.2919634454949291, 0.30761073635171793, 0.31343732948054476, 0.2919634454949291, 0.2919634454949291, 0.2919634454949291, 0.2919634454949291, 0.29072626943643815, 0.29072626943643815, 0.2919634454949291, 0.2877776269047386, 0.27912318919733464, 0.27912318919733464, 0.2877776269047386, 0.27798985272693877, 0.2779151519977354, 0.2779151519977354, 0.19800247674683508, 0.27776932192307785, 0.27776932192307785, 0.27776932192307785, 0.27776932192307785, 0.27288924547586507, 0.27288924547586507, 0.23264767094124328, 0.27288924547586507], [0.3555628556089525, 0.34113613454947816, 0.33103322116212797, 0.331838513309193, 0.331838513309193, 0.33103322116212797, 0.34113613454947816, 0.3555628556089525, 0.31343732948054476, 0.30761073635171793, 0.30761073635171793, 0.31343732948054476, 0.30761073635171793, 0.2919634454949291, 0.2919634454949291, 0.30761073635171793, 0.2919634454949291, 0.2919634454949291, 0.2919634454949291, 0.3076265454588582, 0.2919634454949291, 0.2919634454949291, 0.2919634454949291, 0.2919634454949291, 0.2919634454949291, 0.2919634454949291, 0.2919634454949291, 0.2919634454949291, 0.29072626943643815, 0.29072626943643815, 0.34981134551727766, 0.29072626943643815], [0.2639227760770567, 0.3555628556089525, 0.3555628556089525, 0.3555628556089525, 0.34981134551727766, 0.34113613454947816, 0.34113613454947816, 0.34981134551727766, 0.34113613454947816, 0.331838513309193, 0.331838513309193, 0.3395537633261484, 0.331838513309193, 0.33103322116212797, 0.34113613454947816, 0.20985984576068364, 0.1995004072127772, 0.31343732948054476, 0.2333921027576072, 0.34113613454947816, 0.31343732948054476, 0.3076265454588582, 0.3076265454588582, 0.31343732948054476, 0.30761073635171793, 0.30761073635171793, 0.30761073635171793, 0.30761073635171793, 0.30761073635171793, 0.30761073635171793, 0.30761073635171793, 0.30761073635171793], [0.3555628556089525, 0.3555628556089525, 0.3555628556089525, 0.3555628556089525, 0.3555628556089525, 0.34981134551727766, 0.31781601277054994, 0.331838513309193, 0.34981134551727766, 0.3231776909487677, 0.34113613454947816, 0.34981134551727766, 0.34113613454947816, 0.34113613454947816, 0.34113613454947816, 0.34113613454947816, 0.34113613454947816, 0.34113613454947816, 0.34113613454947816, 0.34113613454947816, 0.3395537633261484, 0.2807831423459305, 0.331838513309193, 0.3395537633261484, 0.331838513309193, 0.331838513309193, 0.331838513309193, 0.331838513309193, 0.33103322116212797, 0.31343732948054476, 0.2333921027576072, 0.34113613454947816], [0.3555628556089525, 0.3555628556089525, 0.3555628556089525, 0.3555628556089525, 0.3555628556089525, 0.3555628556089525, 0.3555628556089525, 0.3555628556089525, 0.3555628556089525, 0.34981134551727766, 0.31781601277054994, 0.331838513309193, 0.34981134551727766, 0.34981134551727766, 0.34981134551727766, 0.34981134551727766, 0.34113613454947816, 0.34113613454947816, 0.34113613454947816, 0.22074205895714946, 0.34113613454947816, 0.34113613454947816, 0.34113613454947816, 0.34113613454947816, 0.34113613454947816, 0.34113613454947816, 0.34113613454947816, 0.34113613454947816, 0.34113613454947816, 0.34113613454947816, 0.34113613454947816, 0.34113613454947816], [0.3555628556089525, 0.3555628556089525, 0.3555628556089525, 0.3555628556089525, 0.3555628556089525, 0.3555628556089525, 0.3555628556089525, 0.3555628556089525, 0.3555628556089525, 0.3555628556089525, 0.3555628556089525, 0.3555628556089525, 0.3555628556089525, 0.3555628556089525, 0.3555628556089525, 0.3555628556089525, 0.3555628556089525, 0.17485897034155612, 0.32954086927755355, 0.331838513309193, 0.34981134551727766, 0.34981134551727766, 0.21993988643159684, 0.34981134551727766, 0.34981134551727766, 0.34981134551727766, 0.34981134551727766, 0.34981134551727766, 0.34113613454947816, 0.34113613454947816, 0.34113613454947816, 0.34113613454947816]], "best_fitnesss": [0.27912318919733464, 0.3112780029870818, 0.3136341706918577, 0.331838513309193, 0.3555628556089525, 0.3555628556089525, 0.3555628556089525, 0.3555628556089525, 0.3555628556089525, 0.3555628556089525], "prob_mutate": 0.03125}