{"num_qubits": 3, "depth": 11, "num_circuit": 4, "num_generation": 50, "current_generation": 10, "fitnessss": [[0.6087718148491439, 0.6417344217191191, 0.7859272281985848, 0.775265366020285], [0.7859272281985848, 0.7248240789358118, 0.6898981752409714, 0.7582221591775367], [0.732177728072106, 0.7172699528703406, 0.6598449255921357, 0.7699775622631094], [0.7699775622631094, 0.7413238344924271, 0.7699775622631094, 0.7369361217834117], [0.680603205983045, 0.7021067667122375, 0.6692221343515207, 0.7699775622631094], [0.7699775622631094, 0.7021067667122375, 0.7534419454378022, 0.7011025151897562], [0.7272288168767325, 0.7534419454378022, 0.729543310907833, 0.7656696876586684], [0.771905070607548, 0.7534419454378022, 0.6894296380436569, 0.7699775622631094], [0.771905070607548, 0.7699775622631094, 0.771905070607548, 0.7421657740342417], [0.7698362504525361, 0.771905070607548, 0.771905070607548, 0.7924435297914914]], "best_fitnesss": [0.7859272281985848, 0.7859272281985848, 0.7699775622631094, 0.7699775622631094, 0.7699775622631094, 0.7699775622631094, 0.7656696876586684, 0.771905070607548, 0.771905070607548, 0.7924435297914914], "prob_mutate": 0.06818181818181818}