{"num_qubits": 5, "depth": 16, "num_circuit": 32, "num_generation": 30, "current_generation": 3, "fitnessss": [[0.3660386048127032, 0.42822610436022296, 0.5608799849927875, 0.45490655139642566, 0.5261838950790805, 0.5493087151189503, 0.5295030056635537, 0.5473513426315882, 0.4738715353739624, 0.5353356249995035, 0.43087154445537024, 0.5389567836271534, 0.44823556287087063, 0.40809684732536, 0.4366850252961229, 0.4134059458580584, 0.4031983333592418, 0.31213808076846955, 0.5276670756028121, 0.5763814432899842, 0.5334563068404127, 0.49700292774967403, 0.426159926814767, 0.5217656771552048, 0.5118196805327166, 0.46485306596556286, 0.3148676372640319, 0.5533041225681845, 0.5497061898696215, 0.5014853779148438, 0.40442269192720204, 0.5790076489897769], [0.5790076489897769, 0.5763814432899842, 0.576799457312265, 0.5564872577970841, 0.5608799849927875, 0.5533041225681845, 0.5673654044550369, 0.552271540650494, 0.5497061898696215, 0.5493087151189503, 0.5270133148492737, 0.49759548050761326, 0.5473513426315882, 0.5389567836271534, 0.5117219520472636, 0.5568533887700473, 0.5353356249995035, 0.5334563068404127, 0.44061460129253405, 0.5367054616018367, 0.5295030056635537, 0.4742686311430765, 0.5384901090678594, 0.4317413957748425, 0.47185400170944974, 0.5217656771552048, 0.4681077806757255, 0.5194127301980562, 0.5118196805327166, 0.5014853779148438, 0.5037800020252786, 0.5048070156713832], [0.5790076489897769, 0.576799457312265, 0.576799457312265, 0.5790076489897769, 0.5763814432899842, 0.5673654044550369, 0.5687598321786173, 0.5865526832459597, 0.5608799849927875, 0.5568533887700473, 0.6200256927766159, 0.5171463232227402, 0.5564872577970841, 0.5533041225681845, 0.49858299806282974, 0.5570911781212324, 0.552271540650494, 0.5497061898696215, 0.5231967483987651, 0.5231318099006734, 0.5493087151189503, 0.5473513426315882, 0.5746727055134028, 0.5309948782493882, 0.5389567836271534, 0.47410474206879283, 0.5404931357437073, 0.506180947477018, 0.5367054616018367, 0.5353356249995035, 0.5367054616018367, 0.5353356249995035]], "best_fitnesss": [0.5790076489897769, 0.5790076489897769, 0.6200256927766159], "prob_mutate": 0.005859375}