{"num_qubits": 3, "depth": 9, "num_circuit": 32, "num_generation": 40, "current_generation": 3, "fitnessss": [[0.48497537943062136, 0.44001945217781396, 0.6988715921485512, 0.5711956579466243, 0.5721737218999693, 0.3854209389347886, 0.6352997509033775, 0.3639930531448806, 0.5420431633290582, 0.38686405893370707, 0.6519517377841646, 0.6496598996679286, 0.6887697181546304, 0.4415096686875176, 0.5539056850260473, 0.6039319629101884, 0.49466372338128684, 0.5845172227567944, 0.7406654438506448, 0.6242694468983578, 0.6153706633047087, 0.509818322633525, 0.45732734763384447, 0.48725774248381093, 0.4035931134882575, 0.6401558902025983, 0.2601163051330502, 0.5452658497734564, 0.675654335343282, 0.6291613298005944, 0.48106535018889307, 0.5079628154825487], [0.7406654438506448, 0.6988715921485512, 0.6360900937367957, 0.7386744364501175, 0.6887697181546304, 0.675654335343282, 0.5491239564806458, 0.5255532660128157, 0.6519517377841646, 0.6496598996679286, 0.7113988200160145, 0.6456872283472268, 0.6401558902025983, 0.6352997509033775, 0.6651409457035233, 0.614855344924647, 0.6291613298005944, 0.6242694468983578, 0.5924954692237011, 0.5138526357678452, 0.6153706633047087, 0.6039319629101884, 0.5415968946876799, 0.7343043488656961, 0.5845172227567944, 0.5721737218999693, 0.5919459707671202, 0.5043556761368426, 0.5711956579466243, 0.5539056850260473, 0.5302286253566608, 0.6503333656650395], [0.7406654438506448, 0.7386744364501175, 0.7406654438506448, 0.7386744364501175, 0.7343043488656961, 0.7487862191517001, 0.6233628768553406, 0.7185347879104923, 0.6988715921485512, 0.6887697181546304, 0.6464721167696673, 0.7259797142224331, 0.675654335343282, 0.6651409457035233, 0.5911226811247637, 0.6555799217991873, 0.6711785166469006, 0.6503333656650395, 0.682621319751693, 0.5472059332497866, 0.6496598996679286, 0.6456872283472268, 0.6456872283472268, 0.6496598996679286, 0.6401558902025983, 0.6360900937367957, 0.6957383666033234, 0.6262199863197373, 0.6352997509033775, 0.6291613298005944, 0.42056667857533175, 0.7785370257733988]], "best_fitnesss": [0.7406654438506448, 0.7406654438506448, 0.7785370257733988], "prob_mutate": 0.010416666666666666}