{"num_qubits": 6, "depth": 31, "num_circuit": 4, "num_generation": 30, "current_generation": 2, "fitnessss": [[0.5619376523423599, 0.6330652125928837, 0.5892619545842699, 0.6020643898428009], [0.6373312902316124, 0.6049621143040647, 0.6187325672803903, 0.6190854970932065]], "best_fitnesss": [0.6330652125928837, 0.6373312902316124], "prob_mutate": 0.024193548387096774}