{"num_qubits": 2, "depth": 5, "num_circuit": 8, "num_generation": 20, "current_generation": 2, "fitnessss": [[0.6674462331437654, 0.8128914907011542, 0.6755369815638008, 0.7954234024342447, 0.8635715285371655, 0.43086943665978766, 0.6582549102387276, 0.6730133292652987], [0.8635715285371655, 0.8128914907011542, 0.888171444637248, 0.8144557559630987, 0.7954234024342447, 0.6755369815638008, 0.714388067355032, 0.6031266976525587]], "best_fitnesss": [0.8635715285371655, 0.888171444637248], "prob_mutate": 0.075}