{"num_qubits": 5, "depth": 7, "num_circuit": 8, "num_generation": 20, "current_generation": 20, "fitnessss": [[0.17825236878661058, 0.2380510605482508, 0.23040275418409428, 0.2600477350769011, 0.19316746236433105, 0.21487892071820083, 0.1444686827795198, 0.20707767854723916], [0.2600477350769011, 0.2380510605482508, 0.25242438487158836, 0.22340397227456094, 0.23040275418409428, 0.22836924976202697, 0.21952044662138367, 0.26716852881522135], [0.26716852881522135, 0.2600477350769011, 0.21171735467707134, 0.3005365097269182, 0.26786028489820995, 0.2380510605482508, 0.2574667023333085, 0.2380510605482508], [0.3005365097269182, 0.2927117427108072, 0.2383916377147582, 0.28520311908297635, 0.26716852881522135, 0.2600477350769011, 0.20209641102600476, 0.3005365097269182], [0.3005365097269182, 0.3005365097269182, 0.3005365097269182, 0.3005365097269182, 0.2639533919545941, 0.28520311908297635, 0.25910642938546685, 0.2927117427108072], [0.2766424767475109, 0.3005365097269182, 0.22901772655014235, 0.2972453143350086, 0.24923606011354416, 0.3005365097269182, 0.3005365097269182, 0.2641113071166564], [0.3005365097269182, 0.3005365097269182, 0.3005365097269182, 0.3005365097269182, 0.3005365097269182, 0.2972453143350086, 0.3064194996945758, 0.29913476567072117], [0.2040991502484924, 0.3005365097269182, 0.3005365097269182, 0.3064194996945758, 0.2931938428763143, 0.27192284090410873, 0.29600889902618044, 0.3005365097269182], [0.3064194996945758, 0.2653092581563996, 0.3005365097269182, 0.3064194996945758, 0.3005365097269182, 0.25598059738649176, 0.3005365097269182, 0.3005365097269182], [0.26330087121767043, 0.3064194996945758, 0.29598895453250684, 0.3064194996945758, 0.3005365097269182, 0.3005365097269182, 0.3005365097269182, 0.3005365097269182], [0.3064194996945758, 0.3064194996945758, 0.3064194996945758, 0.3064194996945758, 0.3005365097269182, 0.3005365097269182, 0.3330620475764183, 0.28897605464263565], [0.3330620475764183, 0.3064194996945758, 0.3265354324605768, 0.3005365097269182, 0.3064194996945758, 0.24736971112252748, 0.3064194996945758, 0.3064194996945758], [0.22675464114087154, 0.3265354324605768, 0.3265354324605768, 0.3330620475764183, 0.2407905962448113, 0.3064194996945758, 0.27391725008831325, 0.3064194996945758], [0.3330620475764183, 0.3265354324605768, 0.3265354324605768, 0.3330620475764183, 0.3066497109602916, 0.2598714904233098, 0.3265354324605768, 0.2822410574660552], [0.3330620475764183, 0.26618224355670056, 0.3330620475764183, 0.3330620475764183, 0.3265354324605768, 0.3265354324605768, 0.25743017990704786, 0.3265354324605768], [0.3330620475764183, 0.3330620475764183, 0.3330620475764183, 0.24678121891842703, 0.27396925295213503, 0.3265354324605768, 0.3265354324605768, 0.21728547548243715], [0.3330620475764183, 0.3330620475764183, 0.22279391136660118, 0.3330620475764183, 0.3330620475764183, 0.2882605307456786, 0.28272792068013086, 0.3330620475764183], [0.3330620475764183, 0.3330620475764183, 0.20551894802319678, 0.3330620475764183, 0.1590398194170335, 0.3330620475764183, 0.3330620475764183, 0.24238858109112776], [0.3330620475764183, 0.3330620475764183, 0.3330620475764183, 0.3330620475764183, 0.3330620475764183, 0.24944315084243368, 0.3330620475764183, 0.3330620475764183], [0.23815988598417598, 0.2907625087407312, 0.3330620475764183, 0.21202865196434795, 0.3330620475764183, 0.2254196015167027, 0.3330620475764183, 0.3330620475764183]], "best_fitnesss": [0.2600477350769011, 0.26716852881522135, 0.3005365097269182, 0.3005365097269182, 0.3005365097269182, 0.3005365097269182, 0.3064194996945758, 0.3064194996945758, 0.3064194996945758, 0.3064194996945758, 0.3330620475764183, 0.3330620475764183, 0.3330620475764183, 0.3330620475764183, 0.3330620475764183, 0.3330620475764183, 0.3330620475764183, 0.3330620475764183, 0.3330620475764183, 0.3330620475764183], "prob_mutate": 0.05357142857142857}