{"num_qubits": 5, "depth": 11, "num_circuit": 16, "num_generation": 10, "current_generation": 10, "fitnessss": [[0.4010215730414983, 0.34487525254153356, 0.37962448117826253, 0.36203158494926346, 0.34081228918183243, 0.29287353205868805, 0.4262313694740218, 0.30630901730512033, 0.3021087365064098, 0.2967618600594927, 0.38309214092952687, 0.35226941652866606, 0.3516892712324169, 0.262179495115645, 0.33559360463776045, 0.39122046166730556], [0.4262313694740218, 0.4010215730414983, 0.4108656899688773, 0.39079863182077473, 0.39122046166730556, 0.4429767857708703, 0.355184379154764, 0.288342629701532, 0.37962448117826253, 0.36203158494926346, 0.32498120513005885, 0.39247405268231916, 0.40741197286198877, 0.3516892712324169, 0.382980290787516, 0.28594534833666874], [0.4429767857708703, 0.4262313694740218, 0.4434900122343075, 0.4336826849692529, 0.4108656899688773, 0.40741197286198877, 0.40039710745113116, 0.36241498602660743, 0.4010215730414983, 0.39247405268231916, 0.4574749262410351, 0.33038417202603376, 0.39122046166730556, 0.39079863182077473, 0.4147965049263215, 0.37233809741001667], [0.4574749262410351, 0.4434900122343075, 0.39079863182077473, 0.4107557109756684, 0.4429767857708703, 0.4336826849692529, 0.4429767857708703, 0.4336826849692529, 0.33776238132034037, 0.4147965049263215, 0.4262313694740218, 0.4147965049263215, 0.4108656899688773, 0.40741197286198877, 0.3795343086619875, 0.36241498602660743], [0.4574749262410351, 0.36893754045309957, 0.39079863182077473, 0.4107557109756684, 0.4429767857708703, 0.4429767857708703, 0.4429767857708703, 0.4429767857708703, 0.4336826849692529, 0.4336826849692529, 0.4336826849692529, 0.4336826849692529, 0.4262313694740218, 0.4147965049263215, 0.4262313694740218, 0.41749679767365794], [0.35803775178770414, 0.4429767857708703, 0.43735973657931426, 0.4107557109756684, 0.41924464578681675, 0.39542638586158774, 0.4429767857708703, 0.34373909616542475, 0.4429767857708703, 0.4336826849692529, 0.4429767857708703, 0.4336826849692529, 0.3857105954895167, 0.4336826849692529, 0.4336826849692529, 0.4336826849692529], [0.4429767857708703, 0.31061067443330054, 0.3900676338264967, 0.4429767857708703, 0.3783757244279018, 0.4429767857708703, 0.4429767857708703, 0.4429767857708703, 0.43735973657931426, 0.4336826849692529, 0.35448467966051533, 0.4336826849692529, 0.4336826849692529, 0.4336826849692529, 0.39672773906471265, 0.4336826849692529], [0.4429767857708703, 0.40822547534233244, 0.4429767857708703, 0.4429767857708703, 0.4429767857708703, 0.4429767857708703, 0.4429767857708703, 0.4429767857708703, 0.4058600016525796, 0.43735973657931426, 0.4429767857708703, 0.43735973657931426, 0.4336826849692529, 0.4336826849692529, 0.38748967097241205, 0.4336826849692529], [0.4429767857708703, 0.36857940210887963, 0.4429767857708703, 0.4429767857708703, 0.4429767857708703, 0.4093755325114163, 0.4429767857708703, 0.4429767857708703, 0.4429767857708703, 0.4429767857708703, 0.4429767857708703, 0.4429767857708703, 0.37059877855603157, 0.4429767857708703, 0.4429767857708703, 0.4429767857708703], [0.36219691059379766, 0.4429767857708703, 0.4429767857708703, 0.4429767857708703, 0.37756391855034643, 0.4429767857708703, 0.4429767857708703, 0.4429767857708703, 0.4429767857708703, 0.4429767857708703, 0.4429767857708703, 0.4429767857708703, 0.4429767857708703, 0.4429767857708703, 0.42601375214404225, 0.4429767857708703]], "best_fitnesss": [0.4262313694740218, 0.4429767857708703, 0.4574749262410351, 0.4574749262410351, 0.4574749262410351, 0.4429767857708703, 0.4429767857708703, 0.4429767857708703, 0.4429767857708703, 0.4429767857708703], "prob_mutate": 0.017045454545454544}