{"num_qubits": 5, "depth": 18, "num_circuit": 4, "num_generation": 40, "current_generation": 8, "fitnessss": [[0.5340023291812266, 0.6013990151075499, 0.5091059745576674, 0.5319453224480445], [0.6013990151075499, 0.5109372139910244, 0.5699304720446976, 0.5458592080997955], [0.6013990151075499, 0.5699304720446976, 0.5242653020317153, 0.5489504376511954], [0.6013990151075499, 0.5699304720446976, 0.5242653020317153, 0.5552223126778457], [0.5967158271930036, 0.5241922695976002, 0.5242653020317153, 0.5598309099522295], [0.5967158271930036, 0.5396518106519348, 0.48050351250859213, 0.5401354861093599], [0.5969684654705639, 0.5739248169975422, 0.5762738862581678, 0.5618886205886565], [0.5969684654705639, 0.5762738862581678, 0.6309177610615038, 0.6015522038034931]], "best_fitnesss": [0.6013990151075499, 0.6013990151075499, 0.6013990151075499, 0.6013990151075499, 0.5967158271930036, 0.5967158271930036, 0.5969684654705639, 0.6309177610615038], "prob_mutate": 0.041666666666666664}