{"num_qubits": 5, "depth": 10, "num_circuit": 32, "num_generation": 30, "current_generation": 9, "fitnessss": [[0.3924383686680274, 0.28653004609938637, 0.3580894076042543, 0.36461502088743236, 0.21837193878003877, 0.34537360813457496, 0.24159934096532343, 0.25491963640391424, 0.27893695758354375, 0.33068331421955033, 0.3203331163149705, 0.3659017556317269, 0.37380771796971823, 0.32370832173452957, 0.33422949788332307, 0.2794280358296584, 0.27389302158794093, 0.3635580862214373, 0.3363241976597072, 0.3439750560394582, 0.30891456366686293, 0.3077268993333417, 0.30067101230082016, 0.3224897841634299, 0.35853585196912946, 0.2717006594578141, 0.2568961769486475, 0.29058672983204936, 0.3496528331025143, 0.3772381323506309, 0.3424594701371553, 0.296723125385398], [0.3924383686680274, 0.3772381323506309, 0.37866669285069443, 0.3952975181150471, 0.37380771796971823, 0.3659017556317269, 0.4009460059853175, 0.3489891514453157, 0.36461502088743236, 0.3635580862214373, 0.36376571646456063, 0.31399624566200535, 0.35853585196912946, 0.3580894076042543, 0.35873765356160126, 0.38206896804548796, 0.3496528331025143, 0.34537360813457496, 0.3086630072088295, 0.39524437906011767, 0.3439750560394582, 0.3424594701371553, 0.2652657108293286, 0.34344785789103066, 0.35952037271785187, 0.33422949788332307, 0.3968640814152928, 0.3388493212731312, 0.33068331421955033, 0.32370832173452957, 0.2978461006190284, 0.33923449007638384], [0.4009460059853175, 0.3968640814152928, 0.3914469518023358, 0.3477544233822905, 0.3952975181150471, 0.39524437906011767, 0.3665449966602635, 0.4014965303115905, 0.3924383686680274, 0.38206896804548796, 0.33048631787205696, 0.39283715121412416, 0.3048576149868934, 0.3772381323506309, 0.37866669285069443, 0.3772381323506309, 0.37380771796971823, 0.3659017556317269, 0.4009460059853175, 0.3489891514453157, 0.36461502088743236, 0.36376571646456063, 0.36376571646456063, 0.36461502088743236, 0.3635580862214373, 0.35952037271785187, 0.27833891906265135, 0.3526481461292309, 0.35873765356160126, 0.35853585196912946, 0.35853585196912946, 0.35873765356160126], [0.4014965303115905, 0.4009460059853175, 0.36101018503387083, 0.43187028119508286, 0.4009460059853175, 0.3968640814152928, 0.3914469518023358, 0.3477544233822905, 0.3952975181150471, 0.39524437906011767, 0.3665449966602635, 0.4014965303115905, 0.39283715121412416, 0.3924383686680274, 0.39283715121412416, 0.3924383686680274, 0.3914469518023358, 0.38206896804548796, 0.3392050756468604, 0.31686454680540804, 0.37866669285069443, 0.3772381323506309, 0.37866669285069443, 0.3772381323506309, 0.3772381323506309, 0.37380771796971823, 0.2699866097278284, 0.4359821920558929, 0.3665449966602635, 0.3659017556317269, 0.34409192858845083, 0.3504069423383146], [0.39254869617318755, 0.43187028119508286, 0.4409831663512446, 0.3877917275787535, 0.4014965303115905, 0.4014965303115905, 0.4014965303115905, 0.4014965303115905, 0.4009460059853175, 0.4009460059853175, 0.4009460059853175, 0.4009460059853175, 0.3968640814152928, 0.3952975181150471, 0.3686200286705052, 0.3447015163794337, 0.39524437906011767, 0.39283715121412416, 0.4014965303115905, 0.38144242557456254, 0.39283715121412416, 0.3924383686680274, 0.39283715121412416, 0.3924383686680274, 0.3924383686680274, 0.3914469518023358, 0.3419303668919082, 0.43187028119508286, 0.3914469518023358, 0.38206896804548796, 0.3392050756468604, 0.31686454680540804], [0.4409831663512446, 0.43187028119508286, 0.362867131059214, 0.43187028119508286, 0.43187028119508286, 0.4014965303115905, 0.43187028119508286, 0.4014965303115905, 0.4014965303115905, 0.4014965303115905, 0.4014965303115905, 0.4014965303115905, 0.4014965303115905, 0.4014965303115905, 0.4014965303115905, 0.4014965303115905, 0.4009460059853175, 0.4009460059853175, 0.4009460059853175, 0.4009460059853175, 0.4009460059853175, 0.4009460059853175, 0.4009460059853175, 0.4009460059853175, 0.3968640814152928, 0.36572201108253133, 0.3686200286705052, 0.3447015163794337, 0.39524437906011767, 0.39283715121412416, 0.4014965303115905, 0.3652918973497753], [0.4409831663512446, 0.43187028119508286, 0.4409831663512446, 0.43187028119508286, 0.43187028119508286, 0.43187028119508286, 0.43187028119508286, 0.43187028119508286, 0.43187028119508286, 0.4014965303115905, 0.43187028119508286, 0.4014965303115905, 0.4014965303115905, 0.4014965303115905, 0.4014965303115905, 0.4014965303115905, 0.4014965303115905, 0.4014965303115905, 0.4014965303115905, 0.4014965303115905, 0.4305854168238711, 0.4014965303115905, 0.4014965303115905, 0.4014965303115905, 0.36463382583312426, 0.4014965303115905, 0.4014965303115905, 0.4014965303115905, 0.4014965303115905, 0.4014965303115905, 0.4014965303115905, 0.4014965303115905], [0.4034485073597119, 0.4409831663512446, 0.4409831663512446, 0.4409831663512446, 0.43187028119508286, 0.43187028119508286, 0.43187028119508286, 0.43187028119508286, 0.43187028119508286, 0.43187028119508286, 0.43187028119508286, 0.43187028119508286, 0.43187028119508286, 0.43187028119508286, 0.43187028119508286, 0.43187028119508286, 0.43187028119508286, 0.4150831693663622, 0.43187028119508286, 0.43187028119508286, 0.4305854168238711, 0.4014965303115905, 0.35872397656186106, 0.4209228494927455, 0.4014965303115905, 0.4014965303115905, 0.4014965303115905, 0.4014965303115905, 0.4014965303115905, 0.4014965303115905, 0.4014965303115905, 0.4014965303115905], [0.4409831663512446, 0.4409831663512446, 0.4409831663512446, 0.4409831663512446, 0.4409831663512446, 0.43187028119508286, 0.4409831663512446, 0.43187028119508286, 0.43187028119508286, 0.43187028119508286, 0.43187028119508286, 0.43187028119508286, 0.43187028119508286, 0.45228150544427637, 0.43187028119508286, 0.43187028119508286, 0.43187028119508286, 0.43187028119508286, 0.43187028119508286, 0.43187028119508286, 0.3718806800855215, 0.43187028119508286, 0.43187028119508286, 0.43187028119508286, 0.43187028119508286, 0.43187028119508286, 0.43187028119508286, 0.43187028119508286, 0.43187028119508286, 0.43187028119508286, 0.43187028119508286, 0.43187028119508286]], "best_fitnesss": [0.3924383686680274, 0.4009460059853175, 0.4014965303115905, 0.4359821920558929, 0.4409831663512446, 0.4409831663512446, 0.4409831663512446, 0.4409831663512446, 0.45228150544427637], "prob_mutate": 0.009375}