{"num_qubits": 6, "depth": 20, "num_circuit": 16, "num_generation": 30, "current_generation": 1, "fitnessss": [[0.3992012419406821, 0.3818887090926466, 0.3512630295211114, 0.41521302706778956, 0.39871918060836326, 0.411741388436203, 0.4329116687217066, 0.3681919350911066, 0.3618840047880473, 0.3782461137398801, 0.37235028832939376, 0.29114823775473087, 0.4507195441067761, 0.29095502691894365, 0.4369299240448424, 0.41538792140376923]], "best_fitnesss": [0.4507195441067761], "prob_mutate": 0.009375}