{"num_qubits": 5, "depth": 6, "num_circuit": 8, "num_generation": 30, "current_generation": 30, "fitnessss": [[0.1502309076953645, 0.23889525837533693, 0.1637939191896884, 0.23219679418008915, 0.26675156805600736, 0.17161594015376735, 0.08740834703002409, 0.18057132282185556], [0.26336385234962, 0.2574939221700133, 0.20521705339514112, 0.320165722627871, 0.23219679418008915, 0.18057132282185556, 0.20563869020423037, 0.17604233223280738], [0.320165722627871, 0.26336385234962, 0.24487751067931196, 0.26675156805600736, 0.2574939221700133, 0.25264095269558856, 0.2564518702576635, 0.22906355463091072], [0.320165722627871, 0.2507665142160935, 0.320165722627871, 0.26675156805600736, 0.24195421869466718, 0.2574939221700133, 0.2379679387108003, 0.23867978577119092], [0.320165722627871, 0.320165722627871, 0.320165722627871, 0.320165722627871, 0.26675156805600736, 0.2574939221700133, 0.2379679387108003, 0.2413719655895939], [0.320165722627871, 0.320165722627871, 0.320165722627871, 0.320165722627871, 0.28994932776449744, 0.3033027689244537, 0.27860479075595085, 0.2761957472572649], [0.320165722627871, 0.320165722627871, 0.320165722627871, 0.320165722627871, 0.320165722627871, 0.320165722627871, 0.3050820471436847, 0.320165722627871], [0.320165722627871, 0.320165722627871, 0.320165722627871, 0.320165722627871, 0.25837420392902366, 0.320165722627871, 0.320165722627871, 0.320165722627871], [0.2441321297084959, 0.320165722627871, 0.320165722627871, 0.320165722627871, 0.320165722627871, 0.2401232638388639, 0.320165722627871, 0.22203034094875643], [0.2477081546525727, 0.2942696836836264, 0.28440156931494576, 0.320165722627871, 0.320165722627871, 0.320165722627871, 0.320165722627871, 0.320165722627871], [0.320165722627871, 0.320165722627871, 0.320165722627871, 0.24238196948892982, 0.320165722627871, 0.320165722627871, 0.320165722627871, 0.320165722627871], [0.245414746604395, 0.320165722627871, 0.320165722627871, 0.320165722627871, 0.320165722627871, 0.320165722627871, 0.2188424519012397, 0.320165722627871], [0.2150563010770476, 0.23172137379791408, 0.320165722627871, 0.320165722627871, 0.320165722627871, 0.320165722627871, 0.320165722627871, 0.320165722627871], [0.208762041211117, 0.27127967839864053, 0.320165722627871, 0.3042577056568593, 0.320165722627871, 0.320165722627871, 0.28632533244715686, 0.320165722627871], [0.24156287406818425, 0.320165722627871, 0.320165722627871, 0.320165722627871, 0.320165722627871, 0.320165722627871, 0.320165722627871, 0.2248789287760477], [0.320165722627871, 0.2574889036329543, 0.1894379586405325, 0.29976928645450185, 0.320165722627871, 0.320165722627871, 0.320165722627871, 0.283924591759048], [0.25745985923141895, 0.2560605948565473, 0.320165722627871, 0.320165722627871, 0.320165722627871, 0.320165722627871, 0.320165722627871, 0.320165722627871], [0.320165722627871, 0.22091763640107662, 0.227620107657767, 0.320165722627871, 0.320165722627871, 0.2771488548335587, 0.320165722627871, 0.320165722627871], [0.320165722627871, 0.320165722627871, 0.320165722627871, 0.320165722627871, 0.26030047158526226, 0.320165722627871, 0.320165722627871, 0.320165722627871], [0.2979261334141915, 0.34557762915956164, 0.320165722627871, 0.320165722627871, 0.320165722627871, 0.25161736455310374, 0.202545692127525, 0.2946800835453721], [0.34557762915956164, 0.2837351693291732, 0.34557762915956164, 0.320165722627871, 0.320165722627871, 0.320165722627871, 0.320165722627871, 0.320165722627871], [0.2527490025901135, 0.34557762915956164, 0.29851896577416087, 0.27182240404749597, 0.320165722627871, 0.320165722627871, 0.320165722627871, 0.21237079720196012], [0.34557762915956164, 0.20654925805076477, 0.34557762915956164, 0.2786130715313869, 0.19328488364454363, 0.320165722627871, 0.320165722627871, 0.320165722627871], [0.34557762915956164, 0.29862425686759275, 0.2532779498720248, 0.34557762915956164, 0.320165722627871, 0.320165722627871, 0.20218671010074574, 0.320165722627871], [0.34557762915956164, 0.3023813101938374, 0.2669714372561972, 0.34557762915956164, 0.320165722627871, 0.320165722627871, 0.320165722627871, 0.320165722627871], [0.34557762915956164, 0.21156896335825306, 0.29019191118798976, 0.34557762915956164, 0.21790151434411684, 0.23781857911762333, 0.20462052422682345, 0.22072454830088378], [0.34557762915956164, 0.34557762915956164, 0.34557762915956164, 0.34557762915956164, 0.29019191118798976, 0.23781857911762333, 0.27891485806414595, 0.274460719019339], [0.34557762915956164, 0.34557762915956164, 0.34557762915956164, 0.34557762915956164, 0.34557762915956164, 0.34557762915956164, 0.2777037690967895, 0.3131542963582496], [0.34557762915956164, 0.2713629506553688, 0.34557762915956164, 0.34557762915956164, 0.34557762915956164, 0.34557762915956164, 0.34557762915956164, 0.26311171682863427], [0.34557762915956164, 0.34557762915956164, 0.3044818217523251, 0.34557762915956164, 0.1939056472758362, 0.34557762915956164, 0.29280993765046526, 0.2572934983213248]], "best_fitnesss": [0.26675156805600736, 0.320165722627871, 0.320165722627871, 0.320165722627871, 0.320165722627871, 0.320165722627871, 0.320165722627871, 0.320165722627871, 0.320165722627871, 0.320165722627871, 0.320165722627871, 0.320165722627871, 0.320165722627871, 0.320165722627871, 0.320165722627871, 0.320165722627871, 0.320165722627871, 0.320165722627871, 0.320165722627871, 0.34557762915956164, 0.34557762915956164, 0.34557762915956164, 0.34557762915956164, 0.34557762915956164, 0.34557762915956164, 0.34557762915956164, 0.34557762915956164, 0.34557762915956164, 0.34557762915956164, 0.34557762915956164], "prob_mutate": 0.0625}