{"num_qubits": 5, "depth": 23, "num_circuit": 8, "num_generation": 40, "current_generation": 2, "fitnessss": [[0.6648515166206959, 0.5476498322633427, 0.6895869843311292, 0.7055529719459269, 0.57206782594931, 0.6753745240781962, 0.6464596413530302, 0.6889447172343801], [0.7055529719459269, 0.6895869843311292, 0.6802557923088235, 0.727391690098026, 0.6889447172343801, 0.6753745240781962, 0.5827063609893928, 0.7155402929731178]], "best_fitnesss": [0.7055529719459269, 0.727391690098026], "prob_mutate": 0.016304347826086956}