{"num_qubits": 3, "depth": 6, "num_circuit": 8, "num_generation": 40, "current_generation": 14, "fitnessss": [[0.4763669711238693, 0.4442375219087159, 0.4627391005394502, 0.46415588877856495, 0.4353008933549665, 0.3803792281974528, 0.47733244489705184, 0.5120831145297173], [0.5120831145297173, 0.47733244489705184, 0.5824686752472549, 0.5233473994507423, 0.5094568062579667, 0.46415588877856495, 0.5270726146487463, 0.30765458686031566], [0.5824686752472549, 0.4832252306769106, 0.324813808812631, 0.35154166461208297, 0.5233473994507423, 0.5447671775619893, 0.5233473994507423, 0.4901867889834066], [0.5824686752472549, 0.5447671775619893, 0.5120831145297173, 0.5461950128655525, 0.5233473994507423, 0.5233473994507423, 0.5233473994507423, 0.5233473994507423], [0.5639072983207976, 0.5461950128655525, 0.5824686752472549, 0.5461950128655525, 0.5537893930104277, 0.5233473994507423, 0.5447671775619893, 0.5091474386945072], [0.5824686752472549, 0.5639072983207976, 0.5639072983207976, 0.5824686752472549, 0.5537893930104277, 0.5461950128655525, 0.5442152676316641, 0.5322843583364867], [0.537959111281493, 0.5824686752472549, 0.5824686752472549, 0.5503374820538074, 0.5639072983207976, 0.5639072983207976, 0.5639072983207976, 0.49003424951547225], [0.5824686752472549, 0.5824686752472549, 0.5824686752472549, 0.5824686752472549, 0.5639072983207976, 0.5639072983207976, 0.5639072983207976, 0.5469761354690934], [0.5824686752472549, 0.5503408115877851, 0.5824686752472549, 0.5824686752472549, 0.5824686752472549, 0.5824686752472549, 0.5999289273186116, 0.5824686752472549], [0.5999289273186116, 0.5824686752472549, 0.5999289273186116, 0.5824686752472549, 0.5824686752472549, 0.5824686752472549, 0.5824686752472549, 0.5824686752472549], [0.5999289273186116, 0.5999289273186116, 0.49045588294804005, 0.5091450243088518, 0.5824686752472549, 0.5824686752472549, 0.5824686752472549, 0.5824686752472549], [0.5999289273186116, 0.5999289273186116, 0.5999289273186116, 0.5999289273186116, 0.5824686752472549, 0.4188952096901553, 0.5728798674358511, 0.5824686752472549], [0.5999289273186116, 0.5820855874181279, 0.5176166278175252, 0.4767807966660362, 0.5353256691808259, 0.5999289273186116, 0.47231593073697364, 0.5999289273186116], [0.5999289273186116, 0.5999289273186116, 0.5999289273186116, 0.6016944373546866, 0.5838854514009659, 0.646380731807086, 0.5999289273186116, 0.5820855874181279]], "best_fitnesss": [0.5120831145297173, 0.5824686752472549, 0.5824686752472549, 0.5824686752472549, 0.5824686752472549, 0.5824686752472549, 0.5824686752472549, 0.5824686752472549, 0.5999289273186116, 0.5999289273186116, 0.5999289273186116, 0.5999289273186116, 0.5999289273186116, 0.646380731807086], "prob_mutate": 0.0625}