{"num_qubits": 4, "depth": 18, "num_circuit": 32, "num_generation": 50, "current_generation": 1, "fitnessss": [[0.7762326473416059, 0.6257960502722504, 0.7930557953422668, 0.786140200794406, 0.6945341402473799, 0.6747217523016699, 0.6234087389782569, 0.7238028985506283, 0.7352960873592909, 0.7636231986722386, 0.7084939769433151, 0.6453980049437897, 0.7584353889784845, 0.5845937526236071, 0.6860692780146697, 0.7527456534273449, 0.6550810169162691, 0.7468820580903921, 0.7526715776679448, 0.7609216609660734, 0.7544007340074517, 0.6902324979668402, 0.618658211657695, 0.7908168066499812, 0.6115904967142824, 0.7452743195372684, 0.7220589038064985, 0.7271234959423045, 0.585093838000103, 0.6122552432214118, 0.6724567179289122, 0.7421882342311268]], "best_fitnesss": [0.7930557953422668], "prob_mutate": 0.005208333333333333}