{"num_qubits": 4, "depth": 18, "num_circuit": 32, "num_generation": 50, "current_generation": 3, "fitnessss": [[0.6862576499931275, 0.7484184199411013, 0.653791583239648, 0.7127460202264432, 0.7221333317723169, 0.5603234444930904, 0.7246501827412908, 0.819256866123896, 0.747660281259048, 0.7005517278294333, 0.7270225944331656, 0.8072518749118782, 0.7512534020538217, 0.7690547636388204, 0.7164593417505919, 0.7884970958447677, 0.7411242035680571, 0.6703682759814152, 0.7753859347942584, 0.7323821690077964, 0.6853280386702414, 0.7592926411130514, 0.6731561222879636, 0.8364703957995177, 0.7113630619450214, 0.822388203858017, 0.574144907369843, 0.7642879873525941, 0.7992157657866474, 0.608981368816155, 0.8125331647960807, 0.6777828323635056], [0.8364703957995177, 0.822388203858017, 0.7900572339919181, 0.7533733944197978, 0.819256866123896, 0.8125331647960807, 0.7724366950697822, 0.7598976174164628, 0.8072518749118782, 0.7992157657866474, 0.7929161063955336, 0.7219894730865561, 0.7884970958447677, 0.7753859347942584, 0.8004061240964353, 0.6645580793961919, 0.7690547636388204, 0.7642879873525941, 0.7312139911017519, 0.7439638984056761, 0.7592926411130514, 0.7512534020538217, 0.7459157284306659, 0.7279784037513023, 0.7484184199411013, 0.747660281259048, 0.7198825166387443, 0.7719929161956054, 0.7411242035680571, 0.751826391925673, 0.7541790265681152, 0.7852831899000452], [0.8364703957995177, 0.7819016509975151, 0.7900572339919181, 0.7533733944197978, 0.819256866123896, 0.8125331647960807, 0.7724366950697822, 0.7598976174164628, 0.8072518749118782, 0.8004061240964353, 0.7069770049709044, 0.8112530632888658, 0.7992157657866474, 0.7929161063955336, 0.7992157657866474, 0.7929161063955336, 0.7900572339919181, 0.7884970958447677, 0.7163203344107727, 0.7742949199019006, 0.7852831899000452, 0.7809225033857988, 0.792292360673318, 0.765962281046553, 0.7724366950697822, 0.7719929161956054, 0.7653322721808624, 0.764684211494759, 0.7690547636388204, 0.7642879873525941, 0.7312139911017519, 0.7439638984056761]], "best_fitnesss": [0.8364703957995177, 0.8364703957995177, 0.8364703957995177], "prob_mutate": 0.005208333333333333}