{"num_qubits": 6, "depth": 28, "num_circuit": 4, "num_generation": 10, "current_generation": 2, "fitnessss": [[0.5858888554741373, 0.5580138233766677, 0.5593936502676833, 0.4793925799165475], [0.5858888554741373, 0.5864606309276786, 0.5540116582990894, 0.48706458480694537]], "best_fitnesss": [0.5858888554741373, 0.5864606309276786], "prob_mutate": 0.026785714285714284}