{"num_qubits": 8, "depth": 9, "num_circuit": 8, "num_generation": 20, "current_generation": 20, "fitnessss": [[0.8940717405893066, 0.8940703056018513, 0.16993795072286355, 0.4105576323529564, 0.21688550290138303, 0.6871760792793369, 0.4279985488906132, 0.4541177442119041], [0.8940968056728915, 0.8940683696840809, 0.15384616493062303, 0.4450270767326906, 0.8941390132577768, 0.5849799303806391, 0.8937845314377597, 0.6730609109156943], [0.8941142830352943, 0.8940477297315426, 0.18197868225400912, 0.4762609402257884, 0.2451886592463542, 0.8938334628480851, 0.5537492061275902, 0.8371439957086231], [0.8940913937598614, 0.8940780973903604, 0.19644001532698793, 0.8203301743041436, 0.8936828229501879, 0.8941493319612647, 0.8327471746148005, 0.11759882876467431], [0.7395196257981637, 0.1745191919206557, 0.17616897217338642, 0.8495567349388743, 0.8941079098051453, 0.8934667091919153, 0.340247204616499, 0.5306825771914407], [0.894128387406101, 0.8927232170371276, 0.7709136499165137, 0.6467900091275944, 0.8494744486002113, 0.8225477508509341, 0.8938886057096381, 0.8327750136143608], [0.8940105582306332, 0.8351944424747859, 0.7208434647369073, 0.19582531208414733, 0.893673279642891, 0.893891257423191, 0.16965619376054072, 0.7803006410886422], [0.8940925830384648, 0.8936948543714938, 0.14927433515863014, 0.18416051978815917, 0.8931043448351229, 0.8937304859894795, 0.38081556925946225, 0.7800291664546329], [0.8940587477863373, 0.8938923495838036, 0.2830946370248031, 0.3997419704351023, 0.8495516490280698, 0.8937626024332295, 0.7828553029496403, 0.19146914928904835], [0.8940913356158715, 0.8938730842935787, 0.7550021646059845, 0.2207621922962521, 0.8936135200114818, 0.8941030885022032, 0.7905015736518464, 0.8371110043037099], [0.8941052876946649, 0.31170954246451155, 0.17894250158959218, 0.0780102436167043, 0.8940667181719245, 0.8282630374576453, 0.8371537585192378, 0.8285793281275258], [0.8940975290134471, 0.8939954559414047, 0.8938714934765711, 0.29729109694692446, 0.7249986794213925, 0.8285712280167882, 0.7342723677280809, 0.8941431320234428], [0.27247861444623694, 0.8940746092337731, 0.17577435214968834, 0.8937847021947437, 0.4724966011689234, 0.8353129833389458, 0.894033276880795, 0.8356609532653915], [0.8941156462686222, 0.8920938579480081, 0.8352692217386668, 0.8940396350190213, 0.37780363652971366, 0.8939385296281263, 0.8940613999416402, 0.8370584190583183], [0.8335178134026269, 0.8357342718382352, 0.8937524887361468, 0.8941439396465538, 0.8941068955324057, 0.8355578138499389, 0.8940358904415028, 0.833486652501936], [0.7728777465786318, 0.8941449731380073, 0.6414806667256635, 0.8940971264874571, 0.8290898863562157, 0.8938295880048539, 0.893931554279864, 0.8356877024665067], [0.8941458542708581, 0.8941193692866836, 0.8940609141085508, 0.3805899401747782, 0.8206791523934319, 0.7889931983748719, 0.8939690222532892, 0.6783499632081489], [0.8940880327104107, 0.8941425388163461, 0.8941080475733783, 0.8941374689794378, 0.8940914138091139, 0.8940397071906473, 0.8935539451175856, 0.8940903852036118], [0.8941509823077011, 0.8940847289226704, 0.6207820600987567, 0.4071515101274791, 0.8941062918699494, 0.7005942889886951, 0.8098945186644254, 0.20581217361375206], [0.8941273377325567, 0.8941155939079122, 0.6922049625356461, 0.8941062110622127, 0.8940775055651246, 0.8382557833106047, 0.8936310573795575, 0.8554210415835051]], "best_fitnesss": [0.8940717405893066, 0.8941390132577768, 0.8941142830352943, 0.8941493319612647, 0.8941079098051453, 0.894128387406101, 0.8940105582306332, 0.8940925830384648, 0.8940587477863373, 0.8941030885022032, 0.8941052876946649, 0.8941431320234428, 0.8940746092337731, 0.8941156462686222, 0.8941439396465538, 0.8941449731380073, 0.8941458542708581, 0.8941425388163461, 0.8941509823077011, 0.8941273377325567], "prob_mutate": 0.041666666666666664}