{"num_qubits": 2, "depth": 3, "num_circuit": 4, "num_generation": 40, "current_generation": 4, "fitnessss": [[0.4832167019039974, 0.7400926463620353, 0.49260200444926083, 0.645682824904988], [0.6748583444988048, 0.47708285800947864, 0.5958157356086424, 0.7047427919444708], [0.7047427919444708, 0.40694624392160106, 0.7589424348053357, 0.7519929897181947], [0.6869389396995713, 0.8152529256107439, 0.48382436978751747, 0.48991489868368154]], "best_fitnesss": [0.7400926463620353, 0.7047427919444708, 0.7589424348053357, 0.8152529256107439], "prob_mutate": 0.25}