{"num_qubits": 4, "depth": 28, "num_circuit": 4, "num_generation": 50, "current_generation": 2, "fitnessss": [[0.8821428392824885, 0.8560056894636723, 0.8607110327510099, 0.8691072386287038], [0.877050256340832, 0.8691072386287038, 0.8908416644433897, 0.9069476881910614]], "best_fitnesss": [0.8821428392824885, 0.9069476881910614], "prob_mutate": 0.026785714285714284}