{"num_qubits": 4, "depth": 11, "num_circuit": 16, "num_generation": 20, "current_generation": 2, "fitnessss": [[0.5953135276616813, 0.3839936432777275, 0.513281214193774, 0.5430890165903424, 0.4655609724459683, 0.6122973185695064, 0.4595897014486673, 0.5452428482882031, 0.45093344601194313, 0.41982403988566547, 0.5630318920997459, 0.4848253019727645, 0.5633231605714577, 0.5272389708037355, 0.45961993824542147, 0.6287407962410354], [0.6287407962410354, 0.6122973185695064, 0.6476029796731922, 0.6360507052099683, 0.581233896321694, 0.5633231605714577, 0.5951337851589235, 0.6162511133722983, 0.5013538205747032, 0.5452428482882031, 0.6103587272988811, 0.5145666963991407, 0.5430890165903424, 0.3894088654357358, 0.41586419788863777, 0.6106023157486243]], "best_fitnesss": [0.6287407962410354, 0.6476029796731922], "prob_mutate": 0.017045454545454544}