{"num_qubits": 5, "depth": 21, "num_circuit": 32, "num_generation": 10, "current_generation": 2, "fitnessss": [[0.6162706465798238, 0.6238457046333968, 0.6180683950191685, 0.5846696429578244, 0.5978233573556822, 0.6466918479984038, 0.5404371823918982, 0.6638135818691825, 0.6441872497021395, 0.6420665025150647, 0.6608185038893982, 0.5920942406483087, 0.5465321027170958, 0.5868994079276655, 0.5345475038568166, 0.6552720313750753, 0.5228832907159935, 0.5892676195660216, 0.6213504112648008, 0.5685072747425393, 0.5390327347294441, 0.6218738366617489, 0.6137798091978162, 0.6436187720278812, 0.6547600774466351, 0.6339563147934365, 0.6368400930628532, 0.5379096056239854, 0.6100466946964849, 0.6700628984965998, 0.6362801741656381, 0.6077225784422168], [0.6700628984965998, 0.6638135818691825, 0.6406141412930284, 0.6364729918927923, 0.6608185038893982, 0.5932751702785706, 0.6249048648012447, 0.6397489026468437, 0.6547600774466351, 0.6466918479984038, 0.6551255947110981, 0.6548122638999221, 0.6441872497021395, 0.6436187720278812, 0.6722740122458275, 0.7001873619259241, 0.6391352777202058, 0.653173509072597, 0.6460490369972642, 0.6098579024533809, 0.6362801741656381, 0.6339563147934365, 0.6378200676322857, 0.5599360315400553, 0.5866349575457255, 0.6218738366617489, 0.5874163802090281, 0.6273859534548303, 0.6213504112648008, 0.6180683950191685, 0.6563418871269474, 0.6347272435145587]], "best_fitnesss": [0.6700628984965998, 0.7001873619259241], "prob_mutate": 0.004464285714285714}