{"num_qubits": 5, "depth": 28, "num_circuit": 16, "num_generation": 30, "current_generation": 3, "fitnessss": [[0.7024139468998024, 0.7739542358676973, 0.7486130683209009, 0.7554961602342494, 0.7408978655731049, 0.7057993556542167, 0.6926571743615175, 0.7250572526544083, 0.7101098231589276, 0.7754956188171727, 0.715025520998967, 0.7423279485534092, 0.777173446260967, 0.7229382548965372, 0.7601374751570886, 0.8043041796098711], [0.8043041796098711, 0.7928474214862714, 0.75319417433929, 0.7968708462578403, 0.7586577382362297, 0.7681430376168009, 0.751048970375902, 0.778890262646375, 0.7325288901259148, 0.7554961602342494, 0.7335305794980295, 0.7768528264932678, 0.7486130683209009, 0.7423279485534092, 0.7463317832589936, 0.7516346553997286], [0.8043041796098711, 0.7968708462578403, 0.8043041796098711, 0.7968708462578403, 0.7928474214862714, 0.778890262646375, 0.774360556120173, 0.7551382650726073, 0.7877688099835911, 0.7681430376168009, 0.7247987649234263, 0.8117561308859024, 0.7586577382362297, 0.765486761239868, 0.7181267608950289, 0.7554745719190425]], "best_fitnesss": [0.8043041796098711, 0.8043041796098711, 0.8117561308859024], "prob_mutate": 0.006696428571428571}