{"num_qubits": 5, "depth": 22, "num_circuit": 16, "num_generation": 10, "current_generation": 3, "fitnessss": [[0.6311310729333834, 0.5524701036099926, 0.6426672892009229, 0.6354628147329271, 0.5952494740819629, 0.636592921805408, 0.5287061894184378, 0.5859365659370265, 0.6393027621934765, 0.5549901235348609, 0.6005020492824406, 0.7091611336267315, 0.5943697497137574, 0.6083000404250077, 0.5215057099460673, 0.6749081069955319], [0.7091611336267315, 0.6749081069955319, 0.6845366612359973, 0.6616394922890012, 0.6426672892009229, 0.6393027621934765, 0.6239780943608154, 0.6196397292153792, 0.636592921805408, 0.6354628147329271, 0.6257390341795275, 0.6036571021936752, 0.6311310729333834, 0.6083000404250077, 0.6767415541453765, 0.5273165256605875], [0.7091611336267315, 0.6845366612359973, 0.6845366612359973, 0.7091611336267315, 0.6767415541453765, 0.6567278339330855, 0.7247668318474759, 0.6246160779662179, 0.6616394922890012, 0.6426672892009229, 0.6011642850741308, 0.6437572428654068, 0.6393027621934765, 0.6422149525370945, 0.6498971254094325, 0.5793687371922964]], "best_fitnesss": [0.7091611336267315, 0.7091611336267315, 0.7247668318474759], "prob_mutate": 0.008522727272727272}