{"num_qubits": 4, "depth": 2, "num_circuit": 16, "num_generation": 10, "current_generation": 10, "fitnessss": [[0.13314825766111535, 0.12363118957035053, 0.12610354156049372, 0.18682283655163848, 0.11807626859802096, 0.20392801327258342, 0.22939172016053316, 0.0751795069319863, 0.0751795069319863, 0.08880076956506996, 0.16025256196440052, 0.1546625055140973, 0.16093703559732403, 0.09950849971525147, 0.10130818674275925, 0.22875711379951857], [0.22939172016053316, 0.22875711379951857, 0.17908806202269584, 0.20812664011260668, 0.20392801327258342, 0.18682283655163848, 0.18880232444211695, 0.19226015890597686, 0.16093703559732403, 0.16025256196440052, 0.16412107460486713, 0.0980358208907504, 0.1546625055140973, 0.13314825766111535, 0.13749835912935887, 0.14804184367355971], [0.22939172016053316, 0.22875711379951857, 0.20645486883068803, 0.20968402998682115, 0.20812664011260668, 0.20392801327258342, 0.2177146496857784, 0.16521827847555418, 0.19226015890597686, 0.10922352476398442, 0.18682283655163848, 0.20392801327258342, 0.18682283655163848, 0.17908806202269584, 0.20095132621021872, 0.16887949078388517], [0.22939172016053316, 0.22875711379951857, 0.17908806202269584, 0.20968402998682115, 0.212156498352592, 0.20968402998682115, 0.20968402998682115, 0.2177146496857784, 0.20812664011260668, 0.20645486883068803, 0.22916846211047676, 0.2096715746465439, 0.20392801327258342, 0.20392801327258342, 0.20392801327258342, 0.20392801327258342], [0.1550631596410354, 0.20812664011260668, 0.15841757444779286, 0.23076724752809613, 0.22875711379951857, 0.2177146496857784, 0.2177146496857784, 0.22875711379951857, 0.212156498352592, 0.20968402998682115, 0.20968402998682115, 0.212156498352592, 0.20968402998682115, 0.20968402998682115, 0.20968402998682115, 0.20968402998682115], [0.23076724752809613, 0.22875711379951857, 0.22875711379951857, 0.23076724752809613, 0.22875711379951857, 0.21986865286054394, 0.2177146496857784, 0.22875711379951857, 0.2177146496857784, 0.212156498352592, 0.1614915338285945, 0.2177146496857784, 0.212156498352592, 0.20968402998682115, 0.20968402998682115, 0.212156498352592], [0.23076724752809613, 0.23076724752809613, 0.23076724752809613, 0.23076724752809613, 0.22875711379951857, 0.22875711379951857, 0.22875711379951857, 0.22875711379951857, 0.22875711379951857, 0.22875711379951857, 0.18415025836212345, 0.22875711379951857, 0.21986865286054394, 0.2177146496857784, 0.13956456369669423, 0.2177146496857784], [0.23076724752809613, 0.23076724752809613, 0.23076724752809613, 0.23076724752809613, 0.23076724752809613, 0.18346172368788458, 0.23076724752809613, 0.23076724752809613, 0.22875711379951857, 0.22875711379951857, 0.22875711379951857, 0.22875711379951857, 0.22875711379951857, 0.22875711379951857, 0.22875711379951857, 0.22875711379951857], [0.23076724752809613, 0.19211891942484746, 0.23076724752809613, 0.1666678120282563, 0.23076724752809613, 0.23076724752809613, 0.23076724752809613, 0.23076724752809613, 0.23076724752809613, 0.23076724752809613, 0.23076724752809613, 0.1417232878074544, 0.23076724752809613, 0.22875711379951857, 0.22875711379951857, 0.17509820790668032], [0.23076724752809613, 0.23076724752809613, 0.23076724752809613, 0.23076724752809613, 0.23076724752809613, 0.23076724752809613, 0.23076724752809613, 0.23076724752809613, 0.23076724752809613, 0.23076724752809613, 0.22779815378046225, 0.204356045025292, 0.161922287634738, 0.23076724752809613, 0.23076724752809613, 0.23076724752809613]], "best_fitnesss": [0.22939172016053316, 0.22939172016053316, 0.22939172016053316, 0.22939172016053316, 0.23076724752809613, 0.23076724752809613, 0.23076724752809613, 0.23076724752809613, 0.23076724752809613, 0.23076724752809613], "prob_mutate": 0.09375}