{"num_qubits": 2, "depth": 8, "num_circuit": 16, "num_generation": 50, "current_generation": 1, "fitnessss": [[0.7518355216916103, 0.8485600525859104, 0.8428249566154328, 0.5228423626566328, 0.7379105043702572, 0.8300719732553421, 0.7542888440390748, 0.8428722581791261, 0.8676632887442407, 0.8658629407073934, 0.890186724090371, 0.8536185202794726, 0.7811541388685201, 0.6372662791986465, 0.7935038223597635, 0.8157340888722333]], "best_fitnesss": [0.890186724090371], "prob_mutate": 0.0234375}