{"num_qubits": 5, "depth": 23, "num_circuit": 16, "num_generation": 50, "current_generation": 1, "fitnessss": [[0.6973847180146644, 0.6155665135504018, 0.7010888726955885, 0.7287514586139696, 0.6273942385814929, 0.6346261978879407, 0.6805200831272298, 0.6194379981714319, 0.6728658497584894, 0.6939626746750456, 0.7298075858239456, 0.6064010072251942, 0.6113275458314555, 0.6484511688130935, 0.6089218689859462, 0.5175676265985505]], "best_fitnesss": [0.7298075858239456], "prob_mutate": 0.008152173913043478}