{"num_qubits": 5, "depth": 10, "num_circuit": 4, "num_generation": 10, "current_generation": 8, "fitnessss": [[0.31842843920844555, 0.29819534533006803, 0.3136735769167503, 0.24760813564904832], [0.31842843920844555, 0.3136735769167503, 0.32242783181193385, 0.3645093135123746], [0.3645093135123746, 0.32242783181193385, 0.33569842945098405, 0.2978040654990465], [0.3254190005115688, 0.33569842945098405, 0.38586891323925104, 0.31984369638021476], [0.38586891323925104, 0.38803372449065676, 0.330805840595513, 0.3898821424820541], [0.3496516114140943, 0.38803372449065676, 0.31826478027413296, 0.35333144647830084], [0.3644325538276845, 0.35333144647830084, 0.3802351014668317, 0.30939963134026854], [0.37360311143298697, 0.36122810809751965, 0.3644325538276845, 0.3859821144405921]], "best_fitnesss": [0.31842843920844555, 0.3645093135123746, 0.3645093135123746, 0.38586891323925104, 0.3898821424820541, 0.38803372449065676, 0.3802351014668317, 0.3859821144405921], "prob_mutate": 0.075}