{"num_qubits": 4, "depth": 29, "num_circuit": 8, "num_generation": 30, "current_generation": 16, "fitnessss": [[0.9221724019858195, 0.8823447453631588, 0.9505252099270776, 0.8885542896323197, 0.9337891822561831, 0.9135376707792089, 0.9245623959388691, 0.8892481140082179], [0.9505252099270776, 0.9337891822561831, 0.9430704212874514, 0.9409349022807924, 0.9245623959388691, 0.9221724019858195, 0.9003490297467172, 0.9238799580356863], [0.9440084169939995, 0.9430704212874514, 0.9430704212874514, 0.9505252099270776, 0.9409349022807924, 0.9094962412667058, 0.9337891822561831, 0.9488467115558992], [0.9505252099270776, 0.9488467115558992, 0.9459369106186927, 0.9447679927306016, 0.9440084169939995, 0.9430704212874514, 0.9430704212874514, 0.9440084169939995], [0.9505252099270776, 0.9488467115558992, 0.9365209476534992, 0.9409349022807924, 0.9459369106186927, 0.9447679927306016, 0.9410976148234489, 0.9488467115558992], [0.9505252099270776, 0.9488467115558992, 0.9459369106186927, 0.9478383768597946, 0.9488467115558992, 0.9459369106186927, 0.9488467115558992, 0.9459369106186927], [0.9242904211488424, 0.9488467115558992, 0.9459369106186927, 0.9411383545076942, 0.9488467115558992, 0.9488467115558992, 0.9488467115558992, 0.9404205384278713], [0.9488467115558992, 0.9359281369831741, 0.9488467115558992, 0.9384977288617844, 0.9488467115558992, 0.9488467115558992, 0.9488467115558992, 0.9488467115558992], [0.9488467115558992, 0.9275199790859917, 0.9285472106336219, 0.9305465572216018, 0.9299980463402575, 0.9488467115558992, 0.9488467115558992, 0.917555024661806], [0.9488467115558992, 0.9496484721572749, 0.9488467115558992, 0.9488467115558992, 0.9488467115558992, 0.9305465572216018, 0.9488467115558992, 0.9398285629057478], [0.9442327168314202, 0.9488467115558992, 0.9406730626187801, 0.9488467115558992, 0.9488467115558992, 0.9393529474223632, 0.9413967678144907, 0.9488467115558992], [0.9488467115558992, 0.9338474262007976, 0.9488467115558992, 0.9488467115558992, 0.9488467115558992, 0.9488467115558992, 0.9488467115558992, 0.9488467115558992], [0.9427169326858305, 0.9488467115558992, 0.9488467115558992, 0.9488467115558992, 0.9488467115558992, 0.9488467115558992, 0.9488467115558992, 0.9381028830456563], [0.9488467115558992, 0.9488467115558992, 0.9287191187792979, 0.9488467115558992, 0.9488467115558992, 0.9488467115558992, 0.9488467115558992, 0.9488467115558992], [0.9488467115558992, 0.9488467115558992, 0.9349720646313029, 0.9488467115558992, 0.9488467115558992, 0.9488467115558992, 0.942769108756613, 0.9488467115558992], [0.9263702395739648, 0.9488467115558992, 0.9488467115558992, 0.9488467115558992, 0.9488467115558992, 0.9488467115558992, 0.9190751446663163, 0.9488467115558992]], "best_fitnesss": [0.9505252099270776, 0.9505252099270776, 0.9505252099270776, 0.9505252099270776, 0.9505252099270776, 0.9505252099270776, 0.9488467115558992, 0.9488467115558992, 0.9488467115558992, 0.9496484721572749, 0.9488467115558992, 0.9488467115558992, 0.9488467115558992, 0.9488467115558992, 0.9488467115558992, 0.9488467115558992], "prob_mutate": 0.01293103448275862}