{"num_qubits": 5, "depth": 14, "num_circuit": 8, "num_generation": 10, "current_generation": 10, "fitnessss": [[0.42309563077643475, 0.41674738971389563, 0.5354972718631315, 0.43050249860206125, 0.45087813604359683, 0.46070107284866335, 0.364868880986771, 0.4088173267860246], [0.4589076216858211, 0.40766392993545564, 0.44455353011581067, 0.43625542194564326, 0.45087813604359683, 0.3926221154382822, 0.45293092300231025, 0.47954900207206136], [0.47954900207206136, 0.5073653098581229, 0.4830015931425674, 0.3564352570031526, 0.45293092300231025, 0.45087813604359683, 0.4672758680256025, 0.48155525783321806], [0.48199135550663835, 0.4855273749593829, 0.4589076216858211, 0.48260259123671834, 0.4813364983690933, 0.47954900207206136, 0.44487154698509046, 0.42170159830800225], [0.4855273749593829, 0.48260259123671834, 0.5111118925462785, 0.4830015931425674, 0.48199135550663835, 0.48812588634635395, 0.41544322076863904, 0.4760822506673258], [0.5111118925462785, 0.48812588634635395, 0.43198581248665074, 0.5065499475524058, 0.4855273749593829, 0.4830015931425674, 0.43429180881990365, 0.4830015931425674], [0.5111118925462785, 0.5065499475524058, 0.4587487623487192, 0.5065499475524058, 0.4833048949977372, 0.4855273749593829, 0.5103265166102242, 0.409480815838121], [0.5111118925462785, 0.5103265166102242, 0.4855273749593829, 0.5068735765405294, 0.5065499475524058, 0.5065499475524058, 0.5065499475524058, 0.5065499475524058], [0.5111118925462785, 0.48867405766944483, 0.4889825457110229, 0.5065499475524058, 0.5068735765405294, 0.5065499475524058, 0.48998576039593356, 0.4955058942460546], [0.5111118925462785, 0.45975803114450003, 0.5111118925462785, 0.5068735765405294, 0.5156326276186816, 0.5065499475524058, 0.4834204087098873, 0.47566105250230956]], "best_fitnesss": [0.5354972718631315, 0.47954900207206136, 0.5073653098581229, 0.4855273749593829, 0.5111118925462785, 0.5111118925462785, 0.5111118925462785, 0.5111118925462785, 0.5111118925462785, 0.5156326276186816], "prob_mutate": 0.026785714285714284}