{"num_qubits": 4, "depth": 6, "num_circuit": 8, "num_generation": 50, "current_generation": 16, "fitnessss": [[0.32912867080766156, 0.3362852465240514, 0.2757472175765793, 0.24082779219942968, 0.3968466714390606, 0.45369209399560806, 0.18789245372460534, 0.36554137281607707], [0.45369209399560806, 0.3968466714390606, 0.32253395159875947, 0.3432115918488139, 0.36554137281607707, 0.3362852465240514, 0.40933387018999445, 0.2601241815095584], [0.45369209399560806, 0.40933387018999445, 0.3957611240652839, 0.41480667068031307, 0.42397920903653147, 0.31053756710950353, 0.35023593373164785, 0.3313394771655836], [0.45369209399560806, 0.42397920903653147, 0.4108167807313037, 0.38630343398165945, 0.32299718871390526, 0.40933387018999445, 0.40933387018999445, 0.3302607429535831], [0.45369209399560806, 0.3642229999492326, 0.4108167807313037, 0.454340217579179, 0.4108167807313037, 0.40933387018999445, 0.40400047266836986, 0.44650657313956665], [0.454340217579179, 0.45369209399560806, 0.454340217579179, 0.3670222077173273, 0.44650657313956665, 0.356556455643301, 0.44650657313956665, 0.4108167807313037], [0.454340217579179, 0.454340217579179, 0.3856244840710545, 0.454340217579179, 0.3074982608304808, 0.44650657313956665, 0.4108167807313037, 0.41480667068031307], [0.3305804385678367, 0.454340217579179, 0.454340217579179, 0.34693465175997523, 0.454340217579179, 0.44650657313956665, 0.41476207134185383, 0.3855510721642087], [0.454340217579179, 0.31990887377994276, 0.454340217579179, 0.44494531056541853, 0.454340217579179, 0.3813479088404817, 0.33013366243989334, 0.41480667068031307], [0.375630922025816, 0.4102378890769933, 0.30737397936975325, 0.454340217579179, 0.4328147859711116, 0.44360517964360763, 0.44494531056541853, 0.3579762953889643], [0.42658406669903604, 0.3792530729837783, 0.44494531056541853, 0.40299449328539394, 0.44360517964360763, 0.4328147859711116, 0.454340217579179, 0.4246753851588002], [0.4557958341644426, 0.36268692230392874, 0.44494531056541853, 0.4590082426772925, 0.44360517964360763, 0.4328147859711116, 0.454340217579179, 0.4246753851588002], [0.4590082426772925, 0.4557958341644426, 0.3038798858735242, 0.3546737056252118, 0.454340217579179, 0.44494531056541853, 0.44494531056541853, 0.4328749356964308], [0.4590082426772925, 0.30558504452794344, 0.44310887079605044, 0.42479888599776033, 0.454340217579179, 0.34306137342204596, 0.44494531056541853, 0.3829928271756011], [0.3408809263775664, 0.454340217579179, 0.454340217579179, 0.4590082426772925, 0.4086207357561151, 0.44310887079605044, 0.454340217579179, 0.43012121515714474], [0.4590082426772925, 0.454340217579179, 0.46123186369875047, 0.40519658584469254, 0.41682020728404484, 0.454340217579179, 0.454340217579179, 0.454340217579179]], "best_fitnesss": [0.45369209399560806, 0.45369209399560806, 0.45369209399560806, 0.45369209399560806, 0.454340217579179, 0.454340217579179, 0.454340217579179, 0.454340217579179, 0.454340217579179, 0.454340217579179, 0.454340217579179, 0.4590082426772925, 0.4590082426772925, 0.4590082426772925, 0.4590082426772925, 0.46123186369875047], "prob_mutate": 0.0625}