{"num_qubits": 4, "depth": 6, "num_circuit": 8, "num_generation": 50, "current_generation": 6, "fitnessss": [[0.32912867080766156, 0.3362852465240514, 0.2757472175765793, 0.24082779219942968, 0.3968466714390606, 0.45369209399560806, 0.18789245372460534, 0.36554137281607707], [0.45369209399560806, 0.3968466714390606, 0.32253395159875947, 0.3432115918488139, 0.36554137281607707, 0.3362852465240514, 0.40933387018999445, 0.2601241815095584], [0.45369209399560806, 0.40933387018999445, 0.3957611240652839, 0.41480667068031307, 0.42397920903653147, 0.31053756710950353, 0.35023593373164785, 0.3313394771655836], [0.45369209399560806, 0.42397920903653147, 0.4108167807313037, 0.38630343398165945, 0.32299718871390526, 0.40933387018999445, 0.40933387018999445, 0.3302607429535831], [0.45369209399560806, 0.3642229999492326, 0.4108167807313037, 0.454340217579179, 0.4108167807313037, 0.40933387018999445, 0.40400047266836986, 0.44650657313956665], [0.454340217579179, 0.45369209399560806, 0.454340217579179, 0.3670222077173273, 0.44650657313956665, 0.356556455643301, 0.44650657313956665, 0.4108167807313037]], "best_fitnesss": [0.45369209399560806, 0.45369209399560806, 0.45369209399560806, 0.45369209399560806, 0.454340217579179, 0.454340217579179], "prob_mutate": 0.0625}