{"num_qubits": 4, "depth": 21, "num_circuit": 32, "num_generation": 40, "current_generation": 1, "fitnessss": [[0.7749361272060152, 0.7849673401106694, 0.8302338959317315, 0.7600875306477394, 0.6337833317409428, 0.7470805223369217, 0.6946357139822916, 0.7302458678976722, 0.6795243862320861, 0.8608084446967377, 0.7059260960195566, 0.7916215764285034, 0.7567347943630052, 0.8357780471930074, 0.8170087879459642, 0.7652327249125948, 0.7761542150393553, 0.863060550801652, 0.644513734043484, 0.8108919059502109, 0.7983355834445889, 0.8207132963350808, 0.7289544621545704, 0.8191103123163433, 0.8550031996369789, 0.7221288078516944, 0.7892653088035118, 0.8456847101595979, 0.7661234452244385, 0.7849056157524628, 0.8052424277492938, 0.811035994679824]], "best_fitnesss": [0.863060550801652], "prob_mutate": 0.004464285714285714}