{"num_qubits": 4, "depth": 12, "num_circuit": 4, "num_generation": 20, "current_generation": 5, "fitnessss": [[0.6318102436105353, 0.5212942337248535, 0.5516361133994737, 0.6482492338931314], [0.6468157329032808, 0.6318102436105353, 0.6139188276478735, 0.6264032049534846], [0.6468157329032808, 0.627087586394046, 0.5855495453864485, 0.6159174361153268], [0.6416600792282127, 0.5430096826588444, 0.6325890966821565, 0.6159174361153268], [0.6416600792282127, 0.6370585042681003, 0.6003289900459725, 0.6966347858347792]], "best_fitnesss": [0.6482492338931314, 0.6468157329032808, 0.6468157329032808, 0.6416600792282127, 0.6966347858347792], "prob_mutate": 0.0625}