{"num_qubits": 4, "depth": 9, "num_circuit": 4, "num_generation": 30, "current_generation": 3, "fitnessss": [[0.53766671500069, 0.4005400869282479, 0.46100354972042723, 0.2966714998108677], [0.53766671500069, 0.5204227099965236, 0.5097406154707194, 0.46287587373698524], [0.53766671500069, 0.514963234811828, 0.5097406154707194, 0.5492921605314838]], "best_fitnesss": [0.53766671500069, 0.53766671500069, 0.5492921605314838], "prob_mutate": 0.08333333333333333}