{"num_qubits": 5, "depth": 27, "num_circuit": 32, "num_generation": 10, "current_generation": 3, "fitnessss": [[0.695421929095146, 0.7001762001850185, 0.7585250658003863, 0.7642159941549693, 0.7404303308505295, 0.7099714405335668, 0.7084424298422383, 0.7500964884999674, 0.7458470701964302, 0.6489125875035155, 0.7593565487584778, 0.7186758931466958, 0.6889655877712668, 0.7059578118260937, 0.673040471387686, 0.7925910686125572, 0.6535296524475241, 0.7769348202646364, 0.6652466065683782, 0.6869739142059103, 0.7638110802043472, 0.740451719418908, 0.734397741121217, 0.7508545614469776, 0.6890340788708849, 0.7101061077590443, 0.7699815346977016, 0.6811839857954168, 0.6975852946968166, 0.704125219182481, 0.7582951302162948, 0.7677100234624455], [0.7925910686125572, 0.7769348202646364, 0.7764924351815973, 0.7223230681842588, 0.742959802270666, 0.7677100234624455, 0.7292113358875235, 0.7419917450371603, 0.7642159941549693, 0.7638110802043472, 0.7694045160620885, 0.7748184002453569, 0.7593565487584778, 0.7585250658003863, 0.7889412795508219, 0.763587714732435, 0.7303305104825089, 0.7508545614469776, 0.7697478325476905, 0.7467334985117396, 0.7597425819369739, 0.7458470701964302, 0.7087542268252625, 0.7673132442708974, 0.740451719418908, 0.7404303308505295, 0.6950168105120135, 0.7675137144408433, 0.734397741121217, 0.7186758931466958, 0.6724209176316446, 0.760341693476698], [0.7925910686125572, 0.7889412795508219, 0.775170117634287, 0.7738112579808016, 0.7769348202646364, 0.7764924351815973, 0.7736104204671933, 0.7816705536141297, 0.7748184002453569, 0.7697478325476905, 0.8119722522180106, 0.7504874504070135, 0.7694045160620885, 0.7677100234624455, 0.7489546470356111, 0.7487103807466226, 0.7675137144408433, 0.7673132442708974, 0.7095088588072374, 0.7698620478623994, 0.7642159941549693, 0.7638110802043472, 0.7694045160620885, 0.7748184002453569, 0.7368907860196201, 0.760341693476698, 0.7640180106865373, 0.7500873521244789, 0.7597425819369739, 0.7593565487584778, 0.7742199964004486, 0.7388705532181854]], "best_fitnesss": [0.7925910686125572, 0.7925910686125572, 0.8119722522180106], "prob_mutate": 0.003472222222222222}