{"num_qubits": 5, "depth": 6, "num_circuit": 4, "num_generation": 50, "current_generation": 19, "fitnessss": [[0.18525683925005026, 0.2808713677382769, 0.1944196307114468, 0.18943972662785277], [0.2808713677382769, 0.208020689899918, 0.2307197421648382, 0.19705053774452191], [0.28587108549142937, 0.2307197421648382, 0.25979838561528473, 0.2808713677382769], [0.18614102940090466, 0.2731330760246323, 0.2808713677382769, 0.2045749388850072], [0.2808713677382769, 0.2731330760246323, 0.2731330760246323, 0.2808713677382769], [0.2808713677382769, 0.2717563335109493, 0.18006052309716591, 0.2808713677382769], [0.26191502974183944, 0.2808713677382769, 0.19600734088994212, 0.28157336332358307], [0.28157336332358307, 0.2524095091733945, 0.25263565782751385, 0.2483167199523364], [0.28157336332358307, 0.25263565782751385, 0.25263565782751385, 0.27777780320614764], [0.28157336332358307, 0.2256188154540129, 0.27777780320614764, 0.28157336332358307], [0.28157336332358307, 0.28157336332358307, 0.2477264231530437, 0.28157336332358307], [0.2892997094071259, 0.2042984727545205, 0.28157336332358307, 0.28157336332358307], [0.2917001685058092, 0.28157336332358307, 0.28157336332358307, 0.2892997094071259], [0.24122256927949826, 0.2586170524993451, 0.23385322183929116, 0.2760640684954189], [0.19659115486319426, 0.27895267680981223, 0.2599127281476612, 0.19087982886987004], [0.22605868699979528, 0.27266529071609813, 0.15103988974713486, 0.19006079672148476], [0.27266529071609813, 0.22605868699979528, 0.20304644713614844, 0.22608099387004182], [0.23960162992518538, 0.22591791766444214, 0.25206546521180007, 0.25252280954506484], [0.2592306459193828, 0.19428577657080273, 0.2179642433522909, 0.2354872120976565]], "best_fitnesss": [0.2808713677382769, 0.2808713677382769, 0.28587108549142937, 0.2808713677382769, 0.2808713677382769, 0.2808713677382769, 0.28157336332358307, 0.28157336332358307, 0.28157336332358307, 0.28157336332358307, 0.28157336332358307, 0.2892997094071259, 0.2917001685058092, 0.2760640684954189, 0.27895267680981223, 0.27266529071609813, 0.27266529071609813, 0.25252280954506484, 0.2592306459193828], "prob_mutate": 0.125}