{"num_qubits": 5, "depth": 10, "num_circuit": 16, "num_generation": 10, "current_generation": 10, "fitnessss": [[0.29388893672262384, 0.3821062407982203, 0.39346535219847956, 0.27142543862614243, 0.32915238567023075, 0.2530316603001418, 0.350518026957206, 0.42583712984587885, 0.3420930383517227, 0.24043082945559702, 0.2640229748179317, 0.3336388232000065, 0.28589260544830497, 0.36773897487543833, 0.3041965674378888, 0.42039316578447183], [0.42583712984587885, 0.42039316578447183, 0.3926023443425305, 0.4533670950141132, 0.39346535219847956, 0.3821062407982203, 0.39381440938312845, 0.3438635406154372, 0.36773897487543833, 0.4200491876552408, 0.40611136942443765, 0.3111552792121163, 0.2959438065423502, 0.3336388232000065, 0.3128455119318395, 0.2740544398544017], [0.4533670950141132, 0.42583712984587885, 0.4533670950141132, 0.42583712984587885, 0.42039316578447183, 0.4200491876552408, 0.4166204504352997, 0.35555288754310416, 0.40611136942443765, 0.39381440938312845, 0.3674484644547835, 0.44225631185652786, 0.39346535219847956, 0.4075940012106603, 0.36478293652276417, 0.3841771187807624], [0.4533670950141132, 0.4533670950141132, 0.4533670950141132, 0.4098674400949441, 0.41048243781823607, 0.42583712984587885, 0.3817692256094281, 0.42073387984174326, 0.42583712984587885, 0.42039316578447183, 0.3908514120372415, 0.4533670950141132, 0.4200491876552408, 0.4166204504352997, 0.4200491876552408, 0.4166204504352997], [0.4533670950141132, 0.4533670950141132, 0.4533670950141132, 0.4533670950141132, 0.4533670950141132, 0.4533670950141132, 0.4533670950141132, 0.4533670950141132, 0.42583712984587885, 0.42583712984587885, 0.42583712984587885, 0.42583712984587885, 0.42073387984174326, 0.42039316578447183, 0.4286994191237515, 0.4166204504352997], [0.4533670950141132, 0.4533670950141132, 0.4533670950141132, 0.4533670950141132, 0.4533670950141132, 0.4533670950141132, 0.4533670950141132, 0.4533670950141132, 0.4533670950141132, 0.4533670950141132, 0.4533670950141132, 0.4533670950141132, 0.4533670950141132, 0.4533670950141132, 0.4533670950141132, 0.4533670950141132], [0.4533670950141132, 0.4533670950141132, 0.4305904127261522, 0.4533670950141132, 0.4533670950141132, 0.4533670950141132, 0.4533670950141132, 0.4533670950141132, 0.41555820043563496, 0.4270386597856371, 0.3282784208642276, 0.4533670950141132, 0.3992064106140519, 0.4533670950141132, 0.4533670950141132, 0.4533670950141132], [0.4533670950141132, 0.4533670950141132, 0.4533670950141132, 0.4533670950141132, 0.4533670950141132, 0.4533670950141132, 0.4533670950141132, 0.4533670950141132, 0.4533670950141132, 0.4533670950141132, 0.4533670950141132, 0.4533670950141132, 0.4533670950141132, 0.413505863596398, 0.4533670950141132, 0.4533670950141132], [0.4533670950141132, 0.4533670950141132, 0.4533670950141132, 0.4152305133129944, 0.4533670950141132, 0.4533670950141132, 0.4533670950141132, 0.4533670950141132, 0.4533670950141132, 0.4533670950141132, 0.4533670950141132, 0.4533670950141132, 0.4533670950141132, 0.4533670950141132, 0.4533670950141132, 0.4533670950141132], [0.4533670950141132, 0.4181953528510454, 0.4251869784828378, 0.4533670950141132, 0.4533670950141132, 0.4533670950141132, 0.45606056558457847, 0.4533670950141132, 0.46408408643144317, 0.4577878267067709, 0.4533670950141132, 0.4533670950141132, 0.4310635493569289, 0.41108396728599883, 0.4411941140274192, 0.4533670950141132]], "best_fitnesss": [0.42583712984587885, 0.4533670950141132, 0.4533670950141132, 0.4533670950141132, 0.4533670950141132, 0.4533670950141132, 0.4533670950141132, 0.4533670950141132, 0.4533670950141132, 0.46408408643144317], "prob_mutate": 0.01875}