{"num_qubits": 5, "depth": 20, "num_circuit": 16, "num_generation": 50, "current_generation": 2, "fitnessss": [[0.5740268636018759, 0.6017792826748358, 0.6001004172805976, 0.5987070205491859, 0.6015881071639056, 0.4286914701607107, 0.6167901030784056, 0.5459038535674969, 0.5745613128679505, 0.5931732429962688, 0.6140359314254586, 0.5815301843472471, 0.5823749146732613, 0.5045093373848891, 0.5442977300399032, 0.5625025417799624], [0.6167901030784056, 0.6140359314254586, 0.6279777165627943, 0.6084215377514132, 0.6017792826748358, 0.6015881071639056, 0.6444787103727215, 0.5824270816034979, 0.6001004172805976, 0.5831210356906157, 0.5969046995302063, 0.5929441808981141, 0.5931732429962688, 0.5823749146732613, 0.5523910670693801, 0.597740372718545]], "best_fitnesss": [0.6167901030784056, 0.6444787103727215], "prob_mutate": 0.009375}