{"num_qubits": 2, "depth": 7, "num_circuit": 32, "num_generation": 30, "current_generation": 1, "fitnessss": [[0.8506772320811754, 0.90308700914448, 0.7247824382194616, 0.7742346481625677, 0.8965027610284924, 0.9293301508815945, 0.7251634526804216, 0.6814747864681611, 0.8263743564842034, 0.9137275818828148, 0.8664131442319494, 0.7372973668655655, 0.624388589297383, 0.6074985247346977, 0.7797030122526681, 0.8394365030136571, 0.8194408983101757, 0.7875877350173421, 0.7230682841838434, 0.8305700423870161, 0.8830700755039331, 0.6110631816898877, 0.699521907291835, 0.8162655138337351, 0.7212751316688523, 0.7760931403137815, 0.8169693473402064, 0.718154454975424, 0.6428850032601661, 0.49731794042278904, 0.6311884676906246, 0.6035389415257064]], "best_fitnesss": [0.9293301508815945], "prob_mutate": 0.013392857142857142}