{"num_qubits": 5, "depth": 15, "num_circuit": 8, "num_generation": 10, "current_generation": 10, "fitnessss": [[0.5114844751176242, 0.42667444205053506, 0.46610101492223777, 0.5011318117511788, 0.4947146804308221, 0.3650303818169804, 0.43207553664704407, 0.46011702584243563], [0.503423564614029, 0.5011318117511788, 0.522892843315851, 0.5326888733756209, 0.38933493553092735, 0.46610101492223777, 0.3254562219285024, 0.5166809877007537], [0.5143140798121987, 0.522892843315851, 0.5011318117511788, 0.5067435161992846, 0.5166809877007537, 0.503423564614029, 0.4279964778948801, 0.5117728142576021], [0.5143529277523838, 0.5166809877007537, 0.5023844579294787, 0.5012079776628415, 0.5143140798121987, 0.5117728142576021, 0.5334593162747072, 0.5245231562594115], [0.5472879507939536, 0.5245231562594115, 0.5287928337047975, 0.5117728142576021, 0.5102006762206427, 0.5217010556575699, 0.485365755373741, 0.5044748646361882], [0.5472879507939536, 0.48116827625352643, 0.5287928337047975, 0.5472879507939536, 0.5295369805182256, 0.5024148672046617, 0.5250628642873876, 0.4778632807979101], [0.5472879507939536, 0.5296233840800679, 0.5472879507939536, 0.5161116705997634, 0.5295369805182256, 0.5287928337047975, 0.5341556317114772, 0.48050486907314155], [0.5472879507939536, 0.5422661262864152, 0.5472879507939536, 0.5472879507939536, 0.5078537731044855, 0.5296233840800679, 0.5476795183276323, 0.5287928337047975], [0.529055577569498, 0.5472879507939536, 0.5267307841786486, 0.5296233840800679, 0.5472879507939536, 0.5472879507939536, 0.48471050115090347, 0.5208844243966793], [0.5231865412402719, 0.475022792220098, 0.5472879507939536, 0.5472879507939536, 0.5490225104127667, 0.5296233840800679, 0.5296233840800679, 0.5472879507939536]], "best_fitnesss": [0.5114844751176242, 0.5326888733756209, 0.522892843315851, 0.5334593162747072, 0.5472879507939536, 0.5472879507939536, 0.5472879507939536, 0.5476795183276323, 0.5472879507939536, 0.5490225104127667], "prob_mutate": 0.025}