{"num_qubits": 4, "depth": 29, "num_circuit": 16, "num_generation": 10, "current_generation": 10, "fitnessss": [[0.8689647185362788, 0.9349013657224436, 0.9348576861366352, 0.9376972309273389, 0.9196540701572603, 0.9322890084333212, 0.9419842632028865, 0.9056881208422436, 0.8789151337921476, 0.8860858549249038, 0.8695290968938879, 0.7506519156638978, 0.9222079724606844, 0.9020259907694083, 0.9501868710373353, 0.8693029408878484], [0.9501868710373353, 0.9419842632028865, 0.9417455424111024, 0.9235092860784209, 0.9376972309273389, 0.9349013657224436, 0.9287912518073126, 0.9318827680328269, 0.9348576861366352, 0.9322890084333212, 0.9295455568703105, 0.93632341905859, 0.9222079724606844, 0.9196540701572603, 0.9297473469463675, 0.9256364207606239], [0.9501868710373353, 0.9419842632028865, 0.9417455424111024, 0.9235092860784209, 0.9417455424111024, 0.9376972309273389, 0.9430622939792108, 0.9363436806738645, 0.93632341905859, 0.9349013657224436, 0.9249071376160867, 0.9273404991266982, 0.9348576861366352, 0.9322890084333212, 0.9295455568703105, 0.9151924907490907], [0.9501868710373353, 0.9430622939792108, 0.9430622939792108, 0.9501868710373353, 0.9419842632028865, 0.9417455424111024, 0.9419842632028865, 0.9417455424111024, 0.9417455424111024, 0.943573542667622, 0.9272057574719904, 0.9363436806738645, 0.9363436806738645, 0.896442299369163, 0.9244576526034892, 0.9295807460320976], [0.9501868710373353, 0.9341292236792882, 0.9305350484302233, 0.9501868710373353, 0.9210901580091015, 0.9430622939792108, 0.9484809858057132, 0.9272057574719904, 0.9430622939792108, 0.9419842632028865, 0.9417455424111024, 0.9279829786750685, 0.9419842632028865, 0.9417455424111024, 0.9353915262231182, 0.9417455424111024], [0.9501868710373353, 0.9501868710373353, 0.9501868710373353, 0.9501868710373353, 0.9484809858057132, 0.9430622939792108, 0.9484809858057132, 0.9430622939792108, 0.9430622939792108, 0.9419842632028865, 0.9399929538027854, 0.9279829786750685, 0.9419842632028865, 0.9417455424111024, 0.9419842632028865, 0.92955950117891], [0.9501868710373353, 0.9501868710373353, 0.9396761097605276, 0.9501868710373353, 0.9501868710373353, 0.9501868710373353, 0.9501868710373353, 0.9501868710373353, 0.9385138562460147, 0.943034383282634, 0.9282249392407287, 0.9484809858057132, 0.9430622939792108, 0.9430622939792108, 0.9430622939792108, 0.9430622939792108], [0.9501868710373353, 0.9409305902594977, 0.9501868710373353, 0.9501868710373353, 0.9501868710373353, 0.9501868710373353, 0.9501868710373353, 0.9501868710373353, 0.9501868710373353, 0.9501868710373353, 0.9501868710373353, 0.9263054346718563, 0.9501868710373353, 0.9484809858057132, 0.9430622939792108, 0.932069800614636], [0.9501868710373353, 0.9501868710373353, 0.9501868710373353, 0.9501868710373353, 0.9501868710373353, 0.9501868710373353, 0.9501868710373353, 0.9501868710373353, 0.9501868710373353, 0.9501868710373353, 0.9501868710373353, 0.934525942224494, 0.9501868710373353, 0.9501868710373353, 0.9501868710373353, 0.9501868710373353], [0.9501868710373353, 0.9501868710373353, 0.9501868710373353, 0.9501868710373353, 0.9501868710373353, 0.9370301062741822, 0.9501868710373353, 0.9501868710373353, 0.9501868710373353, 0.9501868710373353, 0.9501868710373353, 0.9286247837172776, 0.9501868710373353, 0.9501868710373353, 0.9501868710373353, 0.9501868710373353]], "best_fitnesss": [0.9501868710373353, 0.9501868710373353, 0.9501868710373353, 0.9501868710373353, 0.9501868710373353, 0.9501868710373353, 0.9501868710373353, 0.9501868710373353, 0.9501868710373353, 0.9501868710373353], "prob_mutate": 0.00646551724137931}