{"num_qubits": 3, "depth": 13, "num_circuit": 4, "num_generation": 10, "current_generation": 3, "fitnessss": [[0.6505859514497164, 0.4799807299927683, 0.7883592116649405, 0.7166340968350748], [0.7883592116649405, 0.7023603351576571, 0.695387260191308, 0.7378892376404175], [0.7883592116649405, 0.8134515338802915, 0.7883592116649405, 0.7599719429589882]], "best_fitnesss": [0.7883592116649405, 0.7883592116649405, 0.8134515338802915], "prob_mutate": 0.057692307692307696}