{"num_qubits": 4, "depth": 29, "num_circuit": 32, "num_generation": 20, "current_generation": 2, "fitnessss": [[0.9295478881469187, 0.9107488350220165, 0.8528514228282074, 0.8987834019601634, 0.7719702033512288, 0.9020718867369567, 0.8947487469272092, 0.9088968172611276, 0.8997028963408724, 0.9317737677636424, 0.8802309697457043, 0.923104942998364, 0.9113502656814718, 0.9307875606998325, 0.928121239288943, 0.9164951314812031, 0.8956573186177363, 0.8900767475522311, 0.9358849203471997, 0.9294753741544206, 0.8053822158801104, 0.897003459409935, 0.9003670576340135, 0.8838061320488831, 0.8922468601391265, 0.9109285973093962, 0.8831745543009648, 0.8890553698736474, 0.8979354843406254, 0.9129170516014554, 0.8810658011186389, 0.9382567951305607], [0.9382567951305607, 0.9213009218511727, 0.9317374960146593, 0.9342380845090037, 0.9317737677636424, 0.9307875606998325, 0.9275225399681594, 0.9327751489457097, 0.9295478881469187, 0.9294753741544206, 0.931914168485072, 0.9108704393927664, 0.928121239288943, 0.923104942998364, 0.9278230135426273, 0.9176162039259653, 0.9164951314812031, 0.9129170516014554, 0.9078261063746418, 0.9028342427409954, 0.9113502656814718, 0.9109285973093962, 0.8891021119474569, 0.8988242915724497, 0.9107488350220165, 0.9088968172611276, 0.8858030983032675, 0.9406426818012514, 0.9020718867369567, 0.9003670576340135, 0.9018299736570577, 0.9116562897748764]], "best_fitnesss": [0.9382567951305607, 0.9406426818012514], "prob_mutate": 0.003232758620689655}