{"num_qubits": 4, "depth": 22, "num_circuit": 32, "num_generation": 50, "current_generation": 2, "fitnessss": [[0.6934175590004737, 0.7564594142125337, 0.8804191267843026, 0.8732381694296082, 0.8048355665748519, 0.8137613948485949, 0.8803790835822562, 0.8234619031015326, 0.7087744770894562, 0.7987093505038857, 0.8384877767465143, 0.6700189260635832, 0.7558369487315184, 0.7773344899385617, 0.8069076127823411, 0.8152832242554366, 0.8000980500553379, 0.7155039749095208, 0.8021464299621721, 0.862428982911857, 0.8546508840958156, 0.7900938393640102, 0.881165787625999, 0.8164945673910771, 0.8520870211099016, 0.7672160972787666, 0.8160763131677278, 0.7091233761606806, 0.7762765935322051, 0.8056496090580394, 0.8233539486280538, 0.7499823895980089], [0.881165787625999, 0.8804191267843026, 0.8625735838068657, 0.8513933465682749, 0.8803790835822562, 0.8732381694296082, 0.8679459816276098, 0.8583680582425993, 0.862428982911857, 0.8546508840958156, 0.8850105196714324, 0.8220417037830489, 0.8520870211099016, 0.8384877767465143, 0.8848331239547887, 0.8154716691020318, 0.8234619031015326, 0.8233539486280538, 0.8418845531128735, 0.7552314044459317, 0.8215046019372677, 0.8160763131677278, 0.8687420141733921, 0.8159817788525116, 0.8152832242554366, 0.8137613948485949, 0.8359320491187686, 0.8057757013918181, 0.8069076127823411, 0.8056496090580394, 0.8310004287893893, 0.7634176746241816]], "best_fitnesss": [0.881165787625999, 0.8850105196714324], "prob_mutate": 0.004261363636363636}