{"num_qubits": 3, "depth": 2, "num_circuit": 8, "num_generation": 30, "current_generation": 1, "fitnessss": [[0.19209538454083175, 0.16964875282515954, 0.3708191521763598, 0.20632640054027634, 0.18426576829725191, 0.20014867217471344, 0.27683558075422116, 0.1068892207208055]], "best_fitnesss": [0.3708191521763598], "prob_mutate": 0.1875}