{"num_qubits": 4, "depth": 15, "num_circuit": 4, "num_generation": 10, "current_generation": 1, "fitnessss": [[0.5621953137591763, 0.6468497440370722, 0.6676246698100234, 0.6719223776198296]], "best_fitnesss": [0.6719223776198296], "prob_mutate": 0.05}