{"num_qubits": 5, "depth": 25, "num_circuit": 8, "num_generation": 30, "current_generation": 9, "fitnessss": [[0.7463491822054065, 0.6975990639924675, 0.6613559869181159, 0.7307357379551356, 0.6584412090024149, 0.6886588299032591, 0.6579885987730648, 0.6028838004064202], [0.7463491822054065, 0.7223198648714769, 0.7193841482333627, 0.700396001109168, 0.6975990639924675, 0.6886588299032591, 0.7111328820704939, 0.7077533875656883], [0.7463491822054065, 0.7223198648714769, 0.7095497817327525, 0.725019884204704, 0.7193841482333627, 0.7111328820704939, 0.6844598308754333, 0.7193123665086076], [0.7463491822054065, 0.6754676861900561, 0.6958586116578906, 0.6699065335525612, 0.6735197650882399, 0.7193841482333627, 0.6882724411089487, 0.7095497817327525], [0.7463491822054065, 0.7165777790555642, 0.7193841482333627, 0.7463491822054065, 0.7095497817327525, 0.6958586116578906, 0.6958586116578906, 0.6852047685302607], [0.7463491822054065, 0.7463491822054065, 0.7463491822054065, 0.7463491822054065, 0.7193841482333627, 0.7165777790555642, 0.7165777790555642, 0.7193841482333627], [0.7463491822054065, 0.7463491822054065, 0.7152124473010629, 0.7463491822054065, 0.729241847088195, 0.7463491822054065, 0.7463491822054065, 0.7463491822054065], [0.7079775276222371, 0.6922228107824951, 0.7463491822054065, 0.7463491822054065, 0.7463491822054065, 0.7463491822054065, 0.7463491822054065, 0.7463491822054065], [0.7122858915597053, 0.7463491822054065, 0.7463491822054065, 0.7463491822054065, 0.7532901144012358, 0.7463491822054065, 0.7463491822054065, 0.7029167470674953]], "best_fitnesss": [0.7463491822054065, 0.7463491822054065, 0.7463491822054065, 0.7463491822054065, 0.7463491822054065, 0.7463491822054065, 0.7463491822054065, 0.7463491822054065, 0.7532901144012358], "prob_mutate": 0.015}