{"num_qubits": 5, "depth": 25, "num_circuit": 8, "num_generation": 50, "current_generation": 1, "fitnessss": [[0.6787754434943032, 0.7108167268026412, 0.6611641741449114, 0.7185405122415467, 0.6087676179175247, 0.692915429935768, 0.7298084411671629, 0.7543452442140058]], "best_fitnesss": [0.7543452442140058], "prob_mutate": 0.015}