{"num_qubits": 5, "depth": 24, "num_circuit": 32, "num_generation": 50, "current_generation": 2, "fitnessss": [[0.6631230390595262, 0.6971263892589888, 0.6976906098974498, 0.6687032751661293, 0.655934217031398, 0.616522148787392, 0.5916968725853913, 0.6556316615994366, 0.696504700234161, 0.690689405676636, 0.638566627065921, 0.672595942387647, 0.7289385336992777, 0.6725434862257947, 0.7043215835090371, 0.6903538432067136, 0.6736105462419825, 0.7048869770731423, 0.6651947715945099, 0.6102730192177306, 0.6830683083380465, 0.6283911879769822, 0.6365352940280978, 0.6978807786068855, 0.6635670246390417, 0.6886965169480502, 0.6969589144327285, 0.709568186267993, 0.6982347135317359, 0.7032883497206255, 0.6393360957702704, 0.645692490242587], [0.7289385336992777, 0.709568186267993, 0.6657323223910557, 0.7576397832904342, 0.7048869770731423, 0.7043215835090371, 0.7214218336431181, 0.6779130064529229, 0.642991674141981, 0.6982347135317359, 0.6807973277064207, 0.6733551069729866, 0.6987368347237494, 0.6976906098974498, 0.6788313675761979, 0.709982088950642, 0.6971263892589888, 0.6969589144327285, 0.626686262020941, 0.7648638327479546, 0.696504700234161, 0.690689405676636, 0.7065101486244281, 0.6915369370571397, 0.6903538432067136, 0.6886965169480502, 0.7162448410018425, 0.6657388382776326, 0.6830683083380465, 0.6631335446873762, 0.6566771242120717, 0.6493003958631268]], "best_fitnesss": [0.7289385336992777, 0.7648638327479546], "prob_mutate": 0.00390625}