{"num_qubits": 4, "depth": 13, "num_circuit": 8, "num_generation": 30, "current_generation": 2, "fitnessss": [[0.5874674635494879, 0.5368845461906473, 0.5817701350791888, 0.6069890509232195, 0.5359615619623656, 0.5500738021197175, 0.5945893474591492, 0.3785719007291218], [0.6069890509232195, 0.5916117909005575, 0.6508194710776161, 0.5742234895709987, 0.5874674635494879, 0.605528106640858, 0.6387320077907979, 0.5602937062293711]], "best_fitnesss": [0.6069890509232195, 0.6508194710776161], "prob_mutate": 0.028846153846153848}