{"num_qubits": 6, "depth": 32, "num_circuit": 8, "num_generation": 40, "current_generation": 2, "fitnessss": [[0.573053896070421, 0.5904636278180735, 0.6301844731585882, 0.5452265511105687, 0.6149752437256468, 0.6266874163247824, 0.5968132559679694, 0.597477564608359], [0.6301844731585882, 0.6135082153873382, 0.6395922575829026, 0.6167110521729942, 0.6149752437256468, 0.5747609333285899, 0.5852841721351008, 0.6303643321874819]], "best_fitnesss": [0.6301844731585882, 0.6395922575829026], "prob_mutate": 0.01171875}