{"num_qubits": 5, "depth": 21, "num_circuit": 16, "num_generation": 10, "current_generation": 2, "fitnessss": [[0.6251370002074433, 0.618180996973188, 0.6317276370100485, 0.542658794619225, 0.6501330235897885, 0.6191639446691451, 0.6432614861680196, 0.5453211853026845, 0.6473082412183235, 0.6012550449549845, 0.5455991581778742, 0.5186493395149266, 0.5966304510871397, 0.4630683278767632, 0.6044699823528739, 0.5636619452581072], [0.6501330235897885, 0.6849396015032978, 0.6128894996600478, 0.6879285498228628, 0.6122188712122856, 0.6317276370100485, 0.6780159561162753, 0.5610146657611679, 0.5628835447575086, 0.6191639446691451, 0.6174264930416131, 0.6610548364767151, 0.618180996973188, 0.6044699823528739, 0.5454481713951768, 0.640410628831203]], "best_fitnesss": [0.6501330235897885, 0.6879285498228628], "prob_mutate": 0.008928571428571428}