{"num_qubits": 5, "depth": 25, "num_circuit": 16, "num_generation": 40, "current_generation": 4, "fitnessss": [[0.7627142972022639, 0.6709283989988731, 0.7103989806956268, 0.6972799189948673, 0.6852805089082796, 0.6102292884247491, 0.656967264156229, 0.7128963023645327, 0.6720325119847022, 0.7499409181863472, 0.7025072178395898, 0.6851682371562711, 0.7169929872587204, 0.7356226903179912, 0.6871164021252854, 0.7018965765760468], [0.7303976064864566, 0.7499409181863472, 0.716164867061776, 0.7050360357002716, 0.7356226903179912, 0.7169929872587204, 0.7381352553894949, 0.6825754143263599, 0.7072544965268348, 0.7103989806956268, 0.6949086411146814, 0.72577710549822, 0.7008376747286731, 0.6668339410825229, 0.7485727958454571, 0.6974915037863709], [0.7105451952455683, 0.6618457242837316, 0.7472776928516417, 0.6946255676520178, 0.7381352553894949, 0.7356226903179912, 0.7356226903179912, 0.7381352553894949, 0.7303976064864566, 0.72577710549822, 0.7121135337642572, 0.7612702511921425, 0.7169929872587204, 0.716164867061776, 0.6990619964297109, 0.6982848492169456], [0.7612702511921425, 0.7472776928516417, 0.7978700933944559, 0.736426902252248, 0.7275430626868106, 0.7381352553894949, 0.7399616413893915, 0.7381352553894949, 0.7356226903179912, 0.7356226903179912, 0.7356226903179912, 0.7356226903179912, 0.7303976064864566, 0.6718891326507563, 0.7121135337642572, 0.757571973236188]], "best_fitnesss": [0.7627142972022639, 0.7499409181863472, 0.7612702511921425, 0.7978700933944559], "prob_mutate": 0.0075}