{"num_qubits": 4, "depth": 9, "num_circuit": 16, "num_generation": 20, "current_generation": 20, "fitnessss": [[0.19829234201045765, 0.18513118146121654, 0.34087095673011514, 0.30514044204503943, 0.32458111622322827, 0.2500332191266852, 0.26592395831971793, 0.2643691773999982, 0.29947048763344486, 0.08905913686468137, 0.20931014705383266, 0.40746122070039004, 0.464368268202763, 0.05972097158577472, 0.25924594696638903, 0.2825546002795726], [0.3819039310823672, 0.40746122070039004, 0.15520138370574244, 0.1961766957791603, 0.34087095673011514, 0.32458111622322827, 0.2588956245766747, 0.3983926804850437, 0.23853988045510965, 0.29947048763344486, 0.18325738689333715, 0.32824334792731114, 0.2825546002795726, 0.26592395831971793, 0.3006674666591552, 0.24912024254649945], [0.40746122070039004, 0.35307398330828266, 0.21952078277608078, 0.12855582552273181, 0.3819039310823672, 0.34087095673011514, 0.41220768447551637, 0.2713070616032056, 0.32824334792731114, 0.32458111622322827, 0.23182681285332785, 0.2872787473074814, 0.3006674666591552, 0.4389976577680945, 0.4944608336900156, 0.36893261259160925], [0.4944608336900156, 0.34411781135136255, 0.2603879477553852, 0.29947048763344486, 0.41220768447551637, 0.40746122070039004, 0.15520138370574244, 0.21952078277608078, 0.3819039310823672, 0.2802993824311584, 0.29855310347184116, 0.20547059465802098, 0.35307398330828266, 0.34087095673011514, 0.21590076941003133, 0.3684209974152136], [0.3894368961432141, 0.41220768447551637, 0.2808662472040677, 0.5956134835287493, 0.40746122070039004, 0.3819039310823672, 0.24824331289337187, 0.15520138370574244, 0.329792521089307, 0.35307398330828266, 0.3684209974152136, 0.35307398330828266, 0.34411781135136255, 0.34087095673011514, 0.38796882875469696, 0.4308329722413127], [0.5956134835287493, 0.4308329722413127, 0.37322060473311836, 0.596640856667524, 0.4370307981271436, 0.40746122070039004, 0.15520138370574244, 0.21952078277608078, 0.20805346706312178, 0.38796882875469696, 0.27855603548107444, 0.29947048763344486, 0.3819039310823672, 0.3684209974152136, 0.3683331983805892, 0.2713070616032056], [0.596640856667524, 0.5956134835287493, 0.596640856667524, 0.5956134835287493, 0.4370307981271436, 0.4308329722413127, 0.3561601334982808, 0.2674323730493068, 0.16688109726132294, 0.25504315003983546, 0.21952078277608078, 0.19743550024140843, 0.3819039310823672, 0.39516243176109833, 0.37322060473311836, 0.3819039310823672], [0.596640856667524, 0.596640856667524, 0.596640856667524, 0.596640856667524, 0.5956134835287493, 0.5956134835287493, 0.5956134835287493, 0.5956134835287493, 0.4370307981271436, 0.4308329722413127, 0.3469303693961996, 0.3580290581896177, 0.39516243176109833, 0.3819039310823672, 0.26674254274893316, 0.37322060473311836], [0.596640856667524, 0.5559338378077163, 0.5417188832315893, 0.596640856667524, 0.596640856667524, 0.596640856667524, 0.596640856667524, 0.563853127317502, 0.5657887145538084, 0.4555173934234329, 0.5956134835287493, 0.5956134835287493, 0.5956134835287493, 0.5956134835287493, 0.23320718228968373, 0.32899360929924915], [0.596640856667524, 0.2885882358850209, 0.596640856667524, 0.596640856667524, 0.596640856667524, 0.596640856667524, 0.596640856667524, 0.596640856667524, 0.596640856667524, 0.3614586962673969, 0.596640856667524, 0.5956134835287493, 0.49111849780554806, 0.5956134835287493, 0.5956134835287493, 0.5956134835287493], [0.596640856667524, 0.596640856667524, 0.4903572197378061, 0.596640856667524, 0.596640856667524, 0.5754822609324971, 0.596640856667524, 0.596640856667524, 0.596640856667524, 0.596640856667524, 0.596640856667524, 0.596640856667524, 0.5162816795473788, 0.596640856667524, 0.596640856667524, 0.5524589191625289], [0.596640856667524, 0.09978675003023463, 0.596640856667524, 0.596640856667524, 0.596640856667524, 0.596640856667524, 0.596640856667524, 0.5678224710211144, 0.596640856667524, 0.596640856667524, 0.596640856667524, 0.596640856667524, 0.596640856667524, 0.596640856667524, 0.6083741066848053, 0.596640856667524], [0.6178097580635957, 0.596640856667524, 0.5965258236139642, 0.35036450994175705, 0.596640856667524, 0.596640856667524, 0.596640856667524, 0.5595813262530166, 0.596640856667524, 0.596640856667524, 0.596640856667524, 0.596640856667524, 0.596640856667524, 0.596640856667524, 0.3551286710293996, 0.596640856667524], [0.6178097580635957, 0.596640856667524, 0.5965258236139642, 0.3638991242835182, 0.596640856667524, 0.596640856667524, 0.596640856667524, 0.596640856667524, 0.596640856667524, 0.596640856667524, 0.596640856667524, 0.596640856667524, 0.596640856667524, 0.596640856667524, 0.596640856667524, 0.6178190366399505], [0.6178190366399505, 0.6178097580635957, 0.6183696382475983, 0.6192061312459829, 0.596640856667524, 0.596640856667524, 0.596640856667524, 0.596640856667524, 0.596640856667524, 0.596640856667524, 0.596640856667524, 0.596640856667524, 0.596640856667524, 0.596640856667524, 0.596640856667524, 0.596640856667524], [0.6192061312459829, 0.6183696382475983, 0.6178097580635957, 0.6178190366399505, 0.6178190366399505, 0.6178097580635957, 0.6183696382475983, 0.6192061312459829, 0.596640856667524, 0.5388718770370344, 0.5437520776627488, 0.596640856667524, 0.596640856667524, 0.596640856667524, 0.596640856667524, 0.596640856667524], [0.6192061312459829, 0.6192061312459829, 0.5771151022094632, 0.6192061312459829, 0.6183696382475983, 0.6183696382475983, 0.6183696382475983, 0.6183696382475983, 0.6178190366399505, 0.6178190366399505, 0.6178190366399505, 0.6178190366399505, 0.6178097580635957, 0.6178097580635957, 0.36067874418821044, 0.6178097580635957], [0.6192061312459829, 0.12448770146120225, 0.6192061312459829, 0.6192061312459829, 0.6192061312459829, 0.6183696382475983, 0.6178097580635957, 0.6178190366399505, 0.6183696382475983, 0.6183696382475983, 0.6183696382475983, 0.6183696382475983, 0.6183696382475983, 0.6178190366399505, 0.6178190366399505, 0.6183696382475983], [0.6192061312459829, 0.6192061312459829, 0.47853213677050577, 0.6192061312459829, 0.6192061312459829, 0.6192061312459829, 0.5638565042495236, 0.6863436009070336, 0.6183696382475983, 0.5209380727469524, 0.6183696382475983, 0.6183696382475983, 0.41761079501812337, 0.3263956499407604, 0.6183696382475983, 0.6183696382475983], [0.6863436009070336, 0.6192061312459829, 0.6192061312459829, 0.6863436009070336, 0.6192061312459829, 0.5400251674426754, 0.6192061312459829, 0.6192061312459829, 0.6192061312459829, 0.6192061312459829, 0.6192061312459829, 0.6192061312459829, 0.6183696382475983, 0.6183696382475983, 0.6183696382475983, 0.6183696382475983]], "best_fitnesss": [0.464368268202763, 0.40746122070039004, 0.4944608336900156, 0.4944608336900156, 0.5956134835287493, 0.596640856667524, 0.596640856667524, 0.596640856667524, 0.596640856667524, 0.596640856667524, 0.596640856667524, 0.6083741066848053, 0.6178097580635957, 0.6178190366399505, 0.6192061312459829, 0.6192061312459829, 0.6192061312459829, 0.6192061312459829, 0.6863436009070336, 0.6863436009070336], "prob_mutate": 0.020833333333333332}