{"num_qubits": 6, "depth": 37, "num_circuit": 8, "num_generation": 20, "current_generation": 4, "fitnessss": [[0.6401845675951272, 0.6746414479655056, 0.7114086388222407, 0.6727378620889655, 0.7052267179832984, 0.6811736567900283, 0.7152346577366036, 0.5852079200953696], [0.7152346577366036, 0.7114086388222407, 0.7077982740909233, 0.6864397801919013, 0.7052267179832984, 0.6811736567900283, 0.6609050289370382, 0.6940537039025662], [0.7152346577366036, 0.7114086388222407, 0.7077982740909233, 0.6864397801919013, 0.7051029171138383, 0.7052267179832984, 0.6661138394570905, 0.6657795272163062], [0.7152346577366036, 0.7199939396147599, 0.7077982740909233, 0.6864397801919013, 0.7077982740909233, 0.7052267179832984, 0.714644397328261, 0.6657795272163062]], "best_fitnesss": [0.7152346577366036, 0.7152346577366036, 0.7152346577366036, 0.7199939396147599], "prob_mutate": 0.010135135135135136}