{"num_qubits": 4, "depth": 9, "num_circuit": 16, "num_generation": 20, "current_generation": 20, "fitnessss": [[0.32492602818465144, 0.20491682287542357, 0.11559993629331411, 0.14879457167530563, 0.1746510939821342, 0.35541955429677263, 0.2925743984084248, 0.19470329419727472, 0.16990777948993951, 0.2923698751385462, 0.20959307486273326, 0.510963081336356, 0.3144415186578472, 0.32098254898035994, 0.36173272369129505, 0.2611450657115071], [0.510963081336356, 0.3752551663491428, 0.316113904582368, 0.3136548355384253, 0.35541955429677263, 0.16901282191817635, 0.36079270429477195, 0.18944247743235643, 0.3731564547880978, 0.3144415186578472, 0.3830086481661201, 0.4196165452388877, 0.2925743984084248, 0.2923698751385462, 0.293045247475183, 0.30930829929922343], [0.510963081336356, 0.4196165452388877, 0.5345091916243934, 0.4028808638186401, 0.3830086481661201, 0.3752551663491428, 0.3517551561378658, 0.3859921164727138, 0.24626896494107386, 0.36079270429477195, 0.2996438814092629, 0.4072547540142214, 0.35541955429677263, 0.316113904582368, 0.3660719048696046, 0.4753682706896344], [0.43468746455098717, 0.24683217973913263, 0.3354623053453972, 0.4050215162685855, 0.4753682706896344, 0.4196165452388877, 0.3374468661527923, 0.23415372448245475, 0.3274501848840401, 0.4028808638186401, 0.4089756554565275, 0.4196165452388877, 0.3859921164727138, 0.3830086481661201, 0.3859921164727138, 0.3830086481661201], [0.4753682706896344, 0.43468746455098717, 0.41085690007615383, 0.492000037550099, 0.4196165452388877, 0.4196165452388877, 0.4196165452388877, 0.4196165452388877, 0.4089756554565275, 0.4050215162685855, 0.4072547540142214, 0.510963081336356, 0.4028808638186401, 0.3859921164727138, 0.3144415186578472, 0.4277526685512507], [0.510963081336356, 0.492000037550099, 0.4753682706896344, 0.3354623053453972, 0.4753682706896344, 0.1440582395452641, 0.41085690007615383, 0.492000037550099, 0.4277526685512507, 0.4196165452388877, 0.24912059760290717, 0.4028808638186401, 0.4196165452388877, 0.4196165452388877, 0.4196165452388877, 0.22577224643149574], [0.510963081336356, 0.492000037550099, 0.4753682706896344, 0.3354623053453972, 0.492000037550099, 0.4753682706896344, 0.492000037550099, 0.4753682706896344, 0.4753682706896344, 0.4277526685512507, 0.4497882914410388, 0.2569291275663026, 0.4196165452388877, 0.4196165452388877, 0.4196165452388877, 0.4196165452388877], [0.510963081336356, 0.492000037550099, 0.4753682706896344, 0.3354623053453972, 0.492000037550099, 0.492000037550099, 0.492000037550099, 0.492000037550099, 0.4753682706896344, 0.4753682706896344, 0.4753682706896344, 0.4753682706896344, 0.4753682706896344, 0.4753682706896344, 0.4753682706896344, 0.4753682706896344], [0.510963081336356, 0.492000037550099, 0.4137625686002322, 0.3234686382209324, 0.492000037550099, 0.2803113665630821, 0.492000037550099, 0.492000037550099, 0.492000037550099, 0.5000136129311936, 0.492000037550099, 0.492000037550099, 0.39603981063694915, 0.4753682706896344, 0.4753682706896344, 0.4753682706896344], [0.3416085218045619, 0.5000136129311936, 0.4753682706896344, 0.2972803189238652, 0.492000037550099, 0.492000037550099, 0.492000037550099, 0.492000037550099, 0.4460610649933494, 0.492000037550099, 0.492000037550099, 0.4391365850458917, 0.3522826985605725, 0.492000037550099, 0.492000037550099, 0.492000037550099], [0.5000136129311936, 0.492000037550099, 0.5000136129311936, 0.492000037550099, 0.290902284932381, 0.492000037550099, 0.492000037550099, 0.492000037550099, 0.492000037550099, 0.492000037550099, 0.492000037550099, 0.492000037550099, 0.25911847505199204, 0.42373615105336193, 0.492000037550099, 0.492000037550099], [0.3865174364834788, 0.48005585290486685, 0.5000136129311936, 0.3808049453186293, 0.492000037550099, 0.492000037550099, 0.492000037550099, 0.492000037550099, 0.492000037550099, 0.492000037550099, 0.492000037550099, 0.492000037550099, 0.492000037550099, 0.492000037550099, 0.492000037550099, 0.492000037550099], [0.5000136129311936, 0.492000037550099, 0.5000136129311936, 0.3675902308192618, 0.492000037550099, 0.492000037550099, 0.492000037550099, 0.45008946004439077, 0.492000037550099, 0.492000037550099, 0.3649454320618194, 0.3098255448720397, 0.492000037550099, 0.492000037550099, 0.492000037550099, 0.492000037550099], [0.5000136129311936, 0.42654200325779335, 0.5000136129311936, 0.37882638122358603, 0.3519096206694122, 0.492000037550099, 0.35253004175305214, 0.492000037550099, 0.37216571933641673, 0.492000037550099, 0.492000037550099, 0.492000037550099, 0.492000037550099, 0.492000037550099, 0.492000037550099, 0.492000037550099], [0.5000136129311936, 0.5000136129311936, 0.41166792956556486, 0.5000136129311936, 0.492000037550099, 0.492000037550099, 0.492000037550099, 0.492000037550099, 0.492000037550099, 0.492000037550099, 0.492000037550099, 0.492000037550099, 0.492000037550099, 0.492000037550099, 0.492000037550099, 0.492000037550099], [0.5000136129311936, 0.5000136129311936, 0.5000136129311936, 0.5000136129311936, 0.5000136129311936, 0.492000037550099, 0.5000136129311936, 0.492000037550099, 0.492000037550099, 0.492000037550099, 0.492000037550099, 0.492000037550099, 0.492000037550099, 0.492000037550099, 0.40644209166068956, 0.35795494379261183], [0.3493813557062516, 0.5000136129311936, 0.5000136129311936, 0.5000136129311936, 0.5000136129311936, 0.5000136129311936, 0.5000136129311936, 0.5000136129311936, 0.5000136129311936, 0.5000136129311936, 0.5000136129311936, 0.5000136129311936, 0.492000037550099, 0.4135385098704788, 0.492000037550099, 0.3139421119418838], [0.5000136129311936, 0.5000136129311936, 0.5000136129311936, 0.5000136129311936, 0.5000136129311936, 0.5000136129311936, 0.5000136129311936, 0.5000136129311936, 0.5000136129311936, 0.5000136129311936, 0.5000136129311936, 0.5000136129311936, 0.5000136129311936, 0.5000136129311936, 0.5000136129311936, 0.5000136129311936], [0.2298934915814297, 0.5000136129311936, 0.5000136129311936, 0.5000136129311936, 0.5000136129311936, 0.5000136129311936, 0.5000136129311936, 0.5000136129311936, 0.5000136129311936, 0.5000136129311936, 0.5000136129311936, 0.5000136129311936, 0.5000136129311936, 0.5000136129311936, 0.5000136129311936, 0.38329796438753894], [0.3985593111213699, 0.5000136129311936, 0.5000136129311936, 0.5000136129311936, 0.5000136129311936, 0.5000136129311936, 0.3790442942744916, 0.5000136129311936, 0.5000136129311936, 0.5000136129311936, 0.5000136129311936, 0.5000136129311936, 0.5000136129311936, 0.5000136129311936, 0.5000136129311936, 0.5000136129311936]], "best_fitnesss": [0.510963081336356, 0.510963081336356, 0.5345091916243934, 0.4753682706896344, 0.510963081336356, 0.510963081336356, 0.510963081336356, 0.510963081336356, 0.510963081336356, 0.5000136129311936, 0.5000136129311936, 0.5000136129311936, 0.5000136129311936, 0.5000136129311936, 0.5000136129311936, 0.5000136129311936, 0.5000136129311936, 0.5000136129311936, 0.5000136129311936, 0.5000136129311936], "prob_mutate": 0.020833333333333332}