{"num_qubits": 4, "depth": 22, "num_circuit": 32, "num_generation": 10, "current_generation": 1, "fitnessss": [[0.8154937886915896, 0.7785811383540925, 0.7263466873006578, 0.8191616049765346, 0.7481496638197676, 0.7256141000005806, 0.7603471634295617, 0.8145985021443506, 0.6885051900772492, 0.7662312680608053, 0.8128707229590242, 0.8610045288282375, 0.8295622243854522, 0.8594097154450029, 0.8664775010742869, 0.8038633721762878, 0.7350555505642824, 0.8070345192731058, 0.8518845614531699, 0.8511562556800276, 0.8055040391927782, 0.8953180187979985, 0.7880151496417063, 0.8009842266459464, 0.6942605483055221, 0.7966138880359843, 0.8126358856804015, 0.8444091699154468, 0.8002786489246105, 0.8111379276528556, 0.8061099345073762, 0.7947055066331398]], "best_fitnesss": [0.8953180187979985], "prob_mutate": 0.004261363636363636}