{"num_qubits": 4, "depth": 5, "num_circuit": 8, "num_generation": 30, "current_generation": 10, "fitnessss": [[0.17420519533001774, 0.23757715632166584, 0.3340190889534517, 0.3033185232567173, 0.2846879623776163, 0.21693178623458248, 0.38637692002115465, 0.18064208722216596], [0.38637692002115465, 0.3340190889534517, 0.36018195278892123, 0.28226590556762365, 0.2965417644312998, 0.24872963495042422, 0.2221374552429849, 0.35984122885227365], [0.38637692002115465, 0.36018195278892123, 0.35529391594869797, 0.21103023623719497, 0.35984122885227365, 0.3340190889534517, 0.39169037218514563, 0.24992532813509252], [0.307354833103362, 0.4217813839875806, 0.30731000326299107, 0.35529391594869797, 0.36018195278892123, 0.35984122885227365, 0.21741233959467032, 0.39169037218514563], [0.4217813839875806, 0.3363415801967071, 0.34015067172538915, 0.35181035617157175, 0.36018195278892123, 0.35984122885227365, 0.2906941614797777, 0.39169037218514563], [0.4217813839875806, 0.39169037218514563, 0.35529391594869797, 0.26633458089706596, 0.36018195278892123, 0.3374333676159448, 0.21741233959467032, 0.31739075812943224], [0.3070487727790561, 0.39169037218514563, 0.35529391594869797, 0.35181035617157175, 0.36018195278892123, 0.35529391594869797, 0.23857697637278302, 0.35529391594869797], [0.39169037218514563, 0.36018195278892123, 0.39169037218514563, 0.36018195278892123, 0.35529391594869797, 0.3434586498992641, 0.35529391594869797, 0.35529391594869797], [0.39169037218514563, 0.3638546056418273, 0.39169037218514563, 0.29755614005236636, 0.36018195278892123, 0.36018195278892123, 0.36018195278892123, 0.36018195278892123], [0.37750441847864197, 0.37748586087779273, 0.38032644761625184, 0.39169037218514563, 0.3638546056418273, 0.36018195278892123, 0.3638546056418273, 0.36018195278892123]], "best_fitnesss": [0.38637692002115465, 0.38637692002115465, 0.39169037218514563, 0.4217813839875806, 0.4217813839875806, 0.4217813839875806, 0.39169037218514563, 0.39169037218514563, 0.39169037218514563, 0.39169037218514563], "prob_mutate": 0.075}