{"num_qubits": 6, "depth": 36, "num_circuit": 32, "num_generation": 20, "current_generation": 3, "fitnessss": [[0.6412613403180456, 0.6646702103156935, 0.707876681305722, 0.6302375520649327, 0.6319885661478479, 0.6940185575515045, 0.6044817912755146, 0.6541223856566389, 0.6740788907014764, 0.6932223395161449, 0.680023956171028, 0.6652683724676198, 0.7145507482642887, 0.5953537416447849, 0.6983745682938216, 0.6785820643403643, 0.6869382135116148, 0.7151313652083018, 0.6606079623590569, 0.6952828236150113, 0.599835544319369, 0.6933832957597845, 0.6986611538059779, 0.6483570965917613, 0.6418527827352933, 0.6264159557074996, 0.7346042819587308, 0.6693804344428999, 0.6418837425604595, 0.5697364908308323, 0.6153107689886009, 0.6842709388095574], [0.7346042819587308, 0.7151313652083018, 0.7022965220985548, 0.6838650350355928, 0.7145507482642887, 0.707876681305722, 0.7063294172896759, 0.7210566370343449, 0.6986611538059779, 0.6983745682938216, 0.6888788983036326, 0.67460378822137, 0.6952828236150113, 0.6940185575515045, 0.7338227078640538, 0.6820196038337307, 0.6933832957597845, 0.6932223395161449, 0.6430441239918412, 0.7014731426752558, 0.6869382135116148, 0.6842709388095574, 0.6975026267569403, 0.6973469739582897, 0.6679810636721039, 0.6785820643403643, 0.6590066614547672, 0.6970151732032992, 0.6740788907014764, 0.6693804344428999, 0.6930880594843674, 0.6464295128911617], [0.7346042819587308, 0.7338227078640538, 0.7309254960127249, 0.7034697460650889, 0.7210566370343449, 0.7151313652083018, 0.7002853147645923, 0.682345787597917, 0.7145507482642887, 0.7415961525288719, 0.7063294172896759, 0.7210566370343449, 0.7063294172896759, 0.7022965220985548, 0.6756511396601149, 0.7250827807548493, 0.7014731426752558, 0.6986611538059779, 0.6832255393845199, 0.7195780312086083, 0.6983745682938216, 0.6975026267569403, 0.6865454628311201, 0.6972436375714983, 0.6625583257519098, 0.6970151732032992, 0.6944639511593567, 0.6378589697688667, 0.6952828236150113, 0.6940185575515045, 0.7338227078640538, 0.6820196038337307]], "best_fitnesss": [0.7346042819587308, 0.7346042819587308, 0.7415961525288719], "prob_mutate": 0.0026041666666666665}