{"num_qubits": 4, "depth": 13, "num_circuit": 16, "num_generation": 40, "current_generation": 5, "fitnessss": [[0.5322150331069774, 0.5884508955042864, 0.5618973576003896, 0.5688675499629772, 0.5133714548234894, 0.5134105985557806, 0.6197924810818496, 0.5586234071631395, 0.46972754952555523, 0.5185620636284526, 0.6406189967221861, 0.6245043519799165, 0.6481504536190895, 0.5172428217347447, 0.6121082668643496, 0.6227755531953998], [0.5408984512006793, 0.6406189967221861, 0.61250462581635, 0.6102173913670607, 0.6245043519799165, 0.6409285606654184, 0.5803953919810605, 0.5468028681557566, 0.6197924810818496, 0.5811361085286091, 0.6009992342684493, 0.49880209748880394, 0.5884508955042864, 0.5688675499629772, 0.63772784039823, 0.5009589422101203], [0.6409285606654184, 0.6406189967221861, 0.5636551468241325, 0.5401355166376332, 0.63772784039823, 0.6245043519799165, 0.581723705921591, 0.645859583472603, 0.6197924810818496, 0.61250462581635, 0.5891268068033129, 0.551985583088576, 0.6102173913670607, 0.6009992342684493, 0.5892551309405422, 0.6139834271683908], [0.5825173783723347, 0.5985011460391692, 0.5314062732749496, 0.6192581635658843, 0.6406189967221861, 0.6058259235889498, 0.5580408631463081, 0.616178576133163, 0.6245043519799165, 0.6197924810818496, 0.5153286543145476, 0.48592112974646895, 0.6139834271683908, 0.61250462581635, 0.5829062949369985, 0.6481504536190895], [0.6481504536190895, 0.6406189967221861, 0.61250462581635, 0.6102173913670607, 0.6245043519799165, 0.6197924810818496, 0.6150990123624508, 0.6465903158091578, 0.6192581635658843, 0.616178576133163, 0.6857207488053071, 0.621103869965263, 0.6139834271683908, 0.638704644272001, 0.5829062949369985, 0.6346654788709523]], "best_fitnesss": [0.6481504536190895, 0.6409285606654184, 0.645859583472603, 0.6481504536190895, 0.6857207488053071], "prob_mutate": 0.014423076923076924}