{"num_qubits": 6, "depth": 29, "num_circuit": 16, "num_generation": 20, "current_generation": 1, "fitnessss": [[0.5788607397053707, 0.4797035867516185, 0.5844799643263195, 0.5254204492171082, 0.580628883651676, 0.5559328980282305, 0.581351897781026, 0.5380931914841639, 0.5305665077409156, 0.5477006285580405, 0.5643237868378806, 0.6235287056229912, 0.5695821813519018, 0.555389097157595, 0.5765299668365415, 0.5822918123527941]], "best_fitnesss": [0.6235287056229912], "prob_mutate": 0.00646551724137931}