{"num_qubits": 4, "depth": 22, "num_circuit": 4, "num_generation": 10, "current_generation": 3, "fitnessss": [[0.8364512868039633, 0.7937946588766931, 0.6517416507413645, 0.7603027748594435], [0.8345776982722277, 0.68672212187816, 0.8075298933048952, 0.7923194745793212], [0.8426132158540629, 0.8075298933048952, 0.7981829905512497, 0.8523726086792355]], "best_fitnesss": [0.8364512868039633, 0.8345776982722277, 0.8523726086792355], "prob_mutate": 0.03409090909090909}