{"num_qubits": 4, "depth": 2, "num_circuit": 32, "num_generation": 10, "current_generation": 2, "fitnessss": [[0.19133760720384108, 0.0992531639168066, 0.0898150669716942, 0.12390872506891745, 0.1317612145738148, 0.048332059293542375, 0.0782017671862277, 0.11297437077181356, 0.10163512553843987, 0.16071799593985156, 0.15710483211728699, 0.23949338991119956, 0.10663876810458217, 0.0782017671862277, 0.15330553271752426, 0.13172470734971717, 0.16016081009926308, 0.09052277083277767, 0.10916530327273999, 0.17980348961675846, 0.11253003719110348, 0.19174928155208426, 0.17667451903182285, 0.0971941612472071, 0.12799208999611916, 0.09112908806515548, 0.16572919040995987, 0.1517430753224347, 0.1702799157687524, 0.12799208999611916, 0.1830753605052903, 0.14428702024826648], [0.23949338991119956, 0.19174928155208426, 0.25634450240909845, 0.22229093428263674, 0.19133760720384108, 0.1830753605052903, 0.0782017671862277, 0.24589143162258206, 0.17980348961675846, 0.17667451903182285, 0.18304751810005293, 0.13385190730241608, 0.1702799157687524, 0.16572919040995987, 0.11986954941738084, 0.238820172192252, 0.16071799593985156, 0.16016081009926308, 0.22230006268805508, 0.15545383427858733, 0.15710483211728699, 0.15330553271752426, 0.10267003004972775, 0.11733231557219011, 0.1517430753224347, 0.14428702024826648, 0.1654258846968163, 0.11489632099727305, 0.1317612145738148, 0.13172470734971717, 0.1089548649787326, 0.19429844929470425]], "best_fitnesss": [0.23949338991119956, 0.25634450240909845], "prob_mutate": 0.046875}