{"num_qubits": 4, "depth": 29, "num_circuit": 32, "num_generation": 10, "current_generation": 1, "fitnessss": [[0.8817714870974955, 0.8733196342057766, 0.9307570712111397, 0.9434361057989367, 0.8753028911131562, 0.9256961891812404, 0.8905979516711833, 0.8798289502735714, 0.9211655028788925, 0.9138165639064992, 0.8356153164843028, 0.9320474441187969, 0.8912724565833475, 0.8761904846647429, 0.9487998240543156, 0.914197079209665, 0.8985052602830015, 0.8942458347647445, 0.8900504366611983, 0.8870239500971451, 0.912458338740804, 0.9153361014117392, 0.8247701698554701, 0.9310928371599173, 0.9024478765726421, 0.8840529621671467, 0.9073125519472585, 0.9367021048966218, 0.9294494531070541, 0.9098763611108378, 0.8971658098794361, 0.9038050027602031]], "best_fitnesss": [0.9487998240543156], "prob_mutate": 0.003232758620689655}