{"num_qubits": 4, "depth": 5, "num_circuit": 16, "num_generation": 50, "current_generation": 50, "fitnessss": [[0.35751510471969494, 0.29730771787931043, 0.32493477659533776, 0.3441326596869952, 0.3291680581237678, 0.23358150711637507, 0.2693326908281554, 0.3382873901635736, 0.3526906038551188, 0.2672866602571096, 0.22923840067202908, 0.3088793519730906, 0.2840387777604304, 0.2508727888643799, 0.18801972237066505, 0.2499830181744321], [0.358222526745816, 0.3526906038551188, 0.3260338993294699, 0.18034784653944938, 0.3441326596869952, 0.3382873901635736, 0.2958698966921954, 0.38291377665183524, 0.3291680581237678, 0.32493477659533776, 0.3947529595466829, 0.10204825949815358, 0.3088793519730906, 0.3220606263099417, 0.22773034870559172, 0.3444356227281762], [0.3947529595466829, 0.38291377665183524, 0.2654566961451078, 0.38412104721791407, 0.358222526745816, 0.3526906038551188, 0.3260338993294699, 0.22755039612510855, 0.35611294431582974, 0.3441326596869952, 0.2667393640615142, 0.30353010647554524, 0.3382873901635736, 0.21141008952597828, 0.37377225961893423, 0.40081444717383025], [0.3917820719777005, 0.3947529595466829, 0.3766708497335493, 0.36586505244249923, 0.38412104721791407, 0.38291377665183524, 0.3585394065926855, 0.38412104721791407, 0.37377225961893423, 0.2509460361087087, 0.37860177245585863, 0.3134618597363199, 0.35611294431582974, 0.21281874716397747, 0.3438544772057476, 0.251024815752054], [0.3947529595466829, 0.3917820719777005, 0.34338581139492663, 0.3729807983552263, 0.38412104721791407, 0.38412104721791407, 0.38412104721791407, 0.38412104721791407, 0.38291377665183524, 0.37860177245585863, 0.37860177245585863, 0.38291377665183524, 0.3766708497335493, 0.37377225961893423, 0.32409889737974096, 0.38412104721791407], [0.3947529595466829, 0.3917820719777005, 0.34338581139492663, 0.3729807983552263, 0.38412104721791407, 0.38412104721791407, 0.4463450820656206, 0.38412104721791407, 0.29383123586868454, 0.38412104721791407, 0.38412104721791407, 0.38412104721791407, 0.38412104721791407, 0.38291377665183524, 0.4185114472080923, 0.38412104721791407], [0.40459210714865623, 0.4185114472080923, 0.38291377665183524, 0.4676823664116904, 0.3947529595466829, 0.3917820719777005, 0.3217125751711837, 0.3729807983552263, 0.38412104721791407, 0.34676031627639425, 0.38412104721791407, 0.38412104721791407, 0.38412104721791407, 0.38412104721791407, 0.38412104721791407, 0.38412104721791407], [0.4676823664116904, 0.4185114472080923, 0.4185114472080923, 0.4613605120033479, 0.40459210714865623, 0.3947529595466829, 0.38412104721791407, 0.3943164696163271, 0.41296480415757325, 0.38412104721791407, 0.2860196422250898, 0.41460815149326374, 0.38412104721791407, 0.38412104721791407, 0.38412104721791407, 0.3824552014431901], [0.4676823664116904, 0.4613605120033479, 0.42982147355286626, 0.4676823664116904, 0.38231878058349655, 0.4185114472080923, 0.4185114472080923, 0.4185114472080923, 0.41460815149326374, 0.4513294394397781, 0.45893358421213204, 0.3917820719777005, 0.4657456623252324, 0.3947529595466829, 0.38412104721791407, 0.3943164696163271], [0.4676823664116904, 0.4676823664116904, 0.4676823664116904, 0.3437898494470952, 0.4657456623252324, 0.3769317253628875, 0.38017163556803774, 0.44830704358997925, 0.45893358421213204, 0.4513294394397781, 0.3438926727112996, 0.387368184182369, 0.4616368538478041, 0.4185114472080923, 0.4185114472080923, 0.3715993599650479], [0.4676823664116904, 0.38174741599032985, 0.4676823664116904, 0.4676823664116904, 0.4676823664116904, 0.4657456623252324, 0.46055246610223277, 0.4463450820656206, 0.4616368538478041, 0.45893358421213204, 0.34294172515349325, 0.4443352965109682, 0.4513294394397781, 0.44830704358997925, 0.29546600345690754, 0.3637439091232157], [0.34250127411285514, 0.45777765298374967, 0.4676823664116904, 0.4676823664116904, 0.4676823664116904, 0.4676823664116904, 0.4676823664116904, 0.4676823664116904, 0.4657456623252324, 0.4616368538478041, 0.4443352965109682, 0.44830704358997925, 0.46055246610223277, 0.45893358421213204, 0.4404517591706679, 0.388181312180203], [0.4676823664116904, 0.3835741485347165, 0.4676823664116904, 0.4676823664116904, 0.3613060531557294, 0.4676823664116904, 0.4676823664116904, 0.4676823664116904, 0.4676823664116904, 0.4676823664116904, 0.4006910343600767, 0.4676823664116904, 0.4657456623252324, 0.4616368538478041, 0.3883885743249461, 0.44830704358997925], [0.4676823664116904, 0.4230502751820355, 0.4676823664116904, 0.4676823664116904, 0.4676823664116904, 0.4676823664116904, 0.4676823664116904, 0.3415262680563308, 0.4676823664116904, 0.4676823664116904, 0.4676823664116904, 0.4676823664116904, 0.4676823664116904, 0.4676823664116904, 0.4676823664116904, 0.4676823664116904], [0.44891407051515386, 0.4676823664116904, 0.4676823664116904, 0.3416407952414264, 0.4676823664116904, 0.4676823664116904, 0.4676823664116904, 0.4676823664116904, 0.4676823664116904, 0.4676823664116904, 0.4676823664116904, 0.4676823664116904, 0.4249855874042706, 0.4676823664116904, 0.4627353157756544, 0.4676823664116904], [0.4676823664116904, 0.4676823664116904, 0.4676823664116904, 0.4676823664116904, 0.4676823664116904, 0.4676823664116904, 0.33569225548666265, 0.4676823664116904, 0.4676823664116904, 0.4676823664116904, 0.4676823664116904, 0.4676823664116904, 0.4676823664116904, 0.4676823664116904, 0.460761168806493, 0.4676823664116904], [0.4676823664116904, 0.4676823664116904, 0.4676823664116904, 0.4676823664116904, 0.4676823664116904, 0.4676823664116904, 0.4676823664116904, 0.4676823664116904, 0.3326671727343081, 0.4676823664116904, 0.4676823664116904, 0.4676823664116904, 0.48775866223562653, 0.4676823664116904, 0.4676823664116904, 0.4676823664116904], [0.44823728457450873, 0.4676823664116904, 0.48775866223562653, 0.4676823664116904, 0.4676823664116904, 0.4676823664116904, 0.4676823664116904, 0.46532170734572675, 0.4676823664116904, 0.4299571529722255, 0.3627352741147948, 0.4676823664116904, 0.4676823664116904, 0.4676823664116904, 0.4676823664116904, 0.4676823664116904], [0.48775866223562653, 0.4676823664116904, 0.48775866223562653, 0.4676823664116904, 0.4676823664116904, 0.3727224606007305, 0.4676823664116904, 0.4676823664116904, 0.4676823664116904, 0.44607664105734884, 0.4257583962641392, 0.4337469897426612, 0.4676823664116904, 0.4676823664116904, 0.43553584278217256, 0.4676823664116904], [0.3683052755517279, 0.48775866223562653, 0.48775866223562653, 0.48775866223562653, 0.4676823664116904, 0.4676823664116904, 0.4676823664116904, 0.4676823664116904, 0.4676823664116904, 0.4676823664116904, 0.4676823664116904, 0.4676823664116904, 0.4676823664116904, 0.4676823664116904, 0.3910521180147598, 0.4676823664116904], [0.48775866223562653, 0.48775866223562653, 0.48775866223562653, 0.48775866223562653, 0.48775866223562653, 0.4676823664116904, 0.48775866223562653, 0.4676823664116904, 0.4676823664116904, 0.4676823664116904, 0.4676823664116904, 0.4676823664116904, 0.4676823664116904, 0.4676823664116904, 0.4676823664116904, 0.3670412141592479], [0.48775866223562653, 0.48775866223562653, 0.48775866223562653, 0.3815172895194988, 0.48775866223562653, 0.48775866223562653, 0.48775866223562653, 0.4554899037516824, 0.48775866223562653, 0.3758415119760725, 0.48775866223562653, 0.48775866223562653, 0.3575253644099249, 0.4676823664116904, 0.30705165883210045, 0.4676823664116904], [0.48775866223562653, 0.48775866223562653, 0.48775866223562653, 0.48775866223562653, 0.48775866223562653, 0.48775866223562653, 0.48775866223562653, 0.41239582099577143, 0.48775866223562653, 0.48775866223562653, 0.3606357673823825, 0.48775866223562653, 0.48775866223562653, 0.48775866223562653, 0.48775866223562653, 0.48775866223562653], [0.48775866223562653, 0.42472556616832247, 0.48775866223562653, 0.48775866223562653, 0.48775866223562653, 0.48775866223562653, 0.48775866223562653, 0.48775866223562653, 0.4780104464603528, 0.48775866223562653, 0.48775866223562653, 0.48775866223562653, 0.48775866223562653, 0.48775866223562653, 0.48775866223562653, 0.48775866223562653], 