{"num_qubits": 4, "depth": 10, "num_circuit": 4, "num_generation": 10, "current_generation": 7, "fitnessss": [[0.42927923875039553, 0.4542578999986994, 0.5109799552937775, 0.5655200875740803], [0.5655200875740803, 0.5109799552937775, 0.47313247242365575, 0.4864936406501628], [0.4137424629103877, 0.5109799552937775, 0.47313247242365575, 0.4794354912102955], [0.5480039016839832, 0.4794354912102955, 0.4112925706214057, 0.5109799552937775], [0.5480039016839832, 0.5109799552937775, 0.40585894761399627, 0.5722670357277219], [0.5722670357277219, 0.532923433391121, 0.5047085253460326, 0.45171567627466863], [0.5722670357277219, 0.532923433391121, 0.583123603920387, 0.5209888333885921]], "best_fitnesss": [0.5655200875740803, 0.5655200875740803, 0.5109799552937775, 0.5480039016839832, 0.5722670357277219, 0.5722670357277219, 0.583123603920387], "prob_mutate": 0.075}