{"num_qubits": 5, "depth": 15, "num_circuit": 16, "num_generation": 40, "current_generation": 6, "fitnessss": [[0.44607181913707594, 0.44115694864257826, 0.43389641772673865, 0.5436887884666419, 0.48114639313834273, 0.3197289200088956, 0.37609570490293026, 0.4620553528869945, 0.49042064644861877, 0.5230123872335666, 0.4294543684992499, 0.38884853792581453, 0.42657925162439153, 0.47766919720911466, 0.44449893861401507, 0.4137246424068368], [0.44210480633079874, 0.514467241253606, 0.4895080306741188, 0.5335554081859134, 0.49042064644861877, 0.48114639313834273, 0.425545497613669, 0.5144103367729016, 0.45175334860366056, 0.4620553528869945, 0.4197297431203698, 0.4669609264553067, 0.44607181913707594, 0.44449893861401507, 0.4576341421759039, 0.45344443557956227], [0.5335554081859134, 0.514467241253606, 0.514467241253606, 0.5335554081859134, 0.47154721138797795, 0.49042064644861877, 0.5144103367729016, 0.47632001820492514, 0.39023782234430693, 0.48114639313834273, 0.45353729541270515, 0.5132000223414975, 0.4608825276003931, 0.4620553528869945, 0.5374792607182861, 0.4669609264553067], [0.5374792607182861, 0.5503290731880442, 0.5557745460684572, 0.5196366380440328, 0.5335554081859134, 0.514467241253606, 0.514467241253606, 0.5335554081859134, 0.514467241253606, 0.5144103367729016, 0.5208850332116215, 0.5019810514455278, 0.5132000223414975, 0.49042064644861877, 0.5144103367729016, 0.5016128627943436], [0.5557745460684572, 0.512158828346959, 0.5259300097900621, 0.5353114221843833, 0.5374792607182861, 0.5515206021584531, 0.5557745460684572, 0.5196366380440328, 0.5335554081859134, 0.5208850332116215, 0.5208850332116215, 0.5335554081859134, 0.5157048880625513, 0.514467241253606, 0.514467241253606, 0.5196366380440328], [0.5557745460684572, 0.5557745460684572, 0.5557745460684572, 0.5557745460684572, 0.5515206021584531, 0.5374792607182861, 0.5196366380440328, 0.5751465942247593, 0.5353114221843833, 0.514495346837785, 0.5353114221843833, 0.5335554081859134, 0.5335554081859134, 0.5259300097900621, 0.5365730183472328, 0.5557745460684572]], "best_fitnesss": [0.5436887884666419, 0.5335554081859134, 0.5374792607182861, 0.5557745460684572, 0.5557745460684572, 0.5751465942247593], "prob_mutate": 0.0125}