{"num_qubits": 5, "depth": 8, "num_circuit": 8, "num_generation": 50, "current_generation": 50, "fitnessss": [[0.29212880495945936, 0.2607648794074027, 0.20557689199328516, 0.17468237565707456, 0.247447435026143, 0.27453440703711063, 0.2451780935385312, 0.274430241959044], [0.29212880495945936, 0.27453440703711063, 0.2688947658127051, 0.28340479386820283, 0.23942891138639225, 0.2607648794074027, 0.27097007852117294, 0.28033889718276894], [0.29212880495945936, 0.28340479386820283, 0.29212880495945936, 0.28340479386820283, 0.28033889718276894, 0.27453440703711063, 0.20464658027482852, 0.24841431345690093], [0.29212880495945936, 0.29212880495945936, 0.29212880495945936, 0.33700900109452353, 0.28340479386820283, 0.28340479386820283, 0.28340479386820283, 0.28340479386820283], [0.27058788494530883, 0.29212880495945936, 0.2752768212813754, 0.33700900109452353, 0.28069159242101327, 0.23390509475606586, 0.29212880495945936, 0.29212880495945936], [0.2604657203150215, 0.29212880495945936, 0.24860445204148532, 0.33700900109452353, 0.29212880495945936, 0.25983409335965396, 0.29212880495945936, 0.29212880495945936], [0.33700900109452353, 0.29212880495945936, 0.33140670857359306, 0.33700900109452353, 0.29212880495945936, 0.29212880495945936, 0.29212880495945936, 0.2907457932286342], [0.31714778168955016, 0.33700900109452353, 0.33700900109452353, 0.33700900109452353, 0.28246958223264207, 0.27862085096343747, 0.33140670857359306, 0.29212880495945936], [0.3495526848305949, 0.302209640539932, 0.33700900109452353, 0.30986243091091786, 0.33700900109452353, 0.25921284167498426, 0.29212880495945936, 0.3047068488321677], [0.3495526848305949, 0.28399611752030846, 0.3495526848305949, 0.33700900109452353, 0.33700900109452353, 0.30986243091091786, 0.33700900109452353, 0.30986243091091786], [0.3495526848305949, 0.3495526848305949, 0.3495526848305949, 0.3495526848305949, 0.33700900109452353, 0.3010470031348846, 0.33700900109452353, 0.33700900109452353], [0.3495526848305949, 0.3495526848305949, 0.3495526848305949, 0.3495526848305949, 0.3495526848305949, 0.3495526848305949, 0.3495526848305949, 0.3250732143539202], [0.3495526848305949, 0.3495526848305949, 0.3495526848305949, 0.3495526848305949, 0.3495526848305949, 0.27009173191392466, 0.28899500820169555, 0.3495526848305949], [0.3495526848305949, 0.3495526848305949, 0.3495526848305949, 0.3495526848305949, 0.3495526848305949, 0.33167548294726995, 0.3495526848305949, 0.3495526848305949], [0.3495526848305949, 0.3270974155304337, 0.3495526848305949, 0.23917861529317888, 0.3495526848305949, 0.3008539321344658, 0.3495526848305949, 0.3495526848305949], [0.3495526848305949, 0.2992135481800398, 0.3579057541439813, 0.26730191871966935, 0.31040209734578483, 0.3495526848305949, 0.3495526848305949, 0.3495526848305949], [0.3579057541439813, 0.3495526848305949, 0.3495526848305949, 0.3579057541439813, 0.2914672190167901, 0.3178513791947898, 0.3495526848305949, 0.3495526848305949], [0.3579057541439813, 0.3579057541439813, 0.28613503687785, 0.3579057541439813, 0.3561053907372882, 0.3495526848305949, 0.27552123766950076, 0.3495526848305949], [0.3579057541439813, 0.3579057541439813, 0.3579057541439813, 0.3579057541439813, 0.3579057541439813, 0.32548911219552, 0.3495526848305949, 0.34654143479637955], [0.3091040016807708, 0.40850092409642585, 0.3579057541439813, 0.3579057541439813, 0.3579057541439813, 0.3579057541439813, 0.2750527455976183, 0.3579057541439813], [0.40850092409642585, 0.32987604708127094, 0.3579057541439813, 0.40850092409642585, 0.3579057541439813, 0.3579057541439813, 0.3579057541439813, 0.3579057541439813], [0.40850092409642585, 0.40850092409642585, 0.40850092409642585, 0.40850092409642585, 0.3579057541439813, 0.3579057541439813, 0.2805450298684747, 0.2562521873945133], [0.40850092409642585, 0.40850092409642585, 0.40850092409642585, 0.40850092409642585, 0.40850092409642585, 0.35671412688393656, 0.40850092409642585, 0.40850092409642585], [0.310698648135746, 0.40850092409642585, 0.40850092409642585, 0.40850092409642585, 0.40850092409642585, 0.40850092409642585, 0.40850092409642585, 0.40850092409642585], [0.40850092409642585, 0.40850092409642585, 0.40850092409642585, 0.40850092409642585, 0.2961653083227683, 0.40850092409642585, 0.40850092409642585, 0.40850092409642585], [0.40850092409642585, 0.293144960749623, 0.29910393834328347, 0.40850092409642585, 0.3704006073010074, 0.3192810986185103, 0.40850092409642585, 0.40850092409642585], [0.3000602801466961, 0.2759510292013102, 0.40850092409642585, 0.40850092409642585, 0.2847425074184216, 0.33097601339313687, 0.40850092409642585, 0.31253083470418824], [0.40850092409642585, 0.40850092409642585, 0.40850092409642585, 0.3227186679295569, 0.40850092409642585, 0.33097601339313687, 0.3061515290126721, 0.33097601339313687], [0.40850092409642585, 0.40850092409642585, 0.40850092409642585, 0.30692000346994297, 0.40850092409642585, 0.40850092409642585, 0.32692152181424533, 0.40850092409642585], [0.40850092409642585, 0.323082047553555, 0.40850092409642585, 0.40850092409642585, 0.40850092409642585, 0.40850092409642585, 0.26128624517735977, 0.29672114028813024], [0.40850092409642585, 0.40850092409642585, 0.40850092409642585, 0.3362666667624201, 0.40850092409642585, 0.40850092409642585, 0.40850092409642585, 0.3566246373325673], [0.40850092409642585, 0.29704505817481464, 0.40850092409642585, 0.40850092409642585, 0.40850092409642585, 0.40850092409642585, 0.40850092409642585, 0.33912242039993956], [0.3484882122668634, 0.3282771229143104, 0.3033846235933763, 0.40850092409642585, 0.37731731543093733, 0.40850092409642585, 0.40850092409642585, 0.40850092409642585], [0.40850092409642585, 0.3114270529170907, 0.40850092409642585, 0.40850092409642585, 0.40850092409642585, 0.40850092409642585, 0.40850092409642585, 0.40850092409642585], [0.40850092409642585, 0.40850092409642585, 0.29661074645790464, 0.40850092409642585, 0.40850092409642585, 0.3495007916859707, 0.40850092409642585, 0.40850092409642585], [0.40850092409642585, 0.26363165475981354, 0.28167401084922616, 0.40850092409642585, 0.40850092409642585, 0.40850092409642585, 0.40850092409642585, 0.40850092409642585], [0.40850092409642585, 0.2970099982705804, 0.40850092409642585, 0.40850092409642585, 0.40850092409642585, 0.40850092409642585, 0.3181647918832959, 0.2895694660518429], [0.40850092409642585, 0.40850092409642585, 0.40850092409642585, 0.3108191861359479, 0.2815023784179375, 0.40850092409642585, 0.3577436302863042, 0.40850092409642585], [0.40850092409642585, 0.40850092409642585, 0.40850092409642585, 0.40850092409642585, 0.34219175074138497, 0.40850092409642585, 0.40850092409642585, 0.40850092409642585], [0.30330004988049214, 0.40850092409642585, 0.30843824430168654, 0.40850092409642585, 0.40850092409642585, 0.40850092409642585, 0.40850092409642585, 0.40850092409642585], [0.33758839287588877, 0.40850092409642585, 0.40850092409642585, 0.40850092409642585, 0.3211914861590057, 0.40850092409642585, 0.40850092409642585, 0.40850092409642585], [0.40850092409642585, 0.40850092409642585, 0.40850092409642585, 0.40850092409642585, 0.40850092409642585, 0.2934159081570392, 0.40850092409642585, 0.40850092409642585], [0.40850092409642585, 0.40850092409642585, 0.3151855783156573, 0.40850092409642585, 0.330758360739304, 0.40850092409642585, 0.3054229596515026, 0.30839451825801445], [0.30629074473005624, 0.40850092409642585, 0.40850092409642585, 0.33756421954562327, 0.40850092409642585, 0.40850092409642585, 0.40850092409642585, 0.40850092409642585], [0.40850092409642585, 0.33170166905359233, 0.40850092409642585, 0.40850092409642585, 0.32877790446414845, 0.40850092409642585, 0.40850092409642585, 0.40850092409642585], [0.40850092409642585, 0.40850092409642585, 0.40850092409642585, 0.2869417710612513, 0.40850092409642585, 0.40850092409642585, 0.40850092409642585, 0.3090814618973675], [0.3189183798427232, 0.27674690066876634, 0.3442058356991427, 0.3277386835386606, 0.40850092409642585, 0.40850092409642585, 0.27788822544684494, 0.40850092409642585], [0.40850092409642585, 