{"num_qubits": 5, "depth": 8, "num_circuit": 4, "num_generation": 50, "current_generation": 31, "fitnessss": [[0.29255726327073256, 0.21146379547777147, 0.20251988013295072, 0.23924800787514186], [0.3266271698872461, 0.23924800787514186, 0.2657658834214861, 0.21035854354572722], [0.34999438033472136, 0.2657658834214861, 0.3270890117533113, 0.29255726327073256], [0.3146212489759705, 0.23330791489795927, 0.21094994230070938, 0.3151441639638014], [0.3165918150281422, 0.3146212489759705, 0.2990218876236681, 0.3219307351214977], [0.3036043155591702, 0.28953917813902785, 0.29653967055395847, 0.3151441639638014], [0.27359035124858877, 0.22425023251586854, 0.34704025741004296, 0.27558044209135196], [0.2884131501241872, 0.3008971525047815, 0.252262453634465, 0.33382283717151634], [0.33382283717151634, 0.3008971525047815, 0.3008971525047815, 0.33382283717151634], [0.333779091977526, 0.33382283717151634, 0.298174610181085, 0.33382283717151634], [0.33382283717151634, 0.29703574813267164, 0.33382283717151634, 0.28752574361214434], [0.30576834029311695, 0.33682927077765107, 0.2607931776353542, 0.33382283717151634], [0.31888393766928, 0.33382283717151634, 0.33382283717151634, 0.3042809129870395], [0.33382283717151634, 0.33382283717151634, 0.29727426197091156, 0.33382283717151634], [0.33382283717151634, 0.25735687509402644, 0.33382283717151634, 0.33382283717151634], [0.3148539352529617, 0.29349150364570403, 0.25746493031480044, 0.33382283717151634], [0.33382283717151634, 0.296454965158804, 0.2925532209335006, 0.3148539352529617], [0.2914833418624892, 0.3148539352529617, 0.33382283717151634, 0.30565653288740896], [0.33382283717151634, 0.29171870670261535, 0.2573568750940264, 0.3148539352529617], [0.31623129675169087, 0.3148539352529617, 0.2645733605986289, 0.27935331813687175], [0.31623129675169087, 0.31049587897490916, 0.30859974841743276, 0.3145959731494758], [0.31623129675169087, 0.2981675983804489, 0.3235886845920442, 0.2234860410490019], [0.32536169370216106, 0.3062555280417051, 0.3101871024161508, 0.3657535910092808], [0.21686900546216994, 0.31494607812181463, 0.24210970855788266, 0.3399752963628456], [0.305626395765894, 0.3191278697199301, 0.27448969706603366, 0.3322047665058053], [0.2962107446288248, 0.3191278697199301, 0.3375092011985549, 0.3064119239237558], [0.3375092011985549, 0.3183867875482632, 0.38468011206001973, 0.3191278697199301], [0.38468011206001973, 0.3375092011985549, 0.29259769863317014, 0.37594912786232004], [0.3883067407155328, 0.37594912786232004, 0.38468011206001973, 0.37594912786232004], [0.29726891948955136, 0.38468011206001973, 0.3047055791895648, 0.4062988795937918], [0.3328610911650579, 0.36093938508549667, 0.4062988795937918, 0.38468011206001973]], "best_fitnesss": [0.29255726327073256, 0.3266271698872461, 0.34999438033472136, 0.3151441639638014, 0.3219307351214977, 0.3151441639638014, 0.34704025741004296, 0.33382283717151634, 0.33382283717151634, 0.33382283717151634, 0.33382283717151634, 0.33682927077765107, 0.33382283717151634, 0.33382283717151634, 0.33382283717151634, 0.33382283717151634, 0.33382283717151634, 0.33382283717151634, 0.33382283717151634, 0.31623129675169087, 0.31623129675169087, 0.3235886845920442, 0.3657535910092808, 0.3399752963628456, 0.3322047665058053, 0.3375092011985549, 0.38468011206001973, 0.38468011206001973, 0.3883067407155328, 0.4062988795937918, 0.4062988795937918], "prob_mutate": 0.09375}