{"num_qubits": 4, "depth": 7, "num_circuit": 32, "num_generation": 10, "current_generation": 10, "fitnessss": [[0.41853789474373054, 0.40703203640283137, 0.2758805677073014, 0.23121834580568873, 0.2883293265532562, 0.25712619689655675, 0.41819829052323854, 0.37792166821676915, 0.3086069723798185, 0.3149228688502804, 0.39828548692220334, 0.2643094636277378, 0.2445536450806069, 0.24162441278955882, 0.32950861350590366, 0.4352908839501694, 0.3471193364366557, 0.34157191143185883, 0.2803070717503692, 0.37005484266803645, 0.37299559406058375, 0.3529965683597971, 0.25088569791665416, 0.35320454414121116, 0.24757209400947752, 0.4290747779440697, 0.3879224467151591, 0.2053396040199312, 0.29777419307148995, 0.21654097719980184, 0.29625443992189876, 0.46082765483791777], [0.46082765483791777, 0.4352908839501694, 0.38200709673075106, 0.2895621981004156, 0.4290747779440697, 0.41853789474373054, 0.41732398222682254, 0.39650571104896754, 0.41819829052323854, 0.40703203640283137, 0.27810405559503054, 0.36623955846552647, 0.39828548692220334, 0.3879224467151591, 0.3297116699337062, 0.37643147087030304, 0.37792166821676915, 0.37299559406058375, 0.43489278239005486, 0.407297328759172, 0.37005484266803645, 0.35320454414121116, 0.41469015712313323, 0.3408696740545157, 0.3529965683597971, 0.3471193364366557, 0.2507363336706049, 0.4444336631897727, 0.34157191143185883, 0.38778127838126897, 0.32410335327363804, 0.37668338179382876], [0.46082765483791777, 0.4444336631897727, 0.4425633550972581, 0.43443948781596164, 0.4352908839501694, 0.5015214691715542, 0.3671268590387905, 0.4343602256818557, 0.4290747779440697, 0.4113976007336794, 0.41732398222682254, 0.39650571104896754, 0.41819829052323854, 0.4740527191526372, 0.44285778853243646, 0.4246040060543219, 0.41469015712313323, 0.407297328759172, 0.41899755211240236, 0.37400148749273837, 0.40703203640283137, 0.39828548692220334, 0.48015317155898296, 0.29280889018946044, 0.39650571104896754, 0.3879224467151591, 0.31857404186511895, 0.361261283443365, 0.38778127838126897, 0.38200709673075106, 0.5194884200739625, 0.4158394087270339], [0.42645223046064834, 0.5015214691715542, 0.4427372525534935, 0.41547488328101834, 0.4172972180536826, 0.4740527191526372, 0.419520813048673, 0.4627860888376613, 0.46082765483791777, 0.4180014138055155, 0.4425633550972581, 0.43443948781596164, 0.44285778853243646, 0.4425633550972581, 0.4598475069415697, 0.4031078544078122, 0.4352908839501694, 0.43443948781596164, 0.2895621981004156, 0.44676494655923643, 0.4343602256818557, 0.4290747779440697, 0.3818279414644453, 0.41371238977073627, 0.4246040060543219, 0.4023867386937612, 0.3963090750919137, 0.33821500880791316, 0.41819829052323854, 0.41732398222682254, 0.44285778853243646, 0.4246040060543219], [0.44653864176569924, 0.3913840764769056, 0.47685466160128237, 0.3854413029819585, 0.3866034662647957, 0.46082765483791777, 0.39194119788015447, 0.5000864802503463, 0.4598475069415697, 0.44676494655923643, 0.49519485149722653, 0.4444336631897727, 0.44285778853243646, 0.44285778853243646, 0.44285778853243646, 0.44285778853243646, 0.4427372525534935, 0.4425633550972581, 0.4003581150033641, 0.3208417267826581, 0.4425633550972581, 0.4352908839501694, 0.38200709673075106, 0.3611697488825236, 0.43443948781596164, 0.43443948781596164, 0.43443948781596164, 0.43443948781596164, 0.4343602256818557, 0.4290747779440697, 0.3818279414644453, 0.41371238977073627], [0.5000864802503463, 0.49519485149722653, 0.38200709673075106, 0.3982036589711974, 0.47685466160128237, 0.46082765483791777, 0.45369888364506306, 0.4031078544078122, 0.4598475069415697, 0.44676494655923643, 0.3991799168859732, 0.4444336631897727, 0.44653864176569924, 0.4460257034868838, 0.43207136910771143, 0.35515812828708965, 0.44285778853243646, 0.44285778853243646, 0.44285778853243646, 0.44285778853243646, 0.44285778853243646, 0.44285778853243646, 0.44285778853243646, 0.44285778853243646, 0.4427372525534935, 0.4425633550972581, 0.4003581150033641, 0.3208417267826581, 0.34931057593545634, 0.4352908839501694, 0.38200709673075106, 0.3611697488825236], [0.5000864802503463, 0.49519485149722653, 0.38200709673075106, 0.3982036589711974, 0.47685466160128237, 0.46082765483791777, 0.45369888364506306, 0.4031078544078122, 0.4598475069415697, 0.45369888364506306, 0.4530976752333501, 0.34957454618863004, 0.44676494655923643, 0.44653864176569924, 0.35515812828708965, 0.42726875385650576, 0.4460257034868838, 0.4444336631897727, 0.4460257034868838, 0.4444336631897727, 0.44285778853243646, 0.44285778853243646, 0.44285778853243646, 0.44285778853243646, 0.44285778853243646, 0.44285778853243646, 0.44285778853243646, 0.44285778853243646, 0.44285778853243646, 0.44285778853243646, 0.44285778853243646, 0.44285778853243646], [0.5000864802503463, 0.49519485149722653, 0.38200709673075106, 0.3982036589711974, 0.47685466160128237, 0.46082765483791777, 0.45369888364506306, 0.4031078544078122, 0.4598475069415697, 0.45369888364506306, 0.4530976752333501, 0.3881879386244789, 0.45369888364506306, 0.4530976752333501, 0.45369888364506306, 0.4530976752333501, 0.44676494655923643, 0.44653864176569924, 0.35515812828708965, 0.42726875385650576, 0.4460257034868838, 0.4460257034868838, 0.4460257034868838, 0.4460257034868838, 0.4444336631897727, 0.4444336631897727, 0.4444336631897727, 0.4444336631897727, 0.44285778853243646, 0.44285778853243646, 0.44285778853243646, 0.44285778853243646], [0.5000864802503463, 0.49519485149722653, 0.40410267105847064, 0.3982036589711974, 0.47685466160128237, 0.46082765483791777, 0.45369888364506306, 0.4031078544078122, 0.4598475069415697, 0.45369888364506306, 0.4530976752333501, 0.34957454618863004, 0.45369888364506306, 0.45369888364506306, 0.45369888364506306, 0.45369888364506306, 0.45369888364506306, 0.4530976752333501, 0.45369888364506306, 0.4530976752333501, 0.4530976752333501, 0.4530976752333501, 0.4530976752333501, 0.4530976752333501, 0.44676494655923643, 0.44653864176569924, 0.35515812828708965, 0.42726875385650576, 0.41068318472059423, 0.4460257034868838, 0.4460257034868838, 0.4460257034868838], [0.5000864802503463, 0.49519485149722653, 0.38200709673075106, 0.3982036589711974, 0.47685466160128237, 0.46082765483791777, 0.4513147448805649, 0.4031078544078122, 0.4598475069415697, 0.45369888364506306, 0.4530976752333501, 0.34957454618863004, 0.45369888364506306, 0.45369888364506306, 0.45369888364506306, 0.45369888364506306, 0.45369888364506306, 0.45369888364506306, 0.45369888364506306, 0.45369888364506306, 0.45369888364506306, 0.45369888364506306, 0.45369888364506306, 0.45369888364506306, 0.45369888364506306, 0.4530976752333501, 0.45369888364506306, 0.4530976752333501, 0.4530976752333501, 0.4530976752333501, 0.4530976752333501, 0.4530976752333501]], "best_fitnesss": [0.46082765483791777, 0.46082765483791777, 0.5194884200739625, 0.5015214691715542, 0.5000864802503463, 0.5000864802503463, 0.5000864802503463, 0.5000864802503463, 0.5000864802503463, 0.5000864802503463], "prob_mutate": 0.013392857142857142}