{"num_qubits": 4, "depth": 7, "num_circuit": 32, "num_generation": 10, "current_generation": 8, "fitnessss": [[0.363438774312613, 0.21805603188412204, 0.4041740922053478, 0.3515640521742102, 0.41593532804054967, 0.35120190839747734, 0.3634759687426141, 0.36777899414167037, 0.37125870269252, 0.39740710828358916, 0.38532559379217, 0.34196998578917376, 0.28567813386115926, 0.32171585984218304, 0.3099712931961264, 0.41230085003068656, 0.3328031098354161, 0.45832090433514605, 0.3863936724230418, 0.37739131430392875, 0.29984375536766106, 0.3697325256156184, 0.36553860379436054, 0.44884788737887965, 0.4274438564277701, 0.45681553622947596, 0.3897758370628683, 0.4367840901972741, 0.5164699580076694, 0.2778520315215185, 0.37863043115278333, 0.27603131348111587], [0.5164699580076694, 0.45832090433514605, 0.45437385051527424, 0.42009995120901794, 0.45681553622947596, 0.44884788737887965, 0.4055673692952214, 0.41720515012040477, 0.4367840901972741, 0.4274438564277701, 0.38737868951734367, 0.3554547439427302, 0.41593532804054967, 0.41230085003068656, 0.34659517012338525, 0.4355973266712061, 0.4497654165300067, 0.39740710828358916, 0.22284291291178765, 0.4643626038476797, 0.3897758370628683, 0.3863936724230418, 0.39902997759124637, 0.4684854932122017, 0.38532559379217, 0.37863043115278333, 0.3695098497448819, 0.546911395054822, 0.37739131430392875, 0.37125870269252, 0.38308116663298764, 0.3673123805933257], [0.546911395054822, 0.5164699580076694, 0.40572610408931753, 0.4570422019204027, 0.4684854932122017, 0.4643626038476797, 0.40464584889759186, 0.472520761130089, 0.45832090433514605, 0.45681553622947596, 0.47707650219705655, 0.43531689526838024, 0.45437385051527424, 0.32865722978365264, 0.37175256957628977, 0.29848474986876417, 0.44884788737887965, 0.4367840901972741, 0.3221686959198755, 0.43681496564170014, 0.4355973266712061, 0.4274438564277701, 0.38801541177092547, 0.4795084922148433, 0.42009995120901794, 0.41720515012040477, 0.47707650219705655, 0.4198897677265105, 0.3608262806636324, 0.41230085003068656, 0.34659517012338525, 0.4355973266712061], [0.546911395054822, 0.5164699580076694, 0.3914493307043402, 0.4570422019204027, 0.45430476289886845, 0.47707650219705655, 0.4262517922167993, 0.3912321309899137, 0.47707650219705655, 0.472520761130089, 0.4548700438018948, 0.4063401839410668, 0.4684854932122017, 0.4643626038476797, 0.40464584889759186, 0.472520761130089, 0.45832090433514605, 0.44765051034886333, 0.45348379718897486, 0.45437385051527424, 0.45681553622947596, 0.45437385051527424, 0.43531689526838024, 0.4534654034951314, 0.44884788737887965, 0.43681496564170014, 0.44884788737887965, 0.43681496564170014, 0.42268545171514704, 0.4355973266712061, 0.507223526055516, 0.3310338974057781], [0.546911395054822, 0.5164699580076694, 0.40572610408931753, 0.4570422019204027, 0.507223526055516, 0.47707650219705655, 0.4201011442654763, 0.3912321309899137, 0.47707650219705655, 0.472520761130089, 0.4548700438018948, 0.3663038704484653, 0.4903538796373092, 0.4684854932122017, 0.37705025975030126, 0.4684854932122017, 0.4643626038476797, 0.45832090433514605, 0.47940928605515654, 0.5381090563914128, 0.4570422019204027, 0.45681553622947596, 0.4534654034951314, 0.41264308287459117, 0.4548700438018948, 0.45437385051527424, 0.45832090433514605, 0.41793945315535164, 0.45437385051527424, 0.45430476289886845, 0.48947424134352147, 0.4263345220153507], [0.546911395054822, 0.5381090563914128, 0.453208039305901, 0.45348379718897486, 0.5164699580076694, 0.46471137910090354, 0.4579689691103825, 0.40740643688866224, 0.4903538796373092, 0.48947424134352147, 0.409160515781626, 0.4142431578726663, 0.47940928605515654, 0.47707650219705655, 0.4063401839410668, 0.45832090433514605, 0.47707650219705655, 0.472520761130089, 0.4548700438018948, 0.4063401839410668, 0.4684854932122017, 0.4684854932122017, 0.4684854932122017, 0.4684854932122017, 0.4643626038476797, 0.45832090433514605, 0.47940928605515654, 0.5381090563914128, 0.45832090433514605, 0.4570422019204027, 0.45348379718897486, 0.45437385051527424], [0.546911395054822, 0.5381090563914128, 0.453208039305901, 0.45348379718897486, 0.5381090563914128, 0.5164699580076694, 0.42009995120901794, 0.45763327848988383, 0.4903538796373092, 0.48947424134352147, 0.409160515781626, 0.3960612035764795, 0.47940928605515654, 0.47940928605515654, 0.47940928605515654, 0.47940928605515654, 0.47707650219705655, 0.47707650219705655, 0.47707650219705655, 0.47707650219705655, 0.472520761130089, 0.4684854932122017, 0.472520761130089, 0.4684854932122017, 0.4684854932122017, 0.4684854932122017, 0.4684854932122017, 0.4684854932122017, 0.4684854932122017, 0.46471137910090354, 0.3956392801917085, 0.41615325572243644], [0.546911395054822, 0.5381090563914128, 0.453208039305901, 0.45348379718897486, 0.5381090563914128, 0.5164699580076694, 0.42009995120901794, 0.45763327848988383, 0.4903538796373092, 0.48947424134352147, 0.409160515781626, 0.4142431578726663, 0.47940928605515654, 0.47940928605515654, 0.47940928605515654, 0.47940928605515654, 0.47940928605515654, 0.47940928605515654, 0.47940928605515654, 0.47940928605515654, 0.47707650219705655, 0.4242424941546563, 0.47707650219705655, 0.46219663868668126, 0.47707650219705655, 0.47707650219705655, 0.47707650219705655, 0.47707650219705655, 0.472520761130089, 0.472520761130089, 0.472520761130089, 0.404739469782249]], "best_fitnesss": [0.5164699580076694, 0.546911395054822, 0.546911395054822, 0.546911395054822, 0.546911395054822, 0.546911395054822, 0.546911395054822, 0.546911395054822], "prob_mutate": 0.013392857142857142}