{"num_qubits": 5, "depth": 14, "num_circuit": 4, "num_generation": 30, "current_generation": 30, "fitnessss": [[0.4160638408354499, 0.3178227362563196, 0.3909611894794053, 0.46373197457397825], [0.46373197457397825, 0.4029747021788001, 0.46444764389147897, 0.3575753044706977], [0.5030210078766808, 0.46373197457397825, 0.4427461506995062, 0.48955919337094667], [0.4106953169029393, 0.5017864348603408, 0.4065663757741517, 0.4641086456718206], [0.48434243476820615, 0.4641086456718206, 0.4641086456718206, 0.5017864348603408], [0.5017864348603408, 0.48465656454095296, 0.5017864348603408, 0.48434243476820615], [0.5017864348603408, 0.5194553464712243, 0.5017864348603408, 0.4718993162676243], [0.44981571265334636, 0.5017864348603408, 0.5050329845822192, 0.48044983933419944], [0.46027633824641195, 0.4401237189659688, 0.5194553464712243, 0.4880601637554281], [0.48754339048509576, 0.4880601637554281, 0.5336647183914094, 0.435804513170366], [0.5429825572226845, 0.4302036041012972, 0.5336647183914094, 0.4880601637554281], [0.5269887627673254, 0.5336647183914094, 0.5616291229216801, 0.490189945357109], [0.5058903644694833, 0.5336647183914094, 0.518277754859207, 0.5243260931243116], [0.5308410569387766, 0.4838583424075262, 0.4517895700513043, 0.5681053464484083], [0.4859211241117444, 0.5308410569387766, 0.4758267605843064, 0.5207519288944369], [0.5280322828206291, 0.5028956099538241, 0.5207519288944369, 0.4687375661040976], [0.4542285653063772, 0.5330868176598277, 0.5046119805778307, 0.4921179144698355], [0.5265117246728994, 0.4242766380189768, 0.4546156543929654, 0.5184287799363321], [0.4560955308629554, 0.46718182692309257, 0.5088090647107962, 0.5218032720815271], [0.49587417893160096, 0.5088090647107962, 0.5184287799363321, 0.47405633766877664], [0.5184287799363321, 0.5088090647107962, 0.5184287799363321, 0.5162154752663949], [0.5042684500764334, 0.510849255655027, 0.5184287799363321, 0.5217272552958805], [0.5320773047244718, 0.5184287799363321, 0.5217272552958805, 0.5184287799363321], [0.5320773047244718, 0.5217272552958805, 0.5320773047244718, 0.5525099255539083], [0.5525099255539083, 0.47755099602253726, 0.5525099255539083, 0.5320773047244718], [0.5525099255539083, 0.5525099255539083, 0.48321779859963937, 0.5525099255539083], [0.4975246865617359, 0.5052561628013665, 0.4800742598272989, 0.4858165413021883], [0.5052561628013665, 0.44347467485660524, 0.4975246865617359, 0.5052561628013665], [0.5052561628013665, 0.4653897865013274, 0.47861294500141305, 0.4406366573475767], [0.5052561628013665, 0.47861294500141305, 0.45156430542037534, 0.45751709545153885]], "best_fitnesss": [0.46373197457397825, 0.46444764389147897, 0.5030210078766808, 0.5017864348603408, 0.5017864348603408, 0.5017864348603408, 0.5194553464712243, 0.5050329845822192, 0.5194553464712243, 0.5336647183914094, 0.5429825572226845, 0.5616291229216801, 0.5336647183914094, 0.5681053464484083, 0.5308410569387766, 0.5280322828206291, 0.5330868176598277, 0.5265117246728994, 0.5218032720815271, 0.5184287799363321, 0.5184287799363321, 0.5217272552958805, 0.5320773047244718, 0.5525099255539083, 0.5525099255539083, 0.5525099255539083, 0.5052561628013665, 0.5052561628013665, 0.5052561628013665, 0.5052561628013665], "prob_mutate": 0.05357142857142857}