{"num_qubits": 4, "depth": 19, "num_circuit": 32, "num_generation": 50, "current_generation": 7, "fitnessss": [[0.793106394631746, 0.8462785023105661, 0.7156500186478719, 0.7613312421599852, 0.7416644219407575, 0.7728294086862385, 0.8649401851447793, 0.7644877276851538, 0.7304455635131449, 0.817160326497589, 0.7288831000885116, 0.7289172796831099, 0.7664267340330966, 0.7258678061974143, 0.7600394850976019, 0.749858335188727, 0.8298225425383677, 0.753339150287584, 0.7210066445987131, 0.8702365611815412, 0.6767524813469243, 0.6317241882429474, 0.6901935681572956, 0.6807141180448815, 0.5884950329889319, 0.6865299563766668, 0.7756311071460569, 0.7143110823205662, 0.7299671106359747, 0.8009806435124709, 0.678365452341845, 0.7268491008863729], [0.8702365611815412, 0.8649401851447793, 0.8433287177103533, 0.7353111196037986, 0.8462785023105661, 0.8298225425383677, 0.7766456669168071, 0.8482726183699857, 0.817160326497589, 0.8009806435124709, 0.8037982976168401, 0.7515429311238303, 0.793106394631746, 0.7218669542630444, 0.6740798815104488, 0.788904364807832, 0.7906232994047732, 0.7664267340330966, 0.7864168287234852, 0.7490576760050456, 0.7684551311417082, 0.7613312421599852, 0.750868340073852, 0.7567925413303478, 0.7600394850976019, 0.753339150287584, 0.80884805881135, 0.7293046133297139, 0.749858335188727, 0.7416644219407575, 0.6946503668783774, 0.7797447493311818], [0.8702365611815412, 0.8649401851447793, 0.8433287177103533, 0.8281603073536099, 0.8482726183699857, 0.8462785023105661, 0.8482726183699857, 0.8462785023105661, 0.8433287177103533, 0.8298225425383677, 0.7876499286906389, 0.8165027939994529, 0.817160326497589, 0.7445812927509748, 0.7289396828280553, 0.8275293683126517, 0.8037982976168401, 0.8009806435124709, 0.8037982976168401, 0.8009806435124709, 0.793106394631746, 0.7906232994047732, 0.6216744513590245, 0.7505010398197293, 0.788904364807832, 0.7864168287234852, 0.753611497565364, 0.8007893903884552, 0.7797447493311818, 0.7766456669168071, 0.7434469205129994, 0.8107059035039198], [0.8702365611815412, 0.8587178452259809, 0.8433287177103533, 0.8281603073536099, 0.8482726183699857, 0.8482726183699857, 0.8482726183699857, 0.8482726183699857, 0.8462785023105661, 0.8462785023105661, 0.8462785023105661, 0.7641520135620344, 0.8433287177103533, 0.8433287177103533, 0.8433287177103533, 0.8433287177103533, 0.8298225425383677, 0.8281603073536099, 0.8311376278058639, 0.8598563473708005, 0.8275293683126517, 0.817160326497589, 0.8275293683126517, 0.817160326497589, 0.8165027939994529, 0.8107059035039198, 0.8021377976131898, 0.8270670079000058, 0.8037982976168401, 0.8037982976168401, 0.8037982976168401, 0.8037982976168401], [0.8702365611815412, 0.8289807234952511, 0.7876499286906389, 0.8281603073536099, 0.8587178452259809, 0.8482726183699857, 0.8592047555264456, 0.8186800869014365, 0.8482726183699857, 0.8482726183699857, 0.8482726183699857, 0.8482726183699857, 0.8482726183699857, 0.8462785023105661, 0.8482726183699857, 0.8462785023105661, 0.8251520775358665, 0.8462785023105661, 0.8468156856404441, 0.8462785023105661, 0.8399937368927024, 0.8433287177103533, 0.8419929894064611, 0.8433287177103533, 0.8433287177103533, 0.8433287177103533, 0.8433287177103533, 0.8433287177103533, 0.8344199478440728, 0.8311376278058639, 0.8702365611815412, 0.8186800869014365], [0.8702365611815412, 0.8250391759566842, 0.8702365611815412, 0.8702365611815412, 0.8592047555264456, 0.8587178452259809, 0.8587178452259809, 0.7800757869489219, 0.8482726183699857, 0.8482726183699857, 0.8482726183699857, 0.8482726183699857, 0.8482726183699857, 0.8482726183699857, 0.8482726183699857, 0.8482726183699857, 0.8482726183699857, 0.8482726183699857, 0.8482726183699857, 0.8482726183699857, 0.8482726183699857, 0.8468156856404441, 0.8482726183699857, 0.8468156856404441, 0.8462785023105661, 0.8462785023105661, 0.8462785023105661, 0.8462785023105661, 0.8462785023105661, 0.8462785023105661, 0.8462785023105661, 0.8462785023105661], [0.8368730200570562, 0.8702365611815412, 0.8702365611815412, 0.8702365611815412, 0.8702365611815412, 0.8592047555264456, 0.8472131214997644, 0.8066876451999997, 0.8587178452259809, 0.8587178452259809, 0.8587178452259809, 0.8587178452259809, 0.8482726183699857, 0.8482726183699857, 0.8482726183699857, 0.8482726183699857, 0.8482726183699857, 0.8482726183699857, 0.8482726183699857, 0.8482726183699857, 0.8025620237948127, 0.8482726183699857, 0.8482726183699857, 0.8482726183699857, 0.8482726183699857, 0.8482726183699857, 0.8482726183699857, 0.8482726183699857, 0.8482726183699857, 0.8482726183699857, 0.8482726183699857, 0.8051996119217886]], "best_fitnesss": [0.8702365611815412, 0.8702365611815412, 0.8702365611815412, 0.8702365611815412, 0.8702365611815412, 0.8702365611815412, 0.8702365611815412], "prob_mutate": 0.004934210526315789}