{"num_qubits": 5, "depth": 11, "num_circuit": 32, "num_generation": 30, "current_generation": 1, "fitnessss": [[0.3834241656628199, 0.38273226791337756, 0.27845582906942157, 0.2445292214768447, 0.27155448592891446, 0.24367922182779705, 0.3504630904267475, 0.3241751014852675, 0.32448115471428435, 0.35042770525159495, 0.389805169779611, 0.3931192408613904, 0.3279025540995087, 0.4399335958601099, 0.3130924271534652, 0.30721946777336867, 0.3155498481976463, 0.2872249501349355, 0.3741032636684949, 0.26732334874845554, 0.23623387084401343, 0.3549754381048994, 0.405716324156972, 0.31718396440736374, 0.3403020504601732, 0.4542559632695723, 0.3441516784332527, 0.251913939772649, 0.30971319155707083, 0.36290277650187164, 0.3492627213205989, 0.355079576498958]], "best_fitnesss": [0.4542559632695723], "prob_mutate": 0.008522727272727272}