{"num_qubits": 5, "depth": 11, "num_circuit": 32, "num_generation": 30, "current_generation": 20, "fitnessss": [[0.3834241656628199, 0.38273226791337756, 0.27845582906942157, 0.2445292214768447, 0.27155448592891446, 0.24367922182779705, 0.3504630904267475, 0.3241751014852675, 0.32448115471428435, 0.35042770525159495, 0.389805169779611, 0.3931192408613904, 0.3279025540995087, 0.4399335958601099, 0.3130924271534652, 0.30721946777336867, 0.3155498481976463, 0.2872249501349355, 0.3741032636684949, 0.26732334874845554, 0.23623387084401343, 0.3549754381048994, 0.405716324156972, 0.31718396440736374, 0.3403020504601732, 0.4542559632695723, 0.3441516784332527, 0.251913939772649, 0.30971319155707083, 0.36290277650187164, 0.3492627213205989, 0.355079576498958], [0.4542559632695723, 0.4399335958601099, 0.4444615056527324, 0.41550705464808946, 0.405716324156972, 0.3931192408613904, 0.3559633606824722, 0.38247309327575907, 0.389805169779611, 0.3834241656628199, 0.3691464549050112, 0.3720869120292917, 0.38273226791337756, 0.3741032636684949, 0.3962647761111004, 0.3670398397783685, 0.36290277650187164, 0.355079576498958, 0.40762174748391855, 0.2692442184009075, 0.3549754381048994, 0.4057060663949142, 0.3859378871655667, 0.31853296229277706, 0.35042770525159495, 0.3492627213205989, 0.33301135246175106, 0.3424048810704484, 0.3441516784332527, 0.3403020504601732, 0.32295060623601146, 0.35387315642615114], [0.4542559632695723, 0.4444615056527324, 0.4444615056527324, 0.4542559632695723, 0.4399335958601099, 0.41550705464808946, 0.41550705464808946, 0.4399335958601099, 0.40762174748391855, 0.3623445300572513, 0.41442352472453303, 0.40201197281033885, 0.4057060663949142, 0.3962647761111004, 0.4049701872168307, 0.44095355880286247, 0.35819890774792207, 0.389805169779611, 0.4339394227909536, 0.5107143051232379, 0.3859378871655667, 0.3834241656628199, 0.2701900295103169, 0.3858736203186973, 0.38273226791337756, 0.38247309327575907, 0.3579567986024973, 0.37492713945334705, 0.3741032636684949, 0.3720869120292917, 0.3430508930940762, 0.38056180179177446], [0.5107143051232379, 0.4542559632695723, 0.29222610335490995, 0.4262516846704575, 0.4542559632695723, 0.4444615056527324, 0.4444615056527324, 0.4542559632695723, 0.4444615056527324, 0.44095355880286247, 0.4471508645677128, 0.3879043241969188, 0.4399335958601099, 0.4399335958601099, 0.4399335958601099, 0.4399335958601099, 0.4339394227909536, 0.41550705464808946, 0.4229147520407214, 0.3618184748474488, 0.4144436254284608, 0.41442352472453303, 0.39060386844972245, 0.44639697632177855, 0.40762174748391855, 0.41151454801081516, 0.43237603316942624, 0.3810323623369613, 0.34489896583694424, 0.40201197281033885, 0.3810323623369613, 0.41942475478097735], [0.5142560261841298, 0.4542559632695723, 0.41428724016356755, 0.4262516846704575, 0.4542559632695723, 0.4542559632695723, 0.4542559632695723, 0.4542559632695723, 0.4471508645677128, 0.44639697632177855, 0.4542559632695723, 0.4644194771694508, 0.4444615056527324, 0.4444615056527324, 0.4444615056527324, 0.4444615056527324, 0.4444615056527324, 0.44095355880286247, 0.4471508645677128, 0.3879043241969188, 0.4399335958601099, 0.4399335958601099, 0.4399335958601099, 0.4399335958601099, 0.4399335958601099, 0.4399335958601099, 0.4399335958601099, 0.4399335958601099, 0.4339394227909536, 0.43237603316942624, 0.4466966610881141, 0.39421282336140273], [0.4326197251609954, 0.4644194771694508, 0.41410396713630676, 0.4164035454051328, 0.4542559632695723, 0.4542559632695723, 0.4542559632695723, 0.4542559632695723, 0.4542559632695723, 0.330166188062991, 0.3614983639450857, 0.4542559632695723, 0.4542559632695723, 0.41595883028721314, 0.4542559632695723, 0.4542559632695723, 0.4471508645677128, 0.43718794401239436, 0.4485047717085552, 0.4471508645677128, 0.4466966610881141, 0.44639697632177855, 0.4229147520407214, 0.3956138718303621, 0.4444615056527324, 0.4444615056527324, 0.4444615056527324, 0.4444615056527324, 0.4444615056527324, 0.4444615056527324, 0.4346523493140938, 0.4444615056527324], [0.4644194771694508, 0.4542559632695723, 0.44639697632177855, 0.4471508645677128, 0.4542559632695723, 0.4542559632695723, 0.4542559632695723, 0.4542559632695723, 0.4542559632695723, 0.4542559632695723, 0.4542559632695723, 0.4542559632695723, 0.4542559632695723, 0.4542559632695723, 0.4542559632695723, 0.4542559632695723, 0.4542559632695723, 0.4542559632695723, 0.4542559632695723, 0.4073462334856538, 0.4485047717085552, 0.4471508645677128, 0.4471508645677128, 0.4485047717085552, 0.42043320792158995, 0.4466966610881141, 0.4135035099776047, 0.506146694577503, 0.44639697632177855, 0.4444615056527324, 0.37335760853224903, 0.4542559632695723], [0.506146694577503, 0.4644194771694508, 0.506146694577503, 0.4644194771694508, 0.4542559632695723, 0.4542559632695723, 0.4542559632695723, 0.4542559632695723, 0.4542559632695723, 0.4542559632695723, 0.4542559632695723, 0.4542559632695723, 0.4542559632695723, 0.4542559632695723, 0.4542559632695723, 0.4542559632695723, 0.4542559632695723, 0.4542559632695723, 0.4542559632695723, 0.448773355779147, 0.4542559632695723, 0.4542559632695723, 0.4542559632695723, 0.4542559632695723, 0.4542559632695723, 0.4542559632695723, 0.43652707076865277, 0.4542559632695723, 0.4542559632695723, 0.4542559632695723, 0.38316622105581954, 0.4542559632695723], [0.506146694577503, 0.506146694577503, 0.506146694577503, 0.506146694577503, 0.416593992436553, 0.4644194771694508, 0.4644194771694508, 0.4644194771694508, 0.4542559632695723, 0.4542559632695723, 0.4542559632695723, 0.4542559632695723, 0.4542559632695723, 0.49181449494394114, 0.4542559632695723, 0.4542559632695723, 0.4542559632695723, 0.4542559632695723, 0.4542559632695723, 0.4542559632695723, 0.4542559632695723, 0.4135465660483309, 0.4542559632695723, 0.4542559632695723, 0.4542559632695723, 0.3909402628931196, 0.4542559632695723, 0.4542559632695723, 0.4542559632695723, 0.4542559632695723, 0.4542559632695723, 0.4542559632695723], [0.506146694577503, 0.506146694577503, 0.506146694577503, 0.506146694577503, 0.506146694577503, 0.506146694577503, 0.506146694577503, 0.506146694577503, 0.49181449494394114, 0.4644194771694508, 0.4471508645677128, 0.4424731654054114, 0.4644194771694508, 0.4644194771694508, 0.4644194771694508, 0.4644194771694508, 0.4542559632695723, 0.4542559632695723, 0.4542559632695723, 0.4542559632695723, 0.4542559632695723, 0.4349338335231018, 0.4542559632695723, 0.47610408244841984, 0.4542559632695723, 0.4542559632695723, 0.42682687494505045, 0.4542559632695723, 0.4542559632695723, 0.4542559632695723, 0.44878521192594434, 0.4542559632695723], [0.4160773485630216, 0.506146694577503, 0.506146694577503, 0.506146694577503, 0.506146694577503, 0.4113842137006034, 0.506146694577503, 0.506146694577503, 0.4278717895504324, 0.506146694577503, 0.506146694577503, 0.506146694577503, 0.506146694577503, 0.506146694577503, 0.506146694577503, 0.506146694577503, 0.49181449494394114, 0.47610408244841984, 0.4184401215030972, 0.49838077769671, 0.4644194771694508, 0.4644194771694508, 0.4644194771694508, 0.4644194771694508, 0.4644194771694508, 0.4644194771694508, 0.4644194771694508, 0.4644194771694508, 0.4644194771694508, 0.4542559632695723, 0.44639697632177855, 0.4471508645677128], [0.506146694577503, 0.506146694577503, 0.506146694577503, 0.506146694577503, 0.506146694577503, 0.506146694577503, 0.506146694577503, 0.506146694577503, 0.506146694577503, 0.4400493944939409, 0.506146694577503, 0.506146694577503, 0.506146694577503, 0.506146694577503, 0.506146694577503, 0.506146694577503, 0.506146694577503, 0.506146694577503, 0.506146694577503, 0.506146694577503, 0.506146694577503, 0.506146694577503, 0.506146694577503, 0.506146694577503, 0.506146694577503, 0.45016161374506164, 0.4528134254494093, 0.4244294806925438, 0.49181449494394114, 0.47610408244841984, 0.4542559632695723, 0.49838077769671], [0.506146694577503, 0.506146694577503, 0.39895351676744756, 0.506146694577503, 0.506146694577503, 0.410048056965233, 0.506146694577503, 0.506146694577503, 0.506146694577503, 