{"num_qubits": 3, "depth": 5, "num_circuit": 32, "num_generation": 30, "current_generation": 11, "fitnessss": [[0.5106605433361399, 0.503789162275521, 0.4120498964956802, 0.4420935780295686, 0.2833262230801547, 0.43051544677263187, 0.37416899367489903, 0.3318431989482289, 0.36667763641974443, 0.25729945161333073, 0.5957014467467724, 0.4862018509313425, 0.3191967109085909, 0.43391405551465595, 0.24720692379869164, 0.5284314314709329, 0.4994257830036899, 0.4173138139503285, 0.5184286509233708, 0.5105767408047475, 0.5641556266450668, 0.23444644418368793, 0.5885726972903683, 0.4414015901120646, 0.4674430299722089, 0.4920629848129007, 0.4584467509086112, 0.5266200930482654, 0.6010440825968753, 0.3349485175982695, 0.314904385729397, 0.32911620177236117], [0.6010440825968753, 0.5957014467467724, 0.5651592761582644, 0.5554675011266113, 0.5885726972903683, 0.5641556266450668, 0.5979699347283763, 0.46776157768989324, 0.5284314314709329, 0.5266200930482654, 0.4940003152351551, 0.5693804760433394, 0.4434058554453853, 0.5106605433361399, 0.47224370469884047, 0.5296228348282375, 0.5105767408047475, 0.503789162275521, 0.4688675927299836, 0.5709027794948293, 0.4994257830036899, 0.4920629848129007, 0.427769352557522, 0.5030990535830113, 0.4862018509313425, 0.4674430299722089, 0.4110634739374809, 0.35038447747083634, 0.4584467509086112, 0.4420935780295686, 0.30146570437045994, 0.3640472379857473], [0.6010440825968753, 0.5979699347283763, 0.5711074102275069, 0.6556317175712302, 0.5957014467467724, 0.5885726972903683, 0.5210888828439154, 0.5801178273834371, 0.5709027794948293, 0.5693804760433394, 0.4395483082217262, 0.5900181385348338, 0.5651592761582644, 0.5641556266450668, 0.5711074102275069, 0.5554595492475857, 0.5040663405124344, 0.5296228348282375, 0.6431253121678048, 0.5887259334633066, 0.5284314314709329, 0.5266200930482654, 0.4940003152351551, 0.5693804760433394, 0.5106605433361399, 0.5105767408047475, 0.5224484331685382, 0.40160222179650373, 0.503789162275521, 0.5030990535830113, 0.5468844895892414, 0.4895319383520197], [0.6556317175712302, 0.6431253121678048, 0.6246335192601676, 0.5554675011266113, 0.6010440825968753, 0.5979699347283763, 0.5711074102275069, 0.6556317175712302, 0.5957014467467724, 0.5900181385348338, 0.6226300090370569, 0.5962865225807295, 0.5887259334633066, 0.5885726972903683, 0.4346957416868859, 0.6556317175712302, 0.6400066508686699, 0.43538782812928345, 0.5979699347283763, 0.5651592761582644, 0.5711074102275069, 0.5709027794948293, 0.5746809018050001, 0.5198541508848501, 0.5693804760433394, 0.5693804760433394, 0.5693804760433394, 0.5693804760433394, 0.5651592761582644, 0.5641556266450668, 0.5711074102275069, 0.5554595492475857], [0.6556317175712302, 0.6556317175712302, 0.6556317175712302, 0.6556317175712302, 0.6556317175712302, 0.6431253121678048, 0.6246335192601676, 0.5554675011266113, 0.6400066508686699, 0.6246335192601676, 0.6246335192601676, 0.6400066508686699, 0.6226300090370569, 0.6010440825968753, 0.5554675011266113, 0.5746809018050001, 0.5979699347283763, 0.6012607921309276, 0.5979699347283763, 0.5979699347283763, 0.5962865225807295, 0.5957014467467724, 0.5962865225807295, 0.5957014467467724, 0.588879380426713, 0.5887259334633066, 0.5860384354689907, 0.5224484331685382, 0.5885726972903683, 0.5746809018050001, 0.5951185042645715, 0.45895662796864184], [0.6556317175712302, 0.6556317175712302, 0.6556317175712302, 0.6556317175712302, 0.6556317175712302, 0.6556317175712302, 0.6556317175712302, 0.6060267985121048, 0.6556317175712302, 0.6431253121678048, 0.6246335192601676, 0.5554675011266113, 0.6742186342118024, 0.6400066508686699, 0.6008620950219722, 0.6400066508686699, 0.6246335192601676, 0.6246335192601676, 0.6246335192601676, 0.6246335192601676, 0.6246335192601676, 0.6226300090370569, 0.5715572047749037, 0.6431253121678048, 0.6012607921309276, 0.6010440825968753, 0.6287037436859874, 0.5711074102275069, 0.5979699347283763, 0.5979699347283763, 0.5979699347283763, 0.5979699347283763], [0.6742186342118024, 0.6556317175712302, 0.6556317175712302, 0.6742186342118024, 0.6452602811249042, 0.6556317175712302, 0.6556317175712302, 0.6556317175712302, 0.6556317175712302, 0.6556317175712302, 0.6556317175712302, 0.6556317175712302, 0.6556317175712302, 0.6556317175712302, 0.5801672459336581, 0.6556317175712302, 0.6556317175712302, 0.6431253121678048, 0.6246335192601676, 0.4629929483130154, 0.5524510336268313, 0.6400066508686699, 0.607564952735201, 0.6246335192601676, 0.6400066508686699, 0.6287037436859874, 0.6556317175712302, 0.5966365027283422, 0.6246335192601676, 0.6246335192601676, 0.6246335192601676, 0.6246335192601676], [0.6742186342118024, 0.6742186342118024, 0.6067212196163906, 0.6742186342118024, 0.5082345988264025, 0.6556317175712302, 0.6556317175712302, 0.6556317175712302, 0.6580521479608884, 0.5433914300152549, 0.5666895985512682, 0.6556317175712302, 0.6556317175712302, 0.6556317175712302, 0.6556317175712302, 0.6556317175712302, 0.6556317175712302, 0.6556317175712302, 0.6556317175712302, 0.6556317175712302, 0.6556317175712302, 0.6556317175712302, 0.6556317175712302, 0.6556317175712302, 0.6556317175712302, 0.6556317175712302, 0.6556317175712302, 0.6556317175712302, 0.6556317175712302, 0.6556317175712302, 0.5655572862075797, 0.6556317175712302], [0.6742186342118024, 0.6742186342118024, 0.6742186342118024, 0.6742186342118024, 0.6742186342118024, 0.6580521479608884, 0.6556317175712302, 0.6098416137294158, 0.6556317175712302, 0.6556317175712302, 0.6556317175712302, 0.6556317175712302, 0.6556317175712302, 0.6556317175712302, 0.6556317175712302, 0.6556317175712302, 0.6556317175712302, 0.6556317175712302, 0.6164084381909838, 0.6556317175712302, 0.6556317175712302, 0.6556317175712302, 0.6556317175712302, 0.6556317175712302, 0.6556317175712302, 0.6556317175712302, 0.6556317175712302, 0.6556317175712302, 0.6556317175712302, 0.6556317175712302, 0.6556317175712302, 0.6556317175712302], [0.6742186342118024, 0.6742186342118024, 0.6742186342118024, 0.6742186342118024, 0.6742186342118024, 0.6742186342118024, 0.6742186342118024, 0.6742186342118024, 0.6742186342118024, 0.6580521479608884, 0.6556317175712302, 0.6098416137294158, 0.6556317175712302, 0.6556317175712302, 0.5537962846650528, 0.6556317175712302, 0.6556317175712302, 0.6556317175712302, 0.6556317175712302, 0.6556317175712302, 0.5564010998913937, 0.6556317175712302, 0.6556317175712302, 0.6556317175712302, 0.6556317175712302, 0.6556317175712302, 0.6556317175712302, 0.6556317175712302, 0.6556317175712302, 0.6556317175712302, 0.6556317175712302, 0.6556317175712302], [0.6742186342118024, 0.6742186342118024, 0.6742186342118024, 0.5295063363665891, 0.6742186342118024, 0.4533696921422317, 0.6742186342118024, 0.6742186342118024, 0.6744144085115606, 0.6742186342118024, 0.6742186342118024, 0.6742186342118024, 0.6742186342118024, 0.6742186342118024, 0.6742186342118024, 0.6742186342118024, 0.6742186342118024, 0.6580521479608884, 0.6556317175712302, 0.6098416137294158, 0.6556317175712302, 0.6556317175712302, 0.6556317175712302, 0.6556317175712302, 0.6556317175712302, 0.6556317175712302, 0.6556317175712302, 0.5458020517851402, 0.5660364982114382, 0.6556317175712302, 0.6556317175712302, 0.6556317175712302]], "best_fitnesss": [0.6010440825968753, 0.6010440825968753, 0.6556317175712302, 0.6556317175712302, 0.6556317175712302, 0.6742186342118024, 0.6742186342118024, 0.6742186342118024, 0.6742186342118024, 0.6742186342118024, 0.6744144085115606], "prob_mutate": 0.01875}