{"num_qubits": 6, "depth": 38, "num_circuit": 16, "num_generation": 10, "current_generation": 2, "fitnessss": [[0.6381675666916522, 0.7182999739904048, 0.7056588251499443, 0.7049347685293779, 0.7294121326783881, 0.6432316000577266, 0.7109245084283224, 0.730632795357306, 0.7077307649346196, 0.709122257618231, 0.7408648306239309, 0.7339728673413582, 0.7439959403683447, 0.6954048689448495, 0.6565650044988646, 0.6549119469827737], [0.7156550530272885, 0.7261299894418987, 0.7341456096283938, 0.7013385143604747, 0.7339728673413582, 0.730632795357306, 0.7132279176147905, 0.6739784231801472, 0.7254308897436659, 0.7182999739904048, 0.7362629859833477, 0.7327329344074827, 0.7097365031441976, 0.709122257618231, 0.7065906154111394, 0.7062389311880184]], "best_fitnesss": [0.7439959403683447, 0.7362629859833477], "prob_mutate": 0.004934210526315789}