{"num_qubits": 6, "depth": 38, "num_circuit": 4, "num_generation": 40, "current_generation": 3, "fitnessss": [[0.6514891598207083, 0.6724381977995577, 0.7007581783754435, 0.7101880207615773], [0.7101880207615773, 0.6852945145132547, 0.700685034741346, 0.6748861590638998], [0.7101880207615773, 0.7138174641431754, 0.7174215366891665, 0.7101880207615773]], "best_fitnesss": [0.7101880207615773, 0.7101880207615773, 0.7174215366891665], "prob_mutate": 0.019736842105263157}