{"num_qubits": 6, "depth": 29, "num_circuit": 8, "num_generation": 20, "current_generation": 2, "fitnessss": [[0.6207407668474334, 0.5344146323683236, 0.5897888182578799, 0.5470812908598731, 0.5740884824808788, 0.5526025992805439, 0.5421154252368231, 0.5343738157369505], [0.6207407668474334, 0.5897888182578799, 0.62940799218633, 0.5604005113327631, 0.5740884824808788, 0.5526025992805439, 0.5476358229235119, 0.6066056785671459]], "best_fitnesss": [0.6207407668474334, 0.62940799218633], "prob_mutate": 0.01293103448275862}