{"num_qubits": 4, "depth": 10, "num_circuit": 32, "num_generation": 50, "current_generation": 4, "fitnessss": [[0.4880095493670587, 0.5478905773955625, 0.37666324400030693, 0.5606041995792256, 0.3594035710049647, 0.5584013717855203, 0.4869903377695451, 0.5253959301370484, 0.4923663617189968, 0.5115786924182256, 0.37397654125250845, 0.4818943904329777, 0.49338518455131714, 0.4385205886821195, 0.4699089843235441, 0.5366966963533665, 0.5151934832008543, 0.5623407475554515, 0.3642275438086359, 0.40962663492887097, 0.3983403165296362, 0.43455721496866107, 0.5113335866663263, 0.3938434713980089, 0.5422539902219092, 0.45313646154563686, 0.347153289999007, 0.3153711356918007, 0.5343715326323727, 0.4657347649450303, 0.5419269134474274, 0.413487872543912], [0.5623407475554515, 0.5606041995792256, 0.55123498943813, 0.5213559115429878, 0.5584013717855203, 0.5478905773955625, 0.5007674908996184, 0.5497308676806577, 0.44854010003749895, 0.5419269134474274, 0.5120687311062723, 0.4999523516075108, 0.5366966963533665, 0.5343715326323727, 0.4898302704943628, 0.5493796241979971, 0.5253959301370484, 0.5151934832008543, 0.5390836512167277, 0.41594799283200745, 0.5115786924182256, 0.5113335866663263, 0.5236122696246458, 0.447586243731432, 0.49338518455131714, 0.4923663617189968, 0.5373275130324913, 0.5165843200944478, 0.4880095493670587, 0.4869903377695451, 0.47690312240546867, 0.4799484982569478], [0.5623407475554515, 0.5606041995792256, 0.548556537461171, 0.5213559115429878, 0.5584013717855203, 0.55123498943813, 0.4492399170800921, 0.5567825782738361, 0.5497308676806577, 0.5493796241979971, 0.5821450580470837, 0.5929425751741296, 0.5478905773955625, 0.5419269134474274, 0.5371706785312786, 0.5409156062135293, 0.5390836512167277, 0.5044596114710822, 0.47680405949054017, 0.572452278437559, 0.5366966963533665, 0.5343715326323727, 0.4898302704943628, 0.5493796241979971, 0.5253959301370484, 0.5236122696246458, 0.4742183152482058, 0.5333371446271448, 0.5213559115429878, 0.5165843200944478, 0.512090373174708, 0.4351674580994825], [0.5929425751741296, 0.5821450580470837, 0.5493796241979971, 0.5497308676806577, 0.5818527445985308, 0.5623407475554515, 0.6084212733557772, 0.49717177385229966, 0.5606041995792256, 0.5584013717855203, 0.5870939670648437, 0.4492399170800921, 0.5567825782738361, 0.55123498943813, 0.55123498943813, 0.5480837603424566, 0.5497308676806577, 0.5493796241979971, 0.5821450580470837, 0.5929425751741296, 0.5493796241979971, 0.548556537461171, 0.5133750771300325, 0.548890483286921, 0.5478905773955625, 0.4429786902744753, 0.5371706785312786, 0.5409156062135293, 0.5409156062135293, 0.5390836512167277, 0.41220696417470154, 0.5132395266601563]], "best_fitnesss": [0.5623407475554515, 0.5623407475554515, 0.5929425751741296, 0.6084212733557772], "prob_mutate": 0.009375}