{"num_qubits": 5, "depth": 22, "num_circuit": 32, "num_generation": 50, "current_generation": 1, "fitnessss": [[0.616985087987692, 0.6062216276767531, 0.6649373032944451, 0.6248704231289559, 0.6776815378653653, 0.6724724047296365, 0.5905064353593663, 0.5686243822838744, 0.6689469053638692, 0.5690780982622277, 0.6240933686478354, 0.6652974184901058, 0.5458736950439069, 0.5106082772275917, 0.5868051644664599, 0.6539367383319663, 0.5996809464860926, 0.6327792553583642, 0.6496738553780828, 0.6522433314927877, 0.5460157064706216, 0.6332970816482056, 0.672972865107456, 0.6403822714828842, 0.6450413476834828, 0.6116300577883131, 0.716650837871686, 0.6070572240755998, 0.5897722437354831, 0.5674999794237922, 0.6350488419995937, 0.5540377058914532]], "best_fitnesss": [0.716650837871686], "prob_mutate": 0.004261363636363636}