{"num_qubits": 6, "depth": 22, "num_circuit": 16, "num_generation": 20, "current_generation": 2, "fitnessss": [[0.49062947778385324, 0.4110114875263767, 0.4004846221279693, 0.3914711801235075, 0.44686553799346446, 0.4090089285981363, 0.4446140596348229, 0.44272184234374157, 0.4632471605936839, 0.4474234360933759, 0.4000688042477519, 0.402310317608004, 0.46823567285761036, 0.42651346299358134, 0.45340486287848936, 0.4507458083869131], [0.49062947778385324, 0.46823567285761036, 0.46693158049799477, 0.43939634016029416, 0.45092947075284107, 0.45340486287848936, 0.4160378991133505, 0.48092740439051074, 0.4507458083869131, 0.4474234360933759, 0.45454416248367774, 0.42937663825212147, 0.44686553799346446, 0.3967197968901285, 0.43328702772053684, 0.38645614148052765]], "best_fitnesss": [0.49062947778385324, 0.49062947778385324], "prob_mutate": 0.008522727272727272}