{"num_qubits": 5, "depth": 13, "num_circuit": 32, "num_generation": 30, "current_generation": 4, "fitnessss": [[0.3668458918088334, 0.4051915003069764, 0.3908402664207458, 0.46260738592249406, 0.408688250785011, 0.49462971766777253, 0.43726890700751503, 0.4113994564466491, 0.27463127073235183, 0.38542897701426726, 0.3329138116127977, 0.316440632116405, 0.3780643430562754, 0.3685867202613232, 0.356865390285385, 0.490980729524306, 0.37585207965923284, 0.4507239753835979, 0.3764936532440643, 0.39066264035247455, 0.35699370454330115, 0.37716460051814826, 0.3830109177144942, 0.3383316648985685, 0.3467485453707722, 0.2387394920275502, 0.2974786104830323, 0.434173948912626, 0.4360537683264852, 0.46479068676858837, 0.38757957971661927, 0.4208890060859045], [0.49462971766777253, 0.490980729524306, 0.44655436295432754, 0.5157057171012018, 0.46479068676858837, 0.46260738592249406, 0.4169914778898226, 0.42592676447944466, 0.45483572675448036, 0.4361433831921776, 0.5052039254521323, 0.4186063889790129, 0.4360537683264852, 0.434173948912626, 0.43210123722468713, 0.4466791387680683, 0.4208890060859045, 0.3438112074762789, 0.4088778350316059, 0.5018015233521951, 0.408688250785011, 0.4051915003069764, 0.41107881794189405, 0.3850731148204834, 0.41457624534864246, 0.39066264035247455, 0.4956998645114218, 0.39164355333454914, 0.38757957971661927, 0.38542897701426726, 0.3763675630167335, 0.3356646804916702], [0.5157057171012018, 0.5052039254521323, 0.48717939588640025, 0.4978460892597466, 0.5018015233521951, 0.4956998645114218, 0.4831610723287528, 0.3904901639201447, 0.49462971766777253, 0.490980729524306, 0.44655436295432754, 0.5157057171012018, 0.46479068676858837, 0.46260738592249406, 0.42979263703455883, 0.42592676447944466, 0.45483572675448036, 0.4466791387680683, 0.4636627036058159, 0.3899858002708518, 0.4182422075252819, 0.4361433831921776, 0.47272873662659826, 0.42295311596525453, 0.4360537683264852, 0.434173948912626, 0.43210123722468713, 0.4655363226641497, 0.43210123722468713, 0.42592676447944466, 0.4807815498748126, 0.41094086337129115], [0.45325844916192537, 0.5157057171012018, 0.5157057171012018, 0.5157057171012018, 0.49382744238748905, 0.5018015233521951, 0.4927244917920022, 0.4518361298591923, 0.4978460892597466, 0.4651358767136717, 0.528036000934905, 0.4212239738992857, 0.49462971766777253, 0.490980729524306, 0.44655436295432754, 0.5157057171012018, 0.48717939588640025, 0.4831610723287528, 0.4734141483787545, 0.4518361298591923, 0.4807815498748126, 0.49246704685152276, 0.40565379446928007, 0.5054206561127221, 0.44852077588366573, 0.46479068676858837, 0.47565504913316775, 0.4580023269537589, 0.4636627036058159, 0.46260738592249406, 0.4617676827189614, 0.47177807945195777]], "best_fitnesss": [0.49462971766777253, 0.5157057171012018, 0.5157057171012018, 0.528036000934905], "prob_mutate": 0.007211538461538462}