{
    "num_qubits": 3,
    "depth": 5,
    "num_circuit": 4,
    "num_generation": 5,
    "current_generation": 5,
    "fitnessss": [
        [
            0.2463422527433291,
            0.18317688573351454,
            0.18538352582334794,
            0.2013135784301826
        ],
        [
            0.2448841148538855,
            0.23835703902681538,
            0.18587470251809513,
            0.4315811403551074
        ],
        [
            0.43457980227091286,
            0.24853476460983237,
            0.40720998658884267,
            0.24177839650930544
        ],
        [
            0.43750555558299065,
            0.4028400549266553,
            0.20943058495790512,
            0.4402679212337388
        ],
        [
            0.2704796096064209,
            0.30372419257883154,
            0.4455633489748355,
            0.43457980227091286
        ]
    ],
    "prob_mutate": 0.075
}