{"num_qubits": 12, "depth": 7, "num_circuit": 8, "num_generation": 20, "current_generation": 7, "fitnessss": [[0.08871480920694125, 0.22692452422729997, 5.524251450640687e-09, 0.0944229076068253, 0.2847362528012799, 0.39797946481159857, 0.0010152927994353641, 0.15346369845551386], [0.4462361413757809, 0.3012043350866469, 0.43116140085775856, 0.16047667984539843, 0.2273775614691133, 0.1562932172067414, 0.23982473920148167, 0.17565626953719185], [0.3612670417300402, 0.3974579757349143, 0.4351134424681101, 0.3602640239168634, 0.2794166953514066, 0.39511383596309074, 0.10540112434447058, 0.3226352675756741], [0.18020819656561454, 0.4047996733869813, 0.4228175598460693, 0.40209280401429515, 0.41433287214142356, 0.29074270543118375, 0.19827212357488816, 0.4217607450180273], [0.45263196153705837, 0.26585202049737056, 0.4137029505259605, 0.2611294525919382, 0.39333263826018283, 0.4168533665358554, 0.4775066950358123, 0.33536288202952935], [0.35361421245615404, 0.4196790535874409, 0.38757354420959444, 0.16030212284364523, 0.40760654455819506, 0.39160938649452726, 0.33925181564409873, 0.4519466245045285], [0.38816189357686587, 0.17090993592830955, 0.463556864789307, 0.37801917193641643, 0.14008604751251985, 0.0028630609710711967, 0.25317951162698893, 0.45305093672211594]], "best_fitnesss": [0.39797946481159857, 0.4462361413757809, 0.4351134424681101, 0.4228175598460693, 0.4775066950358123, 0.4519466245045285, 0.463556864789307], "prob_mutate": 0.05357142857142857}