{"num_qubits": 12, "depth": 7, "num_circuit": 8, "num_generation": 20, "current_generation": 20, "fitnessss": [[0.08871480920694125, 0.22692452422729997, 5.524251450640687e-09, 0.0944229076068253, 0.2847362528012799, 0.39797946481159857, 0.0010152927994353641, 0.15346369845551386], [0.4462361413757809, 0.3012043350866469, 0.43116140085775856, 0.16047667984539843, 0.2273775614691133, 0.1562932172067414, 0.23982473920148167, 0.17565626953719185], [0.3612670417300402, 0.3974579757349143, 0.4351134424681101, 0.3602640239168634, 0.2794166953514066, 0.39511383596309074, 0.10540112434447058, 0.3226352675756741], [0.18020819656561454, 0.4047996733869813, 0.4228175598460693, 0.40209280401429515, 0.41433287214142356, 0.29074270543118375, 0.19827212357488816, 0.4217607450180273], [0.45263196153705837, 0.26585202049737056, 0.4137029505259605, 0.2611294525919382, 0.39333263826018283, 0.4168533665358554, 0.4775066950358123, 0.33536288202952935], [0.35361421245615404, 0.4196790535874409, 0.38757354420959444, 0.16030212284364523, 0.40760654455819506, 0.39160938649452726, 0.33925181564409873, 0.4519466245045285], [0.38816189357686587, 0.17090993592830955, 0.463556864789307, 0.37801917193641643, 0.14008604751251985, 0.0028630609710711967, 0.25317951162698893, 0.45305093672211594], [0.4550936428887771, 0.3297647274713992, 0.43663500354390294, 0.2622488003521176, 0.6484363938883824, 0.40531828102191814, 0.38524323127693433, 0.3694668847767273], [0.6729279462941601, 0.4571735588513025, 0.27859815992632775, 0.28693045599918865, 0.42221601886079546, 0.4038631797132366, 0.35178839565543873, 0.3074685613797321], [0.6605174674213217, 0.47170385349974814, 0.3080354981407621, 0.3653348959042532, 0.41892342639119884, 0.41798211734349655, 0.34992438359496747, 0.4380617777930114], [0.4662340018436761, 0.27208134911619464, 0.26213004425861264, 0.3840931178178136, 0.4542433157422227, 0.43759131667381823, 0.41769826478465194, 0.4524377876506981], [0.47752451859884354, 0.431998140301198, 0.4722252202163933, 0.24681627664928482, 0.4307335791044114, 0.4364345100019286, 0.4371951892501193, 0.4529032849870214], [0.5186001794476487, 0.4750087124858295, 0.47540380327111453, 0.4944191647255984, 0.44312155158175875, 0.44391411501731043, 0.370110952660721, 0.42474550765425584], [0.46535134722807214, 0.5474431796255691, 0.35783108586060186, 0.509018535305565, 0.47468374975225486, 0.4776072067440933, 0.7963839349488258, 0.5467004445960864], [0.695932940792727, 0.4144626049282545, 0.5087906653684184, 0.3863424308191638, 0.5433909722021657, 0.36725473651288676, 0.30360377198245, 0.47816768773606455], [0.7129035611572838, 0.3382001542205039, 0.47733398177243586, 0.3135450530312352, 0.0022166395055642986, 0.47365984413705586, 0.6959434267479947, 0.42629877914762904], [0.6206022658035598, 0.3554411577732032, 0.550322336626345, 0.8005064570309056, 0.5373859887907748, 0.47125074339496953, 0.4726555711836947, 0.37156681468029495], [0.7768283175992677, 0.20472462163303154, 0.7948841992887938, 0.6471037563966899, 0.564884995932837, 0.5426806543890172, 0.46744535371117635, 0.32282217094720994], [0.7851146691590649, 0.7652822485579203, 0.7097451436591313, 0.17500414894416336, 0.622150421351961, 0.5549160658242167, 0.5200413667280517, 0.8465728158663707], [0.4064475617929082, 0.7063054893754855, 0.7685482080373157, 0.8271537395314441, 0.7478846594990628, 0.783700616622379, 0.7869584569209589, 0.7642146705323232]], "best_fitnesss": [0.39797946481159857, 0.4462361413757809, 0.4351134424681101, 0.4228175598460693, 0.4775066950358123, 0.4519466245045285, 0.463556864789307, 0.6484363938883824, 0.6729279462941601, 0.6605174674213217, 0.4662340018436761, 0.47752451859884354, 0.5186001794476487, 0.7963839349488258, 0.695932940792727, 0.7129035611572838, 0.8005064570309056, 0.7948841992887938, 0.8465728158663707, 0.8271537395314441], "prob_mutate": 0.05357142857142857}