{"num_qubits": 4, "depth": 23, "num_circuit": 16, "num_generation": 20, "current_generation": 2, "fitnessss": [[0.8716946525268824, 0.8901502553123974, 0.8187298809611645, 0.7891538183041682, 0.7944348207513199, 0.8220308034203505, 0.8908147297494298, 0.7954605599332859, 0.77234289500912, 0.8795274146292961, 0.8370391666205336, 0.8798774336084778, 0.8350719589657741, 0.845925400631242, 0.8507708168811879, 0.8676721287266652], [0.8908147297494298, 0.886988299633409, 0.8105068462539723, 0.9163554631513403, 0.8798774336084778, 0.8795274146292961, 0.869640256024514, 0.7816912902421114, 0.8716946525268824, 0.8676721287266652, 0.8522265714260822, 0.8354174206165048, 0.8507708168811879, 0.845925400631242, 0.8466249143374458, 0.8215605635122335]], "best_fitnesss": [0.8908147297494298, 0.9163554631513403], "prob_mutate": 0.008152173913043478}