{"num_qubits": 6, "depth": 37, "num_circuit": 32, "num_generation": 20, "current_generation": 1, "fitnessss": [[0.7318823225202031, 0.6670662031475753, 0.7144460011334127, 0.659639517746798, 0.6365403168157999, 0.6867317810478158, 0.6719399380825497, 0.6740430371046853, 0.624747072821815, 0.6923115826331698, 0.6639169381178501, 0.6703257924749929, 0.6732280027134808, 0.6746022737853595, 0.6817433173959933, 0.6518527294044102, 0.6521115100865027, 0.6521322359796827, 0.6574737553655574, 0.6493556427501853, 0.6373547482442358, 0.6855650051945659, 0.7166675950296708, 0.654775537952448, 0.6383290072113209, 0.6898949205105435, 0.699222193572571, 0.6434969692309037, 0.7162813202417468, 0.6214132965390469, 0.6607704946256941, 0.6659684081602883]], "best_fitnesss": [0.7318823225202031], "prob_mutate": 0.002533783783783784}