{"num_qubits": 4, "depth": 5, "num_circuit": 16, "num_generation": 20, "current_generation": 20, "fitnessss": [[0.30589255698563195, 0.2694842343894263, 0.2359776556815067, 0.1758557719357317, 0.17586628596663226, 0.3570429567667401, 0.1947481934381731, 0.24746454645854765, 0.29619492784797197, 0.3531428257106676, 0.22689040925242857, 0.3150361548699179, 0.3461059217189569, 0.239140263623838, 0.21940286687151572, 0.2329048126170635], [0.3570429567667401, 0.3531428257106676, 0.2659929475874739, 0.3109076437334288, 0.3461059217189569, 0.21205965951555852, 0.31283862812209967, 0.30442122521663373, 0.30589255698563195, 0.29619492784797197, 0.27870864961777936, 0.18837764832285428, 0.2694842343894263, 0.24746454645854765, 0.2520327517627984, 0.2689415035518562], [0.3570429567667401, 0.3531428257106676, 0.2413392124421355, 0.3812953052419107, 0.3461059217189569, 0.31283862812209967, 0.3189268761203404, 0.42025910117203563, 0.3109076437334288, 0.30589255698563195, 0.24790525689228163, 0.21244078579444517, 0.30442122521663373, 0.2793339661476682, 0.2764939821313014, 0.39448164333570407], [0.42025910117203563, 0.39448164333570407, 0.42025910117203563, 0.29540017924183715, 0.3812953052419107, 0.3570429567667401, 0.3109076437334288, 0.29188395541632867, 0.3531428257106676, 0.3461059217189569, 0.3483621451822282, 0.24326395598044298, 0.3189268761203404, 0.31283862812209967, 0.3189268761203404, 0.31283862812209967], [0.42025910117203563, 0.42025910117203563, 0.42025910117203563, 0.42025910117203563, 0.39448164333570407, 0.3812953052419107, 0.3619750348077212, 0.3483621451822282, 0.3570429567667401, 0.3531428257106676, 0.2659929475874739, 0.3109076437334288, 0.3483621451822282, 0.3461059217189569, 0.3483621451822282, 0.3461059217189569], [0.38272435609815947, 0.42025910117203563, 0.42025910117203563, 0.42025910117203563, 0.42025910117203563, 0.42025910117203563, 0.42025910117203563, 0.3850019716496401, 0.39448164333570407, 0.2753808608521289, 0.26200001658011773, 0.3483621451822282, 0.3619750348077212, 0.3570429567667401, 0.2924855967095617, 0.29188395541632867], [0.42025910117203563, 0.42025910117203563, 0.42025910117203563, 0.3694023759220394, 0.42025910117203563, 0.42025910117203563, 0.42025910117203563, 0.33768355543150913, 0.42025910117203563, 0.42025910117203563, 0.42025910117203563, 0.42025910117203563, 0.39448164333570407, 0.3850019716496401, 0.373176314099133, 0.42025910117203563], [0.3667020318392572, 0.42025910117203563, 0.42025910117203563, 0.42025910117203563, 0.42025910117203563, 0.42025910117203563, 0.42025910117203563, 0.42025910117203563, 0.42025910117203563, 0.42025910117203563, 0.42025910117203563, 0.42025910117203563, 0.42025910117203563, 0.42025910117203563, 0.42025910117203563, 0.40950890839325993], [0.42025910117203563, 0.42025910117203563, 0.42025910117203563, 0.42025910117203563, 0.42025910117203563, 0.42025910117203563, 0.42025910117203563, 0.42025910117203563, 0.42025910117203563, 0.42025910117203563, 0.42025910117203563, 0.42025910117203563, 0.42025910117203563, 0.42025910117203563, 0.42025910117203563, 0.42025910117203563], [0.3864288562720296, 0.42025910117203563, 0.3958034791497001, 0.4371261358748665, 0.42025910117203563, 0.3957246099769291, 0.42025910117203563, 0.42025910117203563, 0.42025910117203563, 0.42025910117203563, 0.3658029973719209, 0.42025910117203563, 0.42025910117203563, 0.42025910117203563, 0.42025910117203563, 0.42025910117203563], [0.4371261358748665, 0.42025910117203563, 0.4019365126027809, 0.3572602173942941, 0.42025910117203563, 0.42025910117203563, 0.42025910117203563, 0.42025910117203563, 0.42025910117203563, 0.42025910117203563, 0.42025910117203563, 0.42025910117203563, 0.42025910117203563, 0.42025910117203563, 0.42025910117203563, 0.42025910117203563], [0.4371261358748665, 0.42025910117203563, 0.3704501221002686, 0.3572602173942941, 0.42025910117203563, 0.39507001026097993, 0.38014416143394103, 0.42025910117203563, 0.42025910117203563, 0.42025910117203563, 0.42025910117203563, 0.370666802512278, 0.42025910117203563, 0.42025910117203563, 0.42025910117203563, 0.42025910117203563], [0.29806181965583595, 0.42025910117203563, 0.4019365126027809, 0.3572602173942941, 0.42025910117203563, 0.4402670355878578, 0.42025910117203563, 0.37979277373350484, 0.42025910117203563, 0.42025910117203563, 0.37084969216105396, 0.42025910117203563, 0.42025910117203563, 0.42025910117203563, 0.42025910117203563, 0.42025910117203563], [0.4402670355878578, 0.3756622705709861, 0.42025910117203563, 0.4402670355878578, 0.42025910117203563, 0.42025910117203563, 0.42025910117203563, 0.42025910117203563, 0.3075024843606031, 0.42025910117203563, 0.42025910117203563, 0.42025910117203563, 0.42025910117203563, 0.42025910117203563, 0.42025910117203563, 0.42025910117203563], [0.4402670355878578, 0.4402670355878578, 0.4402670355878578, 0.4402670355878578, 0.42025910117203563, 0.42025910117203563, 0.42025910117203563, 0.35686696381784444, 0.42025910117203563, 0.42025910117203563, 0.42025910117203563, 0.42025910117203563, 0.42025910117203563, 0.42025910117203563, 0.42025910117203563, 0.42025910117203563], [0.4402670355878578, 0.30526710063669277, 0.3451038584237688, 0.4402670355878578, 0.4402670355878578, 0.2670849258244362, 0.3964777044093421, 0.4402670355878578, 0.42025910117203563, 0.33005741225677093, 0.42025910117203563, 0.42025910117203563, 0.42025910117203563, 0.42025910117203563, 0.30557324016158766, 0.42025910117203563], [0.4402670355878578, 0.4402670355878578, 0.4402670355878578, 0.4402670355878578, 0.4402670355878578, 0.4402670355878578, 0.4402670355878578, 0.4402670355878578, 0.42025910117203563, 0.42025910117203563, 0.2596820110336172, 0.34899577112531877, 0.42025910117203563, 0.42025910117203563, 0.42025910117203563, 0.42025910117203563], [0.4402670355878578, 0.4402670355878578, 0.33609494307824067, 0.4402670355878578, 0.4402670355878578, 0.272355173126106, 0.4402670355878578, 0.4402670355878578, 0.4402670355878578, 0.4402670355878578, 0.4402670355878578, 0.4402670355878578, 0.4402670355878578, 0.4402670355878578, 0.4402670355878578, 0.4402670355878578], [0.4402670355878578, 0.4174005985238637, 0.4402670355878578, 0.4253547891157707, 0.4402670355878578, 0.4402670355878578, 0.4402670355878578, 0.4402670355878578, 0.4402670355878578, 0.4402670355878578, 0.34884801771703516, 0.4402670355878578, 0.4402670355878578, 0.4402670355878578, 0.4402670355878578, 0.40183144929254455], [0.4402670355878578, 0.1619132178322638, 0.4402670355878578, 0.4402670355878578, 0.4402670355878578, 0.4402670355878578, 0.4402670355878578, 0.4402670355878578, 0.4402670355878578, 0.41723903866208606, 0.4402670355878578, 0.4402670355878578, 0.4402670355878578, 0.4402670355878578, 0.4402670355878578, 0.4402670355878578]], "best_fitnesss": [0.3570429567667401, 0.3570429567667401, 0.42025910117203563, 0.42025910117203563, 0.42025910117203563, 0.42025910117203563, 0.42025910117203563, 0.42025910117203563, 0.42025910117203563, 0.4371261358748665, 0.4371261358748665, 0.4371261358748665, 0.4402670355878578, 0.4402670355878578, 0.4402670355878578, 0.4402670355878578, 0.4402670355878578, 0.4402670355878578, 0.4402670355878578, 0.4402670355878578], "prob_mutate": 0.0375}