{"num_qubits": 3, "depth": 13, "num_circuit": 32, "num_generation": 20, "current_generation": 2, "fitnessss": [[0.7280840953327059, 0.6195025998919006, 0.7599676742106751, 0.8505708677394015, 0.8139698255201985, 0.8617709842007434, 0.7741630738304182, 0.6296533162756665, 0.828723658808759, 0.6942599457515547, 0.694784526778202, 0.6029388217849713, 0.8073472698725572, 0.7464040001363366, 0.7549578659917172, 0.5936976209693381, 0.8502709395434218, 0.7461534135782628, 0.8660933407440702, 0.6966043074895166, 0.7409229981168823, 0.8181574807216716, 0.8427813255194139, 0.756392560789737, 0.5899712313088394, 0.732933931591221, 0.727532763335017, 0.5386128019158953, 0.6796238187718332, 0.8003566337114932, 0.8017728852556946, 0.7941098250487516], [0.8660933407440702, 0.8617709842007434, 0.8128675832400976, 0.8714298419931042, 0.8505708677394015, 0.8502709395434218, 0.7518256941829825, 0.8478142606541057, 0.8427813255194139, 0.828723658808759, 0.7501077501576583, 0.7866358498130858, 0.8181574807216716, 0.8139698255201985, 0.7735710383271156, 0.7065359846390631, 0.8073472698725572, 0.8017728852556946, 0.8143731972727721, 0.6537887846564342, 0.8003566337114932, 0.7941098250487516, 0.8430989685744776, 0.7075069510025427, 0.7741630738304182, 0.7599676742106751, 0.834873826392907, 0.8191173774696618, 0.756392560789737, 0.7549578659917172, 0.8019849080770918, 0.6713290695472509]], "best_fitnesss": [0.8660933407440702, 0.8714298419931042], "prob_mutate": 0.007211538461538462}