{"num_qubits": 6, "depth": 28, "num_circuit": 16, "num_generation": 20, "current_generation": 2, "fitnessss": [[0.5041547663340544, 0.44228545287446774, 0.5366493201821838, 0.5608056265843839, 0.49981295124293246, 0.5601370354440299, 0.6030162302550495, 0.5544940931816529, 0.5790333050011687, 0.4932061981741308, 0.5935472598272388, 0.5627644536865619, 0.43633952776686813, 0.5324955017222187, 0.5554805912116334, 0.5657782293259533], [0.5662549667899064, 0.5935472598272388, 0.5737855465270374, 0.607281769514987, 0.5790333050011687, 0.5657782293259533, 0.5677666603164362, 0.5922927286521152, 0.5627644536865619, 0.5608056265843839, 0.5575427552261092, 0.5268160989425639, 0.5601370354440299, 0.5554805912116334, 0.5387881348350355, 0.5861583390023454]], "best_fitnesss": [0.6030162302550495, 0.607281769514987], "prob_mutate": 0.006696428571428571}