{"num_qubits": 4, "depth": 14, "num_circuit": 16, "num_generation": 10, "current_generation": 2, "fitnessss": [[0.6482987035908271, 0.6587768688344642, 0.6362275075637506, 0.7048656254566291, 0.6518090640053327, 0.5367948517756974, 0.5356359050769097, 0.5287447908207125, 0.5811569880250784, 0.5728064371536242, 0.6800626515470227, 0.6969536655431922, 0.5435107565100944, 0.5524529425586594, 0.6503438139385613, 0.5634633770369503], [0.7048656254566291, 0.6969536655431922, 0.6949653108148831, 0.6160953009395185, 0.6800626515470227, 0.6587768688344642, 0.7317693999287497, 0.5746238235967813, 0.6518090640053327, 0.6503438139385613, 0.6954046992082781, 0.6203039048339114, 0.6482987035908271, 0.6362275075637506, 0.669897519448788, 0.5914728260848111]], "best_fitnesss": [0.7048656254566291, 0.7317693999287497], "prob_mutate": 0.013392857142857142}