{"num_qubits": 4, "depth": 14, "num_circuit": 16, "num_generation": 10, "current_generation": 1, "fitnessss": [[0.5664307976970087, 0.5865307931066662, 0.6505289641539571, 0.6371484064698563, 0.5911182236612327, 0.6195368707098249, 0.5265042202290224, 0.5916120376651197, 0.575646887336515, 0.6232142282173833, 0.6191340836036813, 0.5132715243568352, 0.6971716544789416, 0.5580195234004028, 0.6175186259409824, 0.5647611979612435]], "best_fitnesss": [0.6971716544789416], "prob_mutate": 0.013392857142857142}