{"num_qubits": 4, "depth": 3, "num_circuit": 8, "num_generation": 20, "current_generation": 20, "fitnessss": [[0.21530242629685112, 0.14642723172817296, 0.24619264431413942, 0.10578740311978688, 0.0858223184480984, 0.16089352787102315, 0.18633738467661054, 0.0858223184480984], [0.24619264431413942, 0.21530242629685112, 0.23869768819664916, 0.10345873002906698, 0.18633738467661054, 0.1299118020335189, 0.2352980043681694, 0.08370614600369256], [0.15978373379232008, 0.23292117457513806, 0.23869768819664916, 0.24619264431413942, 0.2352980043681694, 0.0919947264659366, 0.21599902165861512, 0.22626799384511903], [0.24619264431413942, 0.1354205340168154, 0.26421702868199226, 0.151542363973937, 0.2352980043681694, 0.1724393179316947, 0.19375728588692345, 0.1602437177692523], [0.26421702868199226, 0.17626531162076392, 0.24619264431413942, 0.26421702868199226, 0.2352980043681694, 0.19375728588692345, 0.17275029346949675, 0.2352980043681694], [0.26421702868199226, 0.11063227997618456, 0.26421702868199226, 0.21447102629346912, 0.2089152939652453, 0.13669272573332533, 0.22227581114144418, 0.110672337012871], [0.20816806690646214, 0.2035299125882105, 0.26421702868199226, 0.26421702868199226, 0.22227581114144418, 0.21447102629346912, 0.19516428211204817, 0.22227581114144418], [0.26421702868199226, 0.26421702868199226, 0.26421702868199226, 0.26421702868199226, 0.22227581114144418, 0.22227581114144418, 0.17266802670209863, 0.16089352787102315], [0.2536697678638305, 0.26421702868199226, 0.26421702868199226, 0.26421702868199226, 0.26421702868199226, 0.26421702868199226, 0.16948241078218693, 0.2155284239808058], [0.26421702868199226, 0.26421702868199226, 0.2366894935019201, 0.22762531599502983, 0.26421702868199226, 0.26421702868199226, 0.26421702868199226, 0.26421702868199226], [0.26421702868199226, 0.1669033663120312, 0.26421702868199226, 0.26421702868199226, 0.26421702868199226, 0.26421702868199226, 0.26421702868199226, 0.26248969891885665], [0.26421702868199226, 0.26421702868199226, 0.26421702868199226, 0.26421702868199226, 0.32055635793586595, 0.2502316256979211, 0.26421702868199226, 0.26421702868199226], [0.32055635793586595, 0.26421702868199226, 0.27534102916114395, 0.2189871776721098, 0.26421702868199226, 0.27649846174920956, 0.26421702868199226, 0.13133228747299616], [0.11084245711410426, 0.27649846174920956, 0.22655642454479336, 0.24034993232086785, 0.27534102916114395, 0.26421702868199226, 0.27534102916114395, 0.26421702868199226], [0.27649846174920956, 0.27534102916114395, 0.27534102916114395, 0.27373072539298576, 0.2566647399812556, 0.2799190351149864, 0.27534102916114395, 0.26421702868199226], [0.2799190351149864, 0.27649846174920956, 0.2737573210186496, 0.26421702868199226, 0.29433036457935186, 0.27534102916114395, 0.27534102916114395, 0.297576294539815], [0.29758927438527244, 0.286866658662312, 0.29433036457935186, 0.29758927438527244, 0.2799190351149864, 0.27649846174920956, 0.263108535254121, 0.26421702868199226], [0.29758927438527244, 0.29758927438527244, 0.29758927438527244, 0.19045834422056146, 0.29433036457935186, 0.286866658662312, 0.286866658662312, 0.3115179561581952], [0.3115179561581952, 0.24219752853901425, 0.29758927438527244, 0.3115179561581952, 0.29758927438527244, 0.29758927438527244, 0.29758927438527244, 0.18711264758984367], [0.169644374325068, 0.3115179561581952, 0.3115179561581952, 0.3115179561581952, 0.29758927438527244, 0.29758927438527244, 0.27444255298035475, 0.19546653413335618]], "best_fitnesss": [0.24619264431413942, 0.24619264431413942, 0.24619264431413942, 0.26421702868199226, 0.26421702868199226, 0.26421702868199226, 0.26421702868199226, 0.26421702868199226, 0.26421702868199226, 0.26421702868199226, 0.26421702868199226, 0.32055635793586595, 0.32055635793586595, 0.27649846174920956, 0.2799190351149864, 0.297576294539815, 0.29758927438527244, 0.3115179561581952, 0.3115179561581952, 0.3115179561581952], "prob_mutate": 0.125}