{"num_qubits": 4, "depth": 29, "num_circuit": 32, "num_generation": 50, "current_generation": 2, "fitnessss": [[0.9290294651248117, 0.9532689041948192, 0.9195985000882171, 0.8993926471323389, 0.8914732258405029, 0.907542105369638, 0.8700873343244387, 0.9217109171144371, 0.8987454369120809, 0.910213071525239, 0.8993044565846574, 0.8779033712638092, 0.9031118344420594, 0.9270959080722271, 0.9000963429695211, 0.9250283807730139, 0.8963343162812544, 0.8992941568320812, 0.9197826725760748, 0.8809811149983344, 0.9010836718250612, 0.8882816336145914, 0.8902040345475035, 0.8937356111396288, 0.8915446437678701, 0.9447677774315952, 0.8681819078369397, 0.917107063040028, 0.8899066932423894, 0.9121339708696252, 0.8875249207208602, 0.8374512935935448], [0.9532689041948192, 0.9447677774315952, 0.9302327127456775, 0.9304298639866383, 0.9290294651248117, 0.9270959080722271, 0.9373273381824101, 0.9369684399619638, 0.9250283807730139, 0.9217109171144371, 0.8828389268107909, 0.9376339404599315, 0.911185770657756, 0.9195985000882171, 0.9233657950942933, 0.9089278201634252, 0.9328682238181676, 0.9121339708696252, 0.9022361668031026, 0.9099610702504428, 0.8756914909525229, 0.907542105369638, 0.9170545692288326, 0.903742769593266, 0.9031118344420594, 0.9010836718250612, 0.8885670124286618, 0.9068678284502261, 0.8829183881590235, 0.8993926471323389, 0.8888855124350886, 0.907233571016187]], "best_fitnesss": [0.9532689041948192, 0.9532689041948192], "prob_mutate": 0.003232758620689655}