{"num_qubits": 3, "depth": 9, "num_circuit": 16, "num_generation": 40, "current_generation": 2, "fitnessss": [[0.4873158175943373, 0.6888766948007707, 0.7017975839660395, 0.6941882286883132, 0.4671481937955737, 0.394022318121105, 0.5026226836105467, 0.6546096323945267, 0.637652645958576, 0.673744066775728, 0.7320612661371821, 0.5555689063863524, 0.5897352447191601, 0.7429098160567397, 0.5585019210356961, 0.6722955123000642], [0.7429098160567397, 0.7320612661371821, 0.7478743268663207, 0.793302044039342, 0.7017975839660395, 0.6941882286883132, 0.74811723171137, 0.6120163851333557, 0.7158140183170867, 0.673744066775728, 0.6337799063251753, 0.6986153552397212, 0.6722955123000642, 0.6546096323945267, 0.587091531312939, 0.6899470043583824]], "best_fitnesss": [0.7429098160567397, 0.793302044039342], "prob_mutate": 0.020833333333333332}