{"num_qubits": 3, "depth": 9, "num_circuit": 16, "num_generation": 40, "current_generation": 8, "fitnessss": [[0.5197651625940843, 0.6891340257468878, 0.5746312758621139, 0.7024268598441642, 0.6378138008870744, 0.48635105047900007, 0.5195937820475389, 0.6377411849903677, 0.6893456214233592, 0.5393257643538129, 0.5494837240695423, 0.6182697003480235, 0.6975283406229187, 0.373795061191125, 0.6492569602860472, 0.4311189067006018], [0.7024268598441642, 0.6975283406229187, 0.5875758370366185, 0.7154022437424157, 0.6893456214233592, 0.6891340257468878, 0.5785307376767667, 0.7112102566878884, 0.6492569602860472, 0.6378138008870744, 0.6348897320427287, 0.5062638644242046, 0.6377411849903677, 0.6182697003480235, 0.5621035218180623, 0.6110217307899458], [0.7154022437424157, 0.7112102566878884, 0.6124183485343202, 0.6514698876246513, 0.7024268598441642, 0.6975283406229187, 0.5875758370366185, 0.7033651517915266, 0.6893456214233592, 0.6223177405219114, 0.5448305658425678, 0.7112102566878884, 0.6492569602860472, 0.6378138008870744, 0.6348897320427287, 0.47779722238857936], [0.6121890724018966, 0.7112102566878884, 0.641523523937185, 0.7065843900202889, 0.7112102566878884, 0.7033651517915266, 0.7065843900202889, 0.5466787054797582, 0.6312263657266528, 0.6975283406229187, 0.5875758370366185, 0.7154022437424157, 0.6893456214233592, 0.6514698876246513, 0.5046051163411378, 0.739371215005586], [0.739371215005586, 0.6757968725402363, 0.6514698876246513, 0.641523523937185, 0.7112102566878884, 0.7112102566878884, 0.7112102566878884, 0.5081653258462215, 0.7065843900202889, 0.7065843900202889, 0.7065843900202889, 0.7065843900202889, 0.7033651517915266, 0.6975283406229187, 0.4203888957897332, 0.7154022437424157], [0.739371215005586, 0.7154022437424157, 0.6514698876246513, 0.6240908333774458, 0.7112102566878884, 0.7112102566878884, 0.7240488599053132, 0.708609461131356, 0.7112102566878884, 0.599608082997993, 0.7065843900202889, 0.6664673725912955, 0.7065843900202889, 0.7065843900202889, 0.7051254774891174, 0.7065843900202889], [0.739371215005586, 0.7240488599053132, 0.739371215005586, 0.6895495923372786, 0.7154022437424157, 0.7112102566878884, 0.641523523937185, 0.6813464923630388, 0.7112102566878884, 0.7112102566878884, 0.7112102566878884, 0.5685993613865385, 0.708609461131356, 0.716568240677834, 0.6902976583243767, 0.6491831930553837], [0.7923286951346776, 0.739371215005586, 0.739371215005586, 0.739371215005586, 0.7240488599053132, 0.6846169569695405, 0.6473232484368587, 0.6708280438001142, 0.7154022437424157, 0.7112102566878884, 0.641523523937185, 0.7065843900202889, 0.7112102566878884, 0.7227810740712084, 0.7112102566878884, 0.7112102566878884]], "best_fitnesss": [0.7024268598441642, 0.7154022437424157, 0.7154022437424157, 0.739371215005586, 0.739371215005586, 0.739371215005586, 0.739371215005586, 0.7923286951346776], "prob_mutate": 0.020833333333333332}