{"num_qubits": 3, "depth": 2, "num_circuit": 8, "num_generation": 20, "current_generation": 2, "fitnessss": [[0.2825393351485601, 0.18158832160593935, 0.29008395700036055, 0.14691595070452315, 0.2878552166554805, 0.22032207281006116, 0.16517650979812262, 0.4305461456153976], [0.4305461456153976, 0.24920833548531357, 0.22032362240928802, 0.38908765291253883, 0.2878552166554805, 0.2825393351485601, 0.2674729116006366, 0.3132511386482754]], "best_fitnesss": [0.4305461456153976, 0.4305461456153976], "prob_mutate": 0.1875}