{"num_qubits": 4, "depth": 9, "num_circuit": 16, "num_generation": 20, "current_generation": 20, "fitnessss": [[0.23527326888831634, 0.2577167053431403, 0.27523521713479926, 0.25384817396269665, 0.33642488927976044, 0.15987282561929528, 0.21219121826915954, 0.4066902417187197, 0.22229682369245107, 0.2511389828954137, 0.3561854731934907, 0.374952121928507, 0.15983446518260513, 0.29723678286917965, 0.38532128007309063, 0.2818521778037204], [0.3036968295008712, 0.38532128007309063, 0.2450672851107718, 0.549994432649882, 0.374952121928507, 0.3561854731934907, 0.2503172084411338, 0.2689248420684892, 0.33642488927976044, 0.29723678286917965, 0.16097936275734137, 0.4768476300180209, 0.2818521778037204, 0.27523521713479926, 0.15079144857164262, 0.3766888866459013], [0.549994432649882, 0.4768476300180209, 0.24607999862797947, 0.20931796549123116, 0.38532128007309063, 0.3766888866459013, 0.4072829974813871, 0.2015324991708709, 0.374952121928507, 0.3561854731934907, 0.2503172084411338, 0.2689248420684892, 0.33642488927976044, 0.3036968295008712, 0.31753808776141745, 0.33750615672307593], [0.549994432649882, 0.4768476300180209, 0.24607999862797947, 0.20931796549123116, 0.24673238329750857, 0.38532128007309063, 0.38532128007309063, 0.4072829974813871, 0.3766888866459013, 0.17363103241963052, 0.2709175258508867, 0.28849709535311585, 0.3561854731934907, 0.33750615672307593, 0.19655790141788254, 0.3269417921561164], [0.549994432649882, 0.21895478573286464, 0.24607999862797947, 0.20931796549123116, 0.4072829974813871, 0.38532128007309063, 0.38532128007309063, 0.4072829974813871, 0.38532128007309063, 0.24196543589192032, 0.24547398493378192, 0.2015324991708709, 0.3561854731934907, 0.33750615672307593, 0.19655790141788254, 0.3269417921561164], [0.43301838670586856, 0.4072829974813871, 0.2887731339639079, 0.41600213428583643, 0.4072829974813871, 0.38532128007309063, 0.38532128007309063, 0.4072829974813871, 0.38532128007309063, 0.38532128007309063, 0.38532128007309063, 0.38532128007309063, 0.3561854731934907, 0.33750615672307593, 0.19655790141788254, 0.19602651166462015], [0.43301838670586856, 0.298892219847289, 0.549994432649882, 0.25997980037585733, 0.4072829974813871, 0.4072829974813871, 0.4072829974813871, 0.4072829974813871, 0.4072829974813871, 0.17209855311744404, 0.38532128007309063, 0.18452591338514268, 0.4629225504660023, 0.38532128007309063, 0.38532128007309063, 0.2530651105109927], [0.549994432649882, 0.4629225504660023, 0.34019677579542673, 0.35126018775885626, 0.43301838670586856, 0.4072829974813871, 0.2887731339639079, 0.48976063349168486, 0.4072829974813871, 0.4072829974813871, 0.4072829974813871, 0.4072829974813871, 0.4072829974813871, 0.4105615503678335, 0.4072829974813871, 0.4072829974813871], [0.549994432649882, 0.48976063349168486, 0.43301838670586856, 0.35126018775885626, 0.12762592275157214, 0.43301838670586856, 0.48976063349168486, 0.34019677579542673, 0.4105615503678335, 0.4072829974813871, 0.4072829974813871, 0.24536111076072564, 0.4072829974813871, 0.4072829974813871, 0.4072829974813871, 0.4072829974813871], [0.549994432649882, 0.48976063349168486, 0.43301838670586856, 0.35126018775885626, 0.22153106848398996, 0.43301838670586856, 0.48976063349168486, 0.43301838670586856, 0.43301838670586856, 0.4105615503678335, 0.35994434172008727, 0.48976063349168486, 0.4072829974813871, 0.4072829974813871, 0.4072829974813871, 0.4072829974813871], [0.549994432649882, 0.48976063349168486, 0.2896642922460255, 0.35126018775885626, 0.3561876259270329, 0.48976063349168486, 0.48976063349168486, 0.48976063349168486, 0.43301838670586856, 0.43301838670586856, 0.43301838670586856, 0.43301838670586856, 0.43301838670586856, 0.43301838670586856, 0.43301838670586856, 0.43301838670586856], [0.549994432649882, 0.48976063349168486, 0.43301838670586856, 0.35126018775885626, 0.3631161558325242, 0.48976063349168486, 0.48976063349168486, 0.48976063349168486, 0.48976063349168486, 0.43301838670586856, 0.48976063349168486, 0.43301838670586856, 0.43301838670586856, 0.43301838670586856, 0.43301838670586856, 0.46114769906059494], [0.549994432649882, 0.48976063349168486, 0.43301838670586856, 0.35126018775885626, 0.48976063349168486, 0.40320775409435006, 0.48976063349168486, 0.40899539357722037, 0.48976063349168486, 0.48976063349168486, 0.48976063349168486, 0.3947654628212828, 0.48976063349168486, 0.3979551465719269, 0.48976063349168486, 0.46114769906059494], [0.549994432649882, 0.48976063349168486, 0.43301838670586856, 0.3648348441465722, 0.48976063349168486, 0.48976063349168486, 0.48976063349168486, 0.48976063349168486, 0.48976063349168486, 0.33513122990015454, 0.48976063349168486, 0.3095365197376456, 0.48976063349168486, 0.48976063349168486, 0.3728195935880978, 0.48976063349168486], [0.549994432649882, 0.48976063349168486, 0.38346897202970076, 0.35126018775885626, 0.48976063349168486, 0.48976063349168486, 0.4255532159305552, 0.45031463826262486, 0.48976063349168486, 0.48976063349168486, 0.48976063349168486, 0.48976063349168486, 0.48976063349168486, 0.48976063349168486, 0.5328590138125756, 0.48976063349168486], [0.549994432649882, 0.5905495423745416, 0.43301838670586856, 0.47986789697874555, 0.48976063349168486, 0.4127748380956403, 0.48976063349168486, 0.48976063349168486, 0.48976063349168486, 0.48976063349168486, 0.4591953184079721, 0.48976063349168486, 0.48976063349168486, 0.48976063349168486, 0.48976063349168486, 0.48976063349168486], [0.5905495423745416, 0.549994432649882, 0.44287917665920373, 0.43301838670586856, 0.48976063349168486, 0.48976063349168486, 0.48976063349168486, 0.46952502135034657, 0.39357566703217717, 0.48976063349168486, 0.48976063349168486, 0.48976063349168486, 0.3339642987287986, 0.48976063349168486, 0.48976063349168486, 0.48976063349168486], [0.3733458595047281, 0.549994432649882, 0.44287917665920373, 0.43301838670586856, 0.48976063349168486, 0.48976063349168486, 0.48976063349168486, 0.48976063349168486, 0.48976063349168486, 0.48976063349168486, 0.48976063349168486, 0.48976063349168486, 0.48976063349168486, 0.48976063349168486, 0.48976063349168486, 0.48976063349168486], [0.549994432649882, 0.48976063349168486, 0.35746349441791736, 0.35126018775885626, 0.48976063349168486, 0.48976063349168486, 0.48976063349168486, 0.48976063349168486, 0.48976063349168486, 0.48976063349168486, 0.48976063349168486, 0.48976063349168486, 0.48976063349168486, 0.48976063349168486, 0.48976063349168486, 0.4789097586104418], [0.549994432649882, 0.48976063349168486, 0.43301838670586856, 0.35126018775885626, 0.31489128479675044, 0.48976063349168486, 0.48976063349168486, 0.48976063349168486, 0.48976063349168486, 0.48976063349168486, 0.31910362237520085, 0.48976063349168486, 0.45055370381845417, 0.48976063349168486, 0.48976063349168486, 0.48976063349168486]], "best_fitnesss": [0.4066902417187197, 0.549994432649882, 0.549994432649882, 0.549994432649882, 0.549994432649882, 0.43301838670586856, 0.549994432649882, 0.549994432649882, 0.549994432649882, 0.549994432649882, 0.549994432649882, 0.549994432649882, 0.549994432649882, 0.549994432649882, 0.549994432649882, 0.5905495423745416, 0.5905495423745416, 0.549994432649882, 0.549994432649882, 0.549994432649882], "prob_mutate": 0.020833333333333332}