{"num_qubits": 4, "depth": 21, "num_circuit": 32, "num_generation": 20, "current_generation": 1, "fitnessss": [[0.7817752433841003, 0.860456578611922, 0.7940011214669886, 0.8139178111792178, 0.7688360237657523, 0.798347050934511, 0.7889544696734486, 0.7336789446144787, 0.7178106420491582, 0.8406034731364548, 0.8526642125264223, 0.8316686240562225, 0.8071515602667775, 0.7891075819876827, 0.7956473482528669, 0.7743507920097423, 0.770076616647039, 0.8204992239257465, 0.6737842275255961, 0.8186390798959519, 0.8400344471898945, 0.7786120984997779, 0.7730672070949398, 0.7570289703919885, 0.8157854887789467, 0.7502872251157672, 0.748045254191869, 0.8114672458556076, 0.7733490231688033, 0.8516864757116742, 0.8147092890608876, 0.8305560557959932]], "best_fitnesss": [0.860456578611922], "prob_mutate": 0.004464285714285714}