{"num_qubits": 4, "depth": 9, "num_circuit": 16, "num_generation": 20, "current_generation": 20, "fitnessss": [[0.3289499844433983, 0.10771813867490798, 0.2149057121331217, 0.42268697144081924, 0.20892119310581792, 0.28711410525862635, 0.42096198612467517, 0.1566131194953485, 0.3420053064243064, 0.36762465562844837, 0.2871341932278826, 0.47790544124760004, 0.16603190813151247, 0.20345437898906327, 0.2217560424955234, 0.26624898077674175], [0.47790544124760004, 0.42848098169712445, 0.4270727827278702, 0.329972260279326, 0.42096198612467517, 0.36762465562844837, 0.22424518764740964, 0.4492075373905442, 0.23565830372146956, 0.3289499844433983, 0.22147359314661474, 0.26262495979464395, 0.2871341932278826, 0.28711410525862635, 0.19282392692270012, 0.24613439871153198], [0.47790544124760004, 0.4492075373905442, 0.41180789066835854, 0.27210188107704814, 0.41683384437538784, 0.4270727827278702, 0.42268697144081924, 0.36855980317440606, 0.42096198612467517, 0.36762465562844837, 0.22424518764740964, 0.4492075373905442, 0.329972260279326, 0.3289499844433983, 0.25665205687758796, 0.22460493029417739], [0.47790544124760004, 0.4492075373905442, 0.2886088607230586, 0.27210188107704814, 0.4492075373905442, 0.4270727827278702, 0.24872068747436593, 0.2886088607230586, 0.42268697144081924, 0.42096198612467517, 0.35039669471056045, 0.3964897362111516, 0.2500810875220578, 0.41180789066835854, 0.37230153462744364, 0.4575718663012476], [0.47790544124760004, 0.4575718663012476, 0.4575718663012476, 0.47790544124760004, 0.4492075373905442, 0.41003680957066546, 0.4492075373905442, 0.4492075373905442, 0.4270727827278702, 0.42268697144081924, 0.5600473330676323, 0.30869158202307045, 0.42096198612467517, 0.41180789066835854, 0.36105518073835463, 0.2886088607230586], [0.5600473330676323, 0.372436587579587, 0.38958669314554795, 0.5600473330676323, 0.47790544124760004, 0.4575718663012476, 0.4575718663012476, 0.47790544124760004, 0.4575718663012476, 0.4492075373905442, 0.2672839050982475, 0.33170434438045193, 0.4492075373905442, 0.23448054009811536, 0.4492075373905442, 0.4492075373905442], [0.5600473330676323, 0.5600473330676323, 0.5600473330676323, 0.5600473330676323, 0.47790544124760004, 0.46179250301912067, 0.47790544124760004, 0.47790544124760004, 0.3845391802049314, 0.4575718663012476, 0.4575718663012476, 0.4575718663012476, 0.4575718663012476, 0.4492075373905442, 0.2886088607230586, 0.33170434438045193], [0.5600473330676323, 0.5600473330676323, 0.5600473330676323, 0.4904781724795293, 0.5600473330676323, 0.5600473330676323, 0.5600473330676323, 0.5600473330676323, 0.47790544124760004, 0.47790544124760004, 0.47790544124760004, 0.47790544124760004, 0.3988048167889734, 0.46179250301912067, 0.46179250301912067, 0.20076544993266088], [0.5600473330676323, 0.19427971151495826, 0.36686852053704655, 0.5600473330676323, 0.40374434494608946, 0.23158980734515733, 0.5600473330676323, 0.5600473330676323, 0.5600473330676323, 0.5600473330676323, 0.5600473330676323, 0.5600473330676323, 0.4091993889994331, 0.4904781724795293, 0.5600473330676323, 0.2652188444598421], [0.5600473330676323, 0.5600473330676323, 0.5600473330676323, 0.5600473330676323, 0.5600473330676323, 0.5600473330676323, 0.5600473330676323, 0.5600473330676323, 0.5600473330676323, 0.4428416860968041, 0.5600473330676323, 0.4072270110366203, 0.5600473330676323, 0.4195408514640794, 0.5600473330676323, 0.5600473330676323], [0.5600473330676323, 0.5600473330676323, 0.5600473330676323, 0.5600473330676323, 0.5600473330676323, 0.5600473330676323, 0.5600473330676323, 0.5600473330676323, 0.5600473330676323, 0.5600473330676323, 0.5600473330676323, 0.5600473330676323, 0.5600473330676323, 0.5600473330676323, 0.5600473330676323, 0.5600473330676323], [0.5600473330676323, 0.5600473330676323, 0.5600473330676323, 0.22911818234610914, 0.5600473330676323, 0.5600473330676323, 0.5600473330676323, 0.5600473330676323, 0.5600473330676323, 0.5600473330676323, 0.5600473330676323, 0.5600473330676323, 0.5600473330676323, 0.5600473330676323, 0.5600473330676323, 0.5600473330676323], [0.5600473330676323, 0.5600473330676323, 0.5600473330676323, 0.5600473330676323, 0.5100810434351356, 0.5600473330676323, 0.5600473330676323, 0.5600473330676323, 0.5600473330676323, 0.5600473330676323, 0.5600473330676323, 0.5600473330676323, 0.5600473330676323, 0.5600473330676323, 0.5600473330676323, 0.5600473330676323], [0.5600473330676323, 0.5600473330676323, 0.5600473330676323, 0.5600473330676323, 0.2623573576580409, 0.5600473330676323, 0.5600473330676323, 0.5600473330676323, 0.5449380955343166, 0.5600473330676323, 0.5600473330676323, 0.5600473330676323, 0.5600473330676323, 0.5600473330676323, 0.5600473330676323, 0.5600473330676323], [0.5600473330676323, 0.2880973356029761, 0.5600473330676323, 0.5600473330676323, 0.5600473330676323, 0.5600473330676323, 0.5600473330676323, 0.5600473330676323, 0.5600473330676323, 0.5600473330676323, 0.5600473330676323, 0.5600473330676323, 0.5600473330676323, 0.5600473330676323, 0.21552470118615186, 0.4238251376604486], [0.23311531850727962, 0.2591567180089178, 0.3947496495667311, 0.5600473330676323, 0.1883201171871811, 0.5600473330676323, 0.5600473330676323, 0.5196931769543214, 0.5600473330676323, 0.5600473330676323, 0.5600473330676323, 0.5600473330676323, 0.5600473330676323, 0.5600473330676323, 0.5600473330676323, 0.5600473330676323], [0.5600473330676323, 0.5600473330676323, 0.5600473330676323, 0.4881921034121207, 0.4062410329859565, 0.22167106177732465, 0.5600473330676323, 0.5600473330676323, 0.5600473330676323, 0.5600473330676323, 0.2216644666175973, 0.5600473330676323, 0.5600473330676323, 0.5600473330676323, 0.48330836889003015, 0.5600473330676323], [0.5600473330676323, 0.5600473330676323, 0.5079141485859633, 0.5600473330676323, 0.5600473330676323, 0.5600473330676323, 0.43507880903930296, 0.5600473330676323, 0.5600473330676323, 0.5600473330676323, 0.5600473330676323, 0.5600473330676323, 0.5600473330676323, 0.5600473330676323, 0.5600473330676323, 0.5600473330676323], [0.5600473330676323, 0.5600473330676323, 0.5600473330676323, 0.5600473330676323, 0.5600473330676323, 0.5600473330676323, 0.5600473330676323, 0.5600473330676323, 0.5600473330676323, 0.42222342298661775, 0.5600473330676323, 0.5600473330676323, 0.5600473330676323, 0.5600473330676323, 0.5600473330676323, 0.5600473330676323], [0.2098871707924227, 0.5600473330676323, 0.5167145880428238, 0.5600473330676323, 0.5511924619582222, 0.5600473330676323, 0.5600473330676323, 0.5600473330676323, 0.5600473330676323, 0.5600473330676323, 0.5600473330676323, 0.5600473330676323, 0.5600473330676323, 0.25770556832523206, 0.4376820584666421, 0.41209196852005203]], "best_fitnesss": [0.47790544124760004, 0.47790544124760004, 0.47790544124760004, 0.47790544124760004, 0.5600473330676323, 0.5600473330676323, 0.5600473330676323, 0.5600473330676323, 0.5600473330676323, 0.5600473330676323, 0.5600473330676323, 0.5600473330676323, 0.5600473330676323, 0.5600473330676323, 0.5600473330676323, 0.5600473330676323, 0.5600473330676323, 0.5600473330676323, 0.5600473330676323, 0.5600473330676323], "prob_mutate": 0.020833333333333332}