{"num_qubits": 4, "depth": 6, "num_circuit": 4, "num_generation": 20, "current_generation": 20, "fitnessss": [[0.4307466165460376, 0.3583269977563618, 0.3204304060422768, 0.42104801530392677], [0.350086155192573, 0.42104801530392677, 0.4602065877939593, 0.4317119269261965], [0.4602065877939593, 0.4202145267131613, 0.4307466165460376, 0.42104801530392677], [0.4602065877939593, 0.3998861922277427, 0.3176728929591236, 0.4602065877939593], [0.421918676554465, 0.4602065877939593, 0.4602065877939593, 0.39325492131191064], [0.4602065877939593, 0.4602065877939593, 0.3624832166258038, 0.4010584629092914], [0.4602065877939593, 0.501765676926147, 0.4602065877939593, 0.4602065877939593], [0.4534804501615534, 0.4602065877939593, 0.501765676926147, 0.4602065877939593], [0.501765676926147, 0.41161778384545056, 0.3889390080030276, 0.4602065877939593], [0.3062171990132064, 0.43215413679098746, 0.501765676926147, 0.4602065877939593], [0.501765676926147, 0.2959207342039904, 0.44798737130741495, 0.4602065877939593], [0.3466848401156041, 0.4602065877939593, 0.501765676926147, 0.3031972713193363], [0.501765676926147, 0.4088440472354316, 0.3860894110395002, 0.4602065877939593], [0.501765676926147, 0.4602065877939593, 0.501765676926147, 0.36141716977808586], [0.385452031205134, 0.24477556239725776, 0.501765676926147, 0.501765676926147], [0.3781922412098734, 0.501765676926147, 0.3462977930747072, 0.31309379585891284], [0.3019776379357299, 0.284679740177792, 0.46517756795195764, 0.3781922412098734], [0.5102775093317435, 0.3781922412098734, 0.35668358644304876, 0.41425930771594316], [0.40242147332404965, 0.41425930771594316, 0.4281249630203319, 0.3977942057038262], [0.42929519414874245, 0.3352939907325495, 0.4168455460385774, 0.25471932713976375]], "best_fitnesss": [0.4307466165460376, 0.4602065877939593, 0.4602065877939593, 0.4602065877939593, 0.4602065877939593, 0.4602065877939593, 0.501765676926147, 0.501765676926147, 0.501765676926147, 0.501765676926147, 0.501765676926147, 0.501765676926147, 0.501765676926147, 0.501765676926147, 0.501765676926147, 0.501765676926147, 0.46517756795195764, 0.5102775093317435, 0.4281249630203319, 0.42929519414874245], "prob_mutate": 0.125}