{"num_qubits": 4, "depth": 12, "num_circuit": 4, "num_generation": 50, "current_generation": 2, "fitnessss": [[0.39718073820830624, 0.5050120500204108, 0.4735231881674428, 0.5595014777861494], [0.5716934307439807, 0.5050120500204108, 0.6040850909507178, 0.5288231027905674]], "best_fitnesss": [0.5595014777861494, 0.6040850909507178], "prob_mutate": 0.0625}