{"num_qubits": 2, "depth": 2, "num_circuit": 32, "num_generation": 40, "current_generation": 25, "fitnessss": [[0.13516436141463467, 0.19630702759825658, 0.4967435599663455, 0.4334733903335192, 0.2679891851553656, 0.33140896421208704, 0.49884432557228753, 0.39271332745041765, 0.13516436141463467, 0.581697888581459, 0.13516436141463467, 0.49260200444926083, 0.4314721098767368, 0.13516436141463467, 0.16184104676893285, 0.13516436141463467, 0.13516436141463467, 0.13516436141463467, 0.470977282851488, 0.5116368663929438, 0.4640661761255454, 0.2679891851553656, 0.48651889572906776, 0.44146115445127165, 0.2675801853614475, 0.4899148986836813, 0.13516436141463467, 0.4155360468628415, 0.5971974744886398, 0.4314721098767368, 0.3037708191587149, 0.2962882389677975], [0.5971974744886398, 0.581697888581459, 0.48425806887135475, 0.46724614447552115, 0.5116368663929438, 0.49884432557228753, 0.5949319582967595, 0.5449519767727182, 0.4967435599663455, 0.49260200444926083, 0.5101456861055702, 0.4059204915619519, 0.4899148986836813, 0.19630702759825658, 0.44545270601429865, 0.7139441578026926, 0.470977282851488, 0.4640661761255454, 0.4895728722470853, 0.2675801853614475, 0.44146115445127165, 0.4334733903335192, 0.4334733903335192, 0.44146115445127165, 0.4314721098767368, 0.4314721098767368, 0.4314721098767368, 0.4314721098767368, 0.4155360468628415, 0.39271332745041765, 0.2751050510391573, 0.301251457301572], [0.7139441578026926, 0.5971974744886398, 0.5380694535771396, 0.7189418352894288, 0.5949319582967595, 0.581697888581459, 0.6776361150896275, 0.48643216691743757, 0.5449519767727182, 0.5116368663929438, 0.5449519767727182, 0.5116368663929438, 0.5101456861055702, 0.49884432557228753, 0.2718499088647587, 0.686686962635316, 0.4967435599663455, 0.6466723204179605, 0.5101456861055702, 0.4059204915619519, 0.4899148986836813, 0.4895728722470853, 0.4640661761255454, 0.5693136629433571, 0.48425806887135475, 0.470977282851488, 0.5449519767727182, 0.5135523994565042, 0.46724614447552115, 0.4640661761255454, 0.5653151177382273, 0.2675801853614475], [0.7189418352894288, 0.7139441578026926, 0.7189418352894288, 0.7139441578026926, 0.686686962635316, 0.6776361150896275, 0.6558040556620934, 0.7214386519159344, 0.6466723204179605, 0.5971974744886398, 0.5539423642542808, 0.686686962635316, 0.5949319582967595, 0.581697888581459, 0.6776361150896275, 0.48643216691743757, 0.5693136629433571, 0.5653151177382273, 0.4772872845684013, 0.6612101761661797, 0.5449519767727182, 0.5449519767727182, 0.5449519767727182, 0.5449519767727182, 0.5449519767727182, 0.5380694535771396, 0.5971974744886398, 0.4423146512120638, 0.5135523994565042, 0.5116368663929438, 0.470977282851488, 0.48676373411413965], [0.7214386519159344, 0.7189418352894288, 0.7214386519159344, 0.718941835289429, 0.7189418352894288, 0.7139441578026926, 0.7189418352894288, 0.7139441578026926, 0.7139441578026926, 0.686686962635316, 0.7139441578026926, 0.686686962635316, 0.686686962635316, 0.6776361150896275, 0.6541286677198686, 0.7214386519159344, 0.6776361150896275, 0.6612101761661797, 0.7214386519159344, 0.581697888581459, 0.6558040556620934, 0.6466723204179605, 0.7139441578026925, 0.6330860734059355, 0.5971974744886398, 0.5971974744886398, 0.5971974744886398, 0.5971974744886398, 0.5949319582967595, 0.581697888581459, 0.6862064195818163, 0.48643216691743757], [0.7214386519159344, 0.7214386519159344, 0.7214386519159344, 0.7214386519159344, 0.7214386519159344, 0.7214386519159344, 0.7214386519159344, 0.7214386519159344, 0.718941835289429, 0.7189418352894288, 0.7189418352894288, 0.718941835289429, 0.7189418352894288, 0.7189418352894288, 0.7189418352894288, 0.7189418352894288, 0.7139441578026926, 0.7139441578026926, 0.7139441578026926, 0.3629205703267938, 0.7214386519159343, 0.7139441578026926, 0.7139441578026926, 0.7139441578026926, 0.7139441578026925, 0.686686962635316, 0.7139441578026925, 0.686686962635316, 0.686686962635316, 0.686686962635316, 0.686686962635316, 0.686686962635316], [0.7214386519159344, 0.7214386519159344, 0.6421510270994342, 0.7214386519159344, 0.7214386519159344, 0.7214386519159344, 0.7214386519159344, 0.7214386519159344, 0.7214386519159344, 0.7214386519159344, 0.7214386519159344, 0.7214386519159344, 0.4853597781573001, 0.7214386519159344, 0.7214386519159344, 0.7214386519159344, 0.7214386519159343, 0.718941835289429, 0.7214386519159343, 0.7189418352894288, 0.718941835289429, 0.7189418352894288, 0.49260200444926083, 0.718941835289429, 0.7189418352894288, 0.7189418352894288, 0.7189418352894288, 0.7189418352894288, 0.7189418352894288, 0.7189418352894288, 0.7189418352894288, 0.7189418352894288], [0.7214386519159344, 0.7189418352894288, 0.7214386519159344, 0.7214386519159344, 0.7214386519159344, 0.7214386519159344, 0.7214386519159344, 0.49260200444926083, 0.7214386519159344, 0.7214386519159344, 0.7214386519159344, 0.7214386519159344, 0.7214386519159344, 0.7214386519159344, 0.7214386519159344, 0.569313662943357, 0.7214386519159344, 0.6169821512591671, 0.7214386519159344, 0.7214386519159344, 0.7214386519159344, 0.7214386519159344, 0.7214386519159344, 0.7214386519159344, 0.7214386519159344, 0.7214386519159344, 0.7214386519159344, 0.7214386519159344, 0.7214386519159343, 0.7214386519159343, 0.7214386519159343, 0.7214386519159343], [0.7214386519159344, 0.7214386519159344, 0.7214386519159344, 0.7214386519159344, 0.7214386519159344, 0.7214386519159344, 0.7214386519159344, 0.7214386519159344, 0.7214386519159344, 0.7214386519159344, 0.7214386519159344, 0.7214386519159344, 0.7214386519159344, 0.7214386519159344, 0.7214386519159344, 0.7214386519159344, 0.7214386519159344, 0.7214386519159344, 0.7214386519159344, 0.7214386519159344, 0.7214386519159344, 0.7214386519159344, 0.5017646388093464, 0.7214386519159344, 0.7214386519159344, 0.7214386519159344, 0.7214386519159344, 0.7214386519159344, 0.6340013497123655, 0.7214386519159344, 0.7214386519159344, 0.7214386519159344], [0.7214386519159344, 0.7214386519159344, 0.7214386519159344, 0.6185231620988793, 0.7214386519159344, 0.7214386519159344, 0.7214386519159344, 0.7214386519159344, 0.7214386519159344, 0.7214386519159344, 0.6776361150896275, 0.7214386519159344, 0.7214386519159344, 0.7214386519159344, 0.7214386519159344, 0.7214386519159344, 0.7214386519159344, 0.47307719020742944, 0.7214386519159344, 0.7214386519159344, 0.7214386519159344, 0.6017154597350878, 0.7214386519159344, 0.7214386519159344, 0.7214386519159344, 0.7214386519159344, 0.7214386519159344, 0.7214386519159344, 0.7214386519159344, 0.6466723204179605, 0.7214386519159344, 0.7214386519159344], [0.7214386519159344, 0.49260200444926083, 0.7214386519159344, 0.7214386519159344, 0.7214386519159344, 0.6172239342310736, 0.7214386519159344, 0.7214386519159344, 0.7214386519159344, 0.7765521088078283, 0.7214386519159344, 0.7214386519159344, 0.7214386519159344, 0.7214386519159344, 0.7214386519159344, 0.7214386519159344, 0.7214386519159344, 0.7214386519159344, 0.7214386519159344, 0.7214386519159344, 0.7214386519159344, 0.7214386519159344, 0.7214386519159344, 0.7214386519159344, 0.7214386519159344, 0.7214386519159344, 0.7214386519159344, 0.7214386519159344, 0.7214386519159344, 0.7214386519159344, 0.7214386519159344, 0.7214386519159344], [0.7765521088078283, 0.7214386519159344, 0.7765521088078283, 0.7214386519159344, 0.7214386519159344, 0.7214386519159344, 0.6185231620988793, 0.7214386519159344, 0.7214386519159344, 0.7214386519159344, 0.7214386519159344, 0.5116368663929438, 0.7214386519159344, 0.7214386519159344, 0.7214386519159344, 0.7214386519159344, 0.5103266819088265, 0.7214386519159344, 0.7214386519159344, 0.7214386519159344, 0.7214386519159344, 0.7214386519159344, 0.7214386519159344, 0.7214386519159344, 0.7214386519159344, 0.7214386519159344, 0.6340013497123655, 0.7214386519159344, 0.7214386519159344, 0.7214386519159344, 0.7214386519159344, 0.7214386519159344], [0.7765521088078283, 0.7765521088078283, 0.7765521088078283, 0.7765521088078283, 0.7214386519159344, 0.7214386519159344, 0.7214386519159344, 0.7214386519159344, 