{"num_qubits": 5, "depth": 3, "num_circuit": 32, "num_generation": 50, "current_generation": 15, "fitnessss": [[0.08685367794029078, 0.07674736892552766, 0.06743204340500711, 0.08106993616614978, 0.0970999116527159, 0.07947154650122054, 0.2013640761276097, 0.05345452433078659, 0.12590122081358984, 0.0438367471115782, 0.08319872852830298, 0.14375225484916096, 0.03933263667060046, 0.1251071983290865, 0.15426833779621635, 0.11588561418485703, 0.13932503417262374, 0.16071426382685897, 0.08220580823258787, 0.1220246423317887, 0.10172886173410582, 0.14603356903944842, 0.1829755515934013, 0.14925101748716085, 0.07178453195885418, 0.07635705845124974, 0.042658485759616324, 0.14710193168205368, 0.06146198248538363, 0.1446752659875901, 0.0888179622015144, 0.1048647497616764], [0.2013640761276097, 0.1829755515934013, 0.14212127575692646, 0.14287372329916007, 0.16071426382685897, 0.15426833779621635, 0.16122808657642676, 0.14112616756604773, 0.14925101748716085, 0.14710193168205368, 0.08672305103975282, 0.1447306424705313, 0.14603356903944842, 0.1446752659875901, 0.11899623817406133, 0.17623986551218446, 0.14375225484916096, 0.13932503417262374, 0.07935289467839585, 0.17272108712670575, 0.12590122081358984, 0.1251071983290865, 0.08073840903937136, 0.11088300615118127, 0.1220246423317887, 0.11588561418485703, 0.13282668585762486, 0.13520307301761808, 0.1048647497616764, 0.10172886173410582, 0.09145537360703102, 0.09843205333876918], [0.2013640761276097, 0.1829755515934013, 0.14212127575692646, 0.11862780000453069, 0.17623986551218446, 0.17272108712670575, 0.14612635888705916, 0.12295120843693866, 0.16122808657642676, 0.16071426382685897, 0.16071426382685897, 0.16122808657642676, 0.15426833779621635, 0.0997692455063203, 0.10947375150072122, 0.15713572413519997, 0.08929253131666733, 0.14603356903944842, 0.14302146987595984, 0.04669951603387514, 0.1447306424705313, 0.1446752659875901, 0.1416576189277956, 0.1563931562567214, 0.12856358571965637, 0.14287372329916007, 0.16526294204963124, 0.16133660267963443, 0.14212127575692646, 0.14112616756604773, 0.15475977214826403, 0.13097807666072186], [0.2013640761276097, 0.1829755515934013, 0.14212127575692646, 0.11862780000453069, 0.17623986551218446, 0.16283622084845562, 0.15805291064606405, 0.17919083721694343, 0.16526294204963124, 0.16133660267963443, 0.14375225484916096, 0.14287372329916007, 0.16122808657642676, 0.16122808657642676, 0.16122808657642676, 0.16122808657642676, 0.16071426382685897, 0.16071426382685897, 0.16071426382685897, 0.16071426382685897, 0.15713572413519997, 0.1563931562567214, 0.14925101748716085, 0.16028053007548596, 0.15475977214826403, 0.15426833779621635, 0.1708369846513731, 0.14112616756604773, 0.14612635888705916, 0.14603356903944842, 0.17623986551218446, 0.14053081521831556], [0.2013640761276097, 0.18570097229786522, 0.14212127575692646, 0.11862780000453069, 0.17919083721694343, 0.17623986551218446, 0.17919083721694343, 0.17623986551218446, 0.17623986551218446, 0.1708369846513731, 0.13572727027892786, 0.17727645069299594, 0.16526294204963124, 0.16283622084845562, 0.14194203322347568, 0.20632007915053507, 0.16133660267963443, 0.16122808657642676, 0.13722845550180737, 0.14738130914071268, 0.16122808657642676, 0.09132195760362936, 0.16122808657642676, 0.20441340290977675, 0.16122808657642676, 0.16686601708344956, 0.16071426382685897, 0.16122808657642676, 0.16071426382685897, 0.11079499550804661, 0.16071426382685897, 0.16071426382685897], [0.20632007915053507, 0.20441340290977675, 0.16971349738408015, 0.1229481039660186, 0.2013640761276097, 0.18570097229786522, 0.14212127575692646, 0.17013496435892278, 0.17919083721694343, 0.17919083721694343, 0.12136991454181748, 0.17919083721694343, 0.17727645069299594, 0.17623986551218446, 0.17727645069299594, 0.17623986551218446, 0.17623986551218446, 0.17623986551218446, 0.1332878789484601, 0.17623986551218446, 0.1708369846513731, 0.16686601708344956, 0.17440428309184214, 0.16122808657642676, 0.16526294204963124, 0.19490010231044713, 0.14194203322347568, 0.20632007915053507, 0.16133660267963443, 0.16122808657642676, 0.13722845550180737, 0.14738130914071268], [0.17076770980303407, 0.20632007915053507, 0.20632007915053507, 0.20632007915053507, 0.20441340290977675, 0.2013640761276097, 0.1229481039660186, 0.13778750611128138, 0.19490010231044713, 0.18570097229786522, 0.17728315158985447, 0.20980504915076725, 0.17919083721694343, 0.17919083721694343, 0.118538863160542, 0.17919083721694343, 0.17919083721694343, 0.17727645069299594, 0.17919083721694343, 0.17727645069299594, 0.17727645069299594, 0.17623986551218446, 0.12463949449858247, 0.17623986551218446, 0.17623986551218446, 0.17623986551218446, 0.17623986551218446, 0.17623986551218446, 0.1352264834177488, 0.17623986551218446, 0.17623986551218446, 0.17623986551218446], [0.17671553089039307, 0.20632007915053507, 0.17013496435892278, 0.16283622084845562, 0.20632007915053507, 0.20632007915053507, 0.20632007915053507, 0.20632007915053507, 0.20441340290977675, 0.2013640761276097, 0.1229481039660186, 0.13778750611128138, 0.19490010231044713, 0.18570097229786522, 0.17728315158985447, 0.20980504915076725, 0.17919083721694343, 0.17919083721694343, 0.17919083721694343, 0.17919083721694343, 0.17919083721694343, 0.17919083721694343, 0.17919083721694343, 0.17919083721694343, 0.17919083721694343, 0.17728315158985447, 0.1517807820403404, 0.14257855899306002, 0.17727645069299594, 0.17727645069299594, 0.17727645069299594, 0.17727645069299594], [0.20980504915076725, 0.1589751283535759, 0.17013496435892278, 0.16283622084845562, 0.20632007915053507, 0.20632007915053507, 0.20632007915053507, 0.20632007915053507, 0.20632007915053507, 0.20632007915053507, 0.20632007915053507, 0.20632007915053507, 0.13278355988108909, 0.2013640761276097, 0.1229481039660186, 0.13778750611128138, 0.19490010231044713, 0.15882593177986154, 0.17728315158985447, 0.20980504915076725, 0.17919083721694343, 0.17919083721694343, 0.17919083721694343, 0.17919083721694343, 0.16441559954198853, 0.17919083721694343, 0.17919083721694343, 0.17919083721694343, 0.17919083721694343, 0.17919083721694343, 0.17919083721694343, 0.17919083721694343], [0.20980504915076725, 0.20980504915076725, 0.20980504915076725, 0.20980504915076725, 0.20632007915053507, 0.14093583286014785, 0.20632007915053507, 0.20632007915053507, 0.20632007915053507, 0.20632007915053507, 0.20632007915053507, 0.20632007915053507, 0.20632007915053507, 0.20632007915053507, 0.20632007915053507, 0.20632007915053507, 0.20632007915053507, 0.20632007915053507, 0.20632007915053507, 0.20632007915053507, 0.2013640761276097, 0.19490010231044713, 0.1599647519068463, 0.1770282301205556, 0.17919083721694343, 0.17919083721694343, 0.17919083721694343, 0.17919083721694343, 0.17919083721694343, 0.17919083721694343, 0.17919083721694343, 0.17919083721694343], [0.20980504915076725, 0.20980504915076725, 0.20980504915076725, 0.20980504915076725, 0.20980504915076725, 0.20980504915076725, 0.14413581356787597, 0.20980504915076725, 0.20632007915053507, 0.20632007915053507, 0.20632007915053507, 0.20632007915053507, 0.20632007915053507, 0.20632007915053507, 0.20632007915053507, 0.20632007915053507, 0.20632007915053507, 0.20632007915053507, 0.20632007915053507, 0.20632007915053507, 0.20632007915053507, 0.20632007915053507, 0.20632007915053507, 0.20632007915053507, 0.20632007915053507, 0.20632007915053507, 0.20632007915053507, 0.20632007915053507, 0.20632007915053507, 0.20632007915053507, 0.14431270199474627, 0.20632007915053507], [0.20980504915076725, 0.20980504915076725, 0.20980504915076725, 0.20980504915076725, 0.20980504915076725, 0.20980504915076725, 0.20980504915076725, 0.20980504915076725, 0.20980504915076725, 0.20980504915076725, 0.20980504915076725, 0.20980504915076725, 0.18624939607830612, 0.20632007915053507, 0.17013496435892278, 0.16283622084845562, 0.20632007915053507, 0.20632007915053507, 0.16191765224697846, 0.20632007915053507, 0.20632007915053507, 0.20632007915053507, 0.20632007915053507, 0.20632007915053507, 