{"num_qubits": 3, "depth": 4, "num_circuit": 16, "num_generation": 10, "current_generation": 1, "fitnessss": [[0.31729439149426336, 0.28437166340135106, 0.21937251736498667, 0.4793141975008363, 0.40932141005012684, 0.1165698081653033, 0.2993998149595867, 0.3007751874117128, 0.4178507057358208, 0.3760273854016484, 0.2930344690085656, 0.5969911204263199, 0.2618293303599488, 0.3484078830288052, 0.45164392191443276, 0.2875596637049174]], "best_fitnesss": [0.5969911204263199], "prob_mutate": 0.046875}