{"num_qubits": 5, "depth": 5, "num_circuit": 8, "num_generation": 30, "current_generation": 30, "fitnessss": [[0.16014363992580133, 0.12184235143010955, 0.15068996569246498, 0.0868586302166727, 0.14884379047306706, 0.0976923616910238, 0.14989582657923375, 0.17652583047959064], [0.17652583047959064, 0.16014363992580133, 0.0998766574760724, 0.2037826013381911, 0.15068996569246498, 0.14989582657923375, 0.09529846487328018, 0.18720974333298993], [0.2037826013381911, 0.18720974333298993, 0.21754647535033284, 0.20548649788330126, 0.17652583047959064, 0.16014363992580133, 0.09113856441754051, 0.2037826013381911], [0.21754647535033284, 0.20548649788330126, 0.2088128464923253, 0.18337462171354396, 0.2037826013381911, 0.2037826013381911, 0.2037826013381911, 0.2037826013381911], [0.21754647535033284, 0.2088128464923253, 0.20607759590508185, 0.21754647535033284, 0.20548649788330126, 0.2037826013381911, 0.20952029581684078, 0.2088128464923253], [0.18700627793261576, 0.20917580652161333, 0.21754647535033284, 0.18218953655943068, 0.20952029581684078, 0.19666522137458026, 0.20548649788330126, 0.2037826013381911], [0.21754647535033284, 0.20952029581684078, 0.2037826013381911, 0.15997813526990617, 0.20917580652161333, 0.20548649788330126, 0.2088128464923253, 0.21050092228491674], [0.21754647535033284, 0.21050092228491674, 0.20917580652161333, 0.23090741312633134, 0.20952029581684078, 0.20917580652161333, 0.17910392766352473, 0.2037826013381911], [0.23090741312633134, 0.21754647535033284, 0.1945137618478832, 0.14510713417928472, 0.21050092228491674, 0.20952029581684078, 0.2409658507297196, 0.21050092228491674], [0.22029236981735623, 0.23090741312633134, 0.23090741312633134, 0.2409658507297196, 0.21754647535033284, 0.21050092228491674, 0.20917580652161333, 0.1629506581912768], [0.2409658507297196, 0.1997910186325829, 0.2207816440957621, 0.2154872236545949, 0.23090741312633134, 0.22029236981735623, 0.2409658507297196, 0.21262336769614992], [0.16912189572681094, 0.2409658507297196, 0.19470178388445492, 0.2409658507297196, 0.26346231128418973, 0.2207816440957621, 0.2207816440957621, 0.20692208280994978], [0.26346231128418973, 0.2409658507297196, 0.19715556836413026, 0.23090741312633134, 0.2409658507297196, 0.2207816440957621, 0.2207816440957621, 0.2409658507297196], [0.2142386951022741, 0.15997871385883325, 0.20859616538937767, 0.12544932865667732, 0.2409658507297196, 0.2180409321310835, 0.2409658507297196, 0.2409658507297196], [0.2409658507297196, 0.2409658507297196, 0.2409658507297196, 0.14978243286983256, 0.2409658507297196, 0.2180409321310835, 0.16923640012101746, 0.25137742405642116], [0.24054606998141964, 0.19184908921751836, 0.2409658507297196, 0.25137742405642116, 0.20138591984803572, 0.2409658507297196, 0.16119659443365003, 0.2409658507297196], [0.25137742405642116, 0.2409658507297196, 0.2409658507297196, 0.25137742405642116, 0.2409658507297196, 0.2409658507297196, 0.2409658507297196, 0.2409658507297196], [0.25137742405642116, 0.21917284191609424, 0.19180977128630144, 0.25137742405642116, 0.2409658507297196, 0.2409658507297196, 0.2409658507297196, 0.2409658507297196], [0.18892828827948996, 0.25137742405642116, 0.19145059385030555, 0.25137742405642116, 0.21096142654761668, 0.2409658507297196, 0.1804300838678426, 0.2409658507297196], [0.25137742405642116, 0.25137742405642116, 0.25137742405642116, 0.25137742405642116, 0.2409658507297196, 0.2409658507297196, 0.16542002167170758, 0.15944103418286698], [0.25137742405642116, 0.25137742405642116, 0.25137742405642116, 0.25137742405642116, 0.25137742405642116, 0.25137742405642116, 0.25137742405642116, 0.25137742405642116], [0.25137742405642116, 0.25137742405642116, 0.18073017087697693, 0.25137742405642116, 0.25137742405642116, 0.25137742405642116, 0.25137742405642116, 0.25137742405642116], [0.20564774159297766, 0.19099917560198582, 0.22134344835163935, 0.25137742405642116, 0.1716783207101515, 0.18717899623395665, 0.25137742405642116, 0.25137742405642116], [0.2321384793789334, 0.25137742405642116, 0.25137742405642116, 0.22267073384596525, 0.25137742405642116, 0.22134344835163935, 0.22134344835163935, 0.25137742405642116], [0.25137742405642116, 0.25137742405642116, 0.25137742405642116, 0.25137742405642116, 0.25137742405642116, 0.17806541210126345, 0.25137742405642116, 0.25137742405642116], [0.25137742405642116, 0.25137742405642116, 0.25137742405642116, 0.25137742405642116, 0.17262495228041772, 0.25137742405642116, 0.25137742405642116, 0.19971368698986927], [0.25137742405642116, 0.1820926753177336, 0.25137742405642116, 0.25137742405642116, 0.25137742405642116, 0.25137742405642116, 0.25137742405642116, 0.25137742405642116], [0.25137742405642116, 0.18370546489672107, 0.25137742405642116, 0.16107375433191953, 0.25137742405642116, 0.25137742405642116, 0.25137742405642116, 0.19621435675919668], [0.25137742405642116, 0.2526447566767859, 0.15430189523645715, 0.25137742405642116, 0.25137742405642116, 0.25137742405642116, 0.25137742405642116, 0.1803502635780307], [0.20975730594931435, 0.25137742405642116, 0.25137742405642116, 0.2526447566767859, 0.25137742405642116, 0.25137742405642116, 0.1891617327915768, 0.24664430295535858]], "best_fitnesss": [0.17652583047959064, 0.2037826013381911, 0.21754647535033284, 0.21754647535033284, 0.21754647535033284, 0.21754647535033284, 0.21754647535033284, 0.23090741312633134, 0.2409658507297196, 0.2409658507297196, 0.2409658507297196, 0.26346231128418973, 0.26346231128418973, 0.2409658507297196, 0.25137742405642116, 0.25137742405642116, 0.25137742405642116, 0.25137742405642116, 0.25137742405642116, 0.25137742405642116, 0.25137742405642116, 0.25137742405642116, 0.25137742405642116, 0.25137742405642116, 0.25137742405642116, 0.25137742405642116, 0.25137742405642116, 0.25137742405642116, 0.2526447566767859, 0.2526447566767859], "prob_mutate": 0.075}