{"num_qubits": 4, "depth": 19, "num_circuit": 4, "num_generation": 20, "current_generation": 3, "fitnessss": [[0.6578663693314966, 0.7423886176177092, 0.5732450137419047, 0.7575146052435974], [0.7575146052435974, 0.7423886176177092, 0.6835205839510989, 0.7030958296660118], [0.6876471223000576, 0.7985653730448614, 0.6952805109572152, 0.7900849805970978]], "best_fitnesss": [0.7575146052435974, 0.7575146052435974, 0.7985653730448614], "prob_mutate": 0.039473684210526314}