{"num_qubits": 4, "depth": 5, "num_circuit": 32, "num_generation": 10, "current_generation": 10, "fitnessss": [[0.35329958548010626, 0.23667441002173156, 0.32042885803779825, 0.19762652919191354, 0.2258607529512954, 0.23481857567889403, 0.3325791705579431, 0.19436730333104116, 0.2187059731651142, 0.26458519591497, 0.14275483625099109, 0.35649402394682045, 0.35794253335428683, 0.35330055902340773, 0.14029758615657864, 0.3384701874070837, 0.2034892266529737, 0.31937810242641695, 0.34944652363660667, 0.25669193788436856, 0.24003218086055628, 0.30870728399996233, 0.2403187567873942, 0.17017113350386143, 0.19563042122950147, 0.27253501967470095, 0.3192561198986826, 0.357769722317338, 0.29635884058432677, 0.27022626751498524, 0.307381014504572, 0.32749396011959014], [0.35794253335428683, 0.34902840150220493, 0.33877899766035624, 0.2894195191055321, 0.35649402394682045, 0.35330055902340773, 0.3178158766059108, 0.3958781525540739, 0.35329958548010626, 0.34944652363660667, 0.2924508588105663, 0.35439697844882023, 0.3384701874070837, 0.3325791705579431, 0.4104709636775534, 0.1872652008171514, 0.32749396011959014, 0.32042885803779825, 0.3292405794514245, 0.3150824810889653, 0.31937810242641695, 0.3192561198986826, 0.3277943591347192, 0.28297407074784614, 0.30870728399996233, 0.307381014504572, 0.3675601823667638, 0.3367787454886464, 0.29635884058432677, 0.27253501967470095, 0.3254467436409427, 0.22488739476671685], [0.4104709636775534, 0.3958781525540739, 0.39076563309514967, 0.42867562675830717, 0.3675601823667638, 0.35794253335428683, 0.3363062727518543, 0.3537074609530468, 0.35649402394682045, 0.35439697844882023, 0.2995998716985335, 0.36136745102936274, 0.35330055902340773, 0.35329958548010626, 0.24669955661872364, 0.4550725360755055, 0.3306964774580544, 0.34902840150220493, 0.4144293578239176, 0.3365033510256391, 0.33877899766035624, 0.3384701874070837, 0.28365402809166246, 0.280426053731878, 0.3367787454886464, 0.3325791705579431, 0.38574092281053984, 0.26477420525727635, 0.3292405794514245, 0.3277943591347192, 0.40074804131894604, 0.39983485113692313], [0.41439759654475755, 0.42867562675830717, 0.39280632931460335, 0.35330055902340773, 0.39066654378179844, 0.4104709636775534, 0.41819559623709157, 0.34444142421848095, 0.40074804131894604, 0.39983485113692313, 0.3188853154473155, 0.3277943591347192, 0.37479933203559657, 0.39076563309514967, 0.3958781525540739, 0.39076563309514967, 0.38574092281053984, 0.3675601823667638, 0.307381014504572, 0.32784666062639783, 0.3035028420387005, 0.35794253335428683, 0.44049763373730605, 0.28058087644449686, 0.35649402394682045, 0.35439697844882023, 0.2995998716985335, 0.36136745102936274, 0.3537074609530468, 0.35330055902340773, 0.35176201702546106, 0.364483069146307], [0.44049763373730605, 0.42867562675830717, 0.41819559623709157, 0.325569979490085, 0.41819559623709157, 0.3921207625010378, 0.4372569451383175, 0.3836673588169371, 0.4104709636775534, 0.40074804131894604, 0.3646430354147142, 0.44707737607675113, 0.39983485113692313, 0.3958781525540739, 0.3377832093408541, 0.2945936604579236, 0.39280632931460335, 0.39076563309514967, 0.37309401169326334, 0.4104709636775534, 0.39076563309514967, 0.39066654378179844, 0.31813101746522626, 0.36136745102936274, 0.38574092281053984, 0.37479933203559657, 0.33575983893755146, 0.29590103764229736, 0.3675601823667638, 0.364483069146307, 0.3675601823667638, 0.364483069146307], [0.44707737607675113, 0.44049763373730605, 0.3410143934625869, 0.41819559623709157, 0.4372569451383175, 0.42867562675830717, 0.41819559623709157, 0.35330055902340773, 0.41819559623709157, 0.41819559623709157, 0.41819559623709157, 0.41819559623709157, 0.4104709636775534, 0.4104709636775534, 0.4104709636775534, 0.3809719552319314, 0.40074804131894604, 0.39983485113692313, 0.3292405794514245, 0.3277943591347192, 0.3958781525540739, 0.39280632931460335, 0.42867562675830717, 0.37309401169326334, 0.3921207625010378, 0.39076563309514967, 0.3402060357119442, 0.3717683960578742, 0.39076563309514967, 0.39066654378179844, 0.31813101746522626, 0.36136745102936274], [0.44707737607675113, 0.44049763373730605, 0.3410143934625869, 0.41819559623709157, 0.4372569451383175, 0.42867562675830717, 0.41819559623709157, 0.3695206105334582, 0.42867562675830717, 0.41819559623709157, 0.42867562675830717, 0.41819559623709157, 0.41819559623709157, 0.41819559623709157, 0.41819559623709157, 0.4362348740534484, 0.41819559623709157, 0.41819559623709157, 0.41819559623709157, 0.41819559623709157, 0.41819559623709157, 0.4104709636775534, 0.41819559623709157, 0.4104709636775534, 0.4104709636775534, 0.4104709636775534, 0.4028683647383481, 0.4104709636775534, 0.40074804131894604, 0.39983485113692313, 0.3292405794514245, 0.3277943591347192], [0.44707737607675113, 0.44049763373730605, 0.3351282027610886, 0.41819559623709157, 0.4372569451383175, 0.4362348740534484, 0.4362348740534484, 0.4372569451383175, 0.42867562675830717, 0.42867562675830717, 0.42867562675830717, 0.42867562675830717, 0.42867562675830717, 0.41819559623709157, 0.42867562675830717, 0.41819559623709157, 0.41819559623709157, 0.41819559623709157, 0.41819559623709157, 0.41819559623709157, 0.41819559623709157, 0.41819559623709157, 0.41819559623709157, 0.41819559623709157, 0.41819559623709157, 0.41819559623709157, 0.41819559623709157, 0.41819559623709157, 0.41819559623709157, 0.41819559623709157, 0.41819559623709157, 0.41819559623709157], [0.44707737607675113, 0.44049763373730605, 0.3410143934625869, 0.41819559623709157, 0.4372569451383175, 0.3449095072854371, 0.4372569451383175, 0.4372569451383175, 0.43412330823676654, 0.4362348740534484, 0.4362348740534484, 0.408461325053412, 0.42867562675830717, 0.42867562675830717, 0.42867562675830717, 0.42867562675830717, 0.3395772019280231, 0.42867562675830717, 0.42867562675830717, 0.42867562675830717, 0.42867562675830717, 0.42867562675830717, 0.42867562675830717, 0.42867562675830717, 0.41819559623709157, 0.34295909305231026, 0.41819559623709157, 0.41819559623709157, 0.3727772634880647, 0.41819559623709157, 0.31091419856852254, 0.41819559623709157], [0.44707737607675113, 0.44049763373730605, 0.3410143934625869, 0.41819559623709157, 0.4372569451383175, 0.4372569451383175, 0.4372569451383175, 0.4372569451383175, 0.4372569451383175, 0.4203160011139322, 0.4362348740534484, 0.4372569451383175, 0.4362348740534484, 0.43412330823676654, 0.45193365117828266, 0.4362348740534484, 0.42867562675830717, 0.42867562675830717, 0.42867562675830717, 0.42867562675830717, 0.42867562675830717, 0.42867562675830717, 0.42867562675830717, 0.42867562675830717, 0.42867562675830717, 0.42867562675830717, 0.42867562675830717, 0.42867562675830717, 0.42867562675830717, 0.42867562675830717, 0.42867562675830717, 0.42867562675830717]], "best_fitnesss": [0.35794253335428683, 0.4104709636775534, 0.4550725360755055, 0.44049763373730605, 0.44707737607675113, 0.44707737607675113, 0.44707737607675113, 0.44707737607675113, 0.44707737607675113, 0.45193365117828266], "prob_mutate": 0.01875}