{"num_qubits": 5, "depth": 10, "num_circuit": 16, "num_generation": 40, "current_generation": 1, "fitnessss": [[0.3421840703722878, 0.3379131660254141, 0.3324448306905503, 0.31206813517558707, 0.37208410769194644, 0.35256335552862883, 0.2764312994293916, 0.3723462655517324, 0.2670281044376634, 0.280539810952838, 0.29904797047911014, 0.3230730438064948, 0.276052928301867, 0.3136887179713028, 0.3274354727789748, 0.355274736038001]], "best_fitnesss": [0.3723462655517324], "prob_mutate": 0.01875}