{"num_qubits": 3, "depth": 5, "num_circuit": 16, "num_generation": 50, "current_generation": 50, "fitnessss": [[0.46367829946639494, 0.37908994815458535, 0.2998047398572548, 0.3456797691641398, 0.43311202173858554, 0.48789846198062525, 0.4511323252688788, 0.5636622804160043, 0.30045063972970737, 0.43927413238628016, 0.36384661831694454, 0.2688005442245669, 0.5442523682492644, 0.47884617341945335, 0.46833604073133434, 0.307411106049934], [0.5636622804160043, 0.5442523682492644, 0.4362095068459756, 0.6230048743954303, 0.48789846198062525, 0.47884617341945335, 0.3585830070329824, 0.4289393257526589, 0.46833604073133434, 0.46367829946639494, 0.2876954618890366, 0.46146589801854265, 0.5204105371421572, 0.43927413238628016, 0.4487698588458125, 0.3189696019781181], [0.6230048743954303, 0.5636622804160043, 0.6729396519691901, 0.5654008238392475, 0.5442523682492644, 0.5204105371421572, 0.5236133211687555, 0.4411177319433649, 0.48789846198062525, 0.47884617341945335, 0.28592421752198993, 0.3889383258168906, 0.48137205203887684, 0.46367829946639494, 0.2876954618890366, 0.46146589801854265], [0.6729396519691901, 0.6230048743954303, 0.6230048743954303, 0.6729396519691901, 0.5768313764014718, 0.5636622804160043, 0.5636622804160043, 0.5654008238392475, 0.5442523682492644, 0.5236133211687555, 0.5236133211687555, 0.33787004134423554, 0.5204105371421572, 0.48789846198062525, 0.396756787763125, 0.42344696915584484], [0.6729396519691901, 0.6729396519691901, 0.6729396519691901, 0.6729396519691901, 0.6230048743954303, 0.5973543901138891, 0.6230048743954303, 0.6230048743954303, 0.5768313764014718, 0.4921398408143608, 0.5654008238392475, 0.5768313764014718, 0.5636622804160043, 0.5636622804160043, 0.5636622804160043, 0.5636622804160043], [0.6729396519691901, 0.6729396519691901, 0.6729396519691901, 0.6729396519691901, 0.6729396519691901, 0.6729396519691901, 0.6729396519691901, 0.6729396519691901, 0.6230048743954303, 0.6230048743954303, 0.6230048743954303, 0.6230048743954303, 0.5619142040318371, 0.5973543901138891, 0.4624589627558843, 0.5532855923883699], [0.6729396519691901, 0.6729396519691901, 0.6729396519691901, 0.4672047853634713, 0.6729396519691901, 0.6729396519691901, 0.6729396519691901, 0.6729396519691901, 0.6729396519691901, 0.6729396519691901, 0.6729396519691901, 0.6729396519691901, 0.6729396519691901, 0.6729396519691901, 0.6729396519691901, 0.6729396519691901], [0.6729396519691901, 0.6729396519691901, 0.6729396519691901, 0.6729396519691901, 0.6729396519691901, 0.6729396519691901, 0.49434553975899076, 0.6729396519691901, 0.6729396519691901, 0.6729396519691901, 0.6729396519691901, 0.6729396519691901, 0.6729396519691901, 0.6729396519691901, 0.6729396519691901, 0.6729396519691901], [0.6729396519691901, 0.6729396519691901, 0.6729396519691901, 0.6729396519691901, 0.6729396519691901, 0.6729396519691901, 0.6729396519691901, 0.6729396519691901, 0.6729396519691901, 0.6729396519691901, 0.6729396519691901, 0.46856406756288377, 0.5488469071860049, 0.6729396519691901, 0.5561317172250071, 0.6729396519691901], [0.6729396519691901, 0.6729396519691901, 0.6729396519691901, 0.6729396519691901, 0.6729396519691901, 0.6729396519691901, 0.6729396519691901, 0.5781252811165735, 0.6729396519691901, 0.6729396519691901, 0.5980010962452293, 0.6729396519691901, 0.6729396519691901, 0.6729396519691901, 0.6729396519691901, 0.6729396519691901], [0.6729396519691901, 0.6729396519691901, 0.624825539552939, 0.6729396519691901, 0.6729396519691901, 0.6729396519691901, 0.6729396519691901, 0.5725089050755423, 0.6729396519691901, 0.6729396519691901, 0.6729396519691901, 0.6729396519691901, 0.6729396519691901, 0.6729396519691901, 0.5245964926611144, 0.6027073102514686], [0.6729396519691901, 0.6729396519691901, 0.6729396519691901, 0.5206108101126808, 0.6729396519691901, 0.6376458714691452, 0.5363113931173767, 0.6729396519691901, 0.6729396519691901, 0.6729396519691901, 0.6729396519691901, 0.6729396519691901, 0.6729396519691901, 0.6729396519691901, 0.6729396519691901, 0.6729396519691901], [0.6729396519691901, 0.6729396519691901, 0.6729396519691901, 0.6729396519691901, 0.6729396519691901, 0.6729396519691901, 0.44835378452302443, 0.6696488846399211, 0.6729396519691901, 0.6729396519691901, 0.5459382598188494, 0.4852067785458513, 0.6729396519691901, 0.6729396519691901, 0.6729396519691901, 0.6729396519691901], [0.6729396519691901, 0.6729396519691901, 0.49229087260982113, 0.6729396519691901, 0.6729396519691901, 0.6729396519691901, 0.28774161644625984, 0.6729396519691901, 0.6729396519691901, 0.6729396519691901, 0.6729396519691901, 0.6729396519691901, 0.6729396519691901, 0.5018785452158565, 0.6729396519691901, 0.6729396519691901], [0.6729396519691901, 0.6729396519691901, 0.5536682900024367, 0.6729396519691901, 0.6729396519691901, 0.6729396519691901, 0.6729396519691901, 0.6729396519691901, 0.6729396519691901, 0.6729396519691901, 0.6729396519691901, 0.6729396519691901, 0.6729396519691901, 0.4831810605690938, 0.6729396519691901, 0.6729396519691901], [0.42600621667296223, 0.6729396519691901, 0.6729396519691901, 0.6729396519691901, 0.6729396519691901, 0.24254899724233175, 0.28774161644625984, 0.6729396519691901, 0.3528189471060178, 0.6729396519691901, 0.6729396519691901, 0.6729396519691901, 0.6729396519691901, 0.6729396519691901, 0.6729396519691901, 0.6729396519691901], [0.580270695021246, 0.6729396519691901, 0.6729396519691901, 0.6729396519691901, 0.48315668041012005, 0.6729396519691901, 0.6729396519691901, 0.5027713596987222, 0.6729396519691901, 0.6729396519691901, 0.6729396519691901, 0.6729396519691901, 0.6729396519691901, 0.6729396519691901, 0.6729396519691901, 0.5152169965072178], [0.6729396519691901, 0.6729396519691901, 0.6729396519691901, 0.6729396519691901, 0.6729396519691901, 0.481546656833734, 0.6729396519691901, 0.6729396519691901, 0.6729396519691901, 0.6729396519691901, 0.6729396519691901, 0.6729396519691901, 0.6729396519691901, 0.6729396519691901, 0.6729396519691901, 0.6729396519691901], [0.6729396519691901, 0.6729396519691901, 0.6729396519691901, 0.6729396519691901, 0.6729396519691901, 0.6729396519691901, 0.6729396519691901, 0.5325245226207436, 0.6729396519691901, 0.6729396519691901, 0.6729396519691901, 0.6729396519691901, 0.6729396519691901, 0.6729396519691901, 0.5106730648926666, 0.6729396519691901], [0.6729396519691901, 0.6729396519691901, 0.6729396519691901, 0.6729396519691901, 0.6729396519691901, 0.6729396519691901, 0.6729396519691901, 0.6729396519691901, 0.6567130503362013, 0.6729396519691901, 0.6729396519691901, 0.4956982167590052, 0.6729396519691901, 0.6729396519691901, 0.6729396519691901, 0.6729396519691901], [0.6729396519691901, 0.6729396519691901, 0.5729070137701588, 0.6729396519691901, 0.6729396519691901, 0.6729396519691901, 0.6729396519691901, 0.6729396519691901, 0.6729396519691901, 0.6729396519691901, 0.6729396519691901, 0.6729396519691901, 0.6729396519691901, 0.6729396519691901, 0.6729396519691901, 0.49467235302606205], [0.5058974956808678, 0.6729396519691901, 0.6729396519691901, 0.6729396519691901, 0.6729396519691901, 0.6729396519691901, 0.6729396519691901, 0.6729396519691901, 0.6729396519691901, 0.6729396519691901, 0.6729396519691901, 0.6729396519691901, 0.6729396519691901, 0.6729396519691901, 0.28774161644625984, 0.6729396519691901], [0.48199712804587963, 0.6729396519691901, 0.6729396519691901, 0.6729396519691901, 0.6729396519691901, 0.6729396519691901, 0.6729396519691901, 0.6729396519691901, 0.6729396519691901, 0.6729396519691901, 0.6729396519691901, 0.6729396519691901, 0.6729396519691901, 0.4517856148198763, 0.6729396519691901, 0.6729396519691901], [0.6729396519691901, 0.29835045824226514, 0.48760158542724163, 0.6729396519691901, 0.6729396519691901, 0.6729396519691901, 0.48255056663251433, 0.6729396519691901, 0.6729396519691901, 0.6729396519691901, 0.6729396519691901, 0.6729396519691901, 0.6729396519691901, 0.6729396519691901, 0.6729396519691901, 0.6729396519691901], [0.6729396519691901, 0.6729396519691901, 0.6729396519691901, 0.6729396519691901, 0.6729396519691901, 0.6729396519691901, 