{"num_qubits": 6, "depth": 20, "num_circuit": 16, "num_generation": 20, "current_generation": 1, "fitnessss": [[0.3949753618007537, 0.3549904729655574, 0.3649647642055045, 0.3350019279483766, 0.36005386836484987, 0.4104197734539584, 0.38336121022261654, 0.3444258616547489, 0.415695384603379, 0.36770171010253316, 0.41047187430107224, 0.4220050641556744, 0.4502502511520719, 0.3998969778750075, 0.4076234901086847, 0.3955751335661134]], "best_fitnesss": [0.4502502511520719], "prob_mutate": 0.009375}