{"num_qubits": 4, "depth": 7, "num_circuit": 32, "num_generation": 50, "current_generation": 8, "fitnessss": [[0.3123130370538932, 0.4228980445613801, 0.28370956297623834, 0.2362246981586072, 0.29437878915895693, 0.28994166094198454, 0.30059027832020796, 0.33834867612866815, 0.3970809456966114, 0.34264823526948096, 0.43146213521437904, 0.35940005712212664, 0.27516317734979073, 0.4483518777546183, 0.3241298484363596, 0.3016486226904201, 0.37847492883892114, 0.4296451150437369, 0.41273820747447143, 0.29729864081042706, 0.2934724802309289, 0.460320008149638, 0.4185961618716859, 0.38994186942363995, 0.286067316336774, 0.4066138052938869, 0.3977791393518639, 0.40229116910861273, 0.33710750498420966, 0.28955884702305396, 0.40655515550607557, 0.3993322172883058], [0.460320008149638, 0.4483518777546183, 0.39959094220569347, 0.4726090194563411, 0.43146213521437904, 0.45607763172264776, 0.36225947078385934, 0.3522595715454496, 0.4228980445613801, 0.4185961618716859, 0.39832257098008617, 0.39133492212790466, 0.41273820747447143, 0.4066138052938869, 0.35845877434586015, 0.450115616855619, 0.40655515550607557, 0.40229116910861273, 0.38461024298549173, 0.42614221335442537, 0.3993322172883058, 0.3977791393518639, 0.3199434223266701, 0.3949252075226939, 0.3970809456966114, 0.38994186942363995, 0.2795886495646964, 0.36203201166203447, 0.37847492883892114, 0.35940005712212664, 0.3539022091899603, 0.3028201822576103], [0.4726090194563411, 0.460320008149638, 0.4726090194563411, 0.460320008149638, 0.45607763172264776, 0.450115616855619, 0.5089947889020705, 0.34915151342849604, 0.4483518777546183, 0.43146213521437904, 0.4862651217170112, 0.30767862143578617, 0.42614221335442537, 0.4228980445613801, 0.41852108828271517, 0.3430733134002411, 0.4185961618716859, 0.41273820747447143, 0.42677894299979835, 0.3715954747577613, 0.4066138052938869, 0.40655515550607557, 0.3746506674276658, 0.43173491950337584, 0.40229116910861273, 0.4072305709692037, 0.43703414302553834, 0.38426137658514953, 0.3993322172883058, 0.39832257098008617, 0.38248218010586654, 0.42206870300421995], [0.5089947889020705, 0.4862651217170112, 0.38956295850412687, 0.43657273929600426, 0.4726090194563411, 0.4726090194563411, 0.4726090194563411, 0.4726090194563411, 0.460320008149638, 0.49620338110881096, 0.460320008149638, 0.460320008149638, 0.45607763172264776, 0.450115616855619, 0.5089947889020705, 0.34915151342849604, 0.4483518777546183, 0.43703414302553834, 0.4483518777546183, 0.43703414302553834, 0.36405953037372124, 0.43146213521437904, 0.3951217448584109, 0.3880041368814127, 0.42677894299979835, 0.42614221335442537, 0.281343967990667, 0.5019706469576365, 0.4228980445613801, 0.42206870300421995, 0.42206870300421995, 0.4228980445613801], [0.5089947889020705, 0.5089947889020705, 0.5089947889020705, 0.5089947889020705, 0.5019706469576365, 0.49620338110881096, 0.46353965681871345, 0.3983467244512728, 0.4709271720888162, 0.4726090194563411, 0.4726090194563411, 0.4862651217170112, 0.4726090194563411, 0.4726090194563411, 0.4726090194563411, 0.4726090194563411, 0.4726090194563411, 0.460320008149638, 0.4726090194563411, 0.460320008149638, 0.460320008149638, 0.4608721087754418, 0.460320008149638, 0.460320008149638, 0.4582079017323264, 0.450115616855619, 0.5089947889020705, 0.34915151342849604, 0.4308143811553452, 0.4483518777546183, 0.4483518777546183, 0.4483518777546183], [0.5089947889020705, 0.5089947889020705, 0.5089947889020705, 0.5089947889020705, 0.5089947889020705, 0.5089947889020705, 0.5089947889020705, 0.5089947889020705, 0.5089947889020705, 0.5019706469576365, 0.5089947889020705, 0.5019706469576365, 0.49620338110881096, 0.4862651217170112, 0.4972588522537418, 0.4703243973982415, 0.4726090194563411, 0.4726090194563411, 0.4726090194563411, 0.4726090194563411, 0.4726090194563411, 0.4726090194563411, 0.4726090194563411, 0.4726090194563411, 0.4556383151120662, 0.4726090194563411, 0.4726090194563411, 0.4726090194563411, 0.4726090194563411, 0.39391177741905764, 0.4726090194563411, 0.4726090194563411], [0.5089947889020705, 0.5089947889020705, 0.5089947889020705, 0.5079317459439556, 0.5089947889020705, 0.5089947889020705, 0.5089947889020705, 0.5089947889020705, 0.5089947889020705, 0.48099830020364065, 0.5089947889020705, 0.4616004410791786, 0.5089947889020705, 0.5089947889020705, 0.5089947889020705, 0.5089947889020705, 0.5089947889020705, 0.5089947889020705, 0.5089947889020705, 0.5089947889020705, 0.5019706469576365, 0.5019706469576365, 0.5019706469576365, 0.5019706469576365, 0.4972588522537418, 0.49620338110881096, 0.4936328998511188, 0.4676664114484705, 0.4862651217170112, 0.4726090194563411, 0.4726090194563411, 0.4862651217170112], [0.5089947889020705, 0.5089947889020705, 0.5089947889020705, 0.5089947889020705, 0.5089947889020705, 0.5089947889020705, 0.5089947889020705, 0.38969132333034456, 0.5089947889020705, 0.4191226066283146, 0.5089947889020705, 0.5089947889020705, 0.5089947889020705, 0.5089947889020705, 0.5089947889020705, 0.5089947889020705, 0.5089947889020705, 0.5089947889020705, 0.5089947889020705, 0.5089947889020705, 0.5089947889020705, 0.5089947889020705, 0.5089947889020705, 0.5089947889020705, 0.4417826431725459, 0.5089947889020705, 0.5089947889020705, 0.5089947889020705, 0.5089947889020705, 0.5089947889020705, 0.5089947889020705, 0.5089947889020705]], "best_fitnesss": [0.460320008149638, 0.4726090194563411, 0.5089947889020705, 0.5089947889020705, 0.5089947889020705, 0.5089947889020705, 0.5089947889020705, 0.5089947889020705], "prob_mutate": 0.013392857142857142}