{"num_qubits": 4, "depth": 7, "num_circuit": 32, "num_generation": 50, "current_generation": 2, "fitnessss": [[0.3123130370538932, 0.4228980445613801, 0.28370956297623834, 0.2362246981586072, 0.29437878915895693, 0.28994166094198454, 0.30059027832020796, 0.33834867612866815, 0.3970809456966114, 0.34264823526948096, 0.43146213521437904, 0.35940005712212664, 0.27516317734979073, 0.4483518777546183, 0.3241298484363596, 0.3016486226904201, 0.37847492883892114, 0.4296451150437369, 0.41273820747447143, 0.29729864081042706, 0.2934724802309289, 0.460320008149638, 0.4185961618716859, 0.38994186942363995, 0.286067316336774, 0.4066138052938869, 0.3977791393518639, 0.40229116910861273, 0.33710750498420966, 0.28955884702305396, 0.40655515550607557, 0.3993322172883058], [0.460320008149638, 0.4483518777546183, 0.39959094220569347, 0.4726090194563411, 0.43146213521437904, 0.45607763172264776, 0.36225947078385934, 0.3522595715454496, 0.4228980445613801, 0.4185961618716859, 0.39832257098008617, 0.39133492212790466, 0.41273820747447143, 0.4066138052938869, 0.35845877434586015, 0.450115616855619, 0.40655515550607557, 0.40229116910861273, 0.38461024298549173, 0.42614221335442537, 0.3993322172883058, 0.3977791393518639, 0.3199434223266701, 0.3949252075226939, 0.3970809456966114, 0.38994186942363995, 0.2795886495646964, 0.36203201166203447, 0.37847492883892114, 0.35940005712212664, 0.3539022091899603, 0.3028201822576103]], "best_fitnesss": [0.460320008149638, 0.4726090194563411], "prob_mutate": 0.013392857142857142}