{"num_qubits": 3, "depth": 9, "num_circuit": 8, "num_generation": 40, "current_generation": 6, "fitnessss": [[0.6597173858909336, 0.6831649959617091, 0.5355098986867943, 0.3772664406237176, 0.6465227664768289, 0.7561845228274543, 0.5305234809107621, 0.6662679203661479], [0.7561845228274543, 0.6831649959617091, 0.68061776904797, 0.7095985052478703, 0.6001405153181119, 0.6597173858909336, 0.6426727227920923, 0.7030404518106973], [0.7561845228274543, 0.7095985052478703, 0.7561845228274543, 0.6505511862759961, 0.6623871040774109, 0.6831649959617091, 0.7466651132306548, 0.6519607523702178], [0.7561845228274543, 0.7561845228274543, 0.7551131708243065, 0.7561845228274543, 0.7466651132306548, 0.7095985052478703, 0.596617754212414, 0.6831649959617091], [0.6397443689625799, 0.7561845228274543, 0.7103288463398736, 0.7561845228274543, 0.6929566474728381, 0.7551131708243065, 0.7551131708243065, 0.7561845228274543], [0.7561845228274543, 0.7561845228274543, 0.7561845228274543, 0.7561845228274543, 0.7561845228274543, 0.7609183871705419, 0.7551131708243065, 0.7561845228274543]], "best_fitnesss": [0.7561845228274543, 0.7561845228274543, 0.7561845228274543, 0.7561845228274543, 0.7561845228274543, 0.7609183871705419], "prob_mutate": 0.041666666666666664}