{"num_qubits": 6, "depth": 34, "num_circuit": 8, "num_generation": 30, "current_generation": 5, "fitnessss": [[0.6138560887174269, 0.5578168246449251, 0.6593671785129631, 0.6038657534716142, 0.5918379510401877, 0.6109727534029055, 0.711803540863454, 0.6340436663359306], [0.6989917117680451, 0.6593671785129631, 0.6513101339825995, 0.6741482780230504, 0.6340436663359306, 0.6138560887174269, 0.6556763069356367, 0.6376104395271524], [0.6989917117680451, 0.6783829853662351, 0.6989917117680451, 0.6741482780230504, 0.6593671785129631, 0.6556763069356367, 0.6381092332227851, 0.6303675734733367], [0.6989917117680451, 0.6965406154902409, 0.7095378964068431, 0.6989917117680451, 0.6783829853662351, 0.6741482780230504, 0.6728999568699668, 0.6441335526361025], [0.7095378964068431, 0.6989917117680451, 0.6980337145317449, 0.6989917117680451, 0.6989917117680451, 0.6911299917833704, 0.6965406154902409, 0.6989917117680451]], "best_fitnesss": [0.711803540863454, 0.6989917117680451, 0.6989917117680451, 0.7095378964068431, 0.7095378964068431], "prob_mutate": 0.011029411764705883}