{"num_qubits": 4, "depth": 9, "num_circuit": 16, "num_generation": 50, "current_generation": 22, "fitnessss": [[0.3675975819880526, 0.4719751280171451, 0.41812175982017424, 0.4383560680572593, 0.40061590219280346, 0.5201678229434096, 0.4661216073129989, 0.2942860511043496, 0.48319161072635974, 0.48925318229937576, 0.40685303506448783, 0.4407150106233047, 0.4873572607957811, 0.46058101818534364, 0.3535952711543374, 0.30889263694768065], [0.5201678229434096, 0.48925318229937576, 0.4970641017739947, 0.37646206260141357, 0.4873572607957811, 0.48319161072635974, 0.3825550053290007, 0.49061840472190454, 0.4719751280171451, 0.4661216073129989, 0.5158343214839147, 0.40458606057140756, 0.46058101818534364, 0.4407150106233047, 0.4396142217643666, 0.4922999068448114], [0.5201678229434096, 0.4999521478214394, 0.47141884424564207, 0.4503590402109293, 0.4970641017739947, 0.41960227120572824, 0.49590009728175827, 0.4683804917558748, 0.49061840472190454, 0.48925318229937576, 0.49567192150554995, 0.5294822172155474, 0.4873572607957811, 0.48319161072635974, 0.3825550053290007, 0.4798631251367847], [0.5294822172155474, 0.47102178803934003, 0.37646206260141357, 0.43015469880004104, 0.4999521478214394, 0.4970641017739947, 0.4302196551484787, 0.36643672487172774, 0.49590009728175827, 0.49567192150554995, 0.4970641017739947, 0.5209262584030832, 0.49061840472190454, 0.48925318229937576, 0.5113419379882262, 0.462961770173486], [0.5260224859077962, 0.5209262584030832, 0.516540643953147, 0.5246566947343995, 0.5113419379882262, 0.4999521478214394, 0.4960123403053613, 0.4302196551484787, 0.4970641017739947, 0.4970641017739947, 0.4970641017739947, 0.4970641017739947, 0.49590009728175827, 0.49567192150554995, 0.4970641017739947, 0.5209262584030832], [0.4645230259277258, 0.5246566947343995, 0.4420351538666913, 0.5246566947343995, 0.5209262584030832, 0.5209262584030832, 0.48774953700524587, 0.5209262584030832, 0.46213908224342964, 0.5113419379882262, 0.48302680790994507, 0.4570476213567572, 0.4999521478214394, 0.5108136128323765, 0.4736837936781123, 0.5040106696214965], [0.5246566947343995, 0.5246566947343995, 0.5246566947343995, 0.5048752510885787, 0.5209262584030832, 0.5348751983078048, 0.5209262584030832, 0.5209262584030832, 0.47593731995711475, 0.5113419379882262, 0.4546328471812352, 0.4570476213567572, 0.5108136128323765, 0.5040106696214965, 0.46044796837162805, 0.5108136128323765], [0.5348751983078048, 0.5246566947343995, 0.5028995565226717, 0.5209262584030832, 0.5246566947343995, 0.5246566947343995, 0.39237703596401297, 0.5246566947343995, 0.5209262584030832, 0.5209262584030832, 0.5209262584030832, 0.5209262584030832, 0.5209262584030832, 0.5113419379882262, 0.49567192150554995, 0.4570476213567572], [0.5348751983078048, 0.5246566947343995, 0.5028995565226717, 0.4585063592119452, 0.5246566947343995, 0.5246566947343995, 0.5246566947343995, 0.5246566947343995, 0.5246566947343995, 0.5209262584030832, 0.5209262584030832, 0.5033788642373741, 0.5209262584030832, 0.5209262584030832, 0.5175962748283988, 0.5209262584030832], [0.5348751983078048, 0.5246566947343995, 0.5028995565226717, 0.5209262584030832, 0.44238860943891434, 0.5246566947343995, 0.5246566947343995, 0.5246566947343995, 0.5246566947343995, 0.3604559636513437, 0.45603938347842304, 0.5246566947343995, 0.5246566947343995, 0.5209262584030832, 0.5209262584030832, 0.5246566947343995], [0.5348751983078048, 0.5246566947343995, 0.5028995565226717, 0.5209262584030832, 0.5246566947343995, 0.5246566947343995, 0.5246566947343995, 0.5246566947343995, 0.5246566947343995, 0.5246566947343995, 0.5246566947343995, 0.5246566947343995, 0.4482080190873868, 0.49754919078296417, 0.5246566947343995, 0.5246566947343995], [0.5348751983078048, 0.5246566947343995, 0.5028995565226717, 0.5209262584030832, 0.5036497660497792, 0.5360131741561186, 0.5246566947343995, 0.4802248085616162, 0.5246566947343995, 0.5246566947343995, 0.5246566947343995, 0.5246566947343995, 0.5246566947343995, 0.5246566947343995, 0.5246566947343995, 0.5246566947343995], [0.5360131741561186, 0.5348751983078048, 0.5209262584030832, 0.5755909026944648, 0.4738643358352384, 0.5259517985312113, 0.4717640989502606, 0.5246566947343995, 0.5281697160433072, 0.5184117715138672, 0.5246566947343995, 0.5246566947343995, 0.5246566947343995, 0.5013327836717403, 0.5246566947343995, 0.5246566947343995], [0.5755909026944648, 0.4530974223264804, 0.4844704685118376, 0.5360131741561186, 0.5348751983078048, 0.541236066175262, 0.5028995565226717, 0.5280307889262269, 0.5259517985312113, 0.5246566947343995, 0.5246566947343995, 0.5259517985312113, 0.5246566947343995, 0.5246566947343995, 0.5246566947343995, 0.5246566947343995], [0.5755909026944648, 0.541236066175262, 0.472226005160863, 0.5088420452518365, 0.5360131741561186, 0.5348751983078048, 0.5209262584030832, 0.5408946570567903, 0.5280307889262269, 0.5259517985312113, 0.44594034619843237, 0.5209262584030832, 0.5259517985312113, 0.5246566947343995, 0.4935192796300056, 0.5259517985312113], [0.5755909026944648, 0.541236066175262, 0.472226005160863, 0.5185719974999803, 0.5408946570567903, 0.5360131741561186, 0.5408946570567903, 0.5360131741561186, 0.46679544101878656, 0.5280307889262269, 0.5348751983078048, 0.5280307889262269, 0.5259517985312113, 0.5259517985312113, 0.5259517985312113, 0.5259517985312113], [0.5755909026944648, 0.541236066175262, 0.472226005160863, 0.5315458886383904, 0.5408946570567903, 0.5534947918041202, 0.5408946570567903, 0.5408946570567903, 0.5360131741561186, 0.5360131741561186, 0.5360131741561186, 0.5360131741561186, 0.5348751983078048, 0.5280307889262269, 0.5348751983078048, 0.5280307889262269], [0.5691701594034704, 0.5534947918041202, 0.5291890922781501, 0.5408946570567903, 0.541236066175262, 0.5408946570567903, 0.5315458886383904, 0.5473820499253481, 0.5408946570567903, 0.5408946570567903, 0.5408946570567903, 0.5408946570567903, 0.5360131741561186, 0.5360131741561186, 0.5360131741561186, 0.5360131741561186], [0.5691701594034704, 0.5534947918041202, 0.5675945036736078, 0.5408946570567903, 0.5473820499253481, 0.541236066175262, 0.5473820499253481, 0.541236066175262, 0.5408946570567903, 0.5408946570567903, 0.5408946570567903, 0.5408946570567903, 0.5408946570567903, 0.5408946570567903, 0.5127753573046541, 0.5408946570567903], [0.5691701594034704, 0.5675945036736078, 0.5675945036736078, 0.5244215984344635, 0.5534947918041202, 0.5473820499253481, 0.5473820499253481, 0.5534947918041202, 0.5473820499253481, 0.541236066175262, 0.5473820499253481, 0.541236066175262, 0.541236066175262, 0.5408946570567903, 0.5315458886383904, 0.5473820499253481], [0.5691701594034704, 0.5675945036736078, 0.5675945036736078, 0.5691701594034704, 0.5675945036736078, 0.5534947918041202, 0.5675945036736078, 0.5066756771958952, 0.4849840776900809, 0.5473820499253481, 0.5473820499253481, 0.5534947918041202, 0.5473820499253481, 0.5473820499253481, 0.5473820499253481, 0.47850533026676717], [0.5365723652752153, 0.5691701594034704, 0.5691701594034704, 0.5691701594034704, 0.5675945036736078, 0.5675945036736078, 0.5675945036736078, 0.5675945036736078, 0.5675945036736078, 0.5675945036736078, 0.5675945036736078, 0.5675945036736078, 0.5534947918041202, 0.5534947918041202, 0.5534947918041202, 0.5534947918041202]], "best_fitnesss": [0.5201678229434096, 0.5201678229434096, 0.5294822172155474, 0.5294822172155474, 0.5260224859077962, 0.5246566947343995, 0.5348751983078048, 0.5348751983078048, 0.5348751983078048, 0.5348751983078048, 0.5348751983078048, 0.5360131741561186, 0.5755909026944648, 0.5755909026944648, 0.5755909026944648, 0.5755909026944648, 0.5755909026944648, 0.5691701594034704, 0.5691701594034704, 0.5691701594034704, 0.5691701594034704, 0.5691701594034704], "prob_mutate": 0.020833333333333332}