{"num_qubits": 5, "depth": 23, "num_circuit": 8, "num_generation": 50, "current_generation": 3, "fitnessss": [[0.6343991225695779, 0.5844178857158586, 0.6613221992295264, 0.6578351795566646, 0.6627249216258982, 0.6935662689039666, 0.692585835182372, 0.621492319650013], [0.6935662689039666, 0.692585835182372, 0.6929645904686467, 0.6560170127259111, 0.6627249216258982, 0.6625252259318507, 0.6531241880912086, 0.6299880624626912], [0.7098836184137375, 0.667656888726933, 0.6705721830194562, 0.6806744628628739, 0.692585835182372, 0.6286874044793695, 0.69154951823978, 0.6396553980678099]], "best_fitnesss": [0.6935662689039666, 0.6935662689039666, 0.7098836184137375], "prob_mutate": 0.016304347826086956}