{"num_qubits": 5, "depth": 24, "num_circuit": 16, "num_generation": 40, "current_generation": 2, "fitnessss": [[0.6557085227086297, 0.6143220838945591, 0.6815003596546151, 0.69828988964262, 0.6796354214590707, 0.6854575028230887, 0.6718066439641128, 0.7040525585356666, 0.7181535823702043, 0.722893449922964, 0.6559002058770014, 0.654908775489398, 0.7195972766917634, 0.7254228261900224, 0.6677783370201297, 0.559265109692369], [0.7254228261900224, 0.722893449922964, 0.7409440343097529, 0.6731872409834223, 0.7195972766917634, 0.7181535823702043, 0.6896876288108016, 0.7208370617437083, 0.7040525585356666, 0.69828988964262, 0.7133554524713039, 0.7004372590403345, 0.6854575028230887, 0.6571796402303118, 0.6630472089279065, 0.6982224096793476]], "best_fitnesss": [0.7254228261900224, 0.7409440343097529], "prob_mutate": 0.0078125}