{"num_qubits": 5, "depth": 16, "num_circuit": 8, "num_generation": 20, "current_generation": 1, "fitnessss": [[0.45296416349112983, 0.4989966381949234, 0.35462816641433437, 0.5610372491506747, 0.49473877112003206, 0.45706447491920843, 0.4796725802147021, 0.5847398494287956]], "best_fitnesss": [0.5847398494287956], "prob_mutate": 0.0234375}