{"num_qubits": 6, "depth": 28, "num_circuit": 16, "num_generation": 30, "current_generation": 1, "fitnessss": [[0.5454406387187054, 0.5184412564724108, 0.5591892076580927, 0.5636486005408302, 0.5878689904827775, 0.5525768482330715, 0.5033347395629534, 0.506305115018324, 0.49402016265669485, 0.5784570266690403, 0.5367891775282483, 0.5743602035697093, 0.5310891826445848, 0.5478943646407536, 0.5745346810305916, 0.5333888440664882]], "best_fitnesss": [0.5878689904827775], "prob_mutate": 0.006696428571428571}