{"num_qubits": 3, "depth": 12, "num_circuit": 32, "num_generation": 50, "current_generation": 3, "fitnessss": [[0.8857458723335183, 0.8130711826465815, 0.6612340220795121, 0.7956917215890424, 0.8040706225768224, 0.7658971660440757, 0.7638698144766817, 0.5465594755709382, 0.6567048814771298, 0.6891443366175934, 0.8084756503169587, 0.7097495785682898, 0.8517475994488937, 0.6473292087426338, 0.7530569711143127, 0.7972145518810538, 0.6518737250176925, 0.6667493529800714, 0.8326196601684218, 0.83560528915175, 0.6897429035424603, 0.7949948839913608, 0.7360690743439297, 0.8179273196983672, 0.668234622261537, 0.7176714947275019, 0.7324332192932633, 0.7463888915891134, 0.592706130067167, 0.7582685996681959, 0.7169748759960635, 0.6993143470136743], [0.8857458723335183, 0.8517475994488937, 0.8763179963520653, 0.788754259450456, 0.83560528915175, 0.8326196601684218, 0.8355539029601772, 0.8256027203752412, 0.8179273196983672, 0.8410496070759536, 0.8448036355578858, 0.7846541230579414, 0.8084756503169587, 0.8040706225768224, 0.6829239143245912, 0.7886578182245131, 0.7972145518810538, 0.7956917215890424, 0.6707744356105054, 0.8820583736575431, 0.7949948839913608, 0.7658971660440757, 0.8410608021402421, 0.7718579488998384, 0.7638698144766817, 0.7582685996681959, 0.7426199432009879, 0.6990253793337659, 0.7530569711143127, 0.7463888915891134, 0.7109927574532484, 0.7939110604567434], [0.8857458723335183, 0.8820583736575431, 0.8903166537670838, 0.834706614325062, 0.8763179963520653, 0.8517475994488937, 0.8763179963520653, 0.8517475994488937, 0.8448036355578858, 0.8410608021402421, 0.836383420540517, 0.831982533109193, 0.8410496070759536, 0.83560528915175, 0.7306496211288251, 0.7731163156094234, 0.8355539029601772, 0.8326196601684218, 0.8355539029601772, 0.8326196601684218, 0.8256027203752412, 0.8179273196983672, 0.7324487079014002, 0.736591160698506, 0.8084756503169587, 0.8040706225768224, 0.7602515711952034, 0.7886578182245131, 0.7972145518810538, 0.778628665015206, 0.6707744356105054, 0.8820583736575431]], "best_fitnesss": [0.8857458723335183, 0.8857458723335183, 0.8903166537670838], "prob_mutate": 0.0078125}