{"num_qubits": 4, "depth": 28, "num_circuit": 16, "num_generation": 30, "current_generation": 1, "fitnessss": [[0.9171820492868434, 0.8955124529926831, 0.9042058977195822, 0.8691294203591606, 0.9001069260370629, 0.8904716390302664, 0.8365713451892957, 0.9145372344728043, 0.8680293035531397, 0.8968660355226709, 0.8632961731648437, 0.9094981474795392, 0.9095539696807056, 0.9344519858898881, 0.8744847931870565, 0.8951166585647421]], "best_fitnesss": [0.9344519858898881], "prob_mutate": 0.006696428571428571}