{"num_qubits": 5, "depth": 27, "num_circuit": 4, "num_generation": 40, "current_generation": 11, "fitnessss": [[0.7710554196463028, 0.6964295524239873, 0.7273199127044326, 0.71598762677482], [0.7144171619418515, 0.7273199127044326, 0.7129059854217065, 0.7257060489565815], [0.7273199127044326, 0.7257241546995087, 0.7042692070785187, 0.7273199127044326], [0.7273199127044326, 0.7273199127044326, 0.7273199127044326, 0.6987407347421537], [0.7273199127044326, 0.692900133128647, 0.729232689025349, 0.7150335884347698], [0.6995586764052786, 0.7273199127044326, 0.6614897104908524, 0.7567621120373154], [0.7148226613523943, 0.6925905738128739, 0.7180056375549976, 0.6935352263663732], [0.6899200451891513, 0.7223163674338825, 0.7036906993487132, 0.732482384084008], [0.7436330195976155, 0.6719096365144742, 0.7215852807097516, 0.727757057840097], [0.7568406325285449, 0.6907390823732678, 0.7677015789703947, 0.6846786066200972], [0.7677015789703947, 0.770731424660035, 0.7741246731274471, 0.7677015789703947]], "best_fitnesss": [0.7710554196463028, 0.7273199127044326, 0.7273199127044326, 0.7273199127044326, 0.729232689025349, 0.7567621120373154, 0.7180056375549976, 0.732482384084008, 0.7436330195976155, 0.7677015789703947, 0.7741246731274471], "prob_mutate": 0.027777777777777776}