{"num_qubits": 5, "depth": 6, "num_circuit": 16, "num_generation": 30, "current_generation": 23, "fitnessss": [[0.14578128541893015, 0.20988240343580883, 0.17392961059795414, 0.24116142835840884, 0.19212330139785622, 0.19899863002051688, 0.13092577121132226, 0.17960299872124194, 0.2106822038707196, 0.10269376192256896, 0.30310469845332677, 0.1556079780802268, 0.17407579973898452, 0.2139277501934032, 0.24268814996338106, 0.12247348664303141], [0.30310469845332677, 0.24268814996338106, 0.1927798067623716, 0.1927364008039415, 0.24116142835840884, 0.21526326236822996, 0.18493097863705749, 0.23848906469567802, 0.254284827766391, 0.20988240343580883, 0.12066209378785071, 0.22493672772092968, 0.19899863002051688, 0.19212330139785622, 0.23927576904790565, 0.2529440871576537], [0.30310469845332677, 0.254284827766391, 0.25281632503943996, 0.20797960564490642, 0.22197681405482542, 0.24268814996338106, 0.23755194722141545, 0.26787155406957713, 0.24116142835840884, 0.23835729387484098, 0.1594229277113912, 0.24163780196509763, 0.25002723037181307, 0.22493672772092968, 0.24537293405427124, 0.20204482044643401], [0.30310469845332677, 0.26787155406957713, 0.23043817700025865, 0.1927364008039415, 0.2116453723462662, 0.25281632503943996, 0.254284827766391, 0.25281632503943996, 0.25002723037181307, 0.24537293405427124, 0.23098921447857856, 0.25002723037181307, 0.24268814996338106, 0.24163780196509763, 0.23158812815616409, 0.19784126705870883], [0.30310469845332677, 0.26787155406957713, 0.24070132512746314, 0.1927364008039415, 0.254284827766391, 0.25281632503943996, 0.254284827766391, 0.25281632503943996, 0.25281632503943996, 0.25002723037181307, 0.2077806958584995, 0.24537293405427124, 0.25002723037181307, 0.24537293405427124, 0.24537293405427124, 0.25002723037181307], [0.30310469845332677, 0.22006001924675606, 0.24070132512746314, 0.2065933812309801, 0.254284827766391, 0.254284827766391, 0.254284827766391, 0.254284827766391, 0.25281632503943996, 0.25281632503943996, 0.2613095232593404, 0.25281632503943996, 0.25281632503943996, 0.25002723037181307, 0.2077806958584995, 0.24537293405427124], [0.30310469845332677, 0.2613095232593404, 0.24126310626719683, 0.29152696676744566, 0.254284827766391, 0.254284827766391, 0.254284827766391, 0.23954373814954258, 0.254284827766391, 0.254284827766391, 0.254284827766391, 0.254284827766391, 0.25281632503943996, 0.25281632503943996, 0.25281632503943996, 0.25281632503943996], [0.30310469845332677, 0.2312671246708935, 0.30310469845332677, 0.29152696676744566, 0.2613095232593404, 0.254284827766391, 0.25281632503943996, 0.21241080786185546, 0.254284827766391, 0.22683023011628817, 0.22895370343839677, 0.24687806024821607, 0.254284827766391, 0.254284827766391, 0.254284827766391, 0.254284827766391], [0.2313893799901125, 0.30310469845332677, 0.30310469845332677, 0.30310469845332677, 0.29152696676744566, 0.2613095232593404, 0.2613095232593404, 0.22335497012152086, 0.254284827766391, 0.254284827766391, 0.254284827766391, 0.254284827766391, 0.17168600787691016, 0.2360530748418622, 0.254284827766391, 0.254284827766391], [0.30310469845332677, 0.30310469845332677, 0.30310469845332677, 0.30310469845332677, 0.2437372734254711, 0.29152696676744566, 0.30310469845332677, 0.29152696676744566, 0.2613095232593404, 0.2263249107092256, 0.2613095232593404, 0.23014775465050583, 0.254284827766391, 0.254284827766391, 0.254284827766391, 0.23268254676512648], [0.30310469845332677, 0.30310469845332677, 0.15134005362623348, 0.30310469845332677, 0.30310469845332677, 0.30310469845332677, 0.30310469845332677, 0.30310469845332677, 0.30310469845332677, 0.29152696676744566, 0.30310469845332677, 0.29152696676744566, 0.3186222215384412, 0.2613095232593404, 0.2613095232593404, 0.29152696676744566], [0.3186222215384412, 0.30310469845332677, 0.29152696676744566, 0.2899862008113403, 0.30310469845332677, 0.30310469845332677, 0.30310469845332677, 0.30310469845332677, 0.30310469845332677, 0.30310469845332677, 0.30310469845332677, 0.30310469845332677, 0.30310469845332677, 0.30310469845332677, 0.30310469845332677, 0.30310469845332677], [0.3186222215384412, 0.30310469845332677, 0.29152696676744566, 0.2899862008113403, 0.30310469845332677, 0.30310469845332677, 0.30310469845332677, 0.30310469845332677, 0.30310469845332677, 0.3005691306757031, 0.24190166002840727, 0.30310469845332677, 0.30310469845332677, 0.30310469845332677, 0.30310469845332677, 0.30310469845332677], [0.3186222215384412, 0.22833212830159644, 0.29152696676744566, 0.2899862008113403, 0.30310469845332677, 0.30310469845332677, 0.30310469845332677, 0.30310469845332677, 0.30310469845332677, 0.30310469845332677, 0.23154276170331972, 0.30310469845332677, 0.30310469845332677, 0.30310469845332677, 0.30310469845332677, 0.30310469845332677], [0.3186222215384412, 0.30310469845332677, 0.29152696676744566, 0.2899862008113403, 0.30310469845332677, 0.30310469845332677, 0.30310469845332677, 0.30310469845332677, 0.30310469845332677, 0.30310469845332677, 0.30310469845332677, 0.30310469845332677, 0.30310469845332677, 0.23382060250219094, 0.2431384988095075, 0.27858299061546254], [0.3186222215384412, 0.30310469845332677, 0.29152696676744566, 0.2899862008113403, 0.30310469845332677, 0.30310469845332677, 0.30310469845332677, 0.30310469845332677, 0.30310469845332677, 0.30310469845332677, 0.30310469845332677, 0.30310469845332677, 0.30310469845332677, 0.30310469845332677, 0.30310469845332677, 0.30310469845332677], [0.3186222215384412, 0.30310469845332677, 0.29152696676744566, 0.2899862008113403, 0.30310469845332677, 0.30310469845332677, 0.30310469845332677, 0.30310469845332677, 0.24728039211369884, 0.30310469845332677, 0.30310469845332677, 0.30310469845332677, 0.30310469845332677, 0.30310469845332677, 0.19961222544524532, 0.30310469845332677], [0.3186222215384412, 0.24377310497064686, 0.29152696676744566, 0.2899862008113403, 0.2383390534094688, 0.30310469845332677, 0.30310469845332677, 0.30310469845332677, 0.30310469845332677, 0.30310469845332677, 0.30310469845332677, 0.30310469845332677, 0.30310469845332677, 0.30310469845332677, 0.30310469845332677, 0.30310469845332677], [0.20794721532963695, 0.30310469845332677, 0.29152696676744566, 0.2899862008113403, 0.2341846416140229, 0.30310469845332677, 0.30310469845332677, 0.30310469845332677, 0.30310469845332677, 0.30310469845332677, 0.19163535359914588, 0.30310469845332677, 0.22428762923179763, 0.30310469845332677, 0.30310469845332677, 0.30310469845332677], [0.30310469845332677, 0.30310469845332677, 0.30310469845332677, 0.30310469845332677, 0.30310469845332677, 0.25132749222709966, 0.23496430209838212, 0.30310469845332677, 0.30310469845332677, 0.30310469845332677, 0.30310469845332677, 0.30310469845332677, 0.25310937319777793, 0.30310469845332677, 0.30310469845332677, 0.30310469845332677], [0.21528734325487936, 0.30310469845332677, 0.30310469845332677, 0.30310469845332677, 0.30310469845332677, 0.30310469845332677, 0.30310469845332677, 0.30310469845332677, 0.30310469845332677, 0.30310469845332677, 0.30310469845332677, 0.30310469845332677, 0.30310469845332677, 0.30310469845332677, 0.30310469845332677, 0.30310469845332677], [0.30310469845332677, 0.30310469845332677, 0.30310469845332677, 0.30310469845332677, 0.30310469845332677, 0.19773890865441915, 0.30310469845332677, 0.30310469845332677, 0.30310469845332677, 0.30310469845332677, 0.30310469845332677, 0.30310469845332677, 0.30310469845332677, 0.30310469845332677, 0.30310469845332677, 0.30310469845332677], [0.30310469845332677, 0.30310469845332677, 0.30310469845332677, 0.30310469845332677, 0.30310469845332677, 0.30310469845332677, 0.30310469845332677, 0.30310469845332677, 0.30310469845332677, 0.2655843317805959, 0.30310469845332677, 0.30310469845332677, 0.30310469845332677, 0.30310469845332677, 0.30310469845332677, 0.3112017834191089]],