{"num_qubits": 3, "depth": 2, "num_circuit": 4, "num_generation": 20, "current_generation": 6, "fitnessss": [[0.10820521096639742, 0.16445985385313217, 0.14110289938054218, 0.24793201861701206], [0.24793201861701206, 0.2255376199697216, 0.1388646548183646, 0.16607033400992727], [0.24793201861701206, 0.18234046093173567, 0.304286544379744, 0.09809327990758954], [0.28574329016524425, 0.1899228379129822, 0.2797244929418078, 0.1620786686252076], [0.28574329016524425, 0.2797244929418078, 0.16788023257072654, 0.304286544379744], [0.304286544379744, 0.2991858927716425, 0.27157341899869036, 0.2439750787091836]], "best_fitnesss": [0.24793201861701206, 0.24793201861701206, 0.304286544379744, 0.28574329016524425, 0.304286544379744, 0.304286544379744], "prob_mutate": 0.375}