{"num_qubits": 6, "depth": 36, "num_circuit": 32, "num_generation": 30, "current_generation": 1, "fitnessss": [[0.6973333553329291, 0.6920034513953873, 0.5930470498868596, 0.6495971677857215, 0.6932074465956127, 0.5901580739646709, 0.6538940920009573, 0.695958498179072, 0.6687194499881366, 0.6467637451675777, 0.6476008472316572, 0.6739168708253398, 0.6771635146986573, 0.6771787738237423, 0.7028255013145599, 0.6456078237244218, 0.6536237845516061, 0.6835717048280853, 0.6372644287154912, 0.6635916938493842, 0.6053655827736277, 0.7033629065949161, 0.6308153031470888, 0.6874220622682677, 0.6412725855512171, 0.6821402699894199, 0.6448899589670882, 0.6113388261089447, 0.6552739572522833, 0.6705586943302295, 0.6710992938381176, 0.6431938548479221]], "best_fitnesss": [0.7033629065949161], "prob_mutate": 0.0026041666666666665}