{"num_qubits": 6, "depth": 35, "num_circuit": 16, "num_generation": 10, "current_generation": 3, "fitnessss": [[0.6428089378064199, 0.6903595137888373, 0.6514783950678024, 0.6840433377492628, 0.6812356503480259, 0.7061648833839514, 0.6883345597565267, 0.6410218168910857, 0.6610900936677578, 0.6433949533789509, 0.6224824120860323, 0.6654138508645729, 0.7211056023261172, 0.6989630515302745, 0.6311492250950775, 0.6111208192202027], [0.7211056023261172, 0.7061648833839514, 0.7120649273611965, 0.6669546135627223, 0.6989630515302745, 0.6903595137888373, 0.6491440859731511, 0.6848146346614413, 0.6883345597565267, 0.6840433377492628, 0.6749805441889671, 0.6752120417865223, 0.6812356503480259, 0.6654138508645729, 0.6147607210774455, 0.6957419608030635], [0.7211056023261172, 0.7196794795753851, 0.6947734134554259, 0.7211056023261172, 0.7061648833839514, 0.6989630515302745, 0.6533019326880132, 0.6706144673038915, 0.6957419608030635, 0.6903595137888373, 0.6900802875454428, 0.6784134370766088, 0.6883345597565267, 0.6670420166417352, 0.6756020059026364, 0.6837750868853958]], "best_fitnesss": [0.7211056023261172, 0.7211056023261172, 0.7211056023261172], "prob_mutate": 0.005357142857142857}