{"num_qubits": 8, "depth": 19, "num_circuit": 16, "num_generation": 20, "current_generation": 20, "fitnessss": [[0.3240656515744479, 0.2900244106322326, 0.48617141586120993, 0.3423269061857511, 0.3873594970016501, 0.40190885386103237, 0.13097165591993462, 0.3084629654876493, 0.4948304048545242, 0.2368194622253749, 0.5776145232214784, 0.2685276210073528, 0.34172098494478764, 0.21959099426285164, 0.549568375700231, 0.5165627422670539], [0.5888053374156584, 0.4483058935820738, 0.5193724996643166, 0.17869609635496772, 0.5462159411312374, 0.4518070561770496, 0.4413627099461556, 0.44327588383760236, 0.49127518172252876, 0.3570916669015657, 0.32448232407488187, 0.5441343602556332, 0.4830995953148852, 0.33981045249266656, 0.42002287787948084, 0.24723878581503742], [0.5552892312323051, 0.44570722875977103, 0.5356466920642845, 0.4128287817686157, 0.5424416194310587, 0.5085391080081523, 0.10427305092914392, 0.4894959510883761, 0.46431528176307457, 0.4418482593625027, 0.3449601144786015, 0.3996846092971933, 0.516046789247371, 0.44420512540406615, 0.16822128298978958, 0.24330750957119154], [0.5717411842583705, 0.6221196355018686, 0.3774469236928067, 0.38931093670244776, 0.4854868485763967, 0.4654733519161961, 0.40225390854776844, 0.4153989142634515, 0.5377284684832156, 0.4774209494607497, 0.36869952862623684, 0.508048702718124, 0.4283177424461496, 0.38533749044279497, 0.5351294921569665, 0.5836948496889172], [0.5074775597843074, 0.5917764179116239, 0.5654123145020251, 0.5546074948609407, 0.4196058056619322, 0.49211734680915986, 0.4801385218678898, 0.3075930850021937, 0.5106201959491455, 0.5101448769661291, 0.5262530819488791, 0.5336669348798428, 0.4696442439252458, 0.4670976738598007, 0.37459789735140314, 0.5186099481853146], [0.600761916278713, 0.44542431955814515, 0.5783216019926735, 0.5380033075341404, 0.47128343238626946, 0.5309705857327893, 0.3937863084373076, 0.4078182919951048, 0.5032140010153408, 0.48583287252651497, 0.5407018073409675, 0.4220995655838621, 0.492784367166857, 0.5187832218678795, 0.4891497300322264, 0.4928204075774178], [0.5490577716841446, 0.402028304961099, 0.6140960221415244, 0.4521765254247801, 0.5900346160601039, 0.4756639535171451, 0.35906431790924903, 0.41681597109305824, 0.4929955289813905, 0.5913467986723906, 0.49706740357399576, 0.5301817631824137, 0.48884050865086764, 0.45326933809825426, 0.5490615139569256, 0.5457774006985285], [0.5926129213763879, 0.5195361461672926, 0.5436799966471799, 0.43699186316651434, 0.29467503931973704, 0.49664356127862896, 0.5233265753656683, 0.3071658123426387, 0.5514019457005371, 0.5587819316943662, 0.48658266999350674, 0.4975889669966798, 0.3253772274857717, 0.6216345444006011, 0.5258781436877229, 0.3432982850256886], [0.6114668213427306, 0.5701117619787688, 0.46285565103682674, 0.5641528063933687, 0.533686374805814, 0.45020155390554495, 0.5052236428861314, 0.44141282719310215, 0.5076670780938878, 0.5099013454691688, 0.5033192110243733, 0.543581977319659, 0.2202364613990325, 0.49631551464383517, 0.39010292131022783, 0.5069846847655302], [0.6016919429863451, 0.573290727388942, 0.4991820850388124, 0.5757072547670867, 0.5223328829795995, 0.306134996755108, 0.5333816913579388, 0.5695596252655493, 0.5957481882364609, 0.46111176966402756, 0.477025836141992, 0.5153865210691903, 0.5815829345041834, 0.4535191160598706, 0.5197339698817043, 0.6265317869546132], [0.6299912317940085, 0.5551631425969755, 0.6250129828899179, 0.5757084335103598, 0.5616229040603736, 0.5515649522119961, 0.47573427111320604, 0.5685351944466872, 0.5762822066795252, 0.556250264368581, 0.5654497235942895, 0.5553542930570212, 0.6098164696523766, 0.6000014515748769, 0.4803661393966877, 0.4871685579136864], [0.6067071079642621, 0.5636827296890344, 0.6771337217017972, 0.6297555780911345, 0.5654516322323259, 0.5107942758490427, 0.49839800396961886, 0.46953250342906205, 0.5768399336427138, 0.5876205568101082, 0.3878185927127283, 0.5787165680233232, 0.5955341937923947, 0.566247513476908, 0.5448931134414584, 0.5705215805741389], [0.6428143594736128, 0.6098439418214069, 0.6467565566431274, 0.5774011302936651, 0.5742341106422902, 0.5544295593730684, 0.4982786704180664, 0.5110416117431139, 0.5916605711944173, 0.6019131103424786, 0.617888160664871, 0.6153849101922939, 0.5337574117436926, 0.46931955183194657, 0.500334568417577, 0.5743870428310849], [0.3434869716962386, 0.6212013574116766, 0.6446130933694032, 0.6443352618436337, 0.6043557456735853, 0.5280729028672178, 0.661985676497571, 0.5913126587083308, 0.6099281137954778, 0.6209922554559631, 0.6368665455766039, 0.5873263948240689, 0.6019088688626105, 0.6374165403615972, 0.5961281294068488, 0.5824811873913962], [0.6043560577728158, 0.6376127951451379, 0.603758955477786, 0.2698283872027684, 0.5959168188433044, 0.6497681526385894, 0.669512864376075, 0.5913912262885888, 0.6017270359612262, 0.5968388823345656, 0.6403551292762909, 0.6298314218939203, 0.658734565147168, 0.5761469515310252, 0.6403635378416838, 0.6418450448261834], [0.5279767254128709, 0.6144032155844825, 0.616251392017494, 0.585467577880036, 0.6153563582768505, 0.6487900320541888, 0.5977115941514485, 0.628082654449531, 0.4086804967067499, 0.5946709995133564, 0.6646372594399749, 0.5961322358822235, 0.60769668336551, 0.6334346440912195, 0.606853787878948, 0.6080261380309571], [0.6205866307998218, 0.6452593461958225, 0.6013554131361841, 0.576297315196718, 0.5759695455285364, 0.6562967049224687, 0.6112350834892888, 0.6271201864816376, 0.34182629805206355, 0.5758954614923775, 0.5778055594593021, 0.6474081171619248, 0.6579050146285397, 0.5953085336038975, 0.6207431662602569, 0.5689515665662037], [0.6682804290735435, 0.5809045652248265, 0.28916457753180314, 0.3016236353035498, 0.6261151079842348, 0.594939390680126, 0.5471490762843377, 0.6210692798940622, 0.6431460023747404, 0.61741550349523, 0.6633679781168532, 0.6259652031410838, 0.6668320360726776, 0.5613126039658067, 0.4888533988689939, 0.5882428200809742], [0.36589093579805343, 0.6389817006007399, 0.6157383988607237, 0.6003165624875015, 0.41436136157830383, 0.5964392246350108, 0.635103881723378, 0.6587960389866166, 0.39148596587893103, 0.4330911522262154, 0.6220716475198077, 0.6381540019400875, 0.5516621310194005, 0.6108582028634819, 0.5880058703829869, 0.5731860643725339], [0.44425851065145344, 0.5842063619359108, 0.5891032582586061, 0.6562561050353983, 0.6586003506140409, 0.6842889267782126, 0.581914967020235, 0.6629428343930588, 0.6258846358492909, 0.5701176282525985, 0.6214409481682364, 0.6675475244019704, 0.6302017246190088, 0.5330710385895582, 0.6923477837583275, 0.5641488486911815]], "best_fitnesss": [0.5776145232214784, 0.5888053374156584, 0.5552892312323051, 0.6221196355018686, 0.5917764179116239, 0.600761916278713, 0.6140960221415244, 0.6216345444006011, 0.6114668213427306, 0.6265317869546132, 0.6299912317940085, 0.6771337217017972, 0.6467565566431274, 0.661985676497571, 0.669512864376075, 0.6646372594399749, 0.6579050146285397, 0.6682804290735435, 0.6587960389866166, 0.6923477837583275], "prob_mutate": 0.009868421052631578}