{"num_qubits": 6, "depth": 29, "num_circuit": 4, "num_generation": 30, "current_generation": 12, "fitnessss": [[0.6500247470482939, 0.5762857376345567, 0.5760829716620847, 0.5706074063164791], [0.6500247470482939, 0.5880445169465311, 0.6325292461424262, 0.5114803299526054], [0.6500247470482939, 0.6304024791705448, 0.5991146863037731, 0.6318278303786999], [0.6186869961886143, 0.6086839072646912, 0.6500247470482939, 0.6318278303786999], [0.6500247470482939, 0.582252646458195, 0.6380384242428903, 0.6377193253858947], [0.6242878094898849, 0.6380384242428903, 0.628954239358342, 0.6357143235540578], [0.6380384242428903, 0.6264849101979835, 0.6357143235540578, 0.6380384242428903], [0.6380384242428903, 0.6118600241972533, 0.6380384242428903, 0.6380384242428903], [0.6237329154986302, 0.6144004561879027, 0.6380384242428903, 0.6264762349655033], [0.6097464981348801, 0.6296643367960354, 0.5879164010021454, 0.6380384242428903], [0.6380384242428903, 0.5911262343419259, 0.643802576861856, 0.6030522586153847], [0.643802576861856, 0.595451656238111, 0.6380384242428903, 0.643802576861856]], "best_fitnesss": [0.6500247470482939, 0.6500247470482939, 0.6500247470482939, 0.6500247470482939, 0.6500247470482939, 0.6380384242428903, 0.6380384242428903, 0.6380384242428903, 0.6380384242428903, 0.6380384242428903, 0.643802576861856, 0.643802576861856], "prob_mutate": 0.02586206896551724}