{"num_qubits": 6, "depth": 29, "num_circuit": 4, "num_generation": 30, "current_generation": 7, "fitnessss": [[0.6500247470482939, 0.5762857376345567, 0.5760829716620847, 0.5706074063164791], [0.6500247470482939, 0.5880445169465311, 0.6325292461424262, 0.5114803299526054], [0.6500247470482939, 0.6304024791705448, 0.5991146863037731, 0.6318278303786999], [0.6186869961886143, 0.6086839072646912, 0.6500247470482939, 0.6318278303786999], [0.6500247470482939, 0.582252646458195, 0.6380384242428903, 0.6377193253858947], [0.6242878094898849, 0.6380384242428903, 0.628954239358342, 0.6357143235540578], [0.6380384242428903, 0.6264849101979835, 0.6357143235540578, 0.6380384242428903]], "best_fitnesss": [0.6500247470482939, 0.6500247470482939, 0.6500247470482939, 0.6500247470482939, 0.6500247470482939, 0.6380384242428903, 0.6380384242428903], "prob_mutate": 0.02586206896551724}