{"num_qubits": 2, "depth": 4, "num_circuit": 16, "num_generation": 40, "current_generation": 40, "fitnessss": [[0.2678618794327123, 0.8005198279411012, 0.5006851741223708, 0.6152985615966886, 0.2678618794327123, 0.622132399648094, 0.3898395440729601, 0.3813635406021115, 0.2678618794327123, 0.8399131169094941, 0.534574640251422, 0.39159408801415935, 0.2678618794327123, 0.5134775163310383, 0.7900600273436462, 0.2678618794327123], [0.8399131169094941, 0.8005198279411012, 0.7334044537722617, 0.6115512587132774, 0.7900600273436462, 0.622132399648094, 0.35937945479163524, 0.7621428026036846, 0.6905209606413645, 0.534574640251422, 0.7242896280669074, 0.42913386962324607, 0.6079046214264789, 0.5284525056235273, 0.3812578144397217, 0.38649719583648484], [0.8399131169094941, 0.8005198279411012, 0.7334044537722617, 0.7826900960959017, 0.7900600273436462, 0.7621428026036846, 0.6167879209091479, 0.7621428026036846, 0.7334044537722617, 0.7242896280669074, 0.7393124427321353, 0.4839056585287227, 0.6905209606413645, 0.622132399648094, 0.35993119972024357, 0.6590293142152498], [0.8399131169094941, 0.8005198279411012, 0.7334044537722617, 0.7826900960959017, 0.5259196869000643, 0.7826900960959017, 0.7139105575208712, 0.7809786839462631, 0.6595084035067116, 0.7621428026036846, 0.7621428026036846, 0.7621428026036846, 0.7393124427321353, 0.6722980697534509, 0.7334044537722617, 0.7393124427321353], [0.8399131169094941, 0.8005198279411012, 0.7334044537722617, 0.6687080564566275, 0.7826900960959017, 0.7826900960959017, 0.6429997953641585, 0.7191618598814136, 0.7809786839462631, 0.7621428026036846, 0.7809786839462631, 0.7621428026036846, 0.7621428026036846, 0.7621428026036846, 0.7621428026036846, 0.6329067803870749], [0.8399131169094941, 0.8005198279411012, 0.5820250728731751, 0.575124841194351, 0.7826900960959017, 0.7826900960959017, 0.7707489548503417, 0.7826900960959017, 0.7809786839462631, 0.7809786839462631, 0.7809786839462631, 0.7809786839462631, 0.7621428026036846, 0.7621428026036846, 0.7621428026036846, 0.7621428026036846], [0.575124841194351, 0.8261728768823721, 0.6238044423006871, 0.7826900960959017, 0.7826900960959017, 0.7826900960959017, 0.7826900960959017, 0.7826900960959017, 0.7826900960959017, 0.7809786839462631, 0.7809786839462631, 0.7826900960959017, 0.7809786839462631, 0.7809786839462631, 0.7809786839462631, 0.7809786839462631], [0.8261728768823721, 0.7826900960959017, 0.7826900960959017, 0.8261728768823721, 0.7826900960959017, 0.7826900960959017, 0.7826900960959017, 0.7826900960959017, 0.7121888675494782, 0.6682029742672912, 0.7826900960959017, 0.7826900960959017, 0.7826900960959017, 0.7826900960959017, 0.7826900960959017, 0.7405064915621777], [0.744132894365558, 0.788215253392195, 0.8261728768823721, 0.8261728768823721, 0.8072056050882981, 0.7826900960959017, 0.7826900960959017, 0.7826900960959017, 0.7274822086967376, 0.7826900960959017, 0.7826900960959017, 0.7826900960959017, 0.575124841194351, 0.7826900960959017, 0.7826900960959017, 0.7826900960959017], [0.8261728768823721, 0.8158013655771075, 0.8261728768823721, 0.8261728768823721, 0.8072056050882981, 0.788215253392195, 0.788215253392195, 0.8072056050882981, 0.7826900960959017, 0.7826900960959017, 0.7826900960959017, 0.7826900960959017, 0.7826900960959017, 0.7826900960959017, 0.7826900960959017, 0.7826900960959017], [0.8261728768823721, 0.8261728768823721, 0.7876165526257386, 0.8261728768823721, 0.8261728768823721, 0.8158013655771075, 0.8261728768823721, 0.8158013655771075, 0.8072056050882981, 0.8072056050882981, 0.7519525826617589, 0.8072056050882981, 0.788215253392195, 0.788215253392195, 0.788215253392195, 0.788215253392195], [0.7045430707864605, 0.8261728768823721, 0.8261728768823721, 0.8261728768823721, 0.8261728768823721, 0.8261728768823721, 0.8261728768823721, 0.7758505852136592, 0.8261728768823721, 0.8158013655771075, 0.8261728768823721, 0.8158013655771075, 0.8158013655771075, 0.8072056050882981, 0.7079056585855097, 0.8261728768823721], [0.8261728768823721, 0.8261728768823721, 0.7045430707864605, 0.8261728768823721, 0.8261728768823721, 0.8261728768823721, 0.8261728768823721, 0.8261728768823721, 0.8261728768823721, 0.8005198279411012, 0.8261728768823721, 0.8261728768823721, 0.8261728768823721, 0.8261728768823721, 0.8261728768823721, 0.8261728768823721], [0.8261728768823721, 0.8261728768823721, 0.809702066248971, 0.8261728768823721, 0.707947299270772, 0.8261728768823721, 0.8261728768823721, 0.8261728768823721, 0.8261728768823721, 0.8261728768823721, 0.8261728768823721, 0.8261728768823721, 0.8261728768823721, 0.8261728768823721, 0.8261728768823721, 0.8261728768823721], [0.8261728768823721, 0.8261728768823721, 0.8261728768823721, 0.8261728768823721, 0.45788931632613855, 0.826172876882372, 0.8261728768823721, 0.8261728768823721, 0.8261728768823721, 0.8261728768823721, 0.7784391081170716, 0.8261728768823721, 0.708689226067189, 0.8261728768823721, 0.8261728768823721, 0.8261728768823721], [0.8261728768823721, 0.5639551390706132, 0.8261728768823721, 0.8261728768823721, 0.8261728768823721, 0.8261728768823721, 0.751000036802386, 0.8261728768823721, 0.8261728768823721, 0.8261728768823721, 0.8261728768823721, 0.8261728768823721, 0.8261728768823721, 0.7747766012064944, 0.8261728768823721, 0.8261728768823721], [0.8261728768823721, 0.8261728768823721, 0.8261728768823721, 0.8261728768823721, 0.8261728768823721, 0.8261728768823721, 0.8261728768823721, 0.8261728768823721, 0.5639551390706132, 0.8261728768823721, 0.8261728768823721, 0.8261728768823721, 0.8261728768823721, 0.8261728768823721, 0.8261728768823721, 0.8261728768823721], [0.8261728768823721, 0.8261728768823721, 0.8261728768823721, 0.8261728768823721, 0.8261728768823721, 0.8261728768823721, 0.8261728768823721, 0.8261728768823721, 0.8261728768823721, 0.8261728768823721, 0.8261728768823721, 0.8261728768823721, 0.8261728768823721, 0.8261728768823721, 0.8261728768823721, 0.8261728768823721], [0.7849490764253312, 0.8261728768823721, 0.8261728768823721, 0.8261728768823721, 0.6689362693124692, 0.8261728768823721, 0.8261728768823721, 0.8261728768823721, 0.8261728768823721, 0.5639551390706132, 0.8261728768823721, 0.7932415692042526, 0.8261728768823721, 0.8261728768823721, 0.7876165526257385, 0.5639551390706132], [0.8261728768823721, 0.8261728768823721, 0.8261728768823721, 0.8261728768823721, 0.8261728768823721, 0.8261728768823721, 0.8261728768823721, 0.8261728768823721, 0.8261728768823721, 0.8261728768823721, 0.8261728768823721, 0.7234021382850149, 0.8261728768823721, 0.8261728768823721, 0.8261728768823721, 0.8261728768823721], [0.8261728768823721, 0.8261728768823721, 0.7876165526257386, 0.8261728768823721, 0.8261728768823721, 0.8261728768823721, 0.8261728768823721, 0.8261728768823721, 0.8261728768823721, 0.8261728768823721, 0.6408305620745026, 0.8261728768823721, 0.8261728768823721, 0.8261728768823721, 0.8261728768823721, 0.8261728768823721], [0.8261728768823721, 0.7038447066965492, 0.8261728768823721, 0.8261728768823721, 0.8261728768823721, 0.8261728768823721, 0.8261728768823721, 0.7508750618364844, 0.8261728768823721, 0.8261728768823721, 0.8261728768823721, 0.6918432685822584, 0.728441481433516, 0.8261728768823721, 0.8261728768823721, 0.7234021382850149], [0.8261728768823721, 0.8261728768823721, 0.8261728768823721, 0.8261728768823721, 0.8261728768823721, 0.8261728768823721, 0.8261728768823721, 0.8261728768823721, 0.8261728768823721, 0.8261728768823721, 0.8261728768823721, 0.8261728768823721, 0.8261728768823721, 0.8261728768823721, 0.8261728768823721, 0.8261728768823721], [0.8261728768823721, 0.8261728768823721, 0.5639551390706132, 0.8261728768823721, 0.8261728768823721, 0.7284414814335157, 0.8261728768823721, 0.8261728768823721, 0.8261728768823721, 0.8261728768823721, 0.6135996033247617, 0.8261728768823721, 0.8261728768823721, 0.8261728768823721, 0.8261728768823721, 0.8261728768823721], [0.8261728768823721, 0.5236644334998743, 0.8261728768823721, 0.7736188624469266, 0.8261728768823721, 0.8261728768823721, 0.8158013655771075, 0.8261728768823721, 