{"num_qubits": 3, "depth": 7, "num_circuit": 32, "num_generation": 40, "current_generation": 3, "fitnessss": [[0.5437748187867517, 0.604602254780202, 0.5278382998649012, 0.6305034292498864, 0.5000051436383052, 0.5470075182565772, 0.7217660922837945, 0.5184792130845647, 0.5232558423266725, 0.6614248458290691, 0.6161835714381092, 0.641292389869984, 0.6286513673063145, 0.5678977641017205, 0.5852147970586962, 0.5410444253830831, 0.4760192758373698, 0.45285771685074006, 0.5677383439540987, 0.5803891235908326, 0.5356962668890644, 0.6142221855311819, 0.6531231227754181, 0.5316979377322426, 0.48182222477414377, 0.5041072344706625, 0.5530766073627265, 0.605153938003265, 0.6906011284679938, 0.49108658123277077, 0.6843587159226763, 0.5602791929349585], [0.7217660922837945, 0.6906011284679938, 0.6459941115855303, 0.5483487489957423, 0.6843587159226763, 0.6614248458290691, 0.6648201823761976, 0.668643871125146, 0.6531231227754181, 0.641292389869984, 0.6085502930318136, 0.6557121588561072, 0.6305034292498864, 0.6286513673063145, 0.6380331260107116, 0.5173538490550392, 0.6161835714381092, 0.6142221855311819, 0.620343694706655, 0.6045327725684587, 0.605153938003265, 0.604602254780202, 0.5960931603655094, 0.5933795445995729, 0.5852147970586962, 0.5803891235908326, 0.5890113022216614, 0.53369964340609, 0.5678977641017205, 0.5677383439540987, 0.6561069826743984, 0.3241678043521282], [0.7217660922837945, 0.6906011284679938, 0.6534386898213742, 0.5483487489957423, 0.6843587159226763, 0.668643871125146, 0.6843587159226763, 0.668643871125146, 0.6648201823761976, 0.6614248458290691, 0.6648201823761976, 0.6614248458290691, 0.6561069826743984, 0.6557121588561072, 0.5601768393371097, 0.6670125548346619, 0.6531231227754181, 0.6459941115855303, 0.7089196944616623, 0.6767345952990778, 0.641292389869984, 0.6380331260107116, 0.6232206731251556, 0.7413603218665313, 0.6305034292498864, 0.6296551796292742, 0.6380331260107116, 0.5173538490550392, 0.620343694706655, 0.6263763572428451, 0.6161835714381092, 0.620343694706655]], "best_fitnesss": [0.7217660922837945, 0.7217660922837945, 0.7413603218665313], "prob_mutate": 0.013392857142857142}