{"num_qubits": 4, "depth": 6, "num_circuit": 32, "num_generation": 40, "current_generation": 19, "fitnessss": [[0.2420888659849864, 0.29859038704505425, 0.27738804034347, 0.3502880285476822, 0.34130270357615416, 0.26187426989210766, 0.302573862285402, 0.24234709440675148, 0.24939306302983702, 0.3186235784337628, 0.3779816625865499, 0.25879337888672843, 0.35343334641047663, 0.3022000442692028, 0.34009001757588697, 0.36222179033552565, 0.2088549122044471, 0.34087262938661356, 0.25517857271293953, 0.3588890607277552, 0.3755108553422753, 0.36664965977089403, 0.37876745745401746, 0.18427770157638615, 0.1731725674349854, 0.3823063533467498, 0.38441595472570234, 0.27427599125112956, 0.3251678812710064, 0.3491077161528199, 0.3409460787774103, 0.4042520115638033], [0.4042520115638033, 0.38441595472570234, 0.4395370599088227, 0.2866063568161611, 0.3823063533467498, 0.37876745745401746, 0.3345462990718838, 0.31530763044709276, 0.3779816625865499, 0.3755108553422753, 0.35692387166265693, 0.3632267652488014, 0.3382370821049269, 0.36222179033552565, 0.3310671808349511, 0.3250666678627725, 0.33147079755172487, 0.35343334641047663, 0.2540381370064285, 0.3222420487839921, 0.3502880285476822, 0.3491077161528199, 0.32683281520318685, 0.32640161664666534, 0.34130270357615416, 0.3409460787774103, 0.23957362590144743, 0.340643509731774, 0.360790018716865, 0.34009001757588697, 0.37314988578271946, 0.3732509206849183], [0.4395370599088227, 0.4042520115638033, 0.4042520115638033, 0.4395370599088227, 0.38441595472570234, 0.3823063533467498, 0.22617481422768754, 0.35446503335054025, 0.37876745745401746, 0.3779816625865499, 0.40398522931579556, 0.4017846370487221, 0.3755108553422753, 0.3732509206849183, 0.2994676536890906, 0.43574320181541165, 0.37314988578271946, 0.3632267652488014, 0.3312671148169736, 0.27809831246756, 0.36222179033552565, 0.360790018716865, 0.30311483962324237, 0.4254452964875276, 0.35692387166265693, 0.35343334641047663, 0.3303359872526308, 0.32339031705476856, 0.3502880285476822, 0.3491077161528199, 0.4065125827572255, 0.33378870970042457], [0.4395370599088227, 0.4395370599088227, 0.4395370599088227, 0.4395370599088227, 0.43574320181541165, 0.4254452964875276, 0.30059866246855327, 0.3424172482484863, 0.4065125827572255, 0.4567308758867313, 0.40098128363497193, 0.40355722196337274, 0.4042520115638033, 0.40398522931579556, 0.4373074706375867, 0.3031307538094299, 0.3385529795211374, 0.38441595472570234, 0.38275902711948645, 0.3787246455371405, 0.3823063533467498, 0.37876745745401746, 0.3345462990718838, 0.31530763044709276, 0.3779816625865499, 0.3755108553422753, 0.35692387166265693, 0.2760074570212279, 0.3732509206849183, 0.37314988578271946, 0.34009001757588697, 0.34087262938661356], [0.4567308758867313, 0.4395370599088227, 0.4395370599088227, 0.4567308758867313, 0.4395370599088227, 0.4395370599088227, 0.4395370599088227, 0.4395370599088227, 0.4395370599088227, 0.4373074706375867, 0.4373074706375867, 0.4395370599088227, 0.43574320181541165, 0.4254452964875276, 0.30059866246855327, 0.3424172482484863, 0.2722190941702104, 0.4042520115638033, 0.40098128363497193, 0.40355722196337274, 0.37820045945823144, 0.40355722196337274, 0.26936143188680084, 0.4373074706375867, 0.40098128363497193, 0.27336883702953774, 0.43930324988621905, 0.373924047180992, 0.38275902711948645, 0.3823063533467498, 0.33650526077057175, 0.35446503335054025], [0.4567308758867313, 0.4567308758867313, 0.4567308758867313, 0.4567308758867313, 0.4395370599088227, 0.4395370599088227, 0.4395370599088227, 0.4395370599088227, 0.4395370599088227, 0.4395370599088227, 0.4206541218144089, 0.4395370599088227, 0.4395370599088227, 0.4395370599088227, 0.4395370599088227, 0.4395370599088227, 0.351333686188984, 0.4395370599088227, 0.4395370599088227, 0.4395370599088227, 0.43930324988621905, 0.4373074706375867, 0.33542262016352115, 0.4395370599088227, 0.4373074706375867, 0.4373074706375867, 0.4373074706375867, 0.4373074706375867, 0.43574320181541165, 0.4254452964875276, 0.30059866246855327, 0.3424172482484863], [0.4567308758867313, 0.4567308758867313, 0.4567308758867313, 0.4567308758867313, 0.3609988287370526, 0.4567308758867313, 0.4567308758867313, 0.4567308758867313, 0.4395370599088227, 0.4395370599088227, 0.4395370599088227, 0.4395370599088227, 0.4395370599088227, 0.4395370599088227, 0.4395370599088227, 0.4395370599088227, 0.4395370599088227, 0.4395370599088227, 0.4395370599088227, 0.4395370599088227, 0.4395370599088227, 0.4395370599088227, 0.4395370599088227, 0.4395370599088227, 0.4395370599088227, 0.4395370599088227, 0.4395370599088227, 0.4395370599088227, 0.4395370599088227, 0.4395370599088227, 0.4395370599088227, 0.4395370599088227], [0.4567308758867313, 0.4567308758867313, 0.4567308758867313, 0.4567308758867313, 0.4567308758867313, 0.4567308758867313, 0.4567308758867313, 0.4567308758867313, 0.43269737359563926, 0.4567308758867313, 0.4567308758867313, 0.4567308758867313, 0.4567308758867313, 0.4395370599088227, 0.416751601549764, 0.4567308758867313, 0.4395370599088227, 0.4395370599088227, 0.35077207444977915, 0.4395370599088227, 0.4395370599088227, 0.4395370599088227, 0.4395370599088227, 0.4395370599088227, 0.4395370599088227, 0.4395370599088227, 0.4395370599088227, 0.4395370599088227, 0.4395370599088227, 0.4395370599088227, 0.4395370599088227, 0.4395370599088227], [0.4567308758867313, 0.42800536854771043, 0.4567308758867313, 0.47279044476954396, 0.4567308758867313, 0.4567308758867313, 0.4567308758867313, 0.46467968672769117, 0.4567308758867313, 0.4567308758867313, 0.4567308758867313, 0.4567308758867313, 0.4567308758867313, 0.4567308758867313, 0.4567308758867313, 0.4567308758867313, 0.4567308758867313, 0.4567308758867313, 0.4567308758867313, 0.4046407927538599, 0.44903997316213484, 0.4567308758867313, 0.4567308758867313, 0.4567308758867313, 0.4567308758867313, 0.4395370599088227, 0.4395370599088227, 0.4567308758867313, 0.4395370599088227, 0.4252471520413967, 0.4395370599088227, 0.4395370599088227], [0.47279044476954396, 0.46467968672769117, 0.46467968672769117, 0.40093014303178354, 0.4567308758867313, 0.4567308758867313, 0.4567308758867313, 0.4567308758867313, 0.4567308758867313, 0.4567308758867313, 0.4567308758867313, 0.4567308758867313, 0.4567308758867313, 0.4567308758867313, 0.4567308758867313, 0.4567308758867313, 0.4567308758867313, 0.4567308758867313, 0.4567308758867313, 0.4567308758867313, 0.4567308758867313, 0.4567308758867313, 0.4567308758867313, 0.4567308758867313, 0.4567308758867313, 0.4567308758867313, 0.4567308758867313, 0.4567308758867313, 0.4567308758867313, 0.4567308758867313, 0.4567308758867313, 0.4567308758867313], [0.47279044476954396, 0.46467968672769117, 0.46467968672769117, 0.47279044476954396, 0.46467968672769117, 0.4567308758867313, 0.4567308758867313, 0.46467968672769117, 0.4567308758867313, 0.4567308758867313, 0.4567308758867313, 0.4567308758867313, 0.4567308758867313, 0.4567308758867313, 0.4567308758867313, 0.4567308758867313, 0.4567308758867313, 0.4567308758867313, 0.4567308758867313, 0.4567308758867313, 0.4567308758867313, 0.4567308758867313, 0.4567308758867313, 0.4567308758867313, 0.4567308758867313, 0.4567308758867313, 0.4567308758867313, 0.4567308758867313, 0.4567308758867313, 0.4567308758867313, 0.4567308758867313, 0.4567308758867313], [0.47279044476954396, 0.47279044476954396, 0.3011650953505579, 0.47279044476954396, 0.46467968672769117, 0.46467968672769117, 0.46467968672769117, 0.46467968672769117, 0.46467968672769117, 0.46467968672769117, 0.46467968672769117, 0.46467968672769117, 0.40789190287566635, 0.4567308758867313, 0.4567308758867313, 0.4567308758867313, 0.4567308758867313, 0.4567308758867313, 0.4567308758867313, 0.42486129303693854, 0.4567308758867313, 0.4567308758867313, 0.4567308758867313, 0.4567308758867313, 0.4567308758867313, 0.4567308758867313, 0.4567308758867313, 0.3610560555794214, 0.4567308758867313, 0.4567308758867313, 0.4567308758867313, 0.4567308758867313], [0.47279044476954396, 0.47279044476954396, 0.47279044476954396, 0.4180961124500845, 