{"num_qubits": 5, "depth": 20, "num_circuit": 16, "num_generation": 20, "current_generation": 2, "fitnessss": [[0.6235320464802848, 0.5205822699770928, 0.5538254131229841, 0.5813285267252931, 0.569039287587367, 0.6388918207404727, 0.5242190963376905, 0.6442650434632327, 0.5903438099120715, 0.6115045593874382, 0.5861092491226546, 0.5348299698409427, 0.486442438870702, 0.5933407024383238, 0.5613647866906624, 0.5796871528642336], [0.6471550406432752, 0.6388918207404727, 0.7255659660421214, 0.5935813685189535, 0.6235320464802848, 0.6115045593874382, 0.565643218438621, 0.6398398593341256, 0.6226317196755563, 0.5903438099120715, 0.6517874523936777, 0.5137524052830307, 0.5861092491226546, 0.5813285267252931, 0.5718722220110057, 0.5898780685014958]], "best_fitnesss": [0.6442650434632327, 0.7255659660421214], "prob_mutate": 0.009375}