{"num_qubits": 5, "depth": 21, "num_circuit": 16, "num_generation": 20, "current_generation": 4, "fitnessss": [[0.5229145440839521, 0.6270716750549615, 0.5622340352760947, 0.6131113549346427, 0.555901701141231, 0.6218456610423011, 0.4642515163305593, 0.5700997963256818, 0.6120210978495771, 0.6049314927404932, 0.5092289923002167, 0.5103762810839703, 0.6694271714687633, 0.5731374503827299, 0.6554035508271652, 0.5858466294722973], [0.6694271714687633, 0.634919987827779, 0.6185599003124, 0.6469296271786124, 0.6270716750549615, 0.6218456610423011, 0.6309699729968499, 0.5941667053209496, 0.6131113549346427, 0.6120210978495771, 0.5746099276432444, 0.5873586066817019, 0.5990876523889778, 0.5858466294722973, 0.5709972200211322, 0.6097658162885374], [0.6694271714687633, 0.6469296271786124, 0.6694271714687633, 0.6469296271786124, 0.634919987827779, 0.6309699729968499, 0.6251828006556823, 0.6222448002059882, 0.6270716750549615, 0.6667820027108794, 0.6160342835107017, 0.5941667053209496, 0.6185599003124, 0.6131113549346427, 0.6657517901512845, 0.5981770577152432], [0.6694271714687633, 0.6694271714687633, 0.6694271714687633, 0.5985159412255041, 0.6667820027108794, 0.6657517901512845, 0.6163019301437892, 0.7038395629114312, 0.6469296271786124, 0.6469296271786124, 0.6469296271786124, 0.6469296271786124, 0.634919987827779, 0.6309699729968499, 0.6251828006556823, 0.6222448002059882]], "best_fitnesss": [0.6694271714687633, 0.6694271714687633, 0.6694271714687633, 0.7038395629114312], "prob_mutate": 0.008928571428571428}