{"num_qubits": 5, "depth": 28, "num_circuit": 4, "num_generation": 50, "current_generation": 2, "fitnessss": [[0.7647454437263264, 0.7039811918207178, 0.6225969157262463, 0.7598775788880887], [0.7647454437263264, 0.7598775788880887, 0.6993854280258188, 0.7697037598987635]], "best_fitnesss": [0.7647454437263264, 0.7697037598987635], "prob_mutate": 0.026785714285714284}