{"num_qubits": 5, "depth": 11, "num_circuit": 4, "num_generation": 30, "current_generation": 30, "fitnessss": [[0.3422368658001743, 0.4057107321562352, 0.2814212220720038, 0.4106934936784091], [0.42334404962823147, 0.4180316369838657, 0.3584793596172531, 0.40046611800162146], [0.42334404962823147, 0.2590254383872431, 0.374305500641389, 0.43069138772365123], [0.43069138772365123, 0.40448522516054214, 0.40579732533506263, 0.42334404962823147], [0.392820099868428, 0.3786480502132158, 0.4281789048066652, 0.41662114031958125], [0.4281789048066652, 0.41625990634353915, 0.3831587655032508, 0.370147279314753], [0.3819938592957143, 0.3773197808644285, 0.41424488114219066, 0.37748425204519787], [0.41424488114219066, 0.38055755291248333, 0.4281789048066652, 0.40514964899460615], [0.4281789048066652, 0.42948346983227176, 0.41103381605506517, 0.40458594280462423], [0.36597614189409633, 0.4281789048066652, 0.40385816163000576, 0.42948346983227176], [0.4045302054541011, 0.464083373573435, 0.40984243354639993, 0.42948346983227176], [0.464083373573435, 0.37508479280489154, 0.45196780316325763, 0.464083373573435], [0.464083373573435, 0.464083373573435, 0.464083373573435, 0.3516312080878298], [0.464083373573435, 0.464083373573435, 0.464083373573435, 0.3069822406400112], [0.4061398478410532, 0.41876865630728133, 0.43954606906908494, 0.464083373573435], [0.464083373573435, 0.43117784071787224, 0.43954606906908494, 0.3841483354751455], [0.464083373573435, 0.4173513976105026, 0.43692647649013844, 0.464083373573435], [0.4177177150804073, 0.464083373573435, 0.464083373573435, 0.4018120458132436], [0.464083373573435, 0.48034207603816903, 0.464083373573435, 0.3902436215047983], [0.48034207603816903, 0.464083373573435, 0.48034207603816903, 0.43550989305787385], [0.32741388448486186, 0.38901008495256084, 0.48034207603816903, 0.48034207603816903], [0.48034207603816903, 0.41295958197107635, 0.48034207603816903, 0.48034207603816903], [0.48034207603816903, 0.48034207603816903, 0.4050564648784947, 0.3918031738556029], [0.44800588099306216, 0.48034207603816903, 0.48034207603816903, 0.3690158085052723], [0.48034207603816903, 0.42593288153117576, 0.48034207603816903, 0.374427674603951], [0.48034207603816903, 0.4377492395925369, 0.35337774327879445, 0.34869164794558094], [0.4190235611656686, 0.4377492395925369, 0.4097273294300671, 0.39206772574891824], [0.3741129580280758, 0.37862867745701184, 0.34746325829076197, 0.431176773168787], [0.4168307173427931, 0.39513491128193123, 0.4366257663894356, 0.39161491427839507], [0.4006463195673905, 0.4168307173427931, 0.4039962685022392, 0.4237098491283229]], "best_fitnesss": [0.4106934936784091, 0.42334404962823147, 0.43069138772365123, 0.43069138772365123, 0.4281789048066652, 0.4281789048066652, 0.41424488114219066, 0.4281789048066652, 0.42948346983227176, 0.42948346983227176, 0.464083373573435, 0.464083373573435, 0.464083373573435, 0.464083373573435, 0.464083373573435, 0.464083373573435, 0.464083373573435, 0.464083373573435, 0.48034207603816903, 0.48034207603816903, 0.48034207603816903, 0.48034207603816903, 0.48034207603816903, 0.48034207603816903, 0.48034207603816903, 0.48034207603816903, 0.4377492395925369, 0.431176773168787, 0.4366257663894356, 0.4237098491283229], "prob_mutate": 0.06818181818181818}