{"num_qubits": 5, "depth": 13, "num_circuit": 8, "num_generation": 40, "current_generation": 26, "fitnessss": [[0.47230551795434705, 0.35479937695258623, 0.4403515072142655, 0.3081335342873031, 0.34845048621147134, 0.48175352783497827, 0.3953402274188156, 0.450181244594497], [0.48175352783497827, 0.47879923091567383, 0.4524155087280642, 0.44409298613524806, 0.4433098694761455, 0.4403515072142655, 0.44572483552847075, 0.4312640244849096], [0.48175352783497827, 0.47879923091567383, 0.45585235781815997, 0.44409298613524806, 0.36772846215780275, 0.44572483552847075, 0.43984328254525407, 0.3948424802889678], [0.44666005785321783, 0.47879923091567383, 0.46737820985572587, 0.44409298613524806, 0.45585235781815997, 0.44572483552847075, 0.43984328254525407, 0.3959461220479237], [0.47879923091567383, 0.442850057217294, 0.43911685687342983, 0.47319301548742965, 0.45585235781815997, 0.44666005785321783, 0.4540339121675297, 0.35405067074858854], [0.47879923091567383, 0.47319301548742965, 0.45060200775573156, 0.46737820985572587, 0.4265007794599599, 0.40161254586415407, 0.4540339121675297, 0.45585235781815997], [0.47879923091567383, 0.47597300107752105, 0.45060200775573156, 0.46737820985572587, 0.46737820985572587, 0.45585235781815997, 0.45585235781815997, 0.46737820985572587], [0.47879923091567383, 0.3703586925630735, 0.505152283976669, 0.4317900720332294, 0.4508163659896848, 0.4016555635932345, 0.46737820985572587, 0.46737820985572587], [0.4686011000988152, 0.47879923091567383, 0.47267236741744545, 0.45060200775573156, 0.46737820985572587, 0.46737820985572587, 0.46737820985572587, 0.46737820985572587], [0.47879923091567383, 0.47267236741744545, 0.426383811801694, 0.46318182376133177, 0.4686011000988152, 0.3595767889602687, 0.46263080385662303, 0.43375950842573535], [0.41722836347548764, 0.4831177357310593, 0.47879923091567383, 0.47267236741744545, 0.4686011000988152, 0.46318182376133177, 0.469822917181664, 0.505152283976669], [0.505152283976669, 0.4831177357310593, 0.47267236741744545, 0.4520738453433424, 0.42262861196155094, 0.47267236741744545, 0.47879923091567383, 0.47267236741744545], [0.4867104752928971, 0.4831177357310593, 0.47267236741744545, 0.478063096222053, 0.47879923091567383, 0.47267236741744545, 0.47879923091567383, 0.47267236741744545], [0.4867104752928971, 0.4831177357310593, 0.48349646377958483, 0.478063096222053, 0.47879923091567383, 0.47879923091567383, 0.47879923091567383, 0.47879923091567383], [0.4867104752928971, 0.48349646377958483, 0.48349646377958483, 0.48894666918197655, 0.4831177357310593, 0.40544624706970894, 0.405424323493904, 0.47879923091567383], [0.48894666918197655, 0.4867104752928971, 0.4867104752928971, 0.48894666918197655, 0.48349646377958483, 0.48349646377958483, 0.48349646377958483, 0.48349646377958483], [0.48894666918197655, 0.49196649445444685, 0.48894666918197655, 0.48894666918197655, 0.5021454963492006, 0.48106753436194866, 0.4867104752928971, 0.4867104752928971], [0.5021454963492006, 0.40839432527345015, 0.4684214761405305, 0.4867104752928971, 0.48894666918197655, 0.453916821099123, 0.48894666918197655, 0.48894666918197655], [0.5021454963492006, 0.48894666918197655, 0.4677271496618693, 0.4801622066361218, 0.48894666918197655, 0.48894666918197655, 0.4421688303708711, 0.48894666918197655], [0.5021454963492006, 0.48894666918197655, 0.4677271496618693, 0.4867104752928971, 0.48894666918197655, 0.48894666918197655, 0.48894666918197655, 0.48894666918197655], [0.5021454963492006, 0.48894666918197655, 0.4677271496618693, 0.4867104752928971, 0.48894666918197655, 0.48894666918197655, 0.48894666918197655, 0.48894666918197655], [0.5021454963492006, 0.48894666918197655, 0.4677271496618693, 0.4867104752928971, 0.48894666918197655, 0.48894666918197655, 0.4350593442728609, 0.48894666918197655], [0.5021454963492006, 0.48894666918197655, 0.4677271496618693, 0.4867104752928971, 0.48894666918197655, 0.48894666918197655, 0.44997902503075593, 0.48894666918197655], [0.5021454963492006, 0.48894666918197655, 0.4677271496618693, 0.4497746673900093, 0.47611348652567054, 0.48894666918197655, 0.48894666918197655, 0.48894666918197655], [0.5021454963492006, 0.48894666918197655, 0.4362148962677792, 0.4867104752928971, 0.48894666918197655, 0.48894666918197655, 0.48894666918197655, 0.48894666918197655], [0.43915375894642406, 0.48894666918197655, 0.4579048604471513, 0.4867104752928971, 0.48894666918197655, 0.48894666918197655, 0.47544798572483354, 0.4657633065416503]], "best_fitnesss": [0.48175352783497827, 0.48175352783497827, 0.48175352783497827, 0.47879923091567383, 0.47879923091567383, 0.47879923091567383, 0.47879923091567383, 0.505152283976669, 0.47879923091567383, 0.47879923091567383, 0.505152283976669, 0.505152283976669, 0.4867104752928971, 0.4867104752928971, 0.48894666918197655, 0.48894666918197655, 0.5021454963492006, 0.5021454963492006, 0.5021454963492006, 0.5021454963492006, 0.5021454963492006, 0.5021454963492006, 0.5021454963492006, 0.5021454963492006, 0.5021454963492006, 0.48894666918197655], "prob_mutate": 0.028846153846153848}