{"num_qubits": 4, "depth": 17, "num_circuit": 16, "num_generation": 10, "current_generation": 2, "fitnessss": [[0.6370899999999999, 0.7807000000000001, 0.6808400000000001, 0.7741, 0.6020200000000001, 0.7538100000000001, 0.784, 0.77613, 0.7049300000000001, 0.71174, 0.73885, 0.6440699999999999, 0.61317, 0.67781, 0.6023799999999999, 0.7170000000000001], [0.7894, 0.78362, 0.6770900000000001, 0.75261, 0.7733899999999999, 0.77113, 0.72758, 0.72956, 0.75105, 0.7671699999999999, 0.71601, 0.7110899999999999, 0.7167, 0.7210799999999999, 0.73638, 0.75458]], "best_fitnesss": [0.784, 0.7894], "prob_mutate": 0.011029411764705883}