{"num_qubits": 5, "depth": 16, "num_circuit": 32, "num_generation": 10, "current_generation": 2, "fitnessss": [[0.5231640582797381, 0.44566749642124315, 0.48984672656881384, 0.4734288928838775, 0.46201634009736103, 0.49191579320374756, 0.36394833876417987, 0.4387403000402969, 0.4483470060718083, 0.4181141833710001, 0.5166739405107054, 0.45882622641959336, 0.45175645765015443, 0.43936890383730864, 0.48947489327435684, 0.46073637014633173, 0.5324420299309007, 0.39947302099275883, 0.4975037814050335, 0.3975997950460548, 0.520161351303044, 0.4124712522037292, 0.5122180517204681, 0.5211970098607797, 0.48012605227188043, 0.41365624595176503, 0.5526594179031734, 0.5191818607076266, 0.5473596603046138, 0.5123009540871176, 0.36881846924564565, 0.46593192533217725], [0.5526594179031734, 0.5473596603046138, 0.5475639638863617, 0.4555340489265742, 0.5324420299309007, 0.5231640582797381, 0.5566232452601765, 0.5593428665836504, 0.5211970098607797, 0.520161351303044, 0.4637550186356566, 0.43717328442357173, 0.553790912110889, 0.5166739405107054, 0.5760997040135873, 0.5024994003808141, 0.5123009540871176, 0.5122180517204681, 0.5652714670234442, 0.4733922953416544, 0.4975037814050335, 0.49191579320374756, 0.5371486355683726, 0.45666095988065614, 0.48984672656881384, 0.48947489327435684, 0.4146196148309989, 0.5511964722056776, 0.48012605227188043, 0.4734288928838775, 0.49847642418117327, 0.4673641005250004]], "best_fitnesss": [0.5526594179031734, 0.5760997040135873], "prob_mutate": 0.005859375}