{"num_qubits": 4, "depth": 20, "num_circuit": 8, "num_generation": 50, "current_generation": 4, "fitnessss": [[0.5705256613479344, 0.728128382260025, 0.8425522478897151, 0.7659308879383386, 0.8058782468118434, 0.7879903836015425, 0.726716147849649, 0.82695454599136], [0.8425522478897151, 0.82695454599136, 0.8212586432351705, 0.8249003214469071, 0.8058782468118434, 0.7620674638839237, 0.8180428033575655, 0.6939764023520658], [0.8425522478897151, 0.8325738425472433, 0.8068054338778274, 0.8249003214469071, 0.8249003214469071, 0.8003577565782388, 0.7958232996557616, 0.8425522478897151], [0.8425522478897151, 0.8425522478897151, 0.8425522478897151, 0.8425522478897151, 0.8325738425472433, 0.8249003214469071, 0.8527703413056823, 0.8311031438265892]], "best_fitnesss": [0.8425522478897151, 0.8425522478897151, 0.8425522478897151, 0.8527703413056823], "prob_mutate": 0.01875}