{"num_qubits": 6, "depth": 27, "num_circuit": 16, "num_generation": 10, "current_generation": 2, "fitnessss": [[0.5099245601131537, 0.5092687396417321, 0.5160982104346894, 0.47026522145578403, 0.5920871718181717, 0.6029251125231103, 0.5611967822440361, 0.5028798049463913, 0.5694821288858384, 0.568105690026987, 0.4800657548147179, 0.5514205608469004, 0.5238100429791409, 0.4904102186455372, 0.5017908848649065, 0.5228761351009263], [0.6022192269315767, 0.5746167135984532, 0.6042382317373014, 0.5627629082761809, 0.5694821288858384, 0.568105690026987, 0.5422844144959804, 0.5637871207000869, 0.5611967822440361, 0.5514205608469004, 0.48812863626931813, 0.5464623882634294, 0.5238100429791409, 0.5228761351009263, 0.5154439868085928, 0.5042798016233457]], "best_fitnesss": [0.6029251125231103, 0.6042382317373014], "prob_mutate": 0.006944444444444444}