{"num_qubits": 4, "depth": 12, "num_circuit": 16, "num_generation": 10, "current_generation": 1, "fitnessss": [[0.4329488784106408, 0.6007179266630913, 0.49037681770012453, 0.5204968969474022, 0.3888138494701157, 0.5414393201474226, 0.512572599306249, 0.3886772318973496, 0.5072993921855334, 0.5506031134277112, 0.6424214509952153, 0.5414937442422805, 0.5757080342883057, 0.5987421633146235, 0.5104774482949697, 0.5536527405513599]], "best_fitnesss": [0.6424214509952153], "prob_mutate": 0.015625}