{"num_qubits": 4, "depth": 6, "num_circuit": 4, "num_generation": 10, "current_generation": 10, "fitnessss": [[0.38378039249579926, 0.34246749533846627, 0.3105520770165724, 0.394075444211673], [0.38689677313602033, 0.38378039249579926, 0.30925787975697394, 0.38363980539193393], [0.38689677313602033, 0.38378039249579926, 0.3046188710219513, 0.3810013695046581], [0.38689677313602033, 0.3373733038658632, 0.3756114437068073, 0.37153571587210277], [0.38689677313602033, 0.3756114437068073, 0.3756114437068073, 0.4075415443201438], [0.41035962843403606, 0.24712794364069746, 0.34990103491226315, 0.3105761317457122], [0.29765868975796705, 0.4085345533591771, 0.41745691306129773, 0.3742826115160859], [0.41745691306129773, 0.44775970416180366, 0.4127170928656921, 0.351540649747106], [0.3851567298549517, 0.41745691306129773, 0.4237604384228993, 0.38447172284983216], [0.36914558823570376, 0.4070562810508564, 0.4237604384228993, 0.3963055252315323]], "best_fitnesss": [0.394075444211673, 0.38689677313602033, 0.38689677313602033, 0.38689677313602033, 0.4075415443201438, 0.41035962843403606, 0.41745691306129773, 0.44775970416180366, 0.4237604384228993, 0.4237604384228993], "prob_mutate": 0.125}