{"num_qubits": 4, "depth": 12, "num_circuit": 32, "num_generation": 10, "current_generation": 2, "fitnessss": [[0.5734760369144337, 0.5592959580481673, 0.6164076500361719, 0.487997293850274, 0.602862775059444, 0.5919472275451463, 0.5861922208827807, 0.6086629059503793, 0.5556608817990342, 0.5301850836302349, 0.5500836850166179, 0.4665333635315686, 0.47076547811324704, 0.5240584205027716, 0.5401286108993644, 0.40943449060352854, 0.5940356998774844, 0.46754801116422673, 0.4973268082069189, 0.46917011989862684, 0.561850912928223, 0.554156977766813, 0.5604062241798247, 0.44892972385084756, 0.5550382181483845, 0.5182046918658616, 0.5473713519063514, 0.503165061689856, 0.460139406136174, 0.48803178263674835, 0.49486600972663447, 0.46840319405149716], [0.6164076500361719, 0.6086629059503793, 0.6357012799982023, 0.5622423017349754, 0.602862775059444, 0.5940356998774844, 0.582338293065296, 0.6079356880916119, 0.5919472275451463, 0.5861922208827807, 0.5735973374441061, 0.5255110495518915, 0.5734760369144337, 0.561850912928223, 0.5288104874757185, 0.5327519319389848, 0.5604062241798247, 0.5592959580481673, 0.5453380810463427, 0.48208402561829755, 0.5556608817990342, 0.5550382181483845, 0.6269827695903359, 0.5654760149272787, 0.554156977766813, 0.5500836850166179, 0.5804896540897483, 0.5474147674092806, 0.5473713519063514, 0.5401286108993644, 0.47593792750306074, 0.5299946584513286]], "best_fitnesss": [0.6164076500361719, 0.6357012799982023], "prob_mutate": 0.0078125}