{"num_qubits": 5, "depth": 13, "num_circuit": 8, "num_generation": 50, "current_generation": 8, "fitnessss": [[0.3526148560445047, 0.41817631355297796, 0.35144375453460436, 0.35948361567532283, 0.356713405458304, 0.38633627699168394, 0.4360908672454714, 0.29921195696500924], [0.4360908672454714, 0.458437747802813, 0.45106289122189897, 0.3952568007157128, 0.38633627699168394, 0.35948361567532283, 0.4598683144725892, 0.35955208105126735], [0.4598683144725892, 0.458437747802813, 0.4626173114294222, 0.38787814158414513, 0.45106289122189897, 0.4360908672454714, 0.4360908672454714, 0.45106289122189897], [0.4626173114294222, 0.48684937774259607, 0.4598683144725892, 0.4626173114294222, 0.458437747802813, 0.43219318337425694, 0.44653324772100883, 0.4662293639598422], [0.4446319116260621, 0.4662293639598422, 0.4845383156079537, 0.4523830988698029, 0.4662092056932766, 0.4626173114294222, 0.4626173114294222, 0.4626173114294222], [0.4845383156079537, 0.4662293639598422, 0.43112302824117305, 0.4662293639598422, 0.4662092056932766, 0.4626173114294222, 0.4626173114294222, 0.4260669512229772], [0.4845383156079537, 0.4662293639598422, 0.48347646897356034, 0.4662293639598422, 0.4662293639598422, 0.4662092056932766, 0.4530793299562917, 0.4626173114294222], [0.4845383156079537, 0.4448763651437484, 0.48347646897356034, 0.4845383156079537, 0.43040751369991825, 0.43504498572717826, 0.4662293639598422, 0.4662293639598422]], "best_fitnesss": [0.4360908672454714, 0.4598683144725892, 0.4626173114294222, 0.48684937774259607, 0.4845383156079537, 0.4845383156079537, 0.4845383156079537, 0.4845383156079537], "prob_mutate": 0.028846153846153848}