{"num_qubits": 2, "depth": 5, "num_circuit": 4, "num_generation": 50, "current_generation": 7, "fitnessss": [[0.3471222392301393, 0.7368760805903524, 0.8704994057844679, 0.4227942409541782], [0.8704994057844679, 0.6350578615749625, 0.7053665081555769, 0.712525447671255], [0.8704994057844679, 0.712525447671255, 0.8704994057844679, 0.742439475842645], [0.8704994057844679, 0.700496120649367, 0.8704994057844679, 0.8704994057844679], [0.8704994057844679, 0.5676186069688438, 0.6765363492498885, 0.7475004959614565], [0.7536576688953142, 0.7475004959614565, 0.6259065620924862, 0.4436623852994339], [0.7536576688953142, 0.7475004959614565, 0.7199649999491964, 0.8704994057844679]], "best_fitnesss": [0.8704994057844679, 0.8704994057844679, 0.8704994057844679, 0.8704994057844679, 0.8704994057844679, 0.7536576688953142, 0.8704994057844679], "prob_mutate": 0.15}