{"num_qubits": 3, "depth": 11, "num_circuit": 4, "num_generation": 20, "current_generation": 2, "fitnessss": [[0.71001511917496, 0.762974766211422, 0.6441355631180719, 0.7848919124377486], [0.7848919124377486, 0.7986495366657668, 0.5274139370799535, 0.7325319465441074]], "best_fitnesss": [0.7848919124377486, 0.7986495366657668], "prob_mutate": 0.06818181818181818}