{"num_qubits": 6, "depth": 20, "num_circuit": 16, "num_generation": 40, "current_generation": 6, "fitnessss": [[0.43288389178212866, 0.39651267011054675, 0.3576745399374943, 0.3978105301694778, 0.34338833323260937, 0.321156669093894, 0.3983368497224545, 0.32771630612957214, 0.43454553143757835, 0.4171302811158178, 0.354921269902228, 0.36129792092312074, 0.3955745293131233, 0.4260092356949932, 0.4121658405108656, 0.3674801703461326], [0.43454553143757835, 0.43288389178212866, 0.4311545042790156, 0.4083668717655666, 0.4260092356949932, 0.4171302811158178, 0.45216586916298934, 0.3935490545818895, 0.4121658405108656, 0.3983368497224545, 0.39689564104171504, 0.3708994303071125, 0.3978105301694778, 0.39651267011054675, 0.3915466083017919, 0.40193154765623884], [0.45216586916298934, 0.43454553143757835, 0.41701959330015226, 0.4387795982266387, 0.43288389178212866, 0.4311545042790156, 0.41594794454307155, 0.4761073108677379, 0.4260092356949932, 0.4171302811158178, 0.4296423794074661, 0.379046494421776, 0.4121658405108656, 0.4083668717655666, 0.39818858510802607, 0.4081246359401747], [0.4761073108677379, 0.45216586916298934, 0.4387795982266387, 0.4571621209744448, 0.4387795982266387, 0.43454553143757835, 0.42411747070248856, 0.4387795982266387, 0.43288389178212866, 0.4311545042790156, 0.41594794454307155, 0.4761073108677379, 0.44347191323787544, 0.4260092356949932, 0.4260092356949932, 0.4296423794074661], [0.4519088077497099, 0.4761073108677379, 0.4761073108677379, 0.39056759779790795, 0.4571621209744448, 0.45216586916298934, 0.45216586916298934, 0.4351489608848621, 0.400247940585027, 0.44487950823448286, 0.44347191323787544, 0.4387795982266387, 0.4387795982266387, 0.4387795982266387, 0.4387795982266387, 0.4043909683252057], [0.4761073108677379, 0.42842623405860925, 0.4761073108677379, 0.4761073108677379, 0.4571621209744448, 0.4147966338762732, 0.45216586916298934, 0.4571621209744448, 0.45216586916298934, 0.4519088077497099, 0.42392824925082795, 0.4387795982266387, 0.44487950823448286, 0.44347191323787544, 0.4387795982266387, 0.40847317906460034]], "best_fitnesss": [0.43454553143757835, 0.45216586916298934, 0.4761073108677379, 0.4761073108677379, 0.4761073108677379, 0.4761073108677379], "prob_mutate": 0.009375}