{"num_qubits": 4, "depth": 19, "num_circuit": 4, "num_generation": 50, "current_generation": 2, "fitnessss": [[0.6657674930414437, 0.6591514351680046, 0.7160848360095571, 0.7277341858042613], [0.7277341858042613, 0.7581152140406543, 0.754220925277426, 0.7281304044488279]], "best_fitnesss": [0.7277341858042613, 0.7581152140406543], "prob_mutate": 0.039473684210526314}