{"num_qubits": 4, "depth": 28, "num_circuit": 8, "num_generation": 50, "current_generation": 1, "fitnessss": [[0.8985403422258014, 0.8122116137868536, 0.9389505425176317, 0.8813473423010765, 0.9246737355530972, 0.9241828928439354, 0.9277852266542327, 0.9038734856305337]], "best_fitnesss": [0.9389505425176317], "prob_mutate": 0.013392857142857142}