{"num_qubits": 4, "depth": 9, "num_circuit": 16, "num_generation": 20, "current_generation": 20, "fitnessss": [[0.3375797552836831, 0.27836327175779363, 0.10311400611118271, 0.13111764462785425, 0.38118881397747917, 0.3157693861209149, 0.37827521509327233, 0.34280291929126405, 0.22616944905013292, 0.1868602380314156, 0.28165763024195023, 0.2502869421144406, 0.2531744270184463, 0.16095547711558034, 0.2448464760213378, 0.3451339893432166], [0.38118881397747917, 0.37827521509327233, 0.21298335199283325, 0.27970701917153773, 0.3451339893432166, 0.34280291929126405, 0.2956529983527225, 0.18734666968933722, 0.3375797552836831, 0.3157693861209149, 0.344454954710657, 0.12947187686595885, 0.28165763024195023, 0.27836327175779363, 0.18842754010551865, 0.2112345370142963], [0.38118881397747917, 0.37827521509327233, 0.24368489631261103, 0.3172451976623081, 0.3859661031470726, 0.3095968570018106, 0.32246778069290416, 0.4824156042487632, 0.37800040434678184, 0.36024353141765475, 0.2722728207939429, 0.3587293616496844, 0.3157693861209149, 0.2956529983527225, 0.33971215999606197, 0.32246778069290416], [0.5920087522320209, 0.3859661031470726, 0.4824156042487632, 0.4061571941531896, 0.38118881397747917, 0.4713245091330063, 0.24368489631261103, 0.4849566504849323, 0.37800040434678184, 0.36024353141765475, 0.06971632063468136, 0.29139572052093576, 0.3587293616496844, 0.33971215999606197, 0.3587293616496844, 0.34683229508830404], [0.5920087522320209, 0.4849566504849323, 0.3529134380868435, 0.5700504241081036, 0.4824156042487632, 0.4713245091330063, 0.37167397804670477, 0.4072472389366607, 0.4061571941531896, 0.3859661031470726, 0.3859661031470726, 0.4061571941531896, 0.3752476882460424, 0.37800040434678184, 0.2719943660188461, 0.14931070090963205], [0.5920087522320209, 0.5700504241081036, 0.5920087522320209, 0.6054399785009565, 0.4849566504849323, 0.4824156042487632, 0.48008935407330056, 0.3798207727219618, 0.4713245091330063, 0.4072472389366607, 0.48008935407330056, 0.31510326101202435, 0.4061571941531896, 0.4061571941531896, 0.4061571941531896, 0.4061571941531896], [0.41898941689294467, 0.5920087522320209, 0.6054399785009565, 0.5920087522320209, 0.5920087522320209, 0.5700504241081036, 0.5920087522320209, 0.5406295783360455, 0.4849566504849323, 0.6817451556476597, 0.48008935407330056, 0.3529134380868435, 0.48008935407330056, 0.5141500584609753, 0.48008935407330056, 0.48008935407330056], [0.6817451556476597, 0.6054399785009565, 0.5920087522320209, 0.450198165543664, 0.5920087522320209, 0.5920087522320209, 0.5920087522320209, 0.5920087522320209, 0.4882983679702053, 0.5920087522320209, 0.5920087522320209, 0.5920087522320209, 0.5700504241081036, 0.5406295783360455, 0.5700504241081036, 0.5406295783360455], [0.6817451556476597, 0.5860255156667755, 0.5920087522320209, 0.450198165543664, 0.5920087522320209, 0.5920087522320209, 0.5920087522320209, 0.5920087522320209, 0.5617866361932025, 0.5920087522320209, 0.5920087522320209, 0.5920087522320209, 0.5920087522320209, 0.5920087522320209, 0.5920087522320209, 0.5920087522320209], [0.502571634749744, 0.5920087522320209, 0.5920087522320209, 0.6780751730818303, 0.5920087522320209, 0.5920087522320209, 0.5920087522320209, 0.5920087522320209, 0.5920087522320209, 0.5920087522320209, 0.5920087522320209, 0.5920087522320209, 0.5920087522320209, 0.5912671301508704, 0.5920087522320209, 0.5920087522320209], [0.675148501089538, 0.5920087522320209, 0.35687413172494187, 0.6817451556476597, 0.5609022085982621, 0.28164574255010044, 0.5920087522320209, 0.5920087522320209, 0.5920087522320209, 0.5920087522320209, 0.46140842927286096, 0.5920087522320209, 0.5920087522320209, 0.5920087522320209, 0.5920087522320209, 0.5920087522320209], [0.6817451556476597, 0.675148501089538, 0.6817451556476597, 0.6002241358817634, 0.5920087522320209, 0.5920087522320209, 0.5920087522320209, 0.5920087522320209, 0.5920087522320209, 0.5920087522320209, 0.5920087522320209, 0.5920087522320209, 0.5920087522320209, 0.47593542646915465, 0.5920087522320209, 0.5905684513139671], [0.6780751730818303, 0.4055325052989174, 0.6817451556476597, 0.6817451556476597, 0.675148501089538, 0.6002241358817634, 0.675148501089538, 0.6002241358817634, 0.5663505848872286, 0.5920087522320209, 0.5920087522320209, 0.5920087522320209, 0.5920087522320209, 0.5920087522320209, 0.5920087522320209, 0.5920087522320209], [0.5310883836657267, 0.6817451556476597, 0.6817451556476597, 0.6817451556476597, 0.2686183725272471, 0.675148501089538, 0.6780751730818303, 0.675148501089538, 0.675148501089538, 0.6002241358817634, 0.675148501089538, 0.6002241358817634, 0.6002241358817634, 0.5920087522320209, 0.5589410117930699, 0.6817451556476597], [0.6817451556476597, 0.44123624118579685, 0.6817451556476597, 0.6817451556476597, 0.6817451556476597, 0.6817451556476597, 0.6817451556476597, 0.6817451556476597, 0.6780751730818303, 0.675148501089538, 0.6780751730818303, 0.675148501089538, 0.675148501089538, 0.675148501089538, 0.675148501089538, 0.675148501089538], [0.6817451556476597, 0.6817451556476597, 0.6817451556476597, 0.6817451556476597, 0.6817451556476597, 0.6817451556476597, 0.6817451556476597, 0.6817451556476597, 0.6817451556476597, 0.6817451556476597, 0.6817451556476597, 0.6817451556476597, 0.6817451556476597, 0.6780751730818303, 0.6817451556476597, 0.6780751730818303], [0.6817451556476597, 0.6817451556476597, 0.6817451556476597, 0.6817451556476597, 0.6817451556476597, 0.6817451556476597, 0.6817451556476597, 0.6817451556476597, 0.6817451556476597, 0.6817451556476597, 0.6817451556476597, 0.6817451556476597, 0.6817451556476597, 0.6817451556476597, 0.6817451556476597, 0.6817451556476597], [0.6817451556476597, 0.4985128566596079, 0.6817451556476597, 0.6817451556476597, 0.6817451556476597, 0.47010232454394896, 0.6817451556476597, 0.6817451556476597, 0.6817451556476597, 0.6817451556476597, 0.6817451556476597, 0.6817451556476597, 0.5391548383616234, 0.6817451556476597, 0.6817451556476597, 0.6817451556476597], [0.25984419677107407, 0.6817451556476597, 0.6817451556476597, 0.6817451556476597, 0.35196516632635844, 0.6018991142895321, 0.6817451556476597, 0.6817451556476597, 0.6817451556476597, 0.6817451556476597, 0.6817451556476597, 0.6817451556476597, 0.6817451556476597, 0.6817451556476597, 0.6817451556476597, 0.6817451556476597], [0.6817451556476597, 0.4186391257467459, 0.6817451556476597, 0.6948650961387439, 0.4523685706635633, 0.6817451556476597, 0.6817451556476597, 0.46898230582927014, 0.6817451556476597, 0.6817451556476597, 0.6817451556476597, 0.6817451556476597, 0.6817451556476597, 0.6817451556476597, 0.6817451556476597, 0.6817451556476597]], "best_fitnesss": [0.38118881397747917, 0.38118881397747917, 0.4824156042487632, 0.5920087522320209, 0.5920087522320209, 0.6054399785009565, 0.6817451556476597, 0.6817451556476597, 0.6817451556476597, 0.6780751730818303, 0.6817451556476597, 0.6817451556476597, 0.6817451556476597, 0.6817451556476597, 0.6817451556476597, 0.6817451556476597, 0.6817451556476597, 0.6817451556476597, 0.6817451556476597, 0.6948650961387439], "prob_mutate": 0.020833333333333332}