{"num_qubits": 6, "depth": 37, "num_circuit": 16, "num_generation": 40, "current_generation": 1, "fitnessss": [[0.6839778312921729, 0.6940005436882316, 0.7121071219772208, 0.7067796987257641, 0.6919071196000615, 0.664468211679598, 0.6940339029883198, 0.7001300862241291, 0.70149492886499, 0.6847829066207186, 0.6993982584750635, 0.6741872496086321, 0.6887357862541909, 0.6578667419758621, 0.6869535058658867, 0.6784884906922188]], "best_fitnesss": [0.7121071219772208], "prob_mutate": 0.005067567567567568}