{"num_qubits": 4, "depth": 16, "num_circuit": 32, "num_generation": 50, "current_generation": 1, "fitnessss": [[0.6048099999999998, 0.5370199999999999, 0.69792, 0.5878500000000001, 0.73935, 0.73418, 0.60976, 0.70715, 0.53583, 0.6304200000000001, 0.6795899999999999, 0.5969, 0.6508499999999999, 0.6609700000000001, 0.7046599999999998, 0.76579, 0.72773, 0.7009700000000001, 0.74613, 0.70826, 0.70832, 0.7449200000000001, 0.6456299999999999, 0.63205, 0.72624, 0.65554, 0.66357, 0.60409, 0.6384500000000001, 0.61931, 0.63802, 0.61146]], "best_fitnesss": [0.76579], "prob_mutate": 0.005859375}