{"num_qubits": 4, "depth": 20, "num_circuit": 32, "num_generation": 50, "current_generation": 5, "fitnessss": [[0.7467778332666348, 0.685386471149452, 0.6988969499085532, 0.7310865519792913, 0.6752762807815063, 0.7744296870103903, 0.8040421706771335, 0.8433191608130499, 0.7161621314139668, 0.7747666972994193, 0.7718082737042792, 0.7332235341919354, 0.6612588397626651, 0.8340620922449045, 0.7889012844071264, 0.7809980316840066, 0.6972255913216303, 0.7778328785859718, 0.7123293801585873, 0.8315978195423384, 0.8022092507528399, 0.7567233138358074, 0.7907276099482348, 0.7742974167777551, 0.7235414590526842, 0.7505008995128062, 0.8708069192274431, 0.8290829145972054, 0.7384519062545207, 0.7637101208426772, 0.7932047579865397, 0.7697649940203621], [0.8708069192274431, 0.8433191608130499, 0.8483835119865482, 0.8493759436545443, 0.8340620922449045, 0.8315978195423384, 0.8232729705728563, 0.815778107915041, 0.8290829145972054, 0.8040421706771335, 0.8027688290268042, 0.811840796158158, 0.8022092507528399, 0.7932047579865397, 0.7757332211274566, 0.8079740411748387, 0.7947622425630565, 0.7889012844071264, 0.7920578133533495, 0.8311012272463444, 0.7809980316840066, 0.7778328785859718, 0.7273184683177587, 0.7885205288709619, 0.7747666972994193, 0.7744296870103903, 0.7796705960652638, 0.7871229018087134, 0.7742974167777551, 0.7951124508601572, 0.7997596613954505, 0.6738421926574006], [0.8708069192274431, 0.8493759436545443, 0.8708069192274431, 0.8493759436545443, 0.8483835119865482, 0.8433191608130499, 0.8188721589356371, 0.8433191608130499, 0.8340620922449045, 0.8315978195423384, 0.8232729705728563, 0.815778107915041, 0.8311012272463444, 0.8290829145972054, 0.8244646944444327, 0.8144399921465679, 0.8232729705728563, 0.815778107915041, 0.8340620922449045, 0.8010521504174675, 0.811840796158158, 0.8079740411748387, 0.8185145207127931, 0.7281133473336875, 0.8040421706771335, 0.8027688290268042, 0.8040421706771335, 0.8027688290268042, 0.8022092507528399, 0.8148849289741855, 0.7670080719694325, 0.7985423949460151], [0.8614137958300786, 0.8708069192274431, 0.8708069192274431, 0.8708069192274431, 0.8493759436545443, 0.8493759436545443, 0.8493759436545443, 0.8493759436545443, 0.8483835119865482, 0.8433191608130499, 0.8483835119865482, 0.8433191608130499, 0.8433191608130499, 0.8340620922449045, 0.8497998953648154, 0.8451712470187708, 0.8340620922449045, 0.8315978195423384, 0.8232729705728563, 0.815778107915041, 0.8311012272463444, 0.8290829145972054, 0.7971903794831208, 0.8144399921465679, 0.8244646944444327, 0.8232729705728563, 0.8006986848372302, 0.8566470124681199, 0.8232729705728563, 0.8188721589356371, 0.8693604841524725, 0.815982156172609], [0.8708069192274431, 0.8708069192274431, 0.8708069192274431, 0.8708069192274431, 0.8722045440830695, 0.8693604841524725, 0.8476760495564586, 0.872978162158496, 0.8614137958300786, 0.8566470124681199, 0.7315867098536869, 0.872978162158496, 0.8497998953648154, 0.8493759436545443, 0.8493759436545443, 0.8497998953648154, 0.8493759436545443, 0.8493759436545443, 0.8493759436545443, 0.8493759436545443, 0.8493759436545443, 0.8483835119865482, 0.8433191608130499, 0.8708069192274431, 0.8483835119865482, 0.8441834112789781, 0.8483835119865482, 0.8451712470187708, 0.8433191608130499, 0.8433191608130499, 0.8433191608130499, 0.8433191608130499]], "best_fitnesss": [0.8708069192274431, 0.8708069192274431, 0.8708069192274431, 0.8708069192274431, 0.872978162158496], "prob_mutate": 0.0046875}