{"num_qubits": 4, "depth": 18, "num_circuit": 16, "num_generation": 20, "current_generation": 3, "fitnessss": [[0.8150851018576984, 0.7214186361755045, 0.668606285476812, 0.759086234285554, 0.7028519618275415, 0.6998561095803548, 0.7346485468792331, 0.7087359748017334, 0.7516960207338373, 0.6967211916041549, 0.7517939944792724, 0.7573521631415938, 0.7374521431113122, 0.774839375826115, 0.7615619148648738, 0.7515190324186791], [0.8150851018576984, 0.774839375826115, 0.7816595073928632, 0.6979394679656501, 0.7615619148648738, 0.759086234285554, 0.7361491522434865, 0.811530402848498, 0.7573521631415938, 0.7517939944792724, 0.7020019012062895, 0.7806462103781504, 0.7516960207338373, 0.7515190324186791, 0.7645072452209642, 0.6985074315646342], [0.8150851018576984, 0.811530402848498, 0.8129610940776214, 0.7379892858530127, 0.7816595073928632, 0.7806462103781504, 0.7615986029195263, 0.8241701978135503, 0.774839375826115, 0.7645072452209642, 0.7443520879209149, 0.7885593655097815, 0.759541822654715, 0.759086234285554, 0.7361491522434865, 0.811530402848498]], "best_fitnesss": [0.8150851018576984, 0.8150851018576984, 0.8241701978135503], "prob_mutate": 0.010416666666666666}