{"num_qubits": 5, "depth": 25, "num_circuit": 4, "num_generation": 50, "current_generation": 4, "fitnessss": [[0.7246377610694984, 0.5812892603187375, 0.6477627745977099, 0.6634989952039361], [0.7141860613952902, 0.6731192775196465, 0.6778815336536007, 0.6918970365888724], [0.7141860613952902, 0.6918970365888724, 0.7141860613952902, 0.6918970365888724], [0.7141860613952902, 0.7141860613952902, 0.7141860613952902, 0.7141860613952902]], "best_fitnesss": [0.7246377610694984, 0.7141860613952902, 0.7141860613952902, 0.7141860613952902], "prob_mutate": 0.03}