{"num_qubits": 4, "depth": 20, "num_circuit": 16, "num_generation": 10, "current_generation": 7, "fitnessss": [[0.6457599946122778, 0.7377163245467845, 0.781806130095344, 0.7943821446858345, 0.6930309816426885, 0.7851076267712774, 0.8311237251760648, 0.7113641969494886, 0.7993681376976346, 0.8764789351172289, 0.8572108566424326, 0.8179478891299766, 0.7846495076201684, 0.6862195033818831, 0.720837995206346, 0.7802195410802787], [0.8764789351172289, 0.8572108566424326, 0.8600623275100412, 0.838742231167183, 0.8311237251760648, 0.8179478891299766, 0.7756928105903311, 0.8518381467336903, 0.7993681376976346, 0.7803296640849713, 0.7850873142288725, 0.7659568228928013, 0.7851076267712774, 0.7846495076201684, 0.7390735274872049, 0.7526137647139584], [0.8764789351172289, 0.8600623275100412, 0.8600623275100412, 0.8764789351172289, 0.8572108566424326, 0.8518381467336903, 0.8505323213054392, 0.8344929453426084, 0.838742231167183, 0.8311237251760648, 0.8505323213054392, 0.8469530452629463, 0.8179478891299766, 0.7993681376976346, 0.8257321985700633, 0.7708750752145772], [0.8764789351172289, 0.8764789351172289, 0.8764789351172289, 0.8764789351172289, 0.8518153746009449, 0.8600623275100412, 0.8600623275100412, 0.8600623275100412, 0.8572108566424326, 0.8518381467336903, 0.8505323213054392, 0.850690656555497, 0.8505323213054392, 0.8505323213054392, 0.8505323213054392, 0.8505323213054392], [0.8764789351172289, 0.8764789351172289, 0.8764789351172289, 0.8764789351172289, 0.8764789351172289, 0.8764789351172289, 0.8298947974614859, 0.8715883526309745, 0.8600623275100412, 0.8600623275100412, 0.8600623275100412, 0.8600623275100412, 0.8600623275100412, 0.7935325615506461, 0.8600623275100412, 0.8572108566424326], [0.8692583865039563, 0.8764789351172289, 0.8764789351172289, 0.8764789351172289, 0.8764789351172289, 0.8764789351172289, 0.8764789351172289, 0.8764789351172289, 0.8764789351172289, 0.8764789351172289, 0.8764789351172289, 0.8496339681083631, 0.8715883526309745, 0.8349669686360917, 0.8397131840697547, 0.8764789351172289], [0.8764789351172289, 0.8799608948951899, 0.8764789351172289, 0.8764789351172289, 0.8764789351172289, 0.8764789351172289, 0.8764789351172289, 0.8764789351172289, 0.8764789351172289, 0.8764789351172289, 0.8764789351172289, 0.8764789351172289, 0.8764789351172289, 0.8764789351172289, 0.8764789351172289, 0.8764789351172289]], "best_fitnesss": [0.8764789351172289, 0.8764789351172289, 0.8764789351172289, 0.8764789351172289, 0.8764789351172289, 0.8764789351172289, 0.8799608948951899], "prob_mutate": 0.009375}