{"num_qubits": 6, "depth": 22, "num_circuit": 4, "num_generation": 20, "current_generation": 2, "fitnessss": [[0.46519930701278256, 0.4128935165878941, 0.44463990208638704, 0.40817607720286453], [0.46519930701278256, 0.44463990208638704, 0.39483920377133014, 0.4693560206228799]], "best_fitnesss": [0.46519930701278256, 0.4693560206228799], "prob_mutate": 0.03409090909090909}