{"num_qubits": 6, "depth": 31, "num_circuit": 8, "num_generation": 20, "current_generation": 3, "fitnessss": [[0.5819593894772616, 0.5175623127943204, 0.6251777086234237, 0.6219632990346604, 0.6287507707062655, 0.6022172337745817, 0.5986172987186739, 0.5338095385991847], [0.6287507707062655, 0.6052004355907423, 0.6244738912907399, 0.6246801378570106, 0.5845645216751129, 0.6022172337745817, 0.5550785551218693, 0.6116001575642781], [0.6363862092353191, 0.6246801378570106, 0.6697396741099272, 0.6204984393750946, 0.6244738912907399, 0.6116001575642781, 0.5933634437413947, 0.6152437884943507]], "best_fitnesss": [0.6287507707062655, 0.6287507707062655, 0.6697396741099272], "prob_mutate": 0.012096774193548387}