{"num_qubits": 4, "depth": 7, "num_circuit": 4, "num_generation": 40, "current_generation": 40, "fitnessss": [[0.2998636854297406, 0.4822517114918147, 0.24181756554744674, 0.38023574510384484], [0.4822517114918147, 0.38023574510384484, 0.38211394346151656, 0.28690435631647837], [0.37966693687616415, 0.38616505656914957, 0.33597978160712966, 0.44596178506317335], [0.44596178506317335, 0.3676182578043974, 0.38616505656914957, 0.44596178506317335], [0.4370808574477613, 0.4372738944883118, 0.26800344068986937, 0.44596178506317335], [0.4979460357956601, 0.45454965020032284, 0.44596178506317335, 0.4372738944883118], [0.4979460357956601, 0.46408601488957457, 0.4063124793428033, 0.42579230895414727], [0.5095786524057393, 0.4182109752234219, 0.4063124793428033, 0.4036939167966837], [0.5095786524057393, 0.3001463718796574, 0.4576220292823453, 0.26027516417499647], [0.5095786524057393, 0.4576220292823453, 0.38772859268440696, 0.43531728419398297], [0.5095786524057393, 0.4576220292823453, 0.4576220292823453, 0.3486438345662991], [0.42736083007937936, 0.41416168779505547, 0.4576220292823453, 0.451168646419106], [0.4576220292823453, 0.451168646419106, 0.5095786524057393, 0.349650303678541], [0.39011168338677543, 0.4591864683269469, 0.3540482277575901, 0.5095786524057393], [0.5095786524057393, 0.4591864683269469, 0.4916372120919136, 0.42784889805035337], [0.451947798179601, 0.36847712581207415, 0.5101145148735846, 0.3482695462763867], [0.488396450771178, 0.451947798179601, 0.40118733083679514, 0.3968091191679166], [0.4628135210791263, 0.446095205833483, 0.49172680892886583, 0.3968091191679166], [0.49172680892886583, 0.4628135210791263, 0.4628135210791263, 0.46350038038931907], [0.49172680892886583, 0.45126442551388657, 0.4645794407278018, 0.46350038038931907], [0.49172680892886583, 0.4645794407278018, 0.46594935228792417, 0.4651491669510456], [0.43541345568506573, 0.46594935228792417, 0.42781455840347915, 0.5121868455116212], [0.5121868455116212, 0.46594935228792417, 0.46594935228792417, 0.5121868455116212], [0.5121868455116212, 0.42897719942144263, 0.4656148703559375, 0.5121868455116212], [0.4608878036698414, 0.5121868455116212, 0.4083197844686467, 0.5121868455116212], [0.5121868455116212, 0.4570197711390299, 0.5121868455116212, 0.37882039800982004], [0.46256650439192937, 0.5121868455116212, 0.5121868455116212, 0.5121868455116212], [0.5121868455116212, 0.5121868455116212, 0.429728777075839, 0.5121868455116212], [0.44433484199227047, 0.28295306218628025, 0.5121868455116212, 0.5121868455116212], [0.48503745603271015, 0.5121868455116212, 0.42719282390613184, 0.48640766432095023], [0.5121868455116212, 0.45556863915709905, 0.3110530630742414, 0.48640766432095023], [0.4765634485205711, 0.48640766432095023, 0.5121868455116212, 0.48640766432095023], [0.5121868455116212, 0.4067353310004947, 0.5121868455116212, 0.48640766432095023], [0.5121868455116212, 0.5121868455116212, 0.2549292599675702, 0.36075877264975986], [0.5121868455116212, 0.5121868455116212, 0.36075877264975975, 0.3137198915049809], [0.5121868455116212, 0.5121868455116212, 0.5121868455116212, 0.4639911274856825], [0.43734360471492906, 0.5121868455116212, 0.4550585545733865, 0.22671030889447613], [0.4644964642310153, 0.5039266727344182, 0.4184919758607471, 0.4813146338830552], [0.48504739757089943, 0.48270505226650673, 0.5121868455116212, 0.519306423211899], [0.5177154287756194, 0.30747119790592403, 0.4813146338830552, 0.48247233390301825]], "best_fitnesss": [0.4822517114918147, 0.4822517114918147, 0.44596178506317335, 0.44596178506317335, 0.44596178506317335, 0.4979460357956601, 0.4979460357956601, 0.5095786524057393, 0.5095786524057393, 0.5095786524057393, 0.5095786524057393, 0.4576220292823453, 0.5095786524057393, 0.5095786524057393, 0.5095786524057393, 0.5101145148735846, 0.488396450771178, 0.49172680892886583, 0.49172680892886583, 0.49172680892886583, 0.49172680892886583, 0.5121868455116212, 0.5121868455116212, 0.5121868455116212, 0.5121868455116212, 0.5121868455116212, 0.5121868455116212, 0.5121868455116212, 0.5121868455116212, 0.5121868455116212, 0.5121868455116212, 0.5121868455116212, 0.5121868455116212, 0.5121868455116212, 0.5121868455116212, 0.5121868455116212, 0.5121868455116212, 0.5039266727344182, 0.519306423211899, 0.5177154287756194], "prob_mutate": 0.10714285714285714}