{"num_qubits": 4, "depth": 28, "num_circuit": 16, "num_generation": 40, "current_generation": 2, "fitnessss": [[0.8877760261828586, 0.9325105284096775, 0.7693775768110783, 0.875840612463208, 0.9106057062577666, 0.8984473114275946, 0.9074054303387561, 0.916329562091304, 0.9252599536981165, 0.8641423415935678, 0.801025553988827, 0.851986563370664, 0.8622889976767188, 0.8735950780672838, 0.9203099998143222, 0.9115696295639693], [0.9325105284096775, 0.9252599536981165, 0.9018907103359839, 0.9141589823040686, 0.9312200250045191, 0.916091642543534, 0.9251570911962844, 0.9269249234074488, 0.9172588770877603, 0.8963367473306245, 0.929290717195182, 0.8901117238288616, 0.9074054303387561, 0.8984473114275946, 0.87664479176719, 0.9016495653692941]], "best_fitnesss": [0.9325105284096775, 0.9325105284096775], "prob_mutate": 0.006696428571428571}