{"num_qubits": 3, "depth": 13, "num_circuit": 16, "num_generation": 30, "current_generation": 4, "fitnessss": [[0.7970036498160684, 0.8041308643886886, 0.807208309129703, 0.7188014030159124, 0.7885560482380793, 0.8781262769553452, 0.7459889649120529, 0.7945830089418255, 0.8024690208593336, 0.7107827498832637, 0.8831714995634259, 0.6945827122117466, 0.7317075745146926, 0.7202552506612153, 0.8080076692346593, 0.8058081781126056], [0.8499364276863417, 0.8752895060044491, 0.8476746324808184, 0.8420163272077763, 0.7491703976095867, 0.807208309129703, 0.8256944070255472, 0.6574379649845495, 0.8058081781126056, 0.8041308643886886, 0.7897063340404908, 0.8029602899349175, 0.7768484050480955, 0.7922505618609137, 0.7625226843476887, 0.7201046551790677], [0.8752895060044491, 0.8499364276863417, 0.8561424684387127, 0.7591297565366075, 0.8476746324808184, 0.883073718824042, 0.8831714995634259, 0.8753109870368163, 0.8256944070255472, 0.807208309129703, 0.8256944070255472, 0.7964411554707187, 0.8058081781126056, 0.8041308643886886, 0.7863224666734017, 0.8029602899349175], [0.8831714995634259, 0.8558316311495442, 0.833397149414548, 0.8810468456670806, 0.8753109870368163, 0.8752895060044491, 0.8793125535029379, 0.8960348921290364, 0.8561424684387127, 0.8499364276863417, 0.7871239361847213, 0.8629835396283705, 0.8476746324808184, 0.8256944070255472, 0.8294609397105294, 0.7983183871369437]], "best_fitnesss": [0.8831714995634259, 0.8752895060044491, 0.8831714995634259, 0.8960348921290364], "prob_mutate": 0.014423076923076924}