{"num_qubits": 4, "depth": 19, "num_circuit": 8, "num_generation": 20, "current_generation": 1, "fitnessss": [[0.5385666964305602, 0.8204327902134411, 0.6536640445950923, 0.68469975871294, 0.6535757424090136, 0.7808018377929851, 0.6777982290414419, 0.7198792473674255]], "best_fitnesss": [0.8204327902134411], "prob_mutate": 0.019736842105263157}