{"num_qubits": 5, "depth": 8, "num_circuit": 16, "num_generation": 50, "current_generation": 9, "fitnessss": [[0.21797022039921474, 0.27675757023322367, 0.21532343872133936, 0.26615706281922774, 0.27108718234287155, 0.19004649299491444, 0.2718265974957595, 0.31236262504698137, 0.19189931225100126, 0.24710510033897154, 0.20746233279580722, 0.3118203777530141, 0.16341365857584728, 0.27081842995294886, 0.18938847010972332, 0.24947523088261891], [0.31236262504698137, 0.3118203777530141, 0.31287123120368143, 0.29877544295379854, 0.27675757023322367, 0.2718265974957595, 0.26894568532969554, 0.24171298726238327, 0.33385519037829264, 0.28325931936693216, 0.26908002481517657, 0.2686080993484241, 0.26615706281922774, 0.24947523088261891, 0.20669950600504775, 0.23104433212398642], [0.33385519037829264, 0.22676039226082634, 0.2554122530969701, 0.2639710051939653, 0.31236262504698137, 0.3118203777530141, 0.31287123120368143, 0.29877544295379854, 0.29877544295379854, 0.28325931936693216, 0.309571902364527, 0.28627499150053315, 0.27675757023322367, 0.2718265974957595, 0.26894568532969554, 0.24171298726238327], [0.3138036964731151, 0.28452984269101195, 0.2554122530969701, 0.2639710051939653, 0.31236262504698137, 0.3118203777530141, 0.31287123120368143, 0.29877544295379854, 0.3015929758845414, 0.29877544295379854, 0.29877544295379854, 0.309571902364527, 0.29877544295379854, 0.28627499150053315, 0.23231986228412277, 0.28627499150053315], [0.3138036964731151, 0.31287123120368143, 0.3161385528315016, 0.2639710051939653, 0.31236262504698137, 0.3118203777530141, 0.31287123120368143, 0.29877544295379854, 0.28336426634013057, 0.3015929758845414, 0.2655993265833706, 0.3015929758845414, 0.29877544295379854, 0.29877544295379854, 0.29877544295379854, 0.29877544295379854], [0.3161385528315016, 0.3138036964731151, 0.296914398255902, 0.3161385528315016, 0.31287123120368143, 0.31287123120368143, 0.31287123120368143, 0.31287123120368143, 0.31236262504698137, 0.3118203777530141, 0.32442250026639297, 0.29877544295379854, 0.3015929758845414, 0.3015929758845414, 0.3015929758845414, 0.3015929758845414], [0.32442250026639297, 0.3161385528315016, 0.31287123120368143, 0.28615195157449075, 0.3161385528315016, 0.3138036964731151, 0.2885351502935257, 0.3106182849332041, 0.31287123120368143, 0.31287123120368143, 0.31287123120368143, 0.31287123120368143, 0.31287123120368143, 0.31287123120368143, 0.34480660655630474, 0.2844935095200361], [0.34480660655630474, 0.32442250026639297, 0.3262556596189755, 0.31287123120368143, 0.3161385528315016, 0.3161385528315016, 0.3161385528315016, 0.3161385528315016, 0.3138036964731151, 0.31287123120368143, 0.3161385528315016, 0.24345254554439671, 0.3193380901753672, 0.31287123120368143, 0.31287123120368143, 0.2842458074182922], [0.34480660655630474, 0.3262556596189755, 0.3262556596189755, 0.34480660655630474, 0.32442250026639297, 0.3183975635425099, 0.31287123120368143, 0.3369777136291801, 0.3161385528315016, 0.3161385528315016, 0.3161385528315016, 0.3161385528315016, 0.3142332167986898, 0.3161385528315016, 0.3161385528315016, 0.3161385528315016]], "best_fitnesss": [0.31236262504698137, 0.33385519037829264, 0.33385519037829264, 0.3138036964731151, 0.3161385528315016, 0.32442250026639297, 0.34480660655630474, 0.34480660655630474, 0.34480660655630474], "prob_mutate": 0.0234375}