{"num_qubits": 4, "depth": 9, "num_circuit": 16, "num_generation": 20, "current_generation": 20, "fitnessss": [[0.3067951597560018, 0.3233473461732027, 0.14552038727207695, 0.2994686534898662, 0.3321854150515907, 0.4286635807725321, 0.20772471543964888, 0.24851678277008304, 0.29716280712496956, 0.23727251870698884, 0.31178813522554394, 0.17271909154534537, 0.13524182497969728, 0.34359194435324036, 0.189903339279744, 0.2361050107841116], [0.4286635807725321, 0.34359194435324036, 0.3504042081371509, 0.36859162193960393, 0.3321854150515907, 0.3233473461732027, 0.38844556114296014, 0.24049048163421227, 0.31178813522554394, 0.5364737165666977, 0.24850213999581727, 0.3951101248771207, 0.2994686534898662, 0.29716280712496956, 0.4443317327061789, 0.16836057054088693], [0.5364737165666977, 0.5042505267308653, 0.5279533296583061, 0.4160346616115036, 0.4286635807725321, 0.3417028309393503, 0.22132598849921725, 0.3020056101197407, 0.38844556114296014, 0.36859162193960393, 0.3368647535750673, 0.2957513491266146, 0.3504042081371509, 0.34359194435324036, 0.3504042081371509, 0.25048555684599916], [0.40089333196240795, 0.5279533296583061, 0.5279533296583061, 0.5364737165666977, 0.5042505267308653, 0.4286635807725321, 0.5515919062860035, 0.29205858636838034, 0.4160346616115036, 0.38844556114296014, 0.37079871228957306, 0.3497549136773035, 0.36859162193960393, 0.3504042081371509, 0.34359194435324036, 0.18023178399975337], [0.5515919062860035, 0.5364737165666977, 0.4160346616115036, 0.3472385788689112, 0.5279533296583061, 0.24665325866376586, 0.5279533296583061, 0.5279533296583061, 0.5042505267308653, 0.4286635807725321, 0.5515919062860035, 0.29205858636838034, 0.4160346616115036, 0.40089333196240795, 0.43071764061418993, 0.3867448854049871], [0.5515919062860035, 0.5515919062860035, 0.5515919062860035, 0.5515919062860035, 0.5364737165666977, 0.5279533296583061, 0.5279533296583061, 0.5364737165666977, 0.5279533296583061, 0.2298268677809675, 0.37179651213500153, 0.5279533296583061, 0.5042505267308653, 0.43071764061418993, 0.3877767520284807, 0.5042505267308653], [0.5154695171049604, 0.3471452391733145, 0.46884442259579573, 0.5515919062860035, 0.3865491408688869, 0.5515919062860035, 0.5515919062860035, 0.5515919062860035, 0.4546289905307862, 0.5364737165666977, 0.486777434890193, 0.5364737165666977, 0.40324365107994176, 0.5090624635297104, 0.5279533296583061, 0.5279533296583061], [0.5515919062860035, 0.5515919062860035, 0.5515919062860035, 0.21924445602107512, 0.5515919062860035, 0.5515919062860035, 0.5515919062860035, 0.5515919062860035, 0.5364737165666977, 0.5364737165666977, 0.5364737165666977, 0.5364737165666977, 0.5279533296583061, 0.5279533296583061, 0.5279533296583061, 0.5279533296583061], [0.5515919062860035, 0.5515919062860035, 0.5515919062860035, 0.5157791744484587, 0.5515919062860035, 0.5515919062860035, 0.5515919062860035, 0.5515919062860035, 0.5515919062860035, 0.5515919062860035, 0.4965049351102617, 0.32868218947271743, 0.5515919062860035, 0.5364737165666977, 0.4160346616115036, 0.3385081240786516], [0.5515919062860035, 0.44700030950962244, 0.40235428715354404, 0.42273286092748097, 0.5515919062860035, 0.4752087769397617, 0.5515919062860035, 0.33446682451459586, 0.5515919062860035, 0.5515919062860035, 0.40133415421246676, 0.5515919062860035, 0.5515919062860035, 0.5515919062860035, 0.5515919062860035, 0.5515919062860035], [0.5515919062860035, 0.5515919062860035, 0.5515919062860035, 0.3422283747885594, 0.5515919062860035, 0.5109473041208545, 0.5515919062860035, 0.5515919062860035, 0.5515919062860035, 0.5515919062860035, 0.5515919062860035, 0.5515919062860035, 0.5515919062860035, 0.11836207148735978, 0.5515919062860035, 0.5515919062860035], [0.5515919062860035, 0.5515919062860035, 0.5521993462564885, 0.5515919062860035, 0.5515919062860035, 0.3504927722077319, 0.5515919062860035, 0.466345443740104, 0.5515919062860035, 0.5515919062860035, 0.4419030259129426, 0.5515919062860035, 0.5515919062860035, 0.5515919062860035, 0.5515919062860035, 0.5515919062860035], [0.5521993462564885, 0.2636907848358926, 0.5515919062860035, 0.5521993462564885, 0.5515919062860035, 0.5515919062860035, 0.5515919062860035, 0.5515919062860035, 0.5515919062860035, 0.5515919062860035, 0.5515919062860035, 0.5515919062860035, 0.5515919062860035, 0.5515919062860035, 0.4452225614962769, 0.5515919062860035], [0.4788144472567296, 0.5521993462564885, 0.5521993462564885, 0.5521993462564885, 0.5515919062860035, 0.5515919062860035, 0.5515919062860035, 0.5515919062860035, 0.5515919062860035, 0.2895709587225903, 0.5515919062860035, 0.5515919062860035, 0.5515919062860035, 0.5515919062860035, 0.5515919062860035, 0.23257691027448335], [0.5521993462564885, 0.5521993462564885, 0.5521993462564885, 0.5521993462564885, 0.5521993462564885, 0.5515919062860035, 0.5515919062860035, 0.5521993462564885, 0.5515919062860035, 0.5515919062860035, 0.5515919062860035, 0.49091719488204477, 0.3634121223749194, 0.44508112465789607, 0.5515919062860035, 0.5515919062860035], [0.5521993462564885, 0.4049114282784947, 0.6045740531275159, 0.5521993462564885, 0.31293020828169715, 0.15568473385542825, 0.5521993462564885, 0.5521993462564885, 0.5521993462564885, 0.5521993462564885, 0.5521993462564885, 0.5521993462564885, 0.5515919062860035, 0.5515919062860035, 0.5515919062860035, 0.36387063810968345], [0.19496569165863897, 0.5521993462564885, 0.6045740531275159, 0.5521993462564885, 0.58180666434452, 0.4817413762290361, 0.5521993462564885, 0.5521993462564885, 0.5221081530921694, 0.5521993462564885, 0.5521993462564885, 0.5521993462564885, 0.5521993462564885, 0.5521993462564885, 0.5521993462564885, 0.5521993462564885], [0.6045740531275159, 0.58180666434452, 0.4906049668257637, 0.4277946649121659, 0.4815975177322859, 0.5521993462564885, 0.5521993462564885, 0.5521993462564885, 0.5521993462564885, 0.5521993462564885, 0.44591149389535545, 0.5521993462564885, 0.5521993462564885, 0.5521993462564885, 0.4539135531261188, 0.5521993462564885], [0.6045740531275159, 0.58180666434452, 0.4768570069059901, 0.5521993462564885, 0.5521993462564885, 0.3414109112082556, 0.5521993462564885, 0.5521993462564885, 0.5521993462564885, 0.5521993462564885, 0.5521993462564885, 0.5521993462564885, 0.5521993462564885, 0.5521993462564885, 0.29889213275311455, 0.1872601433221306], [0.6045740531275159, 0.58180666434452, 0.4906049668257637, 0.4218133581987151, 0.5091827479316282, 0.5521993462564885, 0.5521993462564885, 0.5521993462564885, 0.5521993462564885, 0.5521993462564885, 0.5521993462564885, 0.3002018039228418, 0.5521993462564885, 0.5521993462564885, 0.3365971510557505, 0.5521993462564885]], "best_fitnesss": [0.4286635807725321, 0.5364737165666977, 0.5364737165666977, 0.5515919062860035, 0.5515919062860035, 0.5515919062860035, 0.5515919062860035, 0.5515919062860035, 0.5515919062860035, 0.5515919062860035, 0.5515919062860035, 0.5521993462564885, 0.5521993462564885, 0.5521993462564885, 0.5521993462564885, 0.6045740531275159, 0.6045740531275159, 0.6045740531275159, 0.6045740531275159, 0.6045740531275159], "prob_mutate": 0.020833333333333332}