{"num_qubits": 4, "depth": 19, "num_circuit": 8, "num_generation": 10, "current_generation": 2, "fitnessss": [[0.7305148821714571, 0.6473918659130892, 0.7309041314416164, 0.757526136781429, 0.7339246500460895, 0.7188459157676732, 0.8184644957998936, 0.786705845200288], [0.8254989765361787, 0.77527216606588, 0.8200084586458412, 0.7928651594289259, 0.757526136781429, 0.7339246500460895, 0.7503648986981113, 0.6848475435318003]], "best_fitnesss": [0.8184644957998936, 0.8254989765361787], "prob_mutate": 0.019736842105263157}