{"num_qubits": 4, "depth": 17, "num_circuit": 4, "num_generation": 20, "current_generation": 1, "fitnessss": [[0.6721801217193273, 0.7531620901713124, 0.6204855112301568, 0.7606317978393126]], "best_fitnesss": [0.7606317978393126], "prob_mutate": 0.04411764705882353}