{"num_qubits": 5, "depth": 13, "num_circuit": 4, "num_generation": 30, "current_generation": 30, "fitnessss": [[0.3640997470133178, 0.3434040574582741, 0.3677647103085181, 0.4220721602437245], [0.4220721602437245, 0.3677647103085181, 0.40318579078312694, 0.39265625467311455], [0.41062893942063317, 0.4220662474578429, 0.40318579078312694, 0.4220721602437245], [0.4220721602437245, 0.4220662474578429, 0.49620431846348295, 0.3770737069179503], [0.4568911157445088, 0.47329262986922493, 0.4220721602437245, 0.4492521762349361], [0.46057620187618153, 0.43489464313736814, 0.442793860344416, 0.47777462988986175], [0.5058947116622946, 0.46057620187618153, 0.4412043043368931, 0.41386394359769935], [0.5058947116622946, 0.4599557431916369, 0.4530321471272959, 0.5395828135816878], [0.5395828135816878, 0.5058947116622946, 0.5139473346912955, 0.5058947116622946], [0.5352911488764039, 0.5059885031294825, 0.40606844701002015, 0.5051428084272949], [0.49186645688440567, 0.42079167846825516, 0.43514595329298356, 0.4811629392977931], [0.49186645688440567, 0.5047246677091588, 0.5337828828104522, 0.5607715476022909], [0.5184385388195444, 0.5337828828104522, 0.5514533198113536, 0.5208622427605244], [0.5514533198113536, 0.5337828828104522, 0.45116379636921183, 0.49618897596543654], [0.5514533198113536, 0.5016786739953948, 0.4811629392977931, 0.49834405492091693], [0.4696112088281188, 0.5016786739953948, 0.5092447670663082, 0.5362442243869779], [0.506271495807413, 0.5089460603055673, 0.4881590778622774, 0.5514533198113536], [0.5401777298442196, 0.48272180954652777, 0.5097925954569654, 0.507994189075447], [0.5012080276021948, 0.5097925954569654, 0.5368332226886252, 0.4730432012443694], [0.5342087173812342, 0.4609113489885247, 0.488026499829971, 0.5179369752831604], [0.4731150104077533, 0.5179369752831604, 0.5474671794788684, 0.5143299147544008], [0.47518086155035066, 0.5328671806934874, 0.5526436890074836, 0.5125123687891439], [0.4763451996728086, 0.5328671806934874, 0.4561968109721364, 0.47931479882925754], [0.5328671806934874, 0.433336444197579, 0.4009071704311795, 0.43550402206733174], [0.4542122594249795, 0.43550402206733174, 0.5328671806934874, 0.45931396485101345], [0.5328671806934874, 0.47048702621200283, 0.4311295487390767, 0.45931396485101345], [0.5328671806934874, 0.47048702621200283, 0.4815017981692315, 0.4599700935538891], [0.5328671806934874, 0.4815017981692315, 0.5156648292572799, 0.4815017981692315], [0.5038632349478169, 0.5156648292572799, 0.5155121584389771, 0.5156648292572799], [0.5156648292572799, 0.4541090453746991, 0.5156648292572799, 0.509921868531953]], "best_fitnesss": [0.4220721602437245, 0.4220721602437245, 0.4220721602437245, 0.49620431846348295, 0.47329262986922493, 0.47777462988986175, 0.5058947116622946, 0.5395828135816878, 0.5395828135816878, 0.5352911488764039, 0.49186645688440567, 0.5607715476022909, 0.5514533198113536, 0.5514533198113536, 0.5514533198113536, 0.5362442243869779, 0.5514533198113536, 0.5401777298442196, 0.5368332226886252, 0.5342087173812342, 0.5474671794788684, 0.5526436890074836, 0.5328671806934874, 0.5328671806934874, 0.5328671806934874, 0.5328671806934874, 0.5328671806934874, 0.5328671806934874, 0.5156648292572799, 0.5156648292572799], "prob_mutate": 0.057692307692307696}