{"num_qubits": 3, "depth": 8, "num_circuit": 8, "num_generation": 30, "current_generation": 3, "fitnessss": [[0.5349947025642948, 0.6063766237696713, 0.49274448353264944, 0.42576082795298065, 0.6277804708836495, 0.5527202001683428, 0.5487958792008039, 0.4497285135752035], [0.6277804708836495, 0.5656122282608601, 0.6504240629711404, 0.6006060020703554, 0.5292856479054036, 0.5487958792008039, 0.5900745204947531, 0.4628499518850407], [0.6504240629711404, 0.6277804708836495, 0.6277804708836495, 0.6504240629711404, 0.6006060020703554, 0.5900745204947531, 0.594478165601926, 0.7798218768010254]], "best_fitnesss": [0.6277804708836495, 0.6504240629711404, 0.7798218768010254], "prob_mutate": 0.046875}