{"num_qubits": 4, "depth": 27, "num_circuit": 32, "num_generation": 40, "current_generation": 1, "fitnessss": [[0.9135569967236854, 0.8726927602467086, 0.9179248884897329, 0.9309532607123249, 0.8567328122671096, 0.87808474884155, 0.9069836548387931, 0.8763904511419967, 0.9319838073264635, 0.9156262493942726, 0.813820880542224, 0.8831439126838013, 0.9350180490456861, 0.9165143940600323, 0.7887648877544965, 0.866093599203456, 0.9101324186437966, 0.8969476833198471, 0.8295059523643206, 0.8572624286087551, 0.8971297790114321, 0.8630925530759743, 0.8887541546159234, 0.8404155423640631, 0.8928486690986437, 0.9034729787099026, 0.8941050508383558, 0.8411990850498261, 0.9096430459783578, 0.8447233810258272, 0.8158179707943807, 0.7056989661727193]], "best_fitnesss": [0.9350180490456861], "prob_mutate": 0.003472222222222222}