{"num_qubits": 3, "depth": 4, "num_circuit": 32, "num_generation": 50, "current_generation": 7, "fitnessss": [[0.2368533807373597, 0.42558711056994997, 0.2603095977095296, 0.49137940580157224, 0.4621605008485138, 0.40033217916504177, 0.5078436906260734, 0.3880774899214956, 0.5590699546529011, 0.15749120974490474, 0.3596004503479493, 0.48862623591581283, 0.3696789375488445, 0.24873186229676544, 0.37767151301926294, 0.18206727864440944, 0.2650536968331651, 0.4453722034972925, 0.32101047888430523, 0.4714042486574625, 0.3229980332812181, 0.46849277253789545, 0.5164528534524713, 0.3324835685678755, 0.3531256133843338, 0.3329661039449898, 0.5712046832345263, 0.21996231954534515, 0.36341375062863196, 0.2152382293768449, 0.23775331118632498, 0.28970196693182687], [0.5712046832345263, 0.5590699546529011, 0.48396328974793673, 0.38660427316681745, 0.5164528534524713, 0.5211549510182871, 0.549012995996225, 0.4387635768418211, 0.49137940580157224, 0.48862623591581283, 0.5232499277689507, 0.34879629690273034, 0.4714042486574625, 0.46849277253789545, 0.25308559640031947, 0.43997009211224736, 0.4621605008485138, 0.4453722034972925, 0.3490576486932232, 0.39380294384993453, 0.42558711056994997, 0.40033217916504177, 0.23931338466285731, 0.5150924112293287, 0.3880774899214956, 0.37767151301926294, 0.25172182843356755, 0.4648643504481753, 0.3696789375488445, 0.36341375062863196, 0.3660420592715607, 0.3365746514114576], [0.5712046832345263, 0.5590699546529011, 0.48396328974793673, 0.38660427316681745, 0.549012995996225, 0.5232499277689507, 0.5319144346297533, 0.5017206894809968, 0.5211549510182871, 0.42047921862194126, 0.4332539104791316, 0.5792467107855099, 0.5150924112293287, 0.49137940580157224, 0.5010803949500316, 0.42319862514747736, 0.48862623591581283, 0.48396328974793673, 0.5034645573327671, 0.4593528970527429, 0.4714042486574625, 0.46849277253789545, 0.512713642547031, 0.43997009211224736, 0.4648643504481753, 0.4621605008485138, 0.28220377349163944, 0.4586421974768097, 0.4243737029050344, 0.43997009211224736, 0.45363101914894244, 0.3697404402381612], [0.5792467107855099, 0.5712046832345263, 0.38029430708755213, 0.5203076318086581, 0.5590699546529011, 0.549012995996225, 0.5813163406407278, 0.44946792277596864, 0.430705809923828, 0.5232499277689507, 0.5319144346297533, 0.5232499277689507, 0.5211549510182871, 0.5150924112293287, 0.39791173637963134, 0.521929773361888, 0.512713642547031, 0.5034645573327671, 0.4024818113708795, 0.37332322359505443, 0.5017206894809968, 0.5010803949500316, 0.49137940580157224, 0.5052396953602029, 0.49137940580157224, 0.48862623591581283, 0.4997875390742525, 0.34879629690273034, 0.48396328974793673, 0.48396328974793673, 0.48396328974793673, 0.48396328974793673], [0.5813163406407278, 0.5792467107855099, 0.579234306504761, 0.549012995996225, 0.5450971639615795, 0.5590699546529011, 0.4639174311478634, 0.38660427316681745, 0.549012995996225, 0.5319144346297533, 0.5059640560288268, 0.48292441979068734, 0.5232499277689507, 0.5232499277689507, 0.5232499277689507, 0.5232499277689507, 0.521929773361888, 0.5211549510182871, 0.521929773361888, 0.5211549510182871, 0.5203076318086581, 0.5150924112293287, 0.5870058973988554, 0.521929773361888, 0.512713642547031, 0.5052396953602029, 0.5254009371767956, 0.5049701939843696, 0.4409566541928623, 0.5017206894809968, 0.4999100226904204, 0.4169817945092845], [0.5870058973988554, 0.5813163406407278, 0.5741639313923581, 0.5986558428185283, 0.5792467107855099, 0.579234306504761, 0.5792467107855099, 0.579234306504761, 0.5590699546529011, 0.549012995996225, 0.5813163406407278, 0.44946792277596864, 0.549012995996225, 0.4198554962311877, 0.514488343946941, 0.46540181982172824, 0.5319144346297533, 0.5254009371767956, 0.48292441979068734, 0.4706994745600121, 0.5232499277689507, 0.5232499277689507, 0.5232499277689507, 0.5232499277689507, 0.5232499277689507, 0.4701779898330411, 0.5232499277689507, 0.34066569852796463, 0.521929773361888, 0.521929773361888, 0.521929773361888, 0.5880857304649834], [0.5986558428185283, 0.5880857304649834, 0.6233119839328023, 0.44308281476687317, 0.5870058973988554, 0.5813163406407278, 0.5741639313923581, 0.5986558428185283, 0.5813163406407278, 0.5792467107855099, 0.579234306504761, 0.549012995996225, 0.5792467107855099, 0.579234306504761, 0.5792467107855099, 0.579234306504761, 0.579234306504761, 0.5741639313923581, 0.5813163406407278, 0.5075910791091687, 0.5590699546529011, 0.549012995996225, 0.5813163406407278, 0.44946792277596864, 0.549012995996225, 0.5319144346297533, 0.5059640560288268, 0.48292441979068734, 0.5254009371767956, 0.5232499277689507, 0.4706994745600121, 0.5017206894809968]], "best_fitnesss": [0.5712046832345263, 0.5712046832345263, 0.5792467107855099, 0.5813163406407278, 0.5870058973988554, 0.5986558428185283, 0.6233119839328023], "prob_mutate": 0.0234375}