{"num_qubits": 5, "depth": 11, "num_circuit": 32, "num_generation": 10, "current_generation": 6, "fitnessss": [[0.3694133612870393, 0.42476343686897133, 0.37794889406196097, 0.4394215517763932, 0.41406004689588694, 0.3657627361056477, 0.3790124444804327, 0.3554235501508686, 0.33394932222049356, 0.3733674240537952, 0.3281372400307504, 0.3023512753308163, 0.3704317488644338, 0.28772868639273924, 0.3263551958799732, 0.3646573870688433, 0.33124086218954885, 0.34206224683966957, 0.3304168783559781, 0.3051081162378373, 0.3048474148805158, 0.39752538849258107, 0.375175827559952, 0.3519883375964417, 0.2744381306436494, 0.3030891352066944, 0.2701316201988141, 0.30067318509121177, 0.39600828492160656, 0.3960310994636329, 0.30704234926004126, 0.41574171052397657], [0.4394215517763932, 0.41034442009232297, 0.42078978435214687, 0.41267062072917754, 0.41574171052397657, 0.41406004689588694, 0.4224583590193234, 0.35896829807090525, 0.39752538849258107, 0.3960310994636329, 0.33023728504455513, 0.3526912695649864, 0.39600828492160656, 0.3790124444804327, 0.3624133922560765, 0.38924536338382276, 0.37794889406196097, 0.375175827559952, 0.387583279853086, 0.37318240671726005, 0.3733674240537952, 0.3704317488644338, 0.3597211268915463, 0.3903801743356718, 0.3694133612870393, 0.3657627361056477, 0.47045872315870174, 0.34361621046248186, 0.3646573870688433, 0.3554235501508686, 0.35749767991550857, 0.2968957531787028], [0.47045872315870174, 0.4394215517763932, 0.4105672114629536, 0.4324159596542777, 0.4224583590193234, 0.42078978435214687, 0.3823340861293386, 0.43231352913523524, 0.41574171052397657, 0.41406004689588694, 0.4224583590193234, 0.35896829807090525, 0.38940793166636445, 0.41034442009232297, 0.41034442009232297, 0.41267062072917754, 0.39752538849258107, 0.3960310994636329, 0.33023728504455513, 0.3526912695649864, 0.39600828492160656, 0.3903801743356718, 0.41075286705571246, 0.3992528214821438, 0.38924536338382276, 0.387583279853086, 0.36767919857632836, 0.3838080604663661, 0.3790124444804327, 0.37794889406196097, 0.32192380087876493, 0.3270696478635516], [0.47045872315870174, 0.4394215517763932, 0.4105672114629536, 0.4324159596542777, 0.4324159596542777, 0.43231352913523524, 0.43231352913523524, 0.4113759600526006, 0.4224583590193234, 0.4224583590193234, 0.4224583590193234, 0.4224583590193234, 0.42078978435214687, 0.353853873905595, 0.3927352427539613, 0.3823340861293386, 0.434040779070309, 0.41267062072917754, 0.4362781123655788, 0.4226736133285577, 0.41075286705571246, 0.4105672114629536, 0.3867726641763102, 0.42890011078064727, 0.41034442009232297, 0.41034442009232297, 0.4631858874607241, 0.470984034386783, 0.3992528214821438, 0.39752538849258107, 0.3496213888489719, 0.4137070740520851], [0.470984034386783, 0.47045872315870174, 0.4732010488144657, 0.4783831786619568, 0.4384651338120353, 0.4394215517763932, 0.41386789266670976, 0.42995643373890113, 0.4362781123655788, 0.434040779070309, 0.41406004689588694, 0.38938902817877175, 0.4324159596542777, 0.4324159596542777, 0.4324159596542777, 0.4324159596542777, 0.43231352913523524, 0.43231352913523524, 0.43231352913523524, 0.43231352913523524, 0.42890011078064727, 0.4226736133285577, 0.4627353790709101, 0.41990682886551395, 0.4224583590193234, 0.4224583590193234, 0.4224583590193234, 0.4224583590193234, 0.4224583590193234, 0.4224583590193234, 0.3355753574181573, 0.4224583590193234], [0.4783831786619568, 0.4732010488144657, 0.47045872315870174, 0.470984034386783, 0.470984034386783, 0.46083747824374033, 0.4732010488144657, 0.4783831786619568, 0.4627353790709101, 0.4394215517763932, 0.4105672114629536, 0.40706034333065927, 0.4384651338120353, 0.4161440953800513, 0.41267062072917754, 0.38505560221568447, 0.434040779070309, 0.4324159596542777, 0.4236790076765164, 0.43231352913523524, 0.4324159596542777, 0.4324159596542777, 0.4324159596542777, 0.4324159596542777, 0.4324159596542777, 0.43231352913523524, 0.43231352913523524, 0.4324159596542777, 0.43231352913523524, 0.43231352913523524, 0.43231352913523524, 0.43231352913523524]], "best_fitnesss": [0.4394215517763932, 0.47045872315870174, 0.47045872315870174, 0.470984034386783, 0.4783831786619568, 0.4783831786619568], "prob_mutate": 0.008522727272727272}