{"num_qubits": 5, "depth": 11, "num_circuit": 32, "num_generation": 10, "current_generation": 2, "fitnessss": [[0.3694133612870393, 0.42476343686897133, 0.37794889406196097, 0.4394215517763932, 0.41406004689588694, 0.3657627361056477, 0.3790124444804327, 0.3554235501508686, 0.33394932222049356, 0.3733674240537952, 0.3281372400307504, 0.3023512753308163, 0.3704317488644338, 0.28772868639273924, 0.3263551958799732, 0.3646573870688433, 0.33124086218954885, 0.34206224683966957, 0.3304168783559781, 0.3051081162378373, 0.3048474148805158, 0.39752538849258107, 0.375175827559952, 0.3519883375964417, 0.2744381306436494, 0.3030891352066944, 0.2701316201988141, 0.30067318509121177, 0.39600828492160656, 0.3960310994636329, 0.30704234926004126, 0.41574171052397657], [0.4394215517763932, 0.41034442009232297, 0.42078978435214687, 0.41267062072917754, 0.41574171052397657, 0.41406004689588694, 0.4224583590193234, 0.35896829807090525, 0.39752538849258107, 0.3960310994636329, 0.33023728504455513, 0.3526912695649864, 0.39600828492160656, 0.3790124444804327, 0.3624133922560765, 0.38924536338382276, 0.37794889406196097, 0.375175827559952, 0.387583279853086, 0.37318240671726005, 0.3733674240537952, 0.3704317488644338, 0.3597211268915463, 0.3903801743356718, 0.3694133612870393, 0.3657627361056477, 0.47045872315870174, 0.34361621046248186, 0.3646573870688433, 0.3554235501508686, 0.35749767991550857, 0.2968957531787028]], "best_fitnesss": [0.4394215517763932, 0.47045872315870174], "prob_mutate": 0.008522727272727272}