{"num_qubits": 5, "depth": 13, "num_circuit": 16, "num_generation": 30, "current_generation": 30, "fitnessss": [[0.35895032866898846, 0.34543071409755316, 0.30983467826109706, 0.4326501523468095, 0.4569057720695815, 0.45540735005728933, 0.40337961469838596, 0.438283482977897, 0.4518353871748266, 0.29706738944040484, 0.3463689417503543, 0.4283592689764463, 0.32257440040293345, 0.4658889311873554, 0.35064036850072366, 0.4435179495761735], [0.4658889311873554, 0.4569057720695815, 0.4892030975405259, 0.43168986404299386, 0.45540735005728933, 0.4518353871748266, 0.41760849322968047, 0.46259518065719174, 0.43318163453502495, 0.438283482977897, 0.43960841773207227, 0.43565313241007575, 0.4326501523468095, 0.4283592689764463, 0.43458508065655366, 0.44702388327839804], [0.4892030975405259, 0.4658889311873554, 0.4731782672099743, 0.4892030975405259, 0.46259518065719174, 0.430581482342402, 0.39524221842206547, 0.38745309720027077, 0.45540735005728933, 0.4518353871748266, 0.44852816060177847, 0.40293835039499887, 0.44702388327839804, 0.43960841773207227, 0.46765426716050335, 0.43292193802757717], [0.4892030975405259, 0.4892030975405259, 0.4892030975405259, 0.4892030975405259, 0.4731782672099743, 0.46765426716050335, 0.45849603151347074, 0.36866257299358507, 0.4658889311873554, 0.46259518065719174, 0.4238584743089252, 0.44464598480487894, 0.45540735005728933, 0.4518353871748266, 0.41760849322968047, 0.40293835039499887], [0.4892030975405259, 0.47564851881648745, 0.4892030975405259, 0.4892030975405259, 0.4892030975405259, 0.4892030975405259, 0.4892030975405259, 0.4892030975405259, 0.44905989304244154, 0.46765426716050335, 0.39859653362910813, 0.3985887396601312, 0.4658889311873554, 0.46259518065719174, 0.4158234858343339, 0.44464598480487894], [0.4892030975405259, 0.4892030975405259, 0.4892030975405259, 0.4892030975405259, 0.4892030975405259, 0.4892030975405259, 0.4892030975405259, 0.44822255236779646, 0.4892030975405259, 0.4892030975405259, 0.4672851238975431, 0.4892030975405259, 0.4892030975405259, 0.4405795158518762, 0.4635628174821451, 0.43648510535079516], [0.4892030975405259, 0.4892030975405259, 0.4892030975405259, 0.4892030975405259, 0.4892030975405259, 0.4892030975405259, 0.3953113849889838, 0.4892030975405259, 0.4892030975405259, 0.4243517717618136, 0.4885948384059141, 0.4709805182763094, 0.4892030975405259, 0.4892030975405259, 0.4892030975405259, 0.4892030975405259], [0.4892030975405259, 0.4892030975405259, 0.4892030975405259, 0.4892030975405259, 0.3151002413233332, 0.4892030975405259, 0.4892030975405259, 0.4892030975405259, 0.4892030975405259, 0.4892030975405259, 0.4892030975405259, 0.42960296848387614, 0.4421112946551499, 0.4892030975405259, 0.4892030975405259, 0.4653062618234939], [0.4892030975405259, 0.4892030975405259, 0.3720578026021256, 0.4892030975405259, 0.42671685763225914, 0.4892030975405259, 0.4892030975405259, 0.4892030975405259, 0.4892030975405259, 0.4892030975405259, 0.4892030975405259, 0.4892030975405259, 0.4892030975405259, 0.4892030975405259, 0.4892030975405259, 0.4892030975405259], [0.34826813091056297, 0.43579830763057503, 0.43808910170581844, 0.3497196720702931, 0.4892030975405259, 0.4892030975405259, 0.4892030975405259, 0.4240595848659763, 0.4892030975405259, 0.4892030975405259, 0.4892030975405259, 0.4892030975405259, 0.4892030975405259, 0.39986112282147135, 0.43591218647450897, 0.4892030975405259], [0.4892030975405259, 0.4892030975405259, 0.4892030975405259, 0.4892030975405259, 0.4892030975405259, 0.4892030975405259, 0.4132976786093576, 0.4892030975405259, 0.4892030975405259, 0.4172967796606814, 0.4892030975405259, 0.4892030975405259, 0.4945266604093055, 0.4892030975405259, 0.4892030975405259, 0.4892030975405259], [0.4945266604093055, 0.4117625599866786, 0.4892030975405259, 0.4945266604093055, 0.4892030975405259, 0.4892030975405259, 0.4892030975405259, 0.4862759165630762, 0.4892030975405259, 0.4892030975405259, 0.4892030975405259, 0.4892030975405259, 0.4892030975405259, 0.4892030975405259, 0.44794755340525744, 0.4892030975405259], [0.4945266604093055, 0.4945266604093055, 0.4945266604093055, 0.4945266604093055, 0.4892030975405259, 0.4332794070735998, 0.4892030975405259, 0.4892030975405259, 0.4892030975405259, 0.38913230848582636, 0.4892030975405259, 0.4892030975405259, 0.4892030975405259, 0.4892030975405259, 0.4892030975405259, 0.4892030975405259], [0.4945266604093055, 0.4945266604093055, 0.4945266604093055, 0.4945266604093055, 0.4945266604093055, 0.4945266604093055, 0.4945266604093055, 0.48052852270172863, 0.4892030975405259, 0.4892030975405259, 0.4892030975405259, 0.4892030975405259, 0.4892030975405259, 0.4892030975405259, 0.4892030975405259, 0.4892030975405259], [0.4945266604093055, 0.4945266604093055, 0.4945266604093055, 0.4945266604093055, 0.4945266604093055, 0.4945266604093055, 0.4945266604093055, 0.4945266604093055, 0.4945266604093055, 0.4945266604093055, 0.4945266604093055, 0.4945266604093055, 0.4945266604093055, 0.4892030975405259, 0.4892030975405259, 0.4945266604093055], [0.5112510053128869, 0.4945266604093055, 0.4945266604093055, 0.4945266604093055, 0.4945266604093055, 0.4945266604093055, 0.4945266604093055, 0.4945266604093055, 0.4945266604093055, 0.4945266604093055, 0.43165106466552733, 0.4945266604093055, 0.5457265868738979, 0.4526235619193592, 0.4877467802699728, 0.45056153011314864], [0.5457265868738979, 0.4891503617007896, 0.4560050265672745, 0.40681697945894746, 0.4945266604093055, 0.4945266604093055, 0.4945266604093055, 0.4945266604093055, 0.4945266604093055, 0.4741784657531422, 0.45334123438861534, 0.4945266604093055, 0.4945266604093055, 0.4945266604093055, 0.4945266604093055, 0.4945266604093055], [0.5457265868738979, 0.4945266604093055, 0.5457265868738979, 0.4945266604093055, 0.4945266604093055, 0.4945266604093055, 0.38456414470765454, 0.4945266604093055, 0.4945266604093055, 0.4945266604093055, 0.4945266604093055, 0.4945266604093055, 0.4945266604093055, 0.4945266604093055, 0.4734747008283303, 0.38610141720714464], [0.48329782848879754, 0.5457265868738979, 0.5457265868738979, 0.5457265868738979, 0.4945266604093055, 0.4945266604093055, 0.4945266604093055, 0.4762204029079746, 0.4945266604093055, 0.4945266604093055, 0.4945266604093055, 0.4945266604093055, 0.4945266604093055, 0.4945266604093055, 0.4945266604093055, 0.41185577141241775], [0.5457265868738979, 0.5457265868738979, 0.5457265868738979, 0.419333086862349, 0.5457265868738979, 0.4945266604093055, 0.5457265868738979, 0.4945266604093055, 0.4393665121109979, 0.4945266604093055, 0.4945266604093055, 0.4945266604093055, 0.4945266604093055, 0.4450131577117757, 0.4945266604093055, 0.4945266604093055], [0.4333745431210949, 0.5457265868738979, 0.5457265868738979, 0.5457265868738979, 0.4446428811534361, 0.5457265868738979, 0.5457265868738979, 0.4223949094817073, 0.5457265868738979, 0.4945266604093055, 0.4765551556746943, 0.4945266604093055, 0.4945266604093055, 0.4945266604093055, 0.4945266604093055, 0.4945266604093055], [0.48182126331275993, 0.5457265868738979, 0.5457265868738979, 0.5457265868738979, 0.5457265868738979, 0.5457265868738979, 0.44870939473289806, 0.5457265868738979, 0.5457265868738979, 0.5457265868738979, 0.5457265868738979, 0.5457265868738979, 0.4945266604093055, 0.4945266604093055, 0.4945266604093055, 0.5364835171926188], [0.49676954030040543, 0.5457265868738979, 0.5457265868738979, 0.5457265868738979, 0.5457265868738979, 0.42749483303072033, 0.4593141548452282, 0.5457265868738979, 0.5457265868738979, 0.5457265868738979, 0.5457265868738979, 0.5457265868738979, 0.5457265868738979, 0.5457265868738979, 0.5457265868738979, 0.5457265868738979], [0.5457265868738979, 0.5457265868738979, 0.5457265868738979, 0.4427427796640296, 0.44855788017403786, 0.5457265868738979, 0.5457265868738979, 0.5457265868738979, 0.4017756947901067, 0.5457265868738979, 0.5457265868738979, 0.5457265868738979, 0.5457265868738979, 0.5008143274493833, 0.5457265868738979, 0.500313526771618], [0.5457265868738979, 0.5457265868738979, 0.5457265868738979, 0.486087058811981, 0.5457265868738979,