{"num_qubits": 4, "depth": 22, "num_circuit": 8, "num_generation": 20, "current_generation": 2, "fitnessss": [[0.7857106023003305, 0.8009843662330379, 0.7748470436660563, 0.8105517201300954, 0.6318256330520496, 0.7725572787166872, 0.825531204191274, 0.7926582880071585], [0.825531204191274, 0.8455785921805932, 0.8621907157504138, 0.7726807631694996, 0.8017752858485254, 0.7926582880071585, 0.8296624190389361, 0.7215102762840697]], "best_fitnesss": [0.825531204191274, 0.8621907157504138], "prob_mutate": 0.017045454545454544}