{"num_qubits": 3, "depth": 11, "num_circuit": 32, "num_generation": 20, "current_generation": 13, "fitnessss": [[0.662475808407126, 0.7319574015363297, 0.7144141739581477, 0.6743644125189766, 0.8936253107726795, 0.6944684667589589, 0.7458014990470525, 0.7595621650184592, 0.7760678154242103, 0.6438174269872123, 0.6695397204628317, 0.8078340703150877, 0.7000908104554259, 0.6087945891274512, 0.7048695139671761, 0.6836523519162114, 0.7938861549088357, 0.5957103824430924, 0.8069921828627091, 0.6846153166171488, 0.6641691128314225, 0.8125879484306525, 0.6649574792977847, 0.7131259856929194, 0.5764383200056343, 0.7506722674787135, 0.7150121986716944, 0.519654140142278, 0.6734548687286702, 0.6692749436240721, 0.7546251240179431, 0.6454251179051774], [0.8936253107726795, 0.8125879484306525, 0.727860399607378, 0.7800502768383942, 0.8078340703150877, 0.8069921828627091, 0.7244663307037615, 0.541098130770878, 0.7938861549088357, 0.7760678154242103, 0.7835866064221595, 0.6003802019309695, 0.7595621650184592, 0.7546251240179431, 0.6579013094702898, 0.8025756740882788, 0.7506722674787135, 0.7458014990470525, 0.8319549337877021, 0.7874180641457256, 0.7319574015363297, 0.7150121986716944, 0.7721499635301474, 0.6851599040430373, 0.7144141739581477, 0.7131259856929194, 0.7602934571771038, 0.7271956458361555, 0.7048695139671761, 0.7000908104554259, 0.7263116007561341, 0.6071962707937975], [0.8936253107726795, 0.7243022516867239, 0.7994662095173881, 0.8163408086410329, 0.8125879484306525, 0.8078340703150877, 0.8351455191785859, 0.7092275979126562, 0.8069921828627091, 0.754987478884631, 0.6516961065907194, 0.8037706871093947, 0.7938861549088357, 0.7874180641457256, 0.7033860025278109, 0.7108025748323613, 0.8006368380527583, 0.7800502768383942, 0.8079368536419684, 0.8306116656600612, 0.7760678154242103, 0.8572803474627074, 0.6721182831462784, 0.8424812924496823, 0.6267898987052746, 0.7595621650184592, 0.7508997105369426, 0.836677408971358, 0.7546251240179431, 0.7506722674787135, 0.7108604975683155, 0.6648069198704424], [0.8936253107726795, 0.8572803474627074, 0.8335808621164628, 0.789257233605939, 0.8424812924496823, 0.836677408971358, 0.8247077316063691, 0.829979887768767, 0.43944886795238725, 0.8306116656600612, 0.8306116656600612, 0.8351455191785859, 0.8163408086410329, 0.8125879484306525, 0.7235531644296678, 0.7800502768383942, 0.8079368536419684, 0.8078340703150877, 0.7860639033454478, 0.7894325074197368, 0.8069921828627091, 0.8037706871093947, 0.8069921828627091, 0.8037706871093947, 0.8006368380527583, 0.7994662095173881, 0.8654017477840462, 0.8001648787794482, 0.7938861549088357, 0.7874180641457256, 0.7033860025278109, 0.7108025748323613], [0.8936253107726795, 0.8815852161693554, 0.7994662095173881, 0.838209396779224, 0.8572803474627074, 0.8424812924496823, 0.8424812924496823, 0.8572803474627074, 0.836677408971358, 0.8351455191785859, 0.8766242933600097, 0.7987362617452454, 0.8335808621164628, 0.7555000239379951, 0.8001648787794482, 0.8072971617795048, 0.8306116656600612, 0.829979887768767, 0.8666862582938111, 0.8238854412554962, 0.8247077316063691, 0.8163408086410329, 0.789257233605939, 0.8363628019951601, 0.7971197429053128, 0.8079368536419684, 0.7800502768383942, 0.7291532068189301, 0.8078340703150877, 0.8069921828627091, 0.7244663307037615, 0.541098130770878], [0.8936253107726795, 0.8815852161693554, 0.7994662095173881, 0.8688053053511327, 0.8766242933600097, 0.8666862582938111, 0.829979887768767, 0.8351455191785859, 0.8572803474627074, 0.8572803474627074, 0.8572803474627074, 0.8572803474627074, 0.8424812924496823, 0.8424812924496823, 0.8424812924496823, 0.7934980374561018, 0.838209396779224, 0.836677408971358, 0.8063212329294535, 0.7902307689398514, 0.8363628019951601, 0.8351455191785859, 0.7794348662543686, 0.7216604255818598, 0.8335808621164628, 0.8306116656600612, 0.8001648787794482, 0.8072971617795048, 0.7789127570534582, 0.8247077316063691, 0.836677408971358, 0.8424812924496823], [0.8936253107726795, 0.8815852161693554, 0.7994662095173881, 0.8688053053511327, 0.8766242933600097, 0.8688143244180712, 0.7902307689398514, 0.8561372487182816, 0.8666862582938111, 0.8572803474627074, 0.8072971617795048, 0.8424812924496823, 0.8572803474627074, 0.8572803474627074, 0.8572803474627074, 0.821377067375663, 0.8572803474627074, 0.8424812924496823, 0.8424812924496823, 0.8572803474627074, 0.8424812924496823, 0.8424812924496823, 0.8424812924496823, 0.8424812924496823, 0.8424812924496823, 0.838209396779224, 0.789257233605939, 0.8401586465772517, 0.836677408971358, 0.836677408971358, 0.836677408971358, 0.836677408971358], [0.8936253107726795, 0.8815852161693554, 0.7994662095173881, 0.8688053053511327, 0.8766242933600097, 0.8688143244180712, 0.7902307689398514, 0.8165234490842519, 0.8688053053511327, 0.8666862582938111, 0.859616475035961, 0.7800502768383942, 0.8572803474627074, 0.7532351775871156, 0.8572803474627074, 0.8572803474627074, 0.8572803474627074, 0.8274585034683725, 0.8572803474627074, 0.8572803474627074, 0.8572803474627074, 0.8572803474627074, 0.8572803474627074, 0.8572803474627074, 0.8561372487182816, 0.8424812924496823, 0.8512716117815412, 0.7673657930989526, 0.8424812924496823, 0.8424812924496823, 0.7877965083593377, 0.8424812924496823], [0.8936253107726795, 0.8815852161693554, 0.7994662095173881, 0.8688053053511327, 0.8766242933600097, 0.8688143244180712, 0.7902307689398514, 0.8165234490842519, 0.8688053053511327, 0.8688053053511327, 0.8688053053511327, 0.8688053053511327, 0.8666862582938111, 0.859616475035961, 0.5745525042511097, 0.859616475035961, 0.8572803474627074, 0.8572803474627074, 0.8572803474627074, 0.8572803474627074, 0.8052706911502863, 0.8572803474627074, 0.8572803474627074, 0.8572803474627074, 0.8572803474627074, 0.8572803474627074, 0.8572803474627074, 0.8572803474627074, 0.8572803474627074, 0.8572803474627074, 0.8572803474627074, 0.8572803474627074], [0.8936253107726795, 0.8815852161693554, 0.7994662095173881, 0.8688053053511327, 0.8766242933600097, 0.8688143244180712, 0.7902307689398514, 0.8165234490842519, 0.8688053053511327, 0.8688053053511327, 0.8688053053511327, 0.8885531104248423, 0.8395331512157156, 0.8688053053511327, 0.8688053053511327, 0.8688053053511327, 0.8688053053511327, 0.8666862582938111, 0.859616475035961, 0.7800502768383942, 0.859616475035961, 0.859616475035961, 0.859616475035961, 0.859616475035961, 0.8572803474627074, 0.8572803474627074, 0.8572803474627074, 0.8572803474627074, 0.8572803474627074, 0.8572803474627074, 0.8572803474627074, 0.8572803474627074], [0.8936253107726795, 0.8885531104248423, 0.8923479930825854, 0.8688053053511327, 0.8815852161693554, 0.8766242933600097, 0.8492169813986111, 0.7937227986807011, 0.8688143244180712, 0.8688053053511327, 0.8688143244180712, 0.8688053053511327, 0.8688053053511327, 0.8349227366376135, 0.8688053053511327, 0.7401317263648789, 0.8688053053511327, 0.8688053053511327, 0.8688053053511327, 0.8688053053511327, 0.8688053053511327, 0.8688053053511327, 0.8688053053511327, 0.8688053053511327, 0.8688053053511327, 0.8666862582938111, 0.859616475035961, 0.7800502768383942, 0.6981648770417537, 0.859616475035961, 0.859616475035961, 0.8499137346235003], [0.8936253107726795, 0.8923479930825854, 0.8923479930825854, 0.8936253107726795, 0.8806801174896016, 0.8815852161693554, 0.8815852161693554, 0.8885531104248423, 0.8766242933600097, 0.8688143244180712, 0.7902307689398514, 0.8165234490842519, 0.8688143244180712, 0.8688053053511327, 0.8688143244180712, 0.8688053053511327, 0.8688053053511327, 0.8688053053511327, 0.8688053053511327, 0.8688053053511327, 0.8688053053511327, 0.8688053053511327, 0.8688053053511327, 0.8688053053511327, 0.8688053053511327, 0.8688053053511327, 0.8688053053511327, 0.8688053053511327, 0.8688053053511327, 0.8688053053511327, 0.8688053053511327, 0.8688053053511327], [0.8936253107726795, 0.8936253107726795, 0.8936253107726795, 0.8936253107726795, 0.8660943379079233, 0.8923479930825854, 0.8923479930825854, 0.8923479930825854, 0.8885531104248423, 0.7973312329336064, 