{"num_qubits": 5, "depth": 10, "num_circuit": 8, "num_generation": 40, "current_generation": 40, "fitnessss": [[0.34397876511058045, 0.24252774408096117, 0.3211149455246877, 0.2857457884376398, 0.28762147510174757, 0.2777617319189402, 0.2653510108418169, 0.2563429411363597], [0.16277414273419238, 0.314597633293657, 0.3423458286839818, 0.29773246495086736, 0.30807372017211476, 0.2857457884376398, 0.2705214617319728, 0.3500230860197244], [0.3500230860197244, 0.31672842836298354, 0.37524648125396975, 0.18473188094517926, 0.314597633293657, 0.30807372017211476, 0.3269865480785044, 0.3483467496513978], [0.37524648125396975, 0.3500230860197244, 0.3348391810846397, 0.37524648125396975, 0.3483467496513978, 0.3269865480785044, 0.30807372017211476, 0.3009528911864335], [0.37524648125396975, 0.35368177222948993, 0.37524648125396975, 0.37524648125396975, 0.3500230860197244, 0.3483467496513978, 0.37629765767024564, 0.28762147510174757], [0.37629765767024564, 0.37524648125396975, 0.37524648125396975, 0.37629765767024564, 0.37820742164568105, 0.37280915755946226, 0.37524648125396975, 0.37524648125396975], [0.37820742164568105, 0.37629765767024564, 0.37629765767024564, 0.37820742164568105, 0.30829471303917433, 0.37524648125396975, 0.37524648125396975, 0.37629765767024564], [0.3434520461845948, 0.37820742164568105, 0.39013730000436336, 0.37820742164568105, 0.37629765767024564, 0.40571988293444167, 0.38770455881157334, 0.3868865079964803], [0.40571988293444167, 0.39013730000436336, 0.3848198342025322, 0.39752476307506096, 0.38770455881157334, 0.3868865079964803, 0.38770455881157334, 0.3376790949681273], [0.40571988293444167, 0.39752476307506096, 0.40571988293444167, 0.42383208413980544, 0.39013730000436336, 0.38770455881157334, 0.39752476307506096, 0.35151195778219063], [0.42383208413980544, 0.40571988293444167, 0.39752476307506096, 0.3817005817660279, 0.40571988293444167, 0.39752476307506096, 0.40571988293444167, 0.28690548970840096], [0.34314227587800206, 0.40571988293444167, 0.35680819796490465, 0.3639981599698189, 0.3628238057780364, 0.40571988293444167, 0.3087679303055916, 0.40571988293444167], [0.3783614371820314, 0.3289436529344111, 0.40571988293444167, 0.40571988293444167, 0.3860649239056139, 0.3639981599698189, 0.3464612534134866, 0.40571988293444167], [0.40571988293444167, 0.40571988293444167, 0.3877362426018306, 0.40571988293444167, 0.40571988293444167, 0.3906287732897812, 0.40571988293444167, 0.3860649239056139], [0.33879451443769104, 0.40571988293444167, 0.40571988293444167, 0.40571988293444167, 0.40571988293444167, 0.40571988293444167, 0.40571988293444167, 0.40571988293444167], [0.2715152909145663, 0.40571988293444167, 0.30571023054706437, 0.337885986457258, 0.29393788562866596, 0.40571988293444167, 0.34396990704212593, 0.3501255524700023], [0.38847489416043635, 0.40571988293444167, 0.34601753866744067, 0.40571988293444167, 0.4128726629717985, 0.3666010026831872, 0.3749076830244057, 0.320065465465717], [0.4128726629717985, 0.40571988293444167, 0.37871772969956086, 0.41283422009637577, 0.40571988293444167, 0.38847489416043635, 0.38847489416043635, 0.40571988293444167], [0.4128726629717985, 0.41283422009637577, 0.4128726629717985, 0.41283422009637577, 0.40571988293444167, 0.40571988293444167, 0.3788366913742115, 0.40571988293444167], [0.4128726629717985, 0.4128726629717985, 0.3734812608223643, 0.4128726629717985, 0.41283422009637577, 0.3838308207517032, 0.41283422009637577, 0.41283422009637577], [0.3223616064097582, 0.4128726629717985, 0.4128726629717985, 0.3857660076892522, 0.4128726629717985, 0.41283422009637577, 0.4128726629717985, 0.41014476801016364], [0.34267928622676774, 0.4128726629717985, 0.4128726629717985, 0.4128726629717985, 0.4128726629717985, 0.4128726629717985, 0.4128726629717985, 0.4128726629717985], [0.40584291326468547, 0.4128726629717985, 0.4128726629717985, 0.33584414382453476, 0.4128726629717985, 0.4128726629717985, 0.4128726629717985, 0.4128726629717985], [0.4128726629717985, 0.4128726629717985, 0.4128726629717985, 0.42442438215616846, 0.2711181633429102, 0.42919477650437693, 0.4128726629717985, 0.4128726629717985], [0.42919477650437693, 0.34691470920234757, 0.37173966278264653, 0.3668974823310983, 0.4128726629717985, 0.4128726629717985, 0.2786798688739111, 0.3556491811981994], [0.42919477650437693, 0.4128726629717985, 0.42919477650437693, 0.41970140550803203, 0.4128726629717985, 0.37173966278264653, 0.3897505732014226, 0.42919477650437693], [0.42919477650437693, 0.42919477650437693, 0.34485678041957124, 0.42919477650437693, 0.4104936955837838, 0.41970140550803203, 0.42919477650437693, 0.41970140550803203], [0.42919477650437693, 0.42919477650437693, 0.39978199804756576, 0.42919477650437693, 0.42919477650437693, 0.37502780120534307, 0.42919477650437693, 0.4057875977865688], [0.42919477650437693, 0.39041431132399523, 0.42919477650437693, 0.31157530305834047, 0.3717138562751452, 0.42919477650437693, 0.42919477650437693, 0.34666398275871907], [0.3648631361037006, 0.42919477650437693, 0.42919477650437693, 0.4239395667605814, 0.3530904038276559, 0.38791912321530714, 0.41320176005921017, 0.42919477650437693], [0.312039873945469, 0.42919477650437693, 0.4251912773745734, 0.42919477650437693, 0.42919477650437693, 0.4239395667605814, 0.42919477650437693, 0.4239395667605814], [0.35044014448036104, 0.42919477650437693, 0.42919477650437693, 0.42919477650437693, 0.42919477650437693, 0.3089834478650221, 0.4187958070405706, 0.354703294595891], [0.3788983150427569, 0.42919477650437693, 0.42919477650437693, 0.323697206415161, 0.31727509603741083, 0.42919477650437693, 0.38319264809450904, 0.42919477650437693], [0.4130349420879281, 0.40127418114513463, 0.42919477650437693, 0.3903117403402972, 0.38990515652301266, 0.42919477650437693, 0.42919477650437693, 0.42919477650437693], [0.42919477650437693, 0.42919477650437693, 0.3788891029437316, 0.43335088306404923, 0.4347402507217694, 0.2986140812170765, 0.42919477650437693, 0.42919477650437693], [0.4347402507217694, 0.43335088306404923, 0.4347402507217694, 0.43335088306404923, 0.42919477650437693, 0.38876798551360514, 0.42919477650437693, 0.42919477650437693], [0.3573174720788543, 0.4347402507217694, 0.4347402507217694, 0.4347402507217694, 0.43335088306404923, 0.36049258690579916, 0.3413970222906868, 0.43335088306404923], [0.4347402507217694, 0.4347402507217694, 0.4347402507217694, 0.4347402507217694, 0.4347402507217694, 0.43335088306404923, 0.4347402507217694, 0.37059514024835705], [0.40289741927282013, 0.3960653453184281, 0.4347402507217694, 0.4347402507217694, 0.4347402507217694, 0.4347402507217694, 0.4347402507217694, 0.4347402507217694], [0.4347402507217694, 0.4347402507217694, 0.4347402507217694, 0.37874353241084935, 0.42324643211533175, 0.3717539567940956, 0.4347402507217694, 0.4347402507217694]], "best_fitnesss": [0.34397876511058045, 0.3500230860197244, 0.37524648125396975, 0.37524648125396975, 0.37629765767024564, 0.37820742164568105, 0.37820742164568105, 0.40571988293444167, 0.40571988293444167, 0.42383208413980544, 0.42383208413980544, 0.40571988293444167, 0.40571988293444167, 0.40571988293444167, 0.40571988293444167, 0.40571988293444167, 0.4128726629717985, 0.4128726629717985, 0.4128726629717985, 0.4128726629717985, 0.4128726629717985, 0.4128726629717985, 0.4128726629717985, 0.42919477650437693, 0.42919477650437693, 0.42919477650437693, 0.42919477650437693, 0.42919477650437693, 0.42919477650437693, 0.42919477650437693, 0.42919477650437693, 0.42919477650437693, 0.42919477650437693, 0.42919477650437693, 0.4347402507217694, 0.4347402507217694, 0.4347402507217694, 0.4347402507217694, 0.4347402507217694, 0.4347402507217694], "prob_mutate": 0.0375}