{"num_qubits": 6, "depth": 24, "num_circuit": 4, "num_generation": 30, "current_generation": 17, "fitnessss": [[0.5254985118495717, 0.43450542097091854, 0.46257882207325984, 0.4699917463892719], [0.5254985118495717, 0.4363374012674406, 0.5072973507068016, 0.4890603317893687], [0.5164061303330711, 0.5072973507068016, 0.5072973507068016, 0.5254985118495717], [0.506410094083585, 0.527500334121729, 0.5164061303330711, 0.5254985118495717], [0.527500334121729, 0.5254985118495717, 0.5254985118495717, 0.5426405084073703], [0.5116250716498872, 0.527500334121729, 0.5288921771630747, 0.527500334121729], [0.5288921771630747, 0.527291687376833, 0.5288921771630747, 0.5304562627674894], [0.49573139842031233, 0.512871358345122, 0.5342230523409961, 0.5238694091834903], [0.4872317392079134, 0.5780565625184948, 0.5331154053493987, 0.5174462067493348], [0.5429105243153087, 0.5331154053493987, 0.5238694091834903, 0.5029636671690201], [0.5429105243153087, 0.5331154053493987, 0.5474349992110898, 0.4889620682092225], [0.5113389003412712, 0.5091571039256195, 0.5579211323868545, 0.5390482119966666], [0.5487040343352028, 0.5210079598225782, 0.5103067490954669, 0.5596815975849623], [0.5596815975849623, 0.5487040343352028, 0.4579023823644688, 0.5487040343352028], [0.5596815975849623, 0.5346499906325806, 0.5596815975849623, 0.5411442978880544], [0.5487941757779687, 0.5596815975849623, 0.5596815975849623, 0.5073981388655558], [0.5196917711179636, 0.5325542006892168, 0.5290778607168245, 0.5876768710975847]], "best_fitnesss": [0.5254985118495717, 0.5254985118495717, 0.5254985118495717, 0.527500334121729, 0.5426405084073703, 0.5288921771630747, 0.5304562627674894, 0.5342230523409961, 0.5780565625184948, 0.5429105243153087, 0.5474349992110898, 0.5579211323868545, 0.5596815975849623, 0.5596815975849623, 0.5596815975849623, 0.5596815975849623, 0.5876768710975847], "prob_mutate": 0.03125}