{"num_qubits": 4, "depth": 9, "num_circuit": 16, "num_generation": 20, "current_generation": 20, "fitnessss": [[0.23752379663530332, 0.3353270592512876, 0.2152693255361401, 0.2974723880410497, 0.26623885342352516, 0.1198108764539384, 0.3251834828322052, 0.26140541310806487, 0.21436632579203097, 0.12054331170309251, 0.14227390298161924, 0.3107968663960132, 0.08620907104015407, 0.28564029773623567, 0.2977849979135416, 0.2605668065509753], [0.3353270592512876, 0.3682768557048519, 0.381626483916765, 0.29535027032056205, 0.3107968663960132, 0.2977849979135416, 0.23433872409911405, 0.35996981206969025, 0.2974723880410497, 0.38318415864186606, 0.2559164632807812, 0.22167965170593862, 0.26623885342352516, 0.26140541310806487, 0.2452809651044786, 0.30518442201659857], [0.38318415864186606, 0.381626483916765, 0.5097315283089141, 0.238212073042253, 0.3682768557048519, 0.35996981206969025, 0.4123599801836164, 0.22755758481481192, 0.3353270592512876, 0.38754313256326345, 0.3027639257183825, 0.3680391185781601, 0.30518442201659857, 0.2977849979135416, 0.3593987841701829, 0.2884716050951922], [0.5097315283089141, 0.4123599801836164, 0.25743125125805955, 0.3682768557048519, 0.38754313256326345, 0.3839032438924892, 0.19589939513569965, 0.33998847065547866, 0.381626483916765, 0.3682768557048519, 0.381626483916765, 0.3451900712682823, 0.3680391185781601, 0.33520776964775745, 0.32839459003207827, 0.21504434509541603], [0.5097315283089141, 0.4123599801836164, 0.32304186595652273, 0.3682768557048519, 0.38754313256326345, 0.3839032438924892, 0.1609187831651916, 0.33998847065547866, 0.381626483916765, 0.14096636555145758, 0.381626483916765, 0.381626483916765, 0.3682768557048519, 0.3682768557048519, 0.3682768557048519, 0.3682768557048519], [0.5097315283089141, 0.4123599801836164, 0.42143382087084214, 0.3682768557048519, 0.38754313256326345, 0.3839032438924892, 0.12267741755532025, 0.33998847065547866, 0.4726942424417523, 0.381626483916765, 0.24123024025989315, 0.381626483916765, 0.381626483916765, 0.3682768557048519, 0.381626483916765, 0.3682768557048519], [0.5097315283089141, 0.4726942424417523, 0.5097315283089141, 0.4726942424417523, 0.42143382087084214, 0.4123599801836164, 0.37038829775831306, 0.4123599801836164, 0.38754313256326345, 0.3839032438924892, 0.1446222267737669, 0.48320589519337476, 0.381626483916765, 0.381626483916765, 0.381626483916765, 0.381626483916765], [0.2978459534415162, 0.5097315283089141, 0.5097315283089141, 0.5097315283089141, 0.48320589519337476, 0.4726942424417523, 0.5097315283089141, 0.3883711125937037, 0.4726942424417523, 0.42143382087084214, 0.41498175769158385, 0.5097315283089141, 0.4123599801836164, 0.4123599801836164, 0.4123599801836164, 0.4123599801836164], [0.5097315283089141, 0.3156712125268042, 0.5097315283089141, 0.5097315283089141, 0.5097315283089141, 0.5097315283089141, 0.5097315283089141, 0.5097315283089141, 0.5097315283089141, 0.48320589519337476, 0.48320589519337476, 0.5611181846556906, 0.4726942424417523, 0.381626483916765, 0.4726942424417523, 0.4726942424417523], [0.4142513247995716, 0.33163319845417405, 0.48178161503408423, 0.5097315283089141, 0.5097315283089141, 0.5097315283089141, 0.5097315283089141, 0.5097315283089141, 0.3770376941606376, 0.5097315283089141, 0.5097315283089141, 0.5097315283089141, 0.5097315283089141, 0.5450178758554968, 0.5097315283089141, 0.5097315283089141], [0.39249349293284463, 0.5097315283089141, 0.5450178758554968, 0.5097315283089141, 0.5097315283089141, 0.5097315283089141, 0.5097315283089141, 0.5097315283089141, 0.24523352664745468, 0.5097315283089141, 0.4680773292503245, 0.35414118319591315, 0.5097315283089141, 0.5097315283089141, 0.5097315283089141, 0.5097315283089141], [0.5450178758554968, 0.5097315283089141, 0.5450178758554968, 0.5097315283089141, 0.5097315283089141, 0.5097315283089141, 0.5097315283089141, 0.5097315283089141, 0.5097315283089141, 0.2848121485313897, 0.5097315283089141, 0.20738312603534403, 0.5097315283089141, 0.5097315283089141, 0.5097315283089141, 0.5097315283089141], [0.5450178758554968, 0.5450178758554968, 0.5450178758554968, 0.5450178758554968, 0.5097315283089141, 0.5097315283089141, 0.5097315283089141, 0.5097315283089141, 0.5097315283089141, 0.5097315283089141, 0.5097315283089141, 0.5097315283089141, 0.2830669125482893, 0.5097315283089141, 0.5097315283089141, 0.5097315283089141], [0.5450178758554968, 0.5450178758554968, 0.5450178758554968, 0.33457508124225444, 0.5450178758554968, 0.21986775618867482, 0.5450178758554968, 0.5450178758554968, 0.4212422613810757, 0.5097315283089141, 0.5097315283089141, 0.4237568922474797, 0.5097315283089141, 0.5097315283089141, 0.5097315283089141, 0.5097315283089141], [0.5450178758554968, 0.5450178758554968, 0.38067262956494163, 0.5450178758554968, 0.5450178758554968, 0.5450178758554968, 0.5450178758554968, 0.5450178758554968, 0.5450178758554968, 0.5450178758554968, 0.5450178758554968, 0.5450178758554968, 0.5097315283089141, 0.5097315283089141, 0.5096652074961266, 0.4329147612545986], [0.5450178758554968, 0.5450178758554968, 0.3678395609884687, 0.40871922542383554, 0.5450178758554968, 0.5450178758554968, 0.3334883177594943, 0.2922158629140893, 0.5450178758554968, 0.2819129084310912, 0.5450178758554968, 0.5450178758554968, 0.5450178758554968, 0.5450178758554968, 0.5450178758554968, 0.5450178758554968], [0.5450178758554968, 0.5450178758554968, 0.5450178758554968, 0.5450178758554968, 0.5450178758554968, 0.35943918596818436, 0.2951122970793454, 0.3600846649026027, 0.14016499061423338, 0.5450178758554968, 0.5450178758554968, 0.5450178758554968, 0.5450178758554968, 0.340605333007053, 0.5450178758554968, 0.5450178758554968], [0.5450178758554968, 0.5450178758554968, 0.24129215466589127, 0.19523166047214835, 0.5450178758554968, 0.5450178758554968, 0.5450178758554968, 0.5450178758554968, 0.5450178758554968, 0.5450178758554968, 0.5450178758554968, 0.5450178758554968, 0.5450178758554968, 0.5450178758554968, 0.5450178758554968, 0.5450178758554968], [0.5450178758554968, 0.2927498802620677, 0.4073540585604154, 0.3782728371701245, 0.5450178758554968, 0.340465501501091, 0.5450178758554968, 0.5450178758554968, 0.5450178758554968, 0.25513482258011844, 0.5450178758554968, 0.5450178758554968, 0.5450178758554968, 0.5450178758554968, 0.5450178758554968, 0.5450178758554968], [0.5450178758554968, 0.38978164354171196, 0.30257435142973665, 0.5450178758554968, 0.5450178758554968, 0.52942013841094, 0.5450178758554968, 0.5450178758554968, 0.5450178758554968, 0.5450178758554968, 0.5450178758554968, 0.5450178758554968, 0.5450178758554968, 0.5450178758554968, 0.5450178758554968, 0.5450178758554968]], "best_fitnesss": [0.3353270592512876, 0.38318415864186606, 0.5097315283089141, 0.5097315283089141, 0.5097315283089141, 0.5097315283089141, 0.5097315283089141, 0.5097315283089141, 0.5611181846556906, 0.5450178758554968, 0.5450178758554968, 0.5450178758554968, 0.5450178758554968, 0.5450178758554968, 0.5450178758554968, 0.5450178758554968, 0.5450178758554968, 0.5450178758554968, 0.5450178758554968, 0.5450178758554968], "prob_mutate": 0.020833333333333332}