{"num_qubits": 6, "depth": 26, "num_circuit": 32, "num_generation": 20, "current_generation": 1, "fitnessss": [[0.5100358599373844, 0.5184792215426672, 0.4426157377405028, 0.5585241034126358, 0.5500721284328564, 0.5049222723230018, 0.5073322213857786, 0.5835143689825667, 0.5374923582040226, 0.5301273289043358, 0.5395863052375381, 0.5034965841181988, 0.5173658898830151, 0.47432078958563295, 0.5976276141779656, 0.5321746320614216, 0.5631257752140079, 0.5269207884346514, 0.4618250838280483, 0.5806773418914589, 0.4828367916191266, 0.4539003761295284, 0.46968738564108314, 0.5156108124271792, 0.5770684758010717, 0.47145873197286325, 0.4700778273718888, 0.4851970856855982, 0.5446385949038983, 0.4385068936774883, 0.4187254806567249, 0.39450942208877204]], "best_fitnesss": [0.5976276141779656], "prob_mutate": 0.003605769230769231}