{"num_qubits": 8, "depth": 7, "num_circuit": 8, "num_generation": 20, "current_generation": 20, "fitnessss": [[0.19001929486768038, 0.08009377699291832, 0.893287306732212, 0.2909578564333654, 0.14831522892847185, 0.17418647635106715, 0.2887569417187526, 0.12265551650744602], [0.8933538846364252, 0.28107034244350476, 0.27674537695186524, 0.169044549399168, 0.2560891930951207, 0.18965605995932344, 0.18786924911034525, 0.22243843206541292], [0.8935702828499836, 0.29073464746434874, 0.2832718079657277, 0.35242035669972405, 0.2744955072699853, 0.5835209945431133, 0.3066476717970741, 0.8941524390864879], [0.2259644230549255, 0.8931506974572059, 0.4547449077223404, 0.2575936345735107, 0.566526767443002, 0.35242067671136773, 0.816891398391858, 0.2250504824497554], [0.8936490341108836, 0.894150704928855, 0.1217491022959563, 0.8433856678490079, 0.542045295732696, 0.7625706617106768, 0.7926301295422005, 0.4370040000973111], [0.7097491857008429, 0.893569638190999, 0.715433379320592, 0.8939738088160937, 0.843391421630851, 0.7095996190468029, 0.7592511820247839, 0.8433899441478225], [0.8940494393262204, 0.436554974034517, 0.8335740354359353, 0.8936442838823764, 0.8941524332447089, 0.7926288293326924, 0.43043004058687906, 0.8939668927381172], [0.8941522665382144, 0.8940754376347078, 0.35232781867208823, 0.1561007878601278, 0.4455194506127368, 0.8939326771919381, 0.8941512856105065, 0.8937979181980789], [0.8941518785252522, 0.7470719407824257, 0.24992827769866924, 0.8939830502595113, 0.31057281171820156, 0.8257669456885752, 0.8936040714528385, 0.18004212657770666], [0.894145145731609, 0.8938579682345168, 0.8941524389509846, 0.8941164387694288, 0.8941302042734046, 0.8261249432853839, 0.620030945217205, 0.8934482442977429], [0.894148850248674, 0.8941470609755928, 0.894146910982623, 0.8941514781295089, 0.8940836740741099, 0.8941177721021571, 0.8939953962878657, 0.34452434147689126], [0.8941524384639677, 0.8941451406779322, 0.40793675565704035, 0.8941524379405893, 0.8941427735182896, 0.8941521181004928, 0.8941006728415413, 0.8941305175171715], [0.8487710117088675, 0.8941524395641659, 0.8941524377311945, 0.894148186053417, 0.8941524376189477, 0.37486845644674316, 0.8941524389259303, 0.894152439225191], [0.42172462398050037, 0.8941524397399417, 0.8941524321785721, 0.8941524374724829, 0.35040857675850856, 0.3649145585638791, 0.6182710984855873, 0.8941524385241912], [0.8941524315205992, 0.8308920572956442, 0.26539528368239707, 0.8941521200542064, 0.8941524391553461, 0.8941524286159822, 0.8941524393587711, 0.1834855611113198], [0.8941492725625707, 0.8941524054050038, 0.8941524366045741, 0.8941524331027658, 0.8940734180175136, 0.8941524396263791, 0.8376906451969338, 0.8941514785753633], [0.3686873408516861, 0.8941524386409183, 0.8941524390911075, 0.8941388083834305, 0.8941512960330463, 0.8941524036722299, 0.8941524376559971, 0.8941524402186953], [0.8941522689986086, 0.8941524348425599, 0.8941524349084246, 0.8941524382028984, 0.8941524064986058, 0.5841216683949909, 0.8941524244141028, 0.2189908629849974], [0.8941522749836197, 0.894152437081084, 0.8941524048252857, 0.7410558978141708, 0.8941524380977685, 0.8941524373428585, 0.8941524324697205, 0.4282993622418466], [0.8941523490933554, 0.7618353669209872, 0.7132398885900387, 0.8941524328786151, 0.3977784614451271, 0.8941524350455647, 0.894152407852476, 0.8941524385614675]], "best_fitnesss": [0.893287306732212, 0.8933538846364252, 0.8941524390864879, 0.8931506974572059, 0.894150704928855, 0.8939738088160937, 0.8941524332447089, 0.8941522665382144, 0.8941518785252522, 0.8941524389509846, 0.8941514781295089, 0.8941524384639677, 0.8941524395641659, 0.8941524397399417, 0.8941524393587711, 0.8941524396263791, 0.8941524402186953, 0.8941524382028984, 0.8941524380977685, 0.8941524385614675], "prob_mutate": 0.05357142857142857}