{"num_qubits": 5, "depth": 17, "num_circuit": 8, "num_generation": 30, "current_generation": 4, "fitnessss": [[0.47203804038079167, 0.4857934191630561, 0.4525571578139379, 0.4706022803567981, 0.5274951199492005, 0.47395575420740804, 0.43626400744006644, 0.4791457823666021], [0.4903186349056292, 0.4857934191630561, 0.5006341853510796, 0.5402057627572197, 0.4869025663487284, 0.470223871068465, 0.48550486794507464, 0.4757872672273658], [0.4925157676940546, 0.5006341853510796, 0.4857934191630561, 0.5274951199492005, 0.4903186349056292, 0.4869025663487284, 0.5447940506007761, 0.5014703502550093], [0.5447940506007761, 0.5274951199492005, 0.5676749885713227, 0.5341308665083475, 0.4924599229880567, 0.5006341853510796, 0.4591534912659038, 0.4310706973639352]], "best_fitnesss": [0.5274951199492005, 0.5402057627572197, 0.5447940506007761, 0.5676749885713227], "prob_mutate": 0.022058823529411766}