{"num_qubits": 3, "depth": 10, "num_circuit": 4, "num_generation": 40, "current_generation": 2, "fitnessss": [[0.5684396146714772, 0.7179704366087458, 0.6426688274943546, 0.7216360001477304], [0.7216360001477304, 0.6306287282254383, 0.7724204228147291, 0.6954874336803242]], "best_fitnesss": [0.7216360001477304, 0.7724204228147291], "prob_mutate": 0.075}