{"num_qubits": 4, "depth": 19, "num_circuit": 4, "num_generation": 40, "current_generation": 6, "fitnessss": [[0.7587538370031346, 0.7332164166259174, 0.7540257639097698, 0.827961871960777], [0.8039019049513169, 0.7587538370031346, 0.6297576066660919, 0.8067818630971173], [0.8067818630971173, 0.8039019049513169, 0.8186222023845433, 0.7612200014264949], [0.7736343964058977, 0.8067818630971173, 0.8059459532861787, 0.7960366779430468], [0.8068480368921694, 0.7912798607995013, 0.8067818630971173, 0.8059459532861787], [0.8068480368921694, 0.8462072526940035, 0.813266476638305, 0.8004893573844246]], "best_fitnesss": [0.827961871960777, 0.8067818630971173, 0.8186222023845433, 0.8067818630971173, 0.8068480368921694, 0.8462072526940035], "prob_mutate": 0.039473684210526314}