{"num_qubits": 5, "depth": 11, "num_circuit": 4, "num_generation": 50, "current_generation": 45, "fitnessss": [[0.33414190461268867, 0.3472944758952351, 0.35979563149312754, 0.39181709669842935], [0.39181709669842935, 0.35979563149312754, 0.4238537426814627, 0.3247503161781614], [0.4238537426814627, 0.39181709669842935, 0.3624060220728662, 0.36853926657312874], [0.3610794644791723, 0.39181709669842935, 0.3554958078746468, 0.32150406368913437], [0.39181709669842935, 0.31673011060342515, 0.3778322707433612, 0.3745461297834159], [0.39181709669842935, 0.3778322707433612, 0.3744403331904207, 0.39181709669842935], [0.39181709669842935, 0.39181709669842935, 0.36819424274909657, 0.39181709669842935], [0.3027280012237769, 0.39277109419428813, 0.39181709669842935, 0.349907832637467], [0.3103180631510669, 0.3372626618626024, 0.39181709669842935, 0.3852580900639623], [0.39181709669842935, 0.41966276901300653, 0.39277109419428813, 0.4468267395522446], [0.34926842250888207, 0.41966276901300653, 0.4286235410461707, 0.3926079216425198], [0.4286235410461707, 0.41966276901300653, 0.4055946682383982, 0.41966276901300653], [0.3908522949312079, 0.41966276901300653, 0.4286235410461707, 0.41966276901300653], [0.4286235410461707, 0.3681232395769892, 0.4437925963019659, 0.41966276901300653], [0.40636863656144995, 0.4286235410461707, 0.4286235410461707, 0.4437925963019659], [0.393047603488917, 0.36425314299031447, 0.4286235410461707, 0.3740310960795979], [0.4412325046151036, 0.3658854647800299, 0.393047603488917, 0.4286235410461707], [0.36612296978540176, 0.42213267616159655, 0.418821719606114, 0.3589908698444615], [0.42213267616159655, 0.3702184354988831, 0.3635569914457804, 0.4136576917806213], [0.42213267616159655, 0.46269574088899146, 0.42213267616159655, 0.4136576917806213], [0.36200902187537853, 0.4128053936513306, 0.4136576917806213, 0.38208424898602905], [0.4136576917806213, 0.4360403670836476, 0.36858801189650103, 0.4128053936513306], [0.4360403670836476, 0.4136576917806213, 0.4360403670836476, 0.4136576917806213], [0.4360403670836476, 0.4360403670836476, 0.4360403670836476, 0.4360403670836476], [0.4360403670836476, 0.4182542018061376, 0.3674904725229335, 0.4360403670836476], [0.4360403670836476, 0.4360403670836476, 0.4431205958191285, 0.3778378798066889], [0.3733371386241524, 0.4360403670836476, 0.42239645326251773, 0.35165823815859043], [0.4360403670836476, 0.4283503732055284, 0.3835011926607188, 0.4431205958191285], [0.4430266765787361, 0.376370705878243, 0.36414511547537803, 0.4360403670836476], [0.4430266765787361, 0.40150385119584253, 0.4194463569725104, 0.4263902614082117], [0.4484597853195895, 0.4263902614082117, 0.4489031911031585, 0.4360403670836476], [0.38833636262676424, 0.40374627453655865, 0.37242826915503524, 0.4042204443551351], [0.3830052799327801, 0.40374627453655865, 0.26990018039078695, 0.4397899487158819], [0.4397899487158819, 0.40374627453655865, 0.39108315216324757, 0.4360741863893298], [0.40002311678359437, 0.45544239539419085, 0.40487916254934053, 0.3966061974225821], [0.4187052221705668, 0.3098318161172845, 0.39774409342175315, 0.3658825334997792], [0.4187052221705668, 0.39774409342175315, 0.3459399160137738, 0.39774409342175315], [0.3924256355846378, 0.39774409342175315, 0.4187052221705668, 0.4062919977569619], [0.3913464060355365, 0.4062919977569619, 0.40186161190595726, 0.4138303283040786], [0.42133185674068063, 0.4062919977569619, 0.3807675350008919, 0.4138303283040786], [0.33340943435624915, 0.3811254424472451, 0.4138303283040786, 0.42133185674068063], [0.42133185674068063, 0.3893770862438346, 0.4138303283040786, 0.42133185674068063], [0.42133185674068063, 0.42133185674068063, 0.30629369011306007, 0.42133185674068063], [0.42133185674068063, 0.3585532470480459, 0.37436151622562674, 0.31132134448866583], [0.4262052092782308, 0.37436151622562674, 0.3474987327295248, 0.42772265292179756]], "best_fitnesss": [0.39181709669842935, 0.4238537426814627, 0.4238537426814627, 0.39181709669842935, 0.39181709669842935, 0.39181709669842935, 0.39181709669842935, 0.39277109419428813, 0.39181709669842935, 0.4468267395522446, 0.4286235410461707, 0.4286235410461707, 0.4286235410461707, 0.4437925963019659, 0.4437925963019659, 0.4286235410461707, 0.4412325046151036, 0.42213267616159655, 0.42213267616159655, 0.46269574088899146, 0.4136576917806213, 0.4360403670836476, 0.4360403670836476, 0.4360403670836476, 0.4360403670836476, 0.4431205958191285, 0.4360403670836476, 0.4431205958191285, 0.4430266765787361, 0.4430266765787361, 0.4489031911031585, 0.4042204443551351, 0.4397899487158819, 0.4397899487158819, 0.45544239539419085, 0.4187052221705668, 0.4187052221705668, 0.4187052221705668, 0.4138303283040786, 0.42133185674068063, 0.42133185674068063, 0.42133185674068063, 0.42133185674068063, 0.42133185674068063, 0.42772265292179756], "prob_mutate": 0.06818181818181818}