{"num_qubits": 4, "depth": 8, "num_circuit": 32, "num_generation": 50, "current_generation": 29, "fitnessss": [[0.4318412684927487, 0.37354981987754743, 0.4339760084064842, 0.3364898498824682, 0.35240916033590464, 0.470015130674462, 0.3536325541316572, 0.4273307135320613, 0.4007218723807352, 0.37283223536334664, 0.37225442206785464, 0.361992887994686, 0.3732901952283746, 0.42940125412831753, 0.31990163039662695, 0.3639667632660758, 0.4529134776222879, 0.4121126124830078, 0.35307413870051413, 0.39033497784164506, 0.32632231926210375, 0.3655427226364374, 0.371066568548032, 0.30917528043963205, 0.44867759730323786, 0.37739259537457404, 0.2474135463753564, 0.20271758269826176, 0.2704463057451545, 0.32131317163212225, 0.4364263511513923, 0.45750472285373034], [0.470015130674462, 0.45750472285373034, 0.4352084903289632, 0.4719795686193571, 0.4529134776222879, 0.44867759730323786, 0.5280131999823181, 0.4045867022618867, 0.4364263511513923, 0.3811177108873857, 0.4201352388942077, 0.4870387289482552, 0.4318412684927487, 0.42940125412831753, 0.36677508953706794, 0.36259624059018813, 0.4273307135320613, 0.4121126124830078, 0.4335319158221381, 0.42636671052232006, 0.4007218723807352, 0.39033497784164506, 0.35420304748010056, 0.45438619549901277, 0.37739259537457404, 0.37585607597558607, 0.3869637409516879, 0.3770296079194908, 0.3732901952283746, 0.37283223536334664, 0.4088487311366437, 0.3649073889894757], [0.5280131999823181, 0.5277457972618645, 0.5013862494636477, 0.4456805594412595, 0.4719795686193571, 0.470015130674462, 0.4719795686193571, 0.470015130674462, 0.45750472285373034, 0.45438619549901277, 0.5232894010514169, 0.34017429304592817, 0.4529134776222879, 0.44867759730323786, 0.5280131999823181, 0.4045867022618867, 0.4364263511513923, 0.4352084903289632, 0.34038690738539423, 0.5400645483870233, 0.4335319158221381, 0.4318412684927487, 0.440282006288519, 0.48666154212954693, 0.42940125412831753, 0.4273307135320613, 0.4344617608336355, 0.3797386740424982, 0.42636671052232006, 0.4201352388942077, 0.39461021532300505, 0.47627119366719856], [0.4399479155251026, 0.5280131999823181, 0.4987741971093474, 0.49150651990923666, 0.5280131999823181, 0.5277457972618645, 0.49150651990923666, 0.40420425012961675, 0.5232894010514169, 0.5013862494636477, 0.5109275975751657, 0.4410529496937413, 0.48666154212954693, 0.44713035683933133, 0.48756652160447206, 0.43215034934489516, 0.4719795686193571, 0.4719795686193571, 0.4719795686193571, 0.4719795686193571, 0.470015130674462, 0.470015130674462, 0.470015130674462, 0.470015130674462, 0.45750472285373034, 0.45438619549901277, 0.5232894010514169, 0.3127067078460705, 0.4529134776222879, 0.44867759730323786, 0.5280131999823181, 0.4045867022618867], [0.5280131999823181, 0.5280131999823181, 0.5280131999823181, 0.453027987072325, 0.5280131999823181, 0.5277457972618645, 0.49150651990923666, 0.40420425012961675, 0.5232894010514169, 0.5232894010514169, 0.5232894010514169, 0.5232894010514169, 0.5109275975751657, 0.4458570941036144, 0.5109275975751657, 0.4724562443396899, 0.4987741971093474, 0.49150651990923666, 0.5400645483870233, 0.5280131999823181, 0.49150651990923666, 0.48756652160447206, 0.4795126586049897, 0.4254727796357927, 0.48666154212954693, 0.4719795686193571, 0.37630810493598543, 0.48513371973940667, 0.4719795686193571, 0.4719795686193571, 0.4719795686193571, 0.4719795686193571], [0.5400645483870233, 0.5280131999823181, 0.4987741971093474, 0.49150651990923666, 0.5280131999823181, 0.5280131999823181, 0.5280131999823181, 0.5280131999823181, 0.5280131999823181, 0.5280131999823181, 0.5280131999823181, 0.5433466247119665, 0.5277457972618645, 0.5232894010514169, 0.45602947940730953, 0.4943449181857627, 0.5232894010514169, 0.5232894010514169, 0.5232894010514169, 0.5232894010514169, 0.5232894010514169, 0.5109275975751657, 0.515625859642556, 0.5232894010514169, 0.5395235695917557, 0.4987741971093474, 0.5563046088651604, 0.49765165717622334, 0.49150651990923666, 0.49150651990923666, 0.49150651990923666, 0.49150651990923666], [0.5563046088651604, 0.5433466247119665, 0.5563046088651604, 0.5433466247119665, 0.5400645483870233, 0.5395235695917557, 0.49765165717622334, 0.5007722743205921, 0.5280131999823181, 0.5280131999823181, 0.5280131999823181, 0.5280131999823181, 0.5280131999823181, 0.5280131999823181, 0.5280131999823181, 0.5280131999823181, 0.5280131999823181, 0.5280131999823181, 0.5280131999823181, 0.5280131999823181, 0.5280131999823181, 0.5280131999823181, 0.5280131999823181, 0.5280131999823181, 0.5277457972618645, 0.5232894010514169, 0.45602947940730953, 0.4943449181857627, 0.5599591502361615, 0.5232894010514169, 0.5232894010514169, 0.5232894010514169], [0.5599591502361615, 0.5563046088651604, 0.4956914452852734, 0.5232894010514169, 0.5563046088651604, 0.5433466247119665, 0.5563046088651604, 0.5433466247119665, 0.5137990838035034, 0.49446500949692396, 0.492785239411705, 0.4987741971093474, 0.5395235695917557, 0.5280131999823181, 0.5504902175750457, 0.5013862494636477, 0.5280131999823181, 0.5280131999823181, 0.5280131999823181, 0.5280131999823181, 0.5280131999823181, 0.5280131999823181, 0.5280131999823181, 0.5280131999823181, 0.5280131999823181, 0.5280131999823181, 0.5280131999823181, 0.47139940129230673, 0.5280131999823181, 0.5280131999823181, 0.5280131999823181, 0.5280131999823181], [0.5599591502361615, 0.5563046088651604, 0.4956914452852734, 0.5232894010514169, 0.5563046088651604, 0.5563046088651604, 0.5563046088651604, 0.5563046088651604, 0.5504902175750457, 0.5433466247119665, 0.5504902175750457, 0.5433466247119665, 0.5433466247119665, 0.5395235695917557, 0.5094517651655129, 0.5504902175750457, 0.5280131999823181, 0.5280131999823181, 0.5280131999823181, 0.5280131999823181, 0.5280131999823181, 0.5280131999823181, 0.5280131999823181, 0.5280131999823181, 0.5280131999823181, 0.5280131999823181, 0.44569674445336255, 0.5280131999823181, 0.5280131999823181, 0.5280131999823181, 0.5280131999823181, 0.5280131999823181], [0.5599591502361615, 0.5563046088651604, 0.4956914452852734, 0.5232894010514169, 0.5056079696814482, 0.5563046088651604, 0.5563046088651604, 0.5563046088651604, 0.5563046088651604, 0.5563046088651604, 0.5563046088651604, 0.45750480720868564, 0.5504902175750457, 0.5504902175750457, 0.5504902175750457, 0.5504902175750457, 0.5504902175750457, 0.5433466247119665, 0.5504902175750457, 0.5433466247119665, 0.5433466247119665, 0.5433466247119665, 0.5433466247119665, 0.5433466247119665, 0.5395235695917557, 0.5280131999823181, 0.5504902175750457, 0.5013862494636477, 0.41830645104553055, 0.5280131999823181, 0.5280131999823181, 0.5280131999823181], [0.5599591502361615, 0.540512207498541, 0.4956914452852734, 0.5232894010514169, 0.5563046088651604, 0.5563046088651604, 0.5563046088651604, 0.5563046088651604, 0.5563046088651604, 0.5563046088651604, 0.5563046088651604, 0.5563046088651604, 0.5563046088651604, 0.5563046088651604, 0.5563046088651604, 0.5563046088651604, 0.5504902175750457, 0.5044029323808672, 0.5504902175750457, 0.5504902175750457, 0.5504902175750457, 0.5504902175750457, 0.5504902175750457, 0.5504902175750457, 0.5504902175750457, 0.5504902175750457, 0.5504902175750457, 0.4799908816233649, 0.5504902175750457, 0.5433466247119665, 0.5141788170336228, 0.43560590807307886], [0.5599591502361615, 0.5563046088651604, 0.4956914452852734, 0.5232894010514169, 0.5563046088651604, 0.5563046088651604, 0.5563046088651604, 0.5563046088651604, 0.5563046088651604, 0.48613343510715146, 0.5563046088651604, 0.5753714346771495, 0.5563046088651604, 0.5563046088651604, 0.5563046088651604, 0.5563046088651604, 0.5563046088651604, 0.5563046088651604, 0.5563046088651604, 0.5563046088651604, 0.5563046088651604, 0.49220181094925186, 0.5563046088651604, 0.5563046088651604, 0.561750610636507, 0.5504902175750457, 0.5563046088651604, 0.5504902175750457, 0.5504902175750457, 0.5504902175750457, 0.5504902175750457, 0.5504902175750457], [0.5753714346771495, 0.561750610636507, 0.4592886002126962, 0.5563046088651604, 0.5599591502361615, 0.5563046088651604, 