{"num_qubits": 4, "depth": 6, "num_circuit": 8, "num_generation": 10, "current_generation": 10, "fitnessss": [[0.3620539911081075, 0.3317540126965737, 0.22380046560897915, 0.41699476403643965, 0.34924613906167995, 0.3797796149364655, 0.35908206202772097, 0.213927896950937], [0.41699476403643965, 0.3797796149364655, 0.3182391752615883, 0.389113575979157, 0.3620539911081075, 0.38312446352012464, 0.431936228670008, 0.3788057581003787], [0.431936228670008, 0.41699476403643965, 0.3539425919463718, 0.34810707960764037, 0.389113575979157, 0.38312446352012464, 0.3651628674923538, 0.47858532814320853], [0.47858532814320853, 0.431936228670008, 0.35258369947352647, 0.46760546671508296, 0.3249093317442265, 0.3287339903449936, 0.41699476403643965, 0.389113575979157], [0.33075841530235006, 0.46760546671508296, 0.47858532814320853, 0.3850106196428928, 0.431936228670008, 0.41699476403643965, 0.43822007655861805, 0.3609352196724911], [0.47858532814320853, 0.4188763152409033, 0.47858532814320853, 0.46760546671508296, 0.43822007655861805, 0.431936228670008, 0.4381558946328766, 0.4161856326440705], [0.48633792982251756, 0.47858532814320853, 0.47858532814320853, 0.38364414584140716, 0.46760546671508296, 0.43822007655861805, 0.4161856326440705, 0.4144199794727358], [0.4233823820717559, 0.4343446519940847, 0.45042535501828096, 0.5100680722344604, 0.4209017850338993, 0.38517817203205146, 0.40187554428431344, 0.46760546671508296], [0.46970528705929054, 0.46760546671508296, 0.47858532814320853, 0.45196908001630687, 0.45042535501828096, 0.43173723694903343, 0.4402651714035028, 0.45229899263856455], [0.3018828910571207, 0.46970528705929054, 0.40309014050699554, 0.4417314774054722, 0.46760546671508296, 0.45229899263856455, 0.4322622975427442, 0.47858532814320853]], "best_fitnesss": [0.41699476403643965, 0.431936228670008, 0.47858532814320853, 0.47858532814320853, 0.47858532814320853, 0.47858532814320853, 0.48633792982251756, 0.5100680722344604, 0.47858532814320853, 0.47858532814320853], "prob_mutate": 0.0625}