{"num_qubits": 5, "depth": 20, "num_circuit": 32, "num_generation": 30, "current_generation": 3, "fitnessss": [[0.6252597588882431, 0.6345597044009195, 0.612418272058765, 0.5964776823146589, 0.6553305377537881, 0.660514392535599, 0.5436988407816274, 0.5754695209291878, 0.6179166037061247, 0.6472942960776977, 0.5563155547534626, 0.5994562211653399, 0.5993681108464688, 0.6708228676120848, 0.6253522287558735, 0.5812595990279716, 0.5689947606079883, 0.5805088735650259, 0.6631746878295905, 0.634966632588194, 0.6409080349802835, 0.6322053857600649, 0.48612032933130944, 0.6302119640746691, 0.5539060967039344, 0.6212118745754749, 0.5855238986195552, 0.554810409532555, 0.5970027576756802, 0.607177120208352, 0.5471828428631772, 0.5284222323972549], [0.6708228676120848, 0.6631746878295905, 0.6218028712011984, 0.6046213944817298, 0.660514392535599, 0.6553305377537881, 0.5904013611843941, 0.6287010356134517, 0.6472942960776977, 0.6557475404537784, 0.6437113172211106, 0.6025086183963124, 0.634966632588194, 0.6345597044009195, 0.594775816358871, 0.6165572871044354, 0.6322053857600649, 0.6302119640746691, 0.5606939682483373, 0.6382898623365567, 0.6253522287558735, 0.6252597588882431, 0.5923749919649136, 0.5671461535761155, 0.6212118745754749, 0.6179166037061247, 0.6421172253887785, 0.5572274194336297, 0.612418272058765, 0.607177120208352, 0.6562033898502204, 0.5666834585139385], [0.6708228676120848, 0.6631746878295905, 0.6039549879598332, 0.6046213944817298, 0.660514392535599, 0.6562033898502204, 0.6542982851997041, 0.6353746743510879, 0.6557475404537784, 0.6553305377537881, 0.6258502086188815, 0.6622857744195155, 0.6472942960776977, 0.6556554328396308, 0.6437113172211106, 0.6472942960776977, 0.6421172253887785, 0.6382898623365567, 0.645072566738494, 0.690310681079875, 0.634966632588194, 0.6345597044009195, 0.594775816358871, 0.6165572871044354, 0.6322053857600649, 0.6302119640746691, 0.5606939682483373, 0.6382898623365567, 0.6287010356134517, 0.6253522287558735, 0.6182195721610695, 0.655876058351145]], "best_fitnesss": [0.6708228676120848, 0.6708228676120848, 0.690310681079875], "prob_mutate": 0.0046875}