{"num_qubits": 4, "depth": 6, "num_circuit": 8, "num_generation": 30, "current_generation": 4, "fitnessss": [[0.32938054503876846, 0.30477770029675705, 0.3551212337368158, 0.2835775568734806, 0.38534944595168935, 0.2987100412417557, 0.2839055679639736, 0.47011581493119137], [0.47011581493119137, 0.38534944595168935, 0.37295146060387563, 0.3984217979811818, 0.3551212337368158, 0.3176940862093104, 0.3685206162837192, 0.29661536753054396], [0.36235858751180183, 0.3847730110498879, 0.3576099949148378, 0.3099653542867371, 0.38534944595168935, 0.37295146060387563, 0.38534944595168935, 0.37295146060387563], [0.38534944595168935, 0.38534944595168935, 0.38534944595168935, 0.38534944595168935, 0.39750123382366803, 0.37295146060387563, 0.38534944595168935, 0.39741128271637227]], "best_fitnesss": [0.47011581493119137, 0.47011581493119137, 0.38534944595168935, 0.39750123382366803], "prob_mutate": 0.0625}