{"num_qubits": 5, "depth": 11, "num_circuit": 8, "num_generation": 10, "current_generation": 10, "fitnessss": [[0.364572636334085, 0.3254636456616974, 0.2085965892688213, 0.318609863734861, 0.3486264502844404, 0.35761629795939504, 0.45038314210106173, 0.35108646415251077], [0.45038314210106173, 0.364572636334085, 0.41139208987517434, 0.3817069545771389, 0.35761629795939504, 0.35108646415251077, 0.45044106841029824, 0.26410007061372115], [0.45044106841029824, 0.45038314210106173, 0.4340761580188248, 0.4216368402298034, 0.41139208987517434, 0.3817069545771389, 0.45038314210106173, 0.364572636334085], [0.45044106841029824, 0.45038314210106173, 0.4693954832241989, 0.4216368402298034, 0.45038314210106173, 0.4340761580188248, 0.41351814645280544, 0.4693954832241989], [0.4693954832241989, 0.43253417643202274, 0.4693954832241989, 0.4693954832241989, 0.45044106841029824, 0.45038314210106173, 0.4693954832241989, 0.4216368402298034], [0.4693954832241989, 0.45464879485843895, 0.4693954832241989, 0.4693954832241989, 0.4693954832241989, 0.4693954832241989, 0.49323793166517993, 0.4693954832241989], [0.49323793166517993, 0.4693954832241989, 0.4693954832241989, 0.48489006251182065, 0.4693954832241989, 0.4693954832241989, 0.40210123309340207, 0.4693954832241989], [0.49323793166517993, 0.4563991686538382, 0.46204779802456075, 0.48489006251182065, 0.43095838032573475, 0.4693954832241989, 0.4693954832241989, 0.4693954832241989], [0.4842089593565042, 0.48489006251182065, 0.49323793166517993, 0.48489006251182065, 0.4693954832241989, 0.4693954832241989, 0.4184861425102512, 0.4693954832241989], [0.49323793166517993, 0.48489006251182065, 0.49323793166517993, 0.48489006251182065, 0.48489006251182065, 0.4842089593565042, 0.48489006251182065, 0.4369196770548375]], "best_fitnesss": [0.45038314210106173, 0.45044106841029824, 0.45044106841029824, 0.4693954832241989, 0.4693954832241989, 0.49323793166517993, 0.49323793166517993, 0.49323793166517993, 0.49323793166517993, 0.49323793166517993], "prob_mutate": 0.03409090909090909}