{"num_qubits": 5, "depth": 23, "num_circuit": 16, "num_generation": 30, "current_generation": 2, "fitnessss": [[0.6577765790961159, 0.6512176157424231, 0.6191892897114246, 0.6381301520994354, 0.7239047921447576, 0.6943703299002864, 0.5795906329372496, 0.7054369363391463, 0.7243547793911054, 0.6587986394472908, 0.6350202434269857, 0.6887266559676164, 0.6636794291801646, 0.5789162152033966, 0.5660510697590655, 0.6119666502754633], [0.7243547793911054, 0.7239047921447576, 0.7478243426054496, 0.6975114451300565, 0.6907570361112827, 0.6691246250219395, 0.7324362358700875, 0.6742858183176141, 0.6302222474890852, 0.6636794291801646, 0.6258194945574147, 0.6321302283672368, 0.6587986394472908, 0.6577765790961159, 0.6548137404930869, 0.6485580770163457]], "best_fitnesss": [0.7243547793911054, 0.7478243426054496], "prob_mutate": 0.008152173913043478}