{"num_qubits": 6, "depth": 31, "num_circuit": 8, "num_generation": 30, "current_generation": 2, "fitnessss": [[0.6206993496578438, 0.5700237759921009, 0.6289050093319993, 0.619183934425293, 0.5619051124264065, 0.6339528433648086, 0.5820817382583552, 0.5708079858023429], [0.6339528433648086, 0.6410045668216395, 0.6318639754149034, 0.5962597877583835, 0.6206993496578438, 0.6078435844383997, 0.6284439678660068, 0.5847850644470605]], "best_fitnesss": [0.6339528433648086, 0.6410045668216395], "prob_mutate": 0.012096774193548387}