{"num_qubits": 5, "depth": 33, "num_circuit": 8, "num_generation": 20, "current_generation": 2, "fitnessss": [[0.8298947843254373, 0.8594019542227296, 0.8093128588560718, 0.8008677909779074, 0.841155783805628, 0.8243357204338849, 0.7284801699758978, 0.8120575953275658], [0.8429202529402579, 0.841155783805628, 0.8744039246819723, 0.8075212643970076, 0.7838669222510288, 0.8243357204338849, 0.7767530831568278, 0.8303931752229747]], "best_fitnesss": [0.8594019542227296, 0.8744039246819723], "prob_mutate": 0.011363636363636364}