{"num_qubits": 5, "depth": 12, "num_circuit": 32, "num_generation": 50, "current_generation": 3, "fitnessss": [[0.2772376192500082, 0.21930220540193454, 0.3634437386502559, 0.37335860394833154, 0.4256605936928117, 0.4211540089622249, 0.34054753200717897, 0.32924907086436617, 0.3396606856705156, 0.37547578604991794, 0.2958254874302341, 0.4373713907395181, 0.30758476096578297, 0.3653059840054287, 0.35091180191840426, 0.371697368435293, 0.36547221720158746, 0.32992854924097326, 0.3867840014397849, 0.4016583081118693, 0.3907550056572131, 0.32854807667332864, 0.42786860751879585, 0.4510725321022582, 0.35095773515565065, 0.30882668108731937, 0.36653726085579585, 0.338833307683462, 0.32568044504675586, 0.34327009333292013, 0.35612358511379527, 0.38855724351692955], [0.4510725321022582, 0.4373713907395181, 0.4223180447843447, 0.4078755634093313, 0.42786860751879585, 0.4256605936928117, 0.3477372309053026, 0.43143902376525844, 0.4211540089622249, 0.4016583081118693, 0.42718540186327203, 0.36792199644686413, 0.3907550056572131, 0.38855724351692955, 0.3472092430690909, 0.4081317359674415, 0.3867840014397849, 0.37547578604991794, 0.293416713135474, 0.3926294599955257, 0.37335860394833154, 0.371697368435293, 0.3788335639398547, 0.3522846724837645, 0.36653726085579585, 0.36547221720158746, 0.33312909471243546, 0.33105907734364926, 0.3653059840054287, 0.3634437386502559, 0.3793926412517143, 0.32556833840423605], [0.4510725321022582, 0.4620743560274366, 0.4223180447843447, 0.4078755634093313, 0.43143902376525844, 0.42786860751879585, 0.4380761883102949, 0.41511728705200956, 0.42718540186327203, 0.4256605936928117, 0.3767388715630313, 0.42962667308087726, 0.4223180447843447, 0.4211540089622249, 0.4464293098042732, 0.39533523401195725, 0.4081317359674415, 0.4078755634093313, 0.4103366277872091, 0.4121625261262851, 0.4046943156831159, 0.3926294599955257, 0.4116210222969473, 0.42669728397779333, 0.3907550056572131, 0.38855724351692955, 0.3472092430690909, 0.4081317359674415, 0.3867840014397849, 0.3793926412517143, 0.3101173552660207, 0.4648238860277356]], "best_fitnesss": [0.4510725321022582, 0.4510725321022582, 0.4648238860277356], "prob_mutate": 0.0078125}