{"num_qubits": 6, "depth": 22, "num_circuit": 32, "num_generation": 20, "current_generation": 1, "fitnessss": [[0.35515880340173644, 0.3996177293420355, 0.3941202004841321, 0.4597313539055162, 0.37892661015483564, 0.45455213353553037, 0.47954440819750194, 0.3694067318682375, 0.41856295991957665, 0.40680920332633247, 0.3980832025289661, 0.48584602506868946, 0.48625885170264044, 0.41311960205569165, 0.46934651165280866, 0.38503845715809565, 0.39194359964600906, 0.37225383386456373, 0.34711019994115494, 0.47426584227835455, 0.39882197664057173, 0.45202763911662897, 0.44679175180830805, 0.404698585353884, 0.3579121859812651, 0.4750564505410986, 0.4224704352065894, 0.4859754951187053, 0.37663732296193775, 0.395275629468993, 0.451447913414015, 0.44299221401188954]], "best_fitnesss": [0.48625885170264044], "prob_mutate": 0.004261363636363636}