{"num_qubits": 6, "depth": 20, "num_circuit": 8, "num_generation": 20, "current_generation": 4, "fitnessss": [[0.38742874502544183, 0.4179502627996781, 0.40582909807985146, 0.38902869332210127, 0.3825095747090949, 0.4091104641351556, 0.45183309360979174, 0.39397014350035925], [0.45183309360979174, 0.4179502627996781, 0.39625023220624495, 0.4500008548035753, 0.4091104641351556, 0.40582909807985146, 0.423452047995314, 0.39590837327459083], [0.45183309360979174, 0.4500008548035753, 0.45183309360979174, 0.4500008548035753, 0.423452047995314, 0.4151365274077353, 0.3578639386615687, 0.4507185823784436], [0.45183309360979174, 0.45183309360979174, 0.45183309360979174, 0.45183309360979174, 0.4507185823784436, 0.4500008548035753, 0.4500008548035753, 0.43077943716304895]], "best_fitnesss": [0.45183309360979174, 0.45183309360979174, 0.45183309360979174, 0.45183309360979174], "prob_mutate": 0.01875}