{"num_qubits": 3, "depth": 14, "num_circuit": 16, "num_generation": 30, "current_generation": 2, "fitnessss": [[0.8734012774019645, 0.7409592002336494, 0.878607818994339, 0.6884554669257184, 0.8580455229140227, 0.8089514685966025, 0.8209818514300983, 0.7507095328183554, 0.880393685878996, 0.8686918749639148, 0.7619517610728819, 0.7830249299564567, 0.886041695979596, 0.8935038886228804, 0.7853512397810464, 0.8628571866008693], [0.8935038886228804, 0.886041695979596, 0.8889736235280565, 0.9006921365069628, 0.880393685878996, 0.878607818994339, 0.8673203685492437, 0.8723485340572612, 0.8734012774019645, 0.8686918749639148, 0.8816141169670371, 0.8336742696866664, 0.8628571866008693, 0.8580455229140227, 0.8451532082309987, 0.8593556874936515]], "best_fitnesss": [0.8935038886228804, 0.9006921365069628], "prob_mutate": 0.013392857142857142}