{"num_qubits": 2, "depth": 9, "num_circuit": 16, "num_generation": 10, "current_generation": 1, "fitnessss": [[0.8964780097768132, 0.7241726231069263, 0.7339023732265966, 0.8917747882332281, 0.681354012949708, 0.8502042873402207, 0.6831842484427811, 0.8355361071385836, 0.895118695669515, 0.8565448797429045, 0.8050099988845171, 0.5732565579422519, 0.8611132884361629, 0.9119720468699795, 0.6380294366157775, 0.8720256852555647]], "best_fitnesss": [0.9119720468699795], "prob_mutate": 0.020833333333333332}