{"num_qubits": 6, "depth": 30, "num_circuit": 8, "num_generation": 30, "current_generation": 2, "fitnessss": [[0.5712246604451868, 0.5746891603696171, 0.5288540047448881, 0.5478962821307971, 0.5857401997831186, 0.6385452185116882, 0.5609615356628626, 0.6051136462790639], [0.6385452185116882, 0.6051136462790639, 0.639819801665191, 0.5797839211437557, 0.5857401997831186, 0.5885446561224743, 0.608023145670092, 0.6176639458118081]], "best_fitnesss": [0.6385452185116882, 0.639819801665191], "prob_mutate": 0.0125}