{"num_qubits": 5, "depth": 32, "num_circuit": 4, "num_generation": 10, "current_generation": 2, "fitnessss": [[0.8233607032737001, 0.8044776404939616, 0.7936363866710915, 0.82259571387597], [0.8043129543217866, 0.82259571387597, 0.8512207614004458, 0.8131655236076327]], "best_fitnesss": [0.8233607032737001, 0.8512207614004458], "prob_mutate": 0.0234375}