{"num_qubits": 4, "depth": 25, "num_circuit": 32, "num_generation": 50, "current_generation": 2, "fitnessss": [[0.881161314860371, 0.8930756995615547, 0.8299743534388604, 0.8262548010250443, 0.8416263074395364, 0.8857799771895923, 0.8295733698290076, 0.8607165343212024, 0.9032298961835584, 0.810654107496098, 0.8790837913587065, 0.8881177288341806, 0.8836522731556855, 0.8822919480542992, 0.8898806211396229, 0.8970566497598659, 0.8563511876205417, 0.8371964534567355, 0.8743115836190032, 0.8887050562775152, 0.8737408874632779, 0.8595404850818105, 0.9005415235586582, 0.880448191615236, 0.8501537509137561, 0.8710149666366777, 0.8997792266298432, 0.8602354792530267, 0.8653782475349029, 0.875382406443857, 0.8120532267844377, 0.9025986583871367], [0.9032298961835584, 0.9025986583871367, 0.9249727568312818, 0.8379807229937862, 0.9005415235586582, 0.8997792266298432, 0.8999761167853595, 0.9105412120405919, 0.8970566497598659, 0.8930756995615547, 0.9105956802115529, 0.8530220450932424, 0.8898806211396229, 0.8887050562775152, 0.9098699460320688, 0.8198569893708323, 0.8881177288341806, 0.8857799771895923, 0.8769825892182336, 0.8200195419078218, 0.8836522731556855, 0.8822919480542992, 0.8531599701623704, 0.8900108457116458, 0.881161314860371, 0.880448191615236, 0.9086964840926027, 0.8601539618821533, 0.8790837913587065, 0.8784375974422691, 0.866123066212715, 0.9037853210331097]], "best_fitnesss": [0.9032298961835584, 0.9249727568312818], "prob_mutate": 0.00375}