{"num_qubits": 6, "depth": 26, "num_circuit": 32, "num_generation": 10, "current_generation": 2, "fitnessss": [[0.5099127572230471, 0.5233111513133539, 0.5751373651337663, 0.4941838289114404, 0.4870605300683063, 0.5054731510572722, 0.5427261893461055, 0.5078505783464934, 0.44185995955073265, 0.4886527347356987, 0.40316444090354897, 0.48830060463815117, 0.4496345338524816, 0.5523769637626642, 0.4720466954144437, 0.4930089732214585, 0.5074408534973172, 0.5633481777934006, 0.545038925561269, 0.4801370414662626, 0.5342165516279029, 0.509804451664384, 0.512045464944011, 0.5927147908393577, 0.5011684220116465, 0.5667337587927739, 0.5472313972191176, 0.4864447449514073, 0.523495565348911, 0.48210309640571725, 0.5473441787592087, 0.6050384400383363], [0.6050384400383363, 0.5927147908393577, 0.5634152567497144, 0.5509163755938846, 0.5751373651337663, 0.5667337587927739, 0.5475705402380721, 0.5444305205491802, 0.5633481777934006, 0.5523769637626642, 0.5363066555743661, 0.5798481627703798, 0.5473441787592087, 0.5472313972191176, 0.5592723987946625, 0.5552063638827682, 0.545038925561269, 0.5427261893461055, 0.49488229248496, 0.572194910783588, 0.5342165516279029, 0.4999327961975409, 0.5214663069123502, 0.4856218793609034, 0.5233111513133539, 0.5534835626838354, 0.5056211099928264, 0.5414149794795758, 0.5099127572230471, 0.509804451664384, 0.5321084021517336, 0.5176831985769261]], "best_fitnesss": [0.6050384400383363, 0.6050384400383363], "prob_mutate": 0.003605769230769231}