{"num_qubits": 3, "depth": 13, "num_circuit": 16, "num_generation": 20, "current_generation": 3, "fitnessss": [[0.8555468714144213, 0.7394064830289776, 0.7605929444398224, 0.6842135440123577, 0.7989095138954962, 0.7335581780153136, 0.7957195692633705, 0.7331784679677673, 0.8442181233124539, 0.8078603937730937, 0.6603776484424677, 0.7476355459263113, 0.8354614724341356, 0.6127013113350195, 0.8348390669331615, 0.7914306051857499], [0.8555468714144213, 0.8442181233124539, 0.8421104496511742, 0.7993740004198411, 0.8354614724341356, 0.8348390669331615, 0.770478934263122, 0.7421907527106842, 0.8054456078605167, 0.7989095138954962, 0.7398173574823133, 0.8371720781000276, 0.7957195692633705, 0.7914306051857499, 0.8257789449999644, 0.7501124501126671], [0.8555468714144213, 0.8442181233124539, 0.8421104496511742, 0.7993740004198411, 0.8239465751879201, 0.8371720781000276, 0.8036748867871848, 0.855701418982284, 0.8354614724341356, 0.8348390669331615, 0.770478934263122, 0.69426339546384, 0.8257789449999644, 0.8054456078605167, 0.6407794012485646, 0.7943125823435379]], "best_fitnesss": [0.8555468714144213, 0.8555468714144213, 0.855701418982284], "prob_mutate": 0.014423076923076924}