{"num_qubits": 4, "depth": 3, "num_circuit": 16, "num_generation": 10, "current_generation": 10, "fitnessss": [[0.20485390125143646, 0.23186596686555588, 0.16874750482943482, 0.23290034405231727, 0.13428503143855738, 0.1692671617963562, 0.10016986436097955, 0.1160527870711556, 0.17850751054196015, 0.13173477639785214, 0.23506049059885942, 0.24021530750140957, 0.12188580236876381, 0.06848677286539538, 0.18765409540240527, 0.22933119968165236], [0.24021530750140957, 0.23506049059885942, 0.21803424817506595, 0.24720361164828022, 0.23290034405231727, 0.1320845126107773, 0.15900289858392727, 0.24566982096801762, 0.22933119968165236, 0.2006942828122799, 0.1395069262017396, 0.3151335490021319, 0.18765409540240527, 0.136587885906981, 0.18564114481377336, 0.07574184397507194], [0.3151335490021319, 0.24720361164828022, 0.2532641143336294, 0.22418604729277086, 0.24566982096801762, 0.24021530750140957, 0.2599623487060126, 0.1990027775526257, 0.23506049059885942, 0.23290034405231727, 0.1675040610040843, 0.27348197558922427, 0.22933119968165236, 0.21803424817506595, 0.1998011972807603, 0.23668035021792408], [0.3151335490021319, 0.27348197558922427, 0.24968206939820586, 0.28367069201824124, 0.2599623487060126, 0.2532641143336294, 0.2599623487060126, 0.21872139053383655, 0.24720361164828022, 0.24566982096801762, 0.1675040610040843, 0.2535810177473331, 0.24021530750140957, 0.23668035021792408, 0.21839104297738757, 0.24021530750140957], [0.3151335490021319, 0.28367069201824124, 0.3151335490021319, 0.28367069201824124, 0.27348197558922427, 0.19295205351104278, 0.2992496900045692, 0.18638905546380102, 0.2599623487060126, 0.15751557976015307, 0.157452101847754, 0.2599623487060126, 0.2532641143336294, 0.24968206939820586, 0.24968206939820586, 0.18322448946133543], [0.3151335490021319, 0.3151335490021319, 0.3151335490021319, 0.3151335490021319, 0.23786245342137718, 0.28367069201824124, 0.28367069201824124, 0.2992496900045692, 0.28367069201824124, 0.27348197558922427, 0.27348197558922427, 0.2628022555509489, 0.2599623487060126, 0.2599623487060126, 0.2599623487060126, 0.24461916960970398], [0.3151335490021319, 0.3151335490021319, 0.3151335490021319, 0.3151335490021319, 0.3151335490021319, 0.3151335490021319, 0.3151335490021319, 0.3151335490021319, 0.19675523735768552, 0.28367069201824124, 0.28367069201824124, 0.2992496900045692, 0.28367069201824124, 0.28367069201824124, 0.28367069201824124, 0.28367069201824124], [0.3151335490021319, 0.3151335490021319, 0.3151335490021319, 0.3151335490021319, 0.3151335490021319, 0.3151335490021319, 0.3151335490021319, 0.3151335490021319, 0.3151335490021319, 0.3151335490021319, 0.3151335490021319, 0.14317052522591456, 0.3151335490021319, 0.3151335490021319, 0.282112694733777, 0.3151335490021319], [0.3151335490021319, 0.14931487851378553, 0.3151335490021319, 0.3151335490021319, 0.3151335490021319, 0.3151335490021319, 0.3151335490021319, 0.2856334388646925, 0.3151335490021319, 0.3151335490021319, 0.3151335490021319, 0.3151335490021319, 0.3151335490021319, 0.3151335490021319, 0.3151335490021319, 0.2836706920182412], [0.3151335490021319, 0.3151335490021319, 0.3151335490021319, 0.3151335490021319, 0.17155010518162836, 0.3151335490021319, 0.1883905861599689, 0.2510385573100532, 0.3151335490021319, 0.3151335490021319, 0.3151335490021319, 0.3151335490021319, 0.3151335490021319, 0.2272235201772273, 0.3151335490021319, 0.3151335490021319]], "best_fitnesss": [0.24021530750140957, 0.3151335490021319, 0.3151335490021319, 0.3151335490021319, 0.3151335490021319, 0.3151335490021319, 0.3151335490021319, 0.3151335490021319, 0.3151335490021319, 0.3151335490021319], "prob_mutate": 0.0625}