{"num_qubits": 4, "depth": 8, "num_circuit": 16, "num_generation": 20, "current_generation": 5, "fitnessss": [[0.4461690258936821, 0.3628893665842702, 0.4842670399571968, 0.32144088021277833, 0.3537180452022596, 0.4028454212193571, 0.40915892741202714, 0.5213184754113691, 0.4870775163953791, 0.3900918448264094, 0.38839158009909625, 0.4797619507047279, 0.4813152084888664, 0.29160109737266915, 0.41183650819916273, 0.39236788441569725], [0.5213184754113691, 0.44961051350702047, 0.49633261006006063, 0.3975882549785834, 0.4842670399571968, 0.4813152084888664, 0.41802332321104557, 0.49508106875258306, 0.4797619507047279, 0.4385089516875322, 0.5300642358179111, 0.38896167333168996, 0.41183650819916273, 0.40915892741202714, 0.4167587741760757, 0.37742768628508105], [0.5300642358179111, 0.5213184754113691, 0.5093974557464924, 0.4684269468830604, 0.49633261006006063, 0.5551592892758079, 0.5231723605286234, 0.5405380824309286, 0.4785552056951265, 0.4813152084888664, 0.41802332321104557, 0.5037221985032062, 0.4797619507047279, 0.44961051350702047, 0.4936289788629796, 0.418735056647058], [0.5551592892758079, 0.5405380824309286, 0.47091648332946373, 0.49508106875258306, 0.47380348989129145, 0.3934415122660969, 0.5284734569226595, 0.4849725117609875, 0.4785648406888667, 0.5093974557464924, 0.5213184754113691, 0.5093974557464924, 0.5037221985032062, 0.49633261006006063, 0.5419638430853841, 0.43620200864998476], [0.5551592892758079, 0.5419638430853841, 0.4402354474701501, 0.57164331457498, 0.5020297570353818, 0.5284734569226595, 0.5443626555300316, 0.48594424952714965, 0.5213184754113691, 0.5093974557464924, 0.4681569080396004, 0.5093974557464924, 0.5093974557464924, 0.5037221985032062, 0.447027307086973, 0.42758063681510966]], "best_fitnesss": [0.5213184754113691, 0.5300642358179111, 0.5551592892758079, 0.5551592892758079, 0.57164331457498], "prob_mutate": 0.0234375}