{"num_qubits": 4, "depth": 8, "num_circuit": 16, "num_generation": 20, "current_generation": 20, "fitnessss": [[0.2736264150882114, 0.36471060607335554, 0.321643853264061, 0.42234768838059705, 0.47712749757745393, 0.36101415914339874, 0.3476714248837779, 0.3564480230296061, 0.20183405370215596, 0.3026852981879511, 0.46635417635261245, 0.3977897731357155, 0.421345254295609, 0.23104554299072824, 0.40047401055346193, 0.40096570797322517], [0.47712749757745393, 0.46635417635261245, 0.49143135830993734, 0.4027054631543446, 0.42234768838059705, 0.421345254295609, 0.4767392878156554, 0.39180762504684985, 0.40096570797322517, 0.40047401055346193, 0.4181331058255916, 0.38432855190939685, 0.3977897731357155, 0.36471060607335554, 0.39785918122605446, 0.3466063001412018], [0.49143135830993734, 0.47712749757745393, 0.47712749757745393, 0.49143135830993734, 0.4767392878156554, 0.46635417635261245, 0.45862770434961286, 0.43051073539665835, 0.42234768838059705, 0.421345254295609, 0.43997377621567624, 0.39180762504684985, 0.38217174143480426, 0.4027054631543446, 0.5452068972656806, 0.2582929380234157], [0.5452068972656806, 0.49143135830993734, 0.39915657658550857, 0.4531671022182767, 0.49143135830993734, 0.47712749757745393, 0.46315675505809023, 0.49143135830993734, 0.47712749757745393, 0.4767392878156554, 0.4970749555392532, 0.4734706888440704, 0.46635417635261245, 0.45862770434961286, 0.4492539312638614, 0.5103912647172371], [0.5452068972656806, 0.5103912647172371, 0.39915657658550857, 0.4734706888440704, 0.41410101783865577, 0.49143135830993734, 0.49143135830993734, 0.4970749555392532, 0.49143135830993734, 0.49143135830993734, 0.49143135830993734, 0.49143135830993734, 0.47712749757745393, 0.47712749757745393, 0.41867564667602614, 0.47712749757745393], [0.5452068972656806, 0.5103912647172371, 0.39915657658550857, 0.42479448477898246, 0.4970749555392532, 0.49143135830993734, 0.4595538309119263, 0.4970749555392532, 0.470919439769081, 0.49143135830993734, 0.49143135830993734, 0.49143135830993734, 0.49143135830993734, 0.49143135830993734, 0.5121894023739028, 0.49143135830993734], [0.5452068972656806, 0.5121894023739028, 0.4434933407965532, 0.47712749757745393, 0.5103912647172371, 0.4970749555392532, 0.4767392878156554, 0.49143135830993734, 0.4970749555392532, 0.49143135830993734, 0.49143135830993734, 0.4970749555392532, 0.49143135830993734, 0.49143135830993734, 0.49143135830993734, 0.49143135830993734], [0.5452068972656806, 0.5121894023739028, 0.4632828173226528, 0.47712749757745393, 0.5103912647172371, 0.4970749555392532, 0.4767392878156554, 0.49143135830993734, 0.4970749555392532, 0.4970749555392532, 0.4970749555392532, 0.4746350564715628, 0.49143135830993734, 0.49143135830993734, 0.49143135830993734, 0.49143135830993734], [0.5452068972656806, 0.5121894023739028, 0.4434933407965532, 0.47712749757745393, 0.5103912647172371, 0.4970749555392532, 0.5080449863051002, 0.49143135830993734, 0.4970749555392532, 0.4970749555392532, 0.536280277908776, 0.4970749555392532, 0.4970749555392532, 0.49149950632678374, 0.49143135830993734, 0.526777310614832], [0.5452068972656806, 0.536280277908776, 0.4339672772942896, 0.47712749757745393, 0.526777310614832, 0.5121894023739028, 0.4333256890342426, 0.4970749555392532, 0.5103912647172371, 0.5080449863051002, 0.4581528798875073, 0.46243968482685516, 0.4970749555392532, 0.4970749555392532, 0.4970749555392532, 0.4970749555392532], [0.5452068972656806, 0.536280277908776, 0.47523194878345293, 0.47712749757745393, 0.526777310614832, 0.5121894023739028, 0.4333256890342426, 0.4970749555392532, 0.5103912647172371, 0.5080449863051002, 0.4767392878156554, 0.46243968482685516, 0.4970749555392532, 0.4970749555392532, 0.4970749555392532, 0.4970749555392532], [0.5452068972656806, 0.536280277908776, 0.47523194878345293, 0.47712749757745393, 0.526777310614832, 0.5121894023739028, 0.4333256890342426, 0.4970749555392532, 0.5103912647172371, 0.5080449863051002, 0.4160471994327133, 0.46243968482685516, 0.4970749555392532, 0.4970749555392532, 0.4970749555392532, 0.4970749555392532], [0.5452068972656806, 0.3779518703238878, 0.47523194878345293, 0.47712749757745393, 0.526777310614832, 0.46545383475450297, 0.22892392076464185, 0.4970749555392532, 0.5103912647172371, 0.5080449863051002, 0.4767392878156554, 0.46243968482685516, 0.4970749555392532, 0.4970749555392532, 0.4732728361762999, 0.4970749555392532], [0.5452068972656806, 0.526777310614832, 0.4441723788865456, 0.47502437159982963, 0.5103912647172371, 0.5080449863051002, 0.4767392878156554, 0.46243968482685516, 0.4970749555392532, 0.47587743034237856, 0.507926722498839, 0.4970749555392532, 0.4970749555392532, 0.4970749555392532, 0.4970749555392532, 0.4970749555392532], [0.5036062423942, 0.526777310614832, 0.5321318628431929, 0.47502437159982963, 0.4104522784114527, 0.5080449863051002, 0.4767392878156554, 0.46243968482685516, 0.507926722498839, 0.4970749555392532, 0.507926722498839, 0.4970749555392532, 0.4970749555392532, 0.4970749555392532, 0.4970749555392532, 0.4970749555392532], [0.5321318628431929, 0.526777310614832, 0.4855067808559193, 0.5130205840838185, 0.5080449863051002, 0.50611752685313, 0.5080449863051002, 0.507926722498839, 0.507926722498839, 0.5036062423942, 0.4231297858623174, 0.4855067808559193, 0.4970749555392532, 0.47808969835677007, 0.4970749555392532, 0.4970749555392532], [0.4949565476492486, 0.526777310614832, 0.4855067808559193, 0.48348720007038287, 0.5130205840838185, 0.5080449863051002, 0.4599150451111543, 0.4588497178445534, 0.5080449863051002, 0.507926722498839, 0.5080449863051002, 0.507926722498839, 0.507926722498839, 0.50611752685313, 0.50611752685313, 0.507926722498839], [0.526777310614832, 0.5130205840838185, 0.5130205840838185, 0.526777310614832, 0.5080449863051002, 0.5080449863051002, 0.5080449863051002, 0.5080449863051002, 0.5080449863051002, 0.507926722498839, 0.5080449863051002, 0.507926722498839, 0.49007836405223426, 0.507926722498839, 0.507926722498839, 0.507926722498839], [0.526777310614832, 0.526777310614832, 0.526777310614832, 0.526777310614832, 0.5130205840838185, 0.39579293337872745, 0.5130205840838185, 0.5130205840838185, 0.5080449863051002, 0.5080449863051002, 0.4614555377083813, 0.5080449863051002, 0.5080449863051002, 0.5080449863051002, 0.3316571896606131, 0.5080449863051002], [0.526777310614832, 0.526777310614832, 0.526777310614832, 0.526777310614832, 0.526777310614832, 0.5073279779442957, 0.526777310614832, 0.526777310614832, 0.5130205840838185, 0.5130205840838185, 0.5130205840838185, 0.5130205840838185, 0.5130205840838185, 0.5080449863051002, 0.526777310614832, 0.5515934249583554]], "best_fitnesss": [0.47712749757745393, 0.49143135830993734, 0.5452068972656806, 0.5452068972656806, 0.5452068972656806, 0.5452068972656806, 0.5452068972656806, 0.5452068972656806, 0.5452068972656806, 0.5452068972656806, 0.5452068972656806, 0.5452068972656806, 0.5452068972656806, 0.5452068972656806, 0.5321318628431929, 0.5321318628431929, 0.526777310614832, 0.526777310614832, 0.526777310614832, 0.5515934249583554], "prob_mutate": 0.0234375}