{"num_qubits": 3, "depth": 8, "num_circuit": 16, "num_generation": 20, "current_generation": 3, "fitnessss": [[0.5741313718026373, 0.5402996418069701, 0.5208724025226347, 0.4123769583609473, 0.6869381570219666, 0.6117987159394345, 0.6490120345676388, 0.7744531286771565, 0.6395857140148522, 0.3200335379221223, 0.400671454184968, 0.7168097655799037, 0.620573058272749, 0.5580337237708051, 0.3784639055837174, 0.29963452405656615], [0.7744531286771565, 0.7168097655799037, 0.7104393116975574, 0.7472246364230323, 0.6869381570219666, 0.43576619562099533, 0.7164459023956211, 0.6985619818089848, 0.6473625130070773, 0.5406055957478569, 0.6572772267536762, 0.533271249697967, 0.6117987159394345, 0.5741313718026373, 0.5925388898728766, 0.7156743427750676], [0.7744531286771565, 0.6912590082024268, 0.7744531286771565, 0.7199071811859211, 0.7168097655799037, 0.7164459023956211, 0.6992888615450941, 0.7072540559682297, 0.7156743427750676, 0.8097435354284934, 0.6687505466140818, 0.7003271852682711, 0.6985619818089848, 0.6869381570219666, 0.6985619818089848, 0.6869381570219666]], "best_fitnesss": [0.7744531286771565, 0.7744531286771565, 0.8097435354284934], "prob_mutate": 0.0234375}