{"num_qubits": 5, "depth": 7, "num_circuit": 4, "num_generation": 20, "current_generation": 20, "fitnessss": [[0.13805254090756597, 0.17834042206236794, 0.27053963367657086, 0.23655799609107525], [0.27060578151343817, 0.23655799609107525, 0.256859239355562, 0.26207157329987], [0.286484277057345, 0.25161012214996614, 0.27060578151343817, 0.26207157329987], [0.286484277057345, 0.22677272639214546, 0.286484277057345, 0.27060578151343817], [0.22671692033929572, 0.286484277057345, 0.286484277057345, 0.22641249924848283], [0.286484277057345, 0.270028736361352, 0.286484277057345, 0.22691893386947787], [0.29477062852856134, 0.24337458497336245, 0.286484277057345, 0.2449310580930752], [0.28280452832219416, 0.2812005355450272, 0.2608484799697905, 0.19936442744366056], [0.28280452832219416, 0.2812005355450272, 0.24839109572836238, 0.2611445091220749], [0.28280452832219416, 0.25903694501235985, 0.23493046870773923, 0.27432406432627116], [0.2923078976754482, 0.27432406432627116, 0.22984583886852014, 0.25586667660844953], [0.29670346778989326, 0.27432406432627116, 0.23772249052459501, 0.22951105933138027], [0.29670346778989326, 0.27432406432627116, 0.2683886036562538, 0.26171082252295935], [0.30762807879297893, 0.27432406432627116, 0.22776076930789207, 0.29001849343482855], [0.30762807879297893, 0.29001849343482855, 0.20143587837565038, 0.21719775378407963], [0.22791692934556967, 0.29001849343482855, 0.34513298110326956, 0.26600599294877536], [0.34513298110326956, 0.2740711754968014, 0.34513298110326956, 0.2859044330731816], [0.2809016152906902, 0.34513298110326956, 0.2398393077105645, 0.2953787675835321], [0.2911395900099053, 0.25770195820227376, 0.34513298110326956, 0.28616147800339126], [0.34513298110326956, 0.2627562059913722, 0.2536528626157583, 0.34513298110326956]], "best_fitnesss": [0.27053963367657086, 0.27060578151343817, 0.286484277057345, 0.286484277057345, 0.286484277057345, 0.286484277057345, 0.29477062852856134, 0.28280452832219416, 0.28280452832219416, 0.28280452832219416, 0.2923078976754482, 0.29670346778989326, 0.29670346778989326, 0.30762807879297893, 0.30762807879297893, 0.34513298110326956, 0.34513298110326956, 0.34513298110326956, 0.34513298110326956, 0.34513298110326956], "prob_mutate": 0.10714285714285714}