{"num_qubits": 2, "depth": 7, "num_circuit": 32, "num_generation": 40, "current_generation": 1, "fitnessss": [[0.8546920622345103, 0.7659907460472767, 0.8926249201723035, 0.6228088238925441, 0.6981617012183552, 0.5459486474954786, 0.8562684379702095, 0.7627701150680992, 0.23854547767571943, 0.8623482497838552, 0.8382997774749045, 0.8595892535780555, 0.824201045636007, 0.281731821143437, 0.9092694597494733, 0.7471628708659042, 0.7996135011735235, 0.8386431827699331, 0.7442119014711751, 0.7063242949344747, 0.8326800720363865, 0.6076819806378662, 0.8681696714119959, 0.6773203855818912, 0.8744327891204285, 0.742862943499442, 0.8447091018028339, 0.6301246122210802, 0.5198402077942393, 0.804110128111153, 0.49543141169878757, 0.8260738459064363]], "best_fitnesss": [0.9092694597494733], "prob_mutate": 0.013392857142857142}