{"num_qubits": 5, "depth": 23, "num_circuit": 32, "num_generation": 50, "current_generation": 2, "fitnessss": [[0.6206481371294117, 0.5607294023826975, 0.6187380966269832, 0.6507356097480066, 0.6605492200754544, 0.6751150702035247, 0.6621452654682516, 0.6593647882879288, 0.7181265451648384, 0.6921384570756833, 0.6713542229987304, 0.6483273114819302, 0.6713556212338168, 0.673315816092853, 0.6737718791483984, 0.5831021329781207, 0.6095060946508768, 0.6559168165403503, 0.7296348500768648, 0.6178436481403863, 0.5707265283356452, 0.5717757757571367, 0.6747107479872426, 0.6906046694868969, 0.6695058954305994, 0.645109351565622, 0.6575270898522937, 0.6881902515438909, 0.6716295397139388, 0.7094815982256042, 0.6345029885814789, 0.6594508165122004], [0.7296348500768648, 0.7181265451648384, 0.6676824941778381, 0.7314611128468178, 0.7094815982256042, 0.6921384570756833, 0.6326440272560447, 0.6948382988227266, 0.6906046694868969, 0.6881902515438909, 0.7066990382595869, 0.6267631786571861, 0.6751150702035247, 0.6747107479872426, 0.6768406527376387, 0.6747938250044988, 0.6737718791483984, 0.673315816092853, 0.614691399572661, 0.6597778310680391, 0.6716295397139388, 0.6713556212338168, 0.6498607538802832, 0.6977253691525762, 0.6713542229987304, 0.6695058954305994, 0.625835193555395, 0.6968277620090134, 0.6621452654682516, 0.6605492200754544, 0.6442135335086353, 0.7008098448315352]], "best_fitnesss": [0.7296348500768648, 0.7314611128468178], "prob_mutate": 0.004076086956521739}