{"num_qubits": 4, "depth": 24, "num_circuit": 16, "num_generation": 10, "current_generation": 1, "fitnessss": [[0.8859050840099394, 0.8274392762624956, 0.8047539573449413, 0.8070126393941564, 0.7881343038286964, 0.6450812813893869, 0.8599483317985668, 0.8338279602542725, 0.9223176382703837, 0.8891871858842, 0.8559854299550445, 0.7969546420904725, 0.8325718840127181, 0.8834052022795739, 0.8428582406694625, 0.811434211307415]], "best_fitnesss": [0.9223176382703837], "prob_mutate": 0.0078125}