{"num_qubits": 4, "depth": 25, "num_circuit": 16, "num_generation": 50, "current_generation": 2, "fitnessss": [[0.8252135391693006, 0.8900759988685083, 0.8537518927882239, 0.883746738772999, 0.8464678753755575, 0.7871288236128445, 0.831039202664398, 0.8451581763967709, 0.811587925662027, 0.9003839253225163, 0.8635405727737787, 0.734664558266917, 0.8617553038591105, 0.8890258888479264, 0.7406119852801571, 0.8882299755716099], [0.9003839253225163, 0.8900759988685083, 0.8468453950152514, 0.919165792957107, 0.8890258888479264, 0.8882299755716099, 0.8963656716939852, 0.873456694897337, 0.883746738772999, 0.8635405727737787, 0.8380923492775185, 0.8815390983742601, 0.8617553038591105, 0.8537518927882239, 0.8805767002346269, 0.8549660228514279]], "best_fitnesss": [0.9003839253225163, 0.919165792957107], "prob_mutate": 0.0075}