{"num_qubits": 5, "depth": 39, "num_circuit": 32, "num_generation": 10, "current_generation": 2, "fitnessss": [[0.8418589277887103, 0.9189037380536735, 0.8756771146685379, 0.8676845108263267, 0.8195843820945095, 0.8613007472302419, 0.8764538939853337, 0.8758041286943092, 0.8562789244395624, 0.9175389312353968, 0.8867551515112606, 0.8577509890076715, 0.886799928321682, 0.8545220647544237, 0.8842031170053264, 0.8790189839575172, 0.8314028018281249, 0.8158683240052355, 0.8813561568284463, 0.8709257824320991, 0.9068076602220346, 0.8687164705519642, 0.8604644004848042, 0.8600477197216826, 0.9058729061229762, 0.859998165595955, 0.8874546127104633, 0.8880486045482676, 0.8466847756101789, 0.8762272063579657, 0.855824705720474, 0.82034949985678], [0.9189037380536735, 0.908761391723744, 0.9198868155743261, 0.902901235525366, 0.9068076602220346, 0.898981259630833, 0.886731784288083, 0.9079424131510443, 0.8880486045482676, 0.8874546127104633, 0.863714532556237, 0.8937546671355507, 0.886799928321682, 0.8867551515112606, 0.8854018527657566, 0.8805086900756207, 0.8842031170053264, 0.8813561568284463, 0.860798633522329, 0.8926837898229019, 0.8790189839575172, 0.8764538939853337, 0.8757894089650874, 0.8961439972485902, 0.8762272063579657, 0.8758041286943092, 0.8851061697298916, 0.8696174020895008, 0.8756771146685379, 0.8709257824320991, 0.9117781437215461, 0.8650206370229135]], "best_fitnesss": [0.9189037380536735, 0.9198868155743261], "prob_mutate": 0.002403846153846154}