{"num_qubits": 3, "depth": 10, "num_circuit": 16, "num_generation": 40, "current_generation": 2, "fitnessss": [[0.641147314641412, 0.5828051828837346, 0.6893845119640974, 0.6985878285933522, 0.7179917440481954, 0.6715633466727079, 0.6395928276739731, 0.7711483035286311, 0.5509667019054768, 0.6737377717622683, 0.7249713068735754, 0.7806592033260522, 0.6020299164902678, 0.482034384567387, 0.626603986881357, 0.6553603715599092], [0.7806592033260522, 0.7711483035286311, 0.7157372240746598, 0.6738434966296799, 0.7249713068735754, 0.7179917440481954, 0.7172976020759755, 0.7507626343566527, 0.6985878285933522, 0.6893845119640974, 0.7070253773733287, 0.7942026210708388, 0.6737377717622683, 0.6715633466727079, 0.6654452531206564, 0.7067591164375668]], "best_fitnesss": [0.7806592033260522, 0.7942026210708388], "prob_mutate": 0.01875}