{"num_qubits": 5, "depth": 37, "num_circuit": 16, "num_generation": 10, "current_generation": 2, "fitnessss": [[0.8640603495574635, 0.8568642682157479, 0.7842630526567765, 0.8977223536514701, 0.8111771869226845, 0.8770582312636135, 0.9038069792233074, 0.8051735298445658, 0.8631277388037975, 0.8399967988404443, 0.8132662881069098, 0.8621972188723512, 0.8350309188724099, 0.8688760086114955, 0.8657445948451394, 0.8352572352994698], [0.9038069792233074, 0.8977223536514701, 0.9042037470609495, 0.8759785904113517, 0.8770582312636135, 0.8688760086114955, 0.8859047923243144, 0.9025609142368125, 0.8657445948451394, 0.8640603495574635, 0.8370586832474658, 0.8744867120952687, 0.8631277388037975, 0.8621972188723512, 0.870622269336739, 0.838718571798838]], "best_fitnesss": [0.9038069792233074, 0.9042037470609495], "prob_mutate": 0.005067567567567568}