{"num_qubits": 4, "depth": 9, "num_circuit": 16, "num_generation": 20, "current_generation": 20, "fitnessss": [[0.17640735961947152, 0.047768071416162905, 0.47410356420004185, 0.2598851095955299, 0.23479693758775055, 0.3488603944594869, 0.5466622177100894, 0.24982354509447113, 0.23572191604135495, 0.24638236788002, 0.19077234989756187, 0.28399465749425645, 0.12269267466824729, 0.08779284774473717, 0.40028705229202877, 0.3259589892586765], [0.5466622177100894, 0.47410356420004185, 0.40589835303762833, 0.22597986567737371, 0.40028705229202877, 0.3488603944594869, 0.1991853573703144, 0.30921291627939984, 0.3259589892586765, 0.28399465749425645, 0.3719702491562529, 0.28210133502143997, 0.2598851095955299, 0.24982354509447113, 0.23362316445036702, 0.2106734076293718], [0.38154169270791805, 0.47410356420004185, 0.40589835303762833, 0.22597986567737371, 0.40589835303762833, 0.40028705229202877, 0.3177902250027935, 0.22942410748891728, 0.3719702491562529, 0.3488603944594869, 0.2944377246247163, 0.3253832185210239, 0.3259589892586765, 0.30921291627939984, 0.32159233892125194, 0.26519463522380227], [0.47410356420004185, 0.40589835303762833, 0.47410356420004185, 0.40589835303762833, 0.47118905586540105, 0.40028705229202877, 0.26998820676813007, 0.22942410748891728, 0.38154169270791805, 0.3719702491562529, 0.47198673767776733, 0.32330873376768987, 0.3488603944594869, 0.3259589892586765, 0.26519463522380227, 0.3052322181527798], [0.47410356420004185, 0.47410356420004185, 0.47410356420004185, 0.47410356420004185, 0.47198673767776733, 0.47118905586540105, 0.40589835303762833, 0.3483501113316585, 0.40589835303762833, 0.40589835303762833, 0.40589835303762833, 0.40589835303762833, 0.40028705229202877, 0.38154169270791805, 0.34397928984390036, 0.3638418481047845], [0.47410356420004185, 0.47410356420004185, 0.47410356420004185, 0.47410356420004185, 0.42997132515344494, 0.47410356420004185, 0.47410356420004185, 0.47410356420004185, 0.47198673767776733, 0.3055031357477478, 0.3838290901215874, 0.2785217969832343, 0.40589835303762833, 0.5005076595547002, 0.29019777537223046, 0.40589835303762833], [0.5005076595547002, 0.47410356420004185, 0.40589835303762833, 0.28088486605387464, 0.47410356420004185, 0.47410356420004185, 0.47410356420004185, 0.41623555999137163, 0.47410356420004185, 0.47410356420004185, 0.4443491164357004, 0.47410356420004185, 0.25187446131577107, 0.47410356420004185, 0.47410356420004185, 0.4998182927669308], [0.43422595686599463, 0.5306910092049293, 0.5325970268114902, 0.28088486605387464, 0.47410356420004185, 0.47410356420004185, 0.2837260631426173, 0.47410356420004185, 0.47410356420004185, 0.24207719533884453, 0.26191472640352365, 0.47410356420004185, 0.47410356420004185, 0.47410356420004185, 0.2385583880804727, 0.47410356420004185], [0.5325970268114902, 0.28744612382766077, 0.5325970268114902, 0.5306910092049293, 0.39820099982680734, 0.47410356420004185, 0.47410356420004185, 0.47410356420004185, 0.47410356420004185, 0.22862952105097722, 0.47410356420004185, 0.4590519924797306, 0.47410356420004185, 0.5409653123992854, 0.47410356420004185, 0.47410356420004185], [0.5409653123992854, 0.5325970268114902, 0.3870934803902516, 0.40589835303762833, 0.5325970268114902, 0.5306910092049293, 0.5695977745314619, 0.5306910092049293, 0.47410356420004185, 0.3798294030601219, 0.47410356420004185, 0.3459846333313461, 0.47410356420004185, 0.47410356420004185, 0.4534704748568368, 0.47410356420004185], [0.5695977745314619, 0.5409653123992854, 0.40589835303762833, 0.4940391711935396, 0.5325970268114902, 0.5325970268114902, 0.5325970268114902, 0.395272163081019, 0.474834954213764, 0.5306910092049293, 0.5306910092049293, 0.5306910092049293, 0.47410356420004185, 0.47410356420004185, 0.47410356420004185, 0.47410356420004185], [0.5695977745314619, 0.5409653123992854, 0.40589835303762833, 0.4940391711935396, 0.5325970268114902, 0.5325970268114902, 0.5325970268114902, 0.5325970268114902, 0.46526823428956976, 0.5306910092049293, 0.5325970268114902, 0.5306910092049293, 0.5306910092049293, 0.5306910092049293, 0.5306910092049293, 0.5306910092049293], [0.5695977745314619, 0.42161547281206135, 0.3616747143610981, 0.4940391711935396, 0.25943766513676325, 0.5325970268114902, 0.5325970268114902, 0.5325970268114902, 0.5325970268114902, 0.448075445185217, 0.5325970268114902, 0.5325970268114902, 0.5325970268114902, 0.5306910092049293, 0.5325970268114902, 0.5306910092049293], [0.5695977745314619, 0.3999518279738241, 0.5325970268114902, 0.317231606197824, 0.5325970268114902, 0.5325970268114902, 0.5325970268114902, 0.5325970268114902, 0.5325970268114902, 0.5325970268114902, 0.5325970268114902, 0.5325970268114902, 0.5325970268114902, 0.5325970268114902, 0.5325970268114902, 0.5325970268114902], [0.5695977745314619, 0.38266669933670483, 0.5325970268114902, 0.5695977745314619, 0.5325970268114902, 0.22486065654340714, 0.3829104546569633, 0.5325970268114902, 0.5325970268114902, 0.5325970268114902, 0.5325970268114902, 0.5325970268114902, 0.5325970268114902, 0.5325970268114902, 0.5325970268114902, 0.5609016346973938], [0.469447070383054, 0.5695977745314619, 0.5695977745314619, 0.5695977745314619, 0.5609016346973938, 0.3731818128149713, 0.5325970268114902, 0.5382758050048316, 0.5325970268114902, 0.5325970268114902, 0.5325970268114902, 0.5325970268114902, 0.5325970268114902, 0.5325970268114902, 0.5325970268114902, 0.43626003386986534], [0.5695977745314619, 0.5695977745314619, 0.5695977745314619, 0.5695977745314619, 0.5695977745314619, 0.5609016346973938, 0.5609016346973938, 0.5695977745314619, 0.2621159036305273, 0.2707065175388834, 0.5538019152885909, 0.5609016346973938, 0.5325970268114902, 0.36492226406519657, 0.5325970268114902, 0.5325970268114902], [0.5695977745314619, 0.5695977745314619, 0.5695977745314619, 0.5695977745314619, 0.5695977745314619, 0.5695977745314619, 0.5695977745314619, 0.5695977745314619, 0.5695977745314619, 0.5695977745314619, 0.5695977745314619, 0.5695977745314619, 0.5609016346973938, 0.5609016346973938, 0.5609016346973938, 0.5609016346973938], [0.5695977745314619, 0.21554109440940228, 0.5695977745314619, 0.5695977745314619, 0.5695977745314619, 0.5695977745314619, 0.5695977745314619, 0.5695977745314619, 0.5695977745314619, 0.5469200322614822, 0.4142975923714185, 0.5695977745314619, 0.5695977745314619, 0.5695977745314619, 0.3526111235848226, 0.5695977745314619], [0.5695977745314619, 0.5695977745314619, 0.5695977745314619, 0.4294550326744805, 0.25465097332812847, 0.5695977745314619, 0.5695977745314619, 0.5695977745314619, 0.5695977745314619, 0.5695977745314619, 0.40351503770415653, 0.5695977745314619, 0.5695977745314619, 0.4711808948782148, 0.5695977745314619, 0.5695977745314619]], "best_fitnesss": [0.5466622177100894, 0.5466622177100894, 0.47410356420004185, 0.47410356420004185, 0.47410356420004185, 0.5005076595547002, 0.5005076595547002, 0.5325970268114902, 0.5409653123992854, 0.5695977745314619, 0.5695977745314619, 0.5695977745314619, 0.5695977745314619, 0.5695977745314619, 0.5695977745314619, 0.5695977745314619, 0.5695977745314619, 0.5695977745314619, 0.5695977745314619, 0.5695977745314619], "prob_mutate": 0.020833333333333332}