{"num_qubits": 3, "depth": 12, "num_circuit": 4, "num_generation": 50, "current_generation": 4, "fitnessss": [[0.7464320992124317, 0.707228464951352, 0.7015345829862267, 0.8414766053562912], [0.7847835511529924, 0.7464320992124317, 0.8285413456795527, 0.7100302278973587], [0.8357856825854834, 0.7847835511529924, 0.8414766053562912, 0.6785682865915228], [0.8491323795013956, 0.8154994464721209, 0.7932245968795046, 0.7865759074705116]], "best_fitnesss": [0.8414766053562912, 0.8285413456795527, 0.8414766053562912, 0.8491323795013956], "prob_mutate": 0.0625}