{"num_qubits": 4, "depth": 14, "num_circuit": 32, "num_generation": 40, "current_generation": 1, "fitnessss": [[0.5675123400593529, 0.5327966487312191, 0.5704274462044256, 0.6132556886619408, 0.5212071769377185, 0.57983107220521, 0.5764878717197931, 0.530906052735748, 0.6333089268839636, 0.4737016128648134, 0.5851148817773599, 0.5914900343130001, 0.6884980703963672, 0.6439327333615761, 0.532467328446399, 0.6403371351657859, 0.6215958179571427, 0.6061645474523014, 0.6591659934979732, 0.5787498212349427, 0.5538322140560534, 0.5930614114846341, 0.6407712664146505, 0.5120102132545082, 0.4749244008094804, 0.5839143038644934, 0.670781844446117, 0.6445054864971469, 0.5562071510340777, 0.5952139659489044, 0.6334697929556068, 0.6485600605350225]], "best_fitnesss": [0.6884980703963672], "prob_mutate": 0.006696428571428571}