{"num_qubits": 4, "depth": 11, "num_circuit": 4, "num_generation": 50, "current_generation": 13, "fitnessss": [[0.42720412219322296, 0.5109658985780273, 0.4772956141217861, 0.5073135752796147], [0.5109658985780273, 0.5310170650204871, 0.49066368289032825, 0.4553076877492823], [0.5721517552201114, 0.5561121266181714, 0.5040452878635053, 0.495097486630048], [0.40034458520401683, 0.5561121266181714, 0.5178491950511231, 0.5313753087336867], [0.5561121266181714, 0.5313753087336867, 0.5119926986672041, 0.5561121266181714], [0.5561121266181714, 0.4634077065619344, 0.5561121266181714, 0.5561121266181714], [0.39768378279139255, 0.5561121266181714, 0.48950433671782767, 0.5561121266181714], [0.5561121266181714, 0.5561121266181714, 0.49211282199742135, 0.4899601638991139], [0.45586018888861857, 0.5036309780524914, 0.48975691244124936, 0.572882899048382], [0.5572204867054624, 0.5036309780524914, 0.496552524316206, 0.5036309780524914], [0.5572204867054624, 0.4651853273667701, 0.4926702888672848, 0.522680064334544], [0.5572204867054624, 0.5269401753297134, 0.5387012192779934, 0.5328848725857313], [0.5572204867054624, 0.5387012192779934, 0.47077779416644905, 0.6089628608253322]], "best_fitnesss": [0.5109658985780273, 0.5310170650204871, 0.5721517552201114, 0.5561121266181714, 0.5561121266181714, 0.5561121266181714, 0.5561121266181714, 0.5561121266181714, 0.572882899048382, 0.5572204867054624, 0.5572204867054624, 0.5572204867054624, 0.6089628608253322], "prob_mutate": 0.06818181818181818}