{"num_qubits": 4, "depth": 21, "num_circuit": 4, "num_generation": 50, "current_generation": 2, "fitnessss": [[0.8515985231128816, 0.7586420869081716, 0.72889538021314, 0.6965169121551623], [0.863595769507395, 0.7098871679548656, 0.822605270433946, 0.8072790956671414]], "best_fitnesss": [0.8515985231128816, 0.863595769507395], "prob_mutate": 0.03571428571428571}