{"num_qubits": 5, "depth": 22, "num_circuit": 8, "num_generation": 40, "current_generation": 5, "fitnessss": [[0.562207462485216, 0.6151313294188888, 0.702818375240222, 0.6429298073267008, 0.587299416579946, 0.5712314873229469, 0.6419454148119765, 0.6041665115323439], [0.6868342865416037, 0.5854868705279801, 0.6152677099370623, 0.67587124275845, 0.5439284873169599, 0.5525393959041958, 0.6686524488683007, 0.6624430513326414], [0.6868342865416037, 0.6562455538009802, 0.6868342865416037, 0.67587124275845, 0.6686524488683007, 0.6624430513326414, 0.6093834658640509, 0.6151313294188888], [0.6868342865416037, 0.6868342865416037, 0.6834261579298596, 0.6929511912975277, 0.67587124275845, 0.6686524488683007, 0.6024998845465708, 0.67201758798072], [0.7219300906047142, 0.6868342865416037, 0.6929511912975277, 0.6868342865416037, 0.6065908823618168, 0.6778400254963224, 0.6644315093672183, 0.6919489647555382]], "best_fitnesss": [0.702818375240222, 0.6868342865416037, 0.6868342865416037, 0.6929511912975277, 0.7219300906047142], "prob_mutate": 0.017045454545454544}