{"num_qubits": 6, "depth": 21, "num_circuit": 8, "num_generation": 30, "current_generation": 1, "fitnessss": [[0.3431639580516008, 0.4031439028887328, 0.361762398734286, 0.4460903282012363, 0.36333904646798065, 0.41013140395994385, 0.39375393356376176, 0.39285977492022883]], "best_fitnesss": [0.4460903282012363], "prob_mutate": 0.017857142857142856}