{"num_qubits": 6, "depth": 32, "num_circuit": 16, "num_generation": 20, "current_generation": 1, "fitnessss": [[0.6536723515754942, 0.5690670816237876, 0.578551308348482, 0.5435752163188539, 0.5680633742576918, 0.6643780415262016, 0.5352630446765309, 0.6444337013416306, 0.6141959309278852, 0.5165969151331853, 0.6401661661129974, 0.49613557005726977, 0.6113528508799402, 0.6005309588265282, 0.6483199285823182, 0.5319098924214796]], "best_fitnesss": [0.6643780415262016], "prob_mutate": 0.005859375}