{"num_qubits": 5, "depth": 17, "num_circuit": 4, "num_generation": 20, "current_generation": 3, "fitnessss": [[0.43980139191578294, 0.48180447891636946, 0.49322760493067397, 0.4317420563623533], [0.4907367032323121, 0.5056454796521399, 0.5176644953856187, 0.4957031768674588], [0.5383744160974883, 0.5056454796521399, 0.5292495306142946, 0.5056454796521399]], "best_fitnesss": [0.49322760493067397, 0.5176644953856187, 0.5383744160974883], "prob_mutate": 0.04411764705882353}