{"num_qubits": 4, "depth": 27, "num_circuit": 16, "num_generation": 30, "current_generation": 1, "fitnessss": [[0.8531180603520735, 0.8752979864933572, 0.856156975089106, 0.8753030806207949, 0.8867452619306867, 0.9158411785752566, 0.9125036879668331, 0.8984580625783399, 0.8644633130732575, 0.8505536007726484, 0.8398103397006776, 0.8787816200578538, 0.8694097982091481, 0.8718636194631131, 0.862426737100159, 0.8887913400740294]], "best_fitnesss": [0.9158411785752566], "prob_mutate": 0.006944444444444444}