{"num_qubits": 2, "depth": 4, "num_circuit": 4, "num_generation": 50, "current_generation": 19, "fitnessss": [[0.4143227508604572, 0.1887828606164609, 0.1887828606164609, 0.7673561352642254], [0.6441918743087608, 0.5639274089918451, 0.4275492151540671, 0.6070988024095231], [0.7202357725109819, 0.40815415312457504, 0.522677917193118, 0.5981428031972411], [0.7497463042004884, 0.5981428031972411, 0.5790209199100756, 0.647811320363031], [0.7497463042004884, 0.5188972944485724, 0.7497463042004884, 0.647811320363031], [0.7497463042004884, 0.7497463042004884, 0.7497463042004884, 0.6916664307353975], [0.5623845161980785, 0.6489092941073663, 0.7497463042004884, 0.7497463042004884], [0.7497463042004884, 0.7773816138256452, 0.7891753710348282, 0.7497463042004884], [0.6767217138978747, 0.5548787959056283, 0.6506907483189709, 0.6810446657245265], [0.6810446657245265, 0.6767217138978747, 0.6189366004339214, 0.6767217138978747], [0.2982628627724481, 0.7047673638192438, 0.6810446657245265, 0.5504740324058067], [0.5618981385308738, 0.6426433528067049, 0.6767217138978747, 0.34505499733742717], [0.6549242942929691, 0.6426433528067049, 0.7335719328497259, 0.7540134061492495], [0.7540134061492495, 0.4528707346402855, 0.7249502015446636, 0.6427214778767236], [0.7540134061492495, 0.6997462888308069, 0.49379158978380194, 0.7600231185812596], [0.7600231185812596, 0.7674613686687063, 0.5772075787043809, 0.6721165494917555], [0.7674613686687063, 0.6845648710975226, 0.7540134061492495, 0.6817895312925546], [0.6441942182319262, 0.7540134061492495, 0.6259081283161284, 0.7674613686687063], [0.8227927653290885, 0.6180765503228529, 0.5490716192111594, 0.7674613686687063]], "best_fitnesss": [0.7673561352642254, 0.6441918743087608, 0.7202357725109819, 0.7497463042004884, 0.7497463042004884, 0.7497463042004884, 0.7497463042004884, 0.7891753710348282, 0.6810446657245265, 0.6810446657245265, 0.7047673638192438, 0.6767217138978747, 0.7540134061492495, 0.7540134061492495, 0.7600231185812596, 0.7674613686687063, 0.7674613686687063, 0.7674613686687063, 0.8227927653290885], "prob_mutate": 0.1875}