{"num_qubits": 4, "depth": 29, "num_circuit": 16, "num_generation": 20, "current_generation": 5, "fitnessss": [[0.892321463898344, 0.8894970360799951, 0.8970735538029444, 0.9410722968680851, 0.9305019894064783, 0.8583032976449096, 0.9187324138430375, 0.9257065226982171, 0.8704055617616009, 0.8757662433785901, 0.9038156571865823, 0.8865351457450945, 0.9249464161246028, 0.9217841670871127, 0.8793543453621021, 0.9101408881750735], [0.9410722968680851, 0.9253785416914045, 0.9150175162414736, 0.9396834892122883, 0.9257065226982171, 0.9249464161246028, 0.9114103677135381, 0.8908257042027046, 0.9217841670871127, 0.9187324138430375, 0.9301030370473431, 0.9296419347321473, 0.9101408881750735, 0.9038156571865823, 0.9152924081171223, 0.8597074784306129], [0.9410722968680851, 0.9396834892122883, 0.9410722968680851, 0.9396834892122883, 0.9301030370473431, 0.9296419347321473, 0.9351325314117359, 0.9187324138430375, 0.9257065226982171, 0.9253785416914045, 0.8865556137171351, 0.9146852738729615, 0.9249464161246028, 0.9217841670871127, 0.9128249852974857, 0.9106552758619095], [0.9410722968680851, 0.9410722968680851, 0.9410722968680851, 0.9410722968680851, 0.9396834892122883, 0.9396834892122883, 0.9396834892122883, 0.9396834892122883, 0.9351325314117359, 0.9301030370473431, 0.9293882163480343, 0.9357870569951572, 0.9296419347321473, 0.9257065226982171, 0.914549545942684, 0.920296844895948], [0.9391530925663776, 0.9410722968680851, 0.9410722968680851, 0.9410722968680851, 0.9410722968680851, 0.9363604343409359, 0.9410722968680851, 0.9410722968680851, 0.9396834892122883, 0.9396834892122883, 0.9396834892122883, 0.9354671696481723, 0.9396834892122883, 0.9396834892122883, 0.9396834892122883, 0.9396834892122883]], "best_fitnesss": [0.9410722968680851, 0.9410722968680851, 0.9410722968680851, 0.9410722968680851, 0.9410722968680851], "prob_mutate": 0.00646551724137931}