{"num_qubits": 4, "depth": 11, "num_circuit": 8, "num_generation": 10, "current_generation": 6, "fitnessss": [[0.6205214775644788, 0.43404533456380684, 0.5050630202077278, 0.492511616662215, 0.4079168302419502, 0.52235788096945, 0.46007158430449857, 0.45672643973579075], [0.6205214775644788, 0.5309342297412257, 0.5509786867091628, 0.5683917550562603, 0.5050630202077278, 0.492511616662215, 0.41265921365196256, 0.47547082415077524], [0.6205214775644788, 0.5683917550562603, 0.5026681853054574, 0.6203774811590772, 0.5509786867091628, 0.48945230005205503, 0.4298462633446092, 0.52235788096945], [0.6205214775644788, 0.6203774811590772, 0.6205214775644788, 0.6203774811590772, 0.5940232088059764, 0.5509786867091628, 0.5140592775575747, 0.5895194278855181], [0.6205214775644788, 0.5620031528743423, 0.6205214775644788, 0.6205214775644788, 0.6203774811590772, 0.6203774811590772, 0.6203774811590772, 0.6203774811590772], [0.6205214775644788, 0.6205214775644788, 0.6205214775644788, 0.5968140107910888, 0.627731325149324, 0.6203774811590772, 0.5351981997321852, 0.5861171993097753]], "best_fitnesss": [0.6205214775644788, 0.6205214775644788, 0.6205214775644788, 0.6205214775644788, 0.6205214775644788, 0.627731325149324], "prob_mutate": 0.03409090909090909}