{"num_qubits": 5, "depth": 10, "num_circuit": 32, "num_generation": 40, "current_generation": 18, "fitnessss": [[0.23391236933178047, 0.2871582565860987, 0.28648036369400065, 0.24479435954018913, 0.2917550807162436, 0.32210332922391977, 0.32105653852856875, 0.2014178702560506, 0.3627275677962041, 0.20606120676630352, 0.33201213374197314, 0.39376129642336477, 0.31191966125887877, 0.2732526779652035, 0.28878160822999066, 0.2756432336918837, 0.2755089506063612, 0.24890767226544214, 0.30991331618495094, 0.28473264072948734, 0.2879738294784918, 0.2227577994637469, 0.3237129506830637, 0.3371263275830949, 0.3482273261074761, 0.319008915690962, 0.25601115660703666, 0.2800715141039315, 0.3158444770136201, 0.34193348338313767, 0.4126122919702507, 0.20994841033785033], [0.4126122919702507, 0.39376129642336477, 0.36785674104246074, 0.4032561727348728, 0.3627275677962041, 0.3482273261074761, 0.2984344476938279, 0.41996656032025054, 0.34193348338313767, 0.3371263275830949, 0.25681559026330447, 0.35302715667549267, 0.33201213374197314, 0.3237129506830637, 0.33460544899188954, 0.2559880730397233, 0.32210332922391977, 0.32105653852856875, 0.3094669813830583, 0.3205144669179481, 0.319008915690962, 0.3158444770136201, 0.3303129437627003, 0.3022527666686442, 0.31191966125887877, 0.30991331618495094, 0.4046599942261624, 0.2770262418348078, 0.2917550807162436, 0.28878160822999066, 0.25132817296875326, 0.3310936191679871], [0.41996656032025054, 0.4126122919702507, 0.40827199309273, 0.3882749621108978, 0.4046599942261624, 0.4032561727348728, 0.3713384924065505, 0.38514226239262694, 0.39376129642336477, 0.36785674104246074, 0.31159992011760174, 0.36785674104246074, 0.3627275677962041, 0.35302715667549267, 0.42510565782000365, 0.36104435895247694, 0.3482273261074761, 0.34193348338313767, 0.4559231395397306, 0.2604435091261553, 0.3371263275830949, 0.33460544899188954, 0.3143706518296918, 0.32164232010854493, 0.33201213374197314, 0.3310936191679871, 0.40737420195256097, 0.2895358039191657, 0.3303129437627003, 0.3237129506830637, 0.3246305376671, 0.26578767636877804], [0.4559231395397306, 0.42510565782000365, 0.4559231395397306, 0.42510565782000365, 0.41996656032025054, 0.4126122919702507, 0.40827199309273, 0.3882749621108978, 0.40827199309273, 0.40737420195256097, 0.3903044000553443, 0.34334950083338833, 0.4046599942261624, 0.4032561727348728, 0.3713384924065505, 0.38514226239262694, 0.39376129642336477, 0.3882749621108978, 0.36726415523619294, 0.36785674104246074, 0.38514226239262694, 0.3713384924065505, 0.4032561727348728, 0.4046599942261624, 0.36785674104246074, 0.36785674104246074, 0.36785674104246074, 0.36785674104246074, 0.3282654723999821, 0.36104435895247694, 0.3627275677962041, 0.36104435895247694], [0.4559231395397306, 0.4559231395397306, 0.4559231395397306, 0.4559231395397306, 0.42510565782000365, 0.42510565782000365, 0.42510565782000365, 0.42510565782000365, 0.41996656032025054, 0.4126122919702507, 0.40827199309273, 0.3882749621108978, 0.40827199309273, 0.40827199309273, 0.40581392523361687, 0.40827199309273, 0.37609792409025256, 0.4046599942261624, 0.34979161502392253, 0.3615341902395522, 0.4046599942261624, 0.4032561727348728, 0.3713384924065505, 0.38514226239262694, 0.4032561727348728, 0.39376129642336477, 0.3776837918256975, 0.4032561727348728, 0.3903044000553443, 0.3882749621108978, 0.41996656032025054, 0.36273200125341365], [0.4559231395397306, 0.4559231395397306, 0.4559231395397306, 0.4559231395397306, 0.4559231395397306, 0.4559231395397306, 0.4559231395397306, 0.4559231395397306, 0.42510565782000365, 0.42510565782000365, 0.42510565782000365, 0.42510565782000365, 0.32908078357927223, 0.337201884037346, 0.42510565782000365, 0.42510565782000365, 0.41996656032025054, 0.41996656032025054, 0.41996656032025054, 0.41996656032025054, 0.4126122919702507, 0.40827199309273, 0.4126122919702507, 0.40827199309273, 0.3946435303717209, 0.40827199309273, 0.413847761689654, 0.40827199309273, 0.40827199309273, 0.40581392523361687, 0.40827199309273, 0.40581392523361687], [0.43942811584091934, 0.4559231395397306, 0.4559231395397306, 0.4559231395397306, 0.3442457577266712, 0.4559231395397306, 0.4559231395397306, 0.4559231395397306, 0.4559231395397306, 0.4559231395397306, 0.4559231395397306, 0.4559231395397306, 0.4559231395397306, 0.4559231395397306, 0.4559231395397306, 0.4559231395397306, 0.42510565782000365, 0.42510565782000365, 0.42510565782000365, 0.42510565782000365, 0.42510565782000365, 0.42510565782000365, 0.42510565782000365, 0.42510565782000365, 0.37251599212333203, 0.42510565782000365, 0.42510565782000365, 0.42510565782000365, 0.41996656032025054, 0.41996656032025054, 0.41996656032025054, 0.4139116481850119], [0.4559231395397306, 0.4559231395397306, 0.4559231395397306, 0.39981028539131425, 0.4559231395397306, 0.4559231395397306, 0.4559231395397306, 0.4559231395397306, 0.4559231395397306, 0.4559231395397306, 0.4559231395397306, 0.4559231395397306, 0.4559231395397306, 0.4559231395397306, 0.4559231395397306, 0.4559231395397306, 0.4559231395397306, 0.4559231395397306, 0.4559231395397306, 0.4559231395397306, 0.4559231395397306, 0.4559231395397306, 0.4559231395397306, 0.4559231395397306, 0.4559231395397306, 0.4559231395397306, 0.4559231395397306, 0.4559231395397306, 0.43942811584091934, 0.42510565782000365, 0.4559231395397306, 0.34549894463069286], [0.4559231395397306, 0.43400136781384535, 0.4559231395397306, 0.4559231395397306, 0.4559231395397306, 0.4559231395397306, 0.4559231395397306, 0.4559231395397306, 0.4559231395397306, 0.4559231395397306, 0.4559231395397306, 0.4559231395397306, 0.4559231395397306, 0.4559231395397306, 0.4559231395397306, 0.4559231395397306, 0.4559231395397306, 0.4559231395397306, 0.4559231395397306, 0.4559231395397306, 0.4689144147408982, 0.4559231395397306, 0.4639413128083671, 0.4559231395397306, 0.4559231395397306, 0.4559231395397306, 0.4283190285613069, 0.4559231395397306, 0.4559231395397306, 0.4559231395397306, 0.4559231395397306, 0.4559231395397306], [0.427128316529055, 0.4639413128083671, 0.4639413128083671, 0.4689144147408982, 0.4559231395397306, 0.3890975802114977, 0.4559231395397306, 0.4559231395397306, 0.4559231395397306, 0.4559231395397306, 0.4559231395397306, 0.4559231395397306, 0.4559231395397306, 0.4559231395397306, 0.4559231395397306, 0.4559231395397306, 0.4559231395397306, 0.4559231395397306, 0.4559231395397306, 0.4559231395397306, 0.4559231395397306, 0.33667702390199883, 0.4559231395397306, 0.4559231395397306, 0.4559231395397306, 0.4559231395397306, 0.4559231395397306, 0.4559231395397306, 0.4559231395397306, 0.4559231395397306, 0.4559231395397306, 0.4559231395397306], [0.4689144147408982, 0.4639413128083671, 0.4639413128083671, 0.4689144147408982, 0.4639413128083671, 0.4559231395397306, 0.4559231395397306, 0.4639413128083671, 0.4559231395397306, 0.4559231395397306, 0.4559231395397306, 0.3925290237798164, 0.4559231395397306, 0.4559231395397306, 0.4559231395397306, 0.4559231395397306, 0.4559231395397306, 0.4559231395397306, 0.4559231395397306, 0.4248236891852388, 0.4559231395397306, 0.4559231395397306, 0.4559231395397306, 0.4559231395397306, 0.4559231395397306, 0.4559231395397306, 0.4559231395397306, 0.40567778708538177, 0.4559231395397306, 0.4559231395397306, 0.4559231395397306, 0.4149470173850487], [0.4689144147408982, 0.4689144147408982, 0.4689144147408982, 0.4689144147408982, 0.4639413128083671, 0.4639413128083671, 0.4639413128083671, 0.4639413128083671, 0.4639413128083671, 0.4639413128083671, 0.4639413128083671, 0.3958034574301539, 0.4559231395397306, 0.4559231395397306, 0.4290128457166012, 0.4559231395397306, 0.40232475823478203, 0.4559231395397306, 0.4559231395397306, 0.4559231395397306, 0.4559231395397306, 0.4559231395397306, 0.4559231395397306, 0.4559231395397306, 0.4559231395397306, 0.4559231395397306, 0.4559231395397306, 0.4559231395397306, 0.4559231395397306, 0.4559231395397306, 0.4559231395397306, 0.4559231395397306], [0.4689144147408982, 0.4689144147408982, 0.4689144147408982, 0.4689144147408982, 0.4689144147408982, 