{"num_qubits": 2, "depth": 5, "num_circuit": 8, "num_generation": 30, "current_generation": 4, "fitnessss": [[0.6120591634214408, 0.22408010446418727, 0.772406274873658, 0.615323114565096, 0.47878188056285065, 0.612896577153219, 0.5523182430286331, 0.5871584326451782], [0.6741535284387212, 0.7324856907317935, 0.6256876600138155, 0.45944346838065064, 0.612896577153219, 0.6120591634214408, 0.4857188984960786, 0.6168595958192595], [0.7324856907317935, 0.6741535284387212, 0.6933682987352625, 0.7657754018047787, 0.6498876150807407, 0.6168595958192595, 0.6780882712998408, 0.5824419199168058], [0.7657754018047787, 0.7324856907317935, 0.6022929173155223, 0.8007858717493639, 0.6933682987352625, 0.6780882712998408, 0.6481002022999769, 0.6239071652744995]], "best_fitnesss": [0.772406274873658, 0.7324856907317935, 0.7657754018047787, 0.8007858717493639], "prob_mutate": 0.075}