{"num_qubits": 5, "depth": 6, "num_circuit": 4, "num_generation": 50, "current_generation": 50, "fitnessss": [[0.18525683925005026, 0.2808713677382769, 0.1944196307114468, 0.18943972662785277], [0.2808713677382769, 0.208020689899918, 0.2307197421648382, 0.19705053774452191], [0.28587108549142937, 0.2307197421648382, 0.25979838561528473, 0.2808713677382769], [0.18614102940090466, 0.2731330760246323, 0.2808713677382769, 0.2045749388850072], [0.2808713677382769, 0.2731330760246323, 0.2731330760246323, 0.2808713677382769], [0.2808713677382769, 0.2717563335109493, 0.18006052309716591, 0.2808713677382769], [0.26191502974183944, 0.2808713677382769, 0.19600734088994212, 0.28157336332358307], [0.28157336332358307, 0.2524095091733945, 0.25263565782751385, 0.2483167199523364], [0.28157336332358307, 0.25263565782751385, 0.25263565782751385, 0.27777780320614764], [0.28157336332358307, 0.2256188154540129, 0.27777780320614764, 0.28157336332358307], [0.28157336332358307, 0.28157336332358307, 0.2477264231530437, 0.28157336332358307], [0.2892997094071259, 0.2042984727545205, 0.28157336332358307, 0.28157336332358307], [0.2917001685058092, 0.28157336332358307, 0.28157336332358307, 0.2892997094071259], [0.24122256927949826, 0.2586170524993451, 0.23385322183929116, 0.2760640684954189], [0.19659115486319426, 0.27895267680981223, 0.2599127281476612, 0.19087982886987004], [0.22605868699979528, 0.27266529071609813, 0.15103988974713486, 0.19006079672148476], [0.27266529071609813, 0.22605868699979528, 0.20304644713614844, 0.22608099387004182], [0.23960162992518538, 0.22591791766444214, 0.25206546521180007, 0.25252280954506484], [0.2592306459193828, 0.19428577657080273, 0.2179642433522909, 0.2354872120976565], [0.23320828755119916, 0.18931753174274782, 0.21747236907946815, 0.2178762672226203], [0.23320828755119916, 0.2178762672226203, 0.1711944890791468, 0.2047371717387702], [0.23320828755119916, 0.15071246076727102, 0.18554221454619155, 0.21341480687503972], [0.20488383428517132, 0.20173209926573152, 0.2195628405396138, 0.24500596787088136], [0.2273082225462491, 0.2158966972504704, 0.19612718889834016, 0.20538213805774275], [0.2273082225462491, 0.26740912915276044, 0.23394027668441897, 0.23956734195400262], [0.26740912915276044, 0.22892417495228354, 0.20432202946517716, 0.2058060624338361], [0.24120115962680208, 0.18414279630990316, 0.20432202946517716, 0.21154428034647096], [0.24120115962680208, 0.21154428034647096, 0.24303232067304292, 0.19397197764768306], [0.24303232067304292, 0.2089373683409203, 0.203796228733923, 0.19784995980686554], [0.22214783602580193, 0.19812725688354732, 0.2059463551368565, 0.22325800104674992], [0.22325800104674992, 0.22214783602580193, 0.19752893185751674, 0.22214783602580193], [0.22325800104674992, 0.24153307689835385, 0.22325800104674992, 0.22214783602580193], [0.24801233749562418, 0.22325800104674992, 0.22214783602580193, 0.2255768616860636], [0.23620179128159308, 0.23130991534222317, 0.19358885938827528, 0.2255768616860636], [0.23620179128159308, 0.23130991534222317, 0.20837621171300996, 0.18060180800776174], [0.23620179128159308, 0.19257373670288053, 0.22611709379612527, 0.23919525992632087], [0.19852003761775255, 0.21039060900066459, 0.23720411410790176, 0.16152162974052622], [0.23720411410790176, 0.21392373645895332, 0.23720411410790176, 0.22820267595185947], [0.25237611130422477, 0.26406051562272426, 0.24011787961297065, 0.22029153153018743], [0.26406051562272426, 0.25237611130422477, 0.24618064534036685, 0.2544766466948896], [0.26406051562272426, 0.24971882944264817, 0.19165299799261515, 0.18744855309520747], [0.2306346154404148, 0.24944233916647657, 0.2990301732151077, 0.2544766466948896], [0.2259103153435385, 0.2544766466948896, 0.32567882936675313, 0.24971882944264817], [0.2570673814130477, 0.21966174391892745, 0.28920783748019374, 0.19688776824455542], [0.21772007853686381, 0.2570673814130477, 0.32567882936675313, 0.25320331446896394], [0.30023963145001736, 0.2750177668828576, 0.32567882936675313, 0.25477261265580875], [0.32567882936675313, 0.30023963145001736, 0.30023963145001736, 0.233267516104077], [0.2214816760870062, 0.30023963145001736, 0.30023963145001736, 0.32567882936675313], [0.32567882936675313, 0.1672031773405333, 0.27801706777259966, 0.28658586215220294], [0.20207568027665382, 0.28658586215220294, 0.2645595179027753, 0.23422148557672778]], "best_fitnesss": [0.2808713677382769, 0.2808713677382769, 0.28587108549142937, 0.2808713677382769, 0.2808713677382769, 0.2808713677382769, 0.28157336332358307, 0.28157336332358307, 0.28157336332358307, 0.28157336332358307, 0.28157336332358307, 0.2892997094071259, 0.2917001685058092, 0.2760640684954189, 0.27895267680981223, 0.27266529071609813, 0.27266529071609813, 0.25252280954506484, 0.2592306459193828, 0.23320828755119916, 0.23320828755119916, 0.23320828755119916, 0.24500596787088136, 0.2273082225462491, 0.26740912915276044, 0.26740912915276044, 0.24120115962680208, 0.24303232067304292, 0.24303232067304292, 0.22325800104674992, 0.22325800104674992, 0.24153307689835385, 0.24801233749562418, 0.23620179128159308, 0.23620179128159308, 0.23919525992632087, 0.23720411410790176, 0.23720411410790176, 0.26406051562272426, 0.26406051562272426, 0.26406051562272426, 0.2990301732151077, 0.32567882936675313, 0.28920783748019374, 0.32567882936675313, 0.32567882936675313, 0.32567882936675313, 0.32567882936675313, 0.32567882936675313, 0.28658586215220294], "prob_mutate": 0.125}