{"num_qubits": 6, "depth": 37, "num_circuit": 16, "num_generation": 30, "current_generation": 2, "fitnessss": [[0.6551056625724604, 0.650316520223856, 0.6487762731791105, 0.638719615826486, 0.5814002754782461, 0.689684750468414, 0.7109628978581797, 0.6818339305696338, 0.6640767410429499, 0.6752871575863795, 0.586187669166019, 0.680354591278627, 0.6265827788454639, 0.6919253083035718, 0.6536547635638715, 0.6010766162787528], [0.7237645653711376, 0.6985281490001024, 0.6881356834397869, 0.7292810858522977, 0.689684750468414, 0.6818339305696338, 0.6987980203884836, 0.6440249668004959, 0.680354591278627, 0.6752871575863795, 0.6589117298039385, 0.6919393228095293, 0.6640767410429499, 0.6551056625724604, 0.6540653784814973, 0.6932438197242522]], "best_fitnesss": [0.7109628978581797, 0.7292810858522977], "prob_mutate": 0.005067567567567568}