{"num_qubits": 5, "depth": 18, "num_circuit": 8, "num_generation": 20, "current_generation": 3, "fitnessss": [[0.5024456612540058, 0.5886044102308405, 0.5440488433035, 0.5071934391812711, 0.6074648458142846, 0.5182491644209217, 0.5649913753283757, 0.5287093576528725], [0.6074648458142846, 0.48915694909956275, 0.48608978360423166, 0.5775001274413241, 0.5649913753283757, 0.5440488433035, 0.5599261349501159, 0.5384893439398868], [0.5656693119913128, 0.5775001274413241, 0.5713980971144762, 0.599274209019603, 0.5649913753283757, 0.5599261349501159, 0.5599261349501159, 0.573164748701622]], "best_fitnesss": [0.6074648458142846, 0.6074648458142846, 0.599274209019603], "prob_mutate": 0.020833333333333332}