{"num_qubits": 5, "depth": 5, "num_circuit": 4, "num_generation": 50, "current_generation": 50, "fitnessss": [[0.12269192024140767, 0.22924296940473984, 0.1388312269256045, 0.17911563146099116], [0.22924296940473984, 0.12748804521734486, 0.21243978490265233, 0.14843529595433697], [0.11425246388196439, 0.21243978490265233, 0.21243978490265233, 0.22924296940473984], [0.2068610178695554, 0.21243978490265233, 0.19513316449020668, 0.22924296940473984], [0.17917930774718155, 0.17669564827028061, 0.21243978490265233, 0.16463192887627073], [0.14736991605277033, 0.17917930774718155, 0.16621101241116512, 0.143402913928722], [0.17917930774718155, 0.16621101241116512, 0.17917930774718155, 0.20869099428449753], [0.20869099428449753, 0.17669183732096233, 0.16621101241116512, 0.16445128779807677], [0.17700481836114226, 0.17669183732096233, 0.16069285983867676, 0.17139430574467057], [0.13637871961544193, 0.13284600012180164, 0.2108220306434332, 0.17510262726236514], [0.2108220306434332, 0.13523137537265434, 0.17442646082725197, 0.16843918796557591], [0.20059790626107737, 0.17442646082725197, 0.1475507073023073, 0.2108220306434332], [0.1689909135281377, 0.20059790626107737, 0.1778931509047191, 0.1506504757910706], [0.16096321092398105, 0.1778931509047191, 0.1778931509047191, 0.12479299361562168], [0.1425618052820018, 0.1778931509047191, 0.1778931509047191, 0.1778931509047191], [0.1778931509047191, 0.21130998000299184, 0.13752278734550175, 0.1778931509047191], [0.1773857803343501, 0.1921146590261907, 0.1778931509047191, 0.21130998000299184], [0.24265626356367606, 0.1921146590261907, 0.17592846311694244, 0.19526729950130864], [0.15316232059001997, 0.2045072667370608, 0.19654033068739118, 0.24265626356367606], [0.24265626356367606, 0.2045072667370608, 0.2045072667370608, 0.24265626356367606], [0.18471511019784354, 0.24265626356367606, 0.20615555179691375, 0.1697478020599299], [0.24265626356367606, 0.20615555179691375, 0.20615555179691375, 0.20693617061672356], [0.24265626356367606, 0.20077728907122444, 0.1984500774064397, 0.1902914441716942], [0.24265626356367606, 0.20077728907122444, 0.16344294125406514, 0.24265626356367606], [0.1525521865249597, 0.1935962512722536, 0.15046079363810452, 0.17973948510663523], [0.17444030017287454, 0.18156975987157928, 0.1518165663221564, 0.17936125362800553], [0.22020143510983817, 0.1736902632625284, 0.16623322975612148, 0.1742769247635228], [0.22020143510983817, 0.1742769247635228, 0.23612301537186298, 0.1742769247635228], [0.23612301537186298, 0.1948633993956299, 0.2175356757413974, 0.21720106648414833], [0.19024751403602497, 0.2175356757413974, 0.2175356757413974, 0.19600181713128773], [0.22822423828919502, 0.191895000008722, 0.20097131268212215, 0.18573360718974338], [0.19880942203579183, 0.20097131268212215, 0.205449043138125, 0.22822423828919502], [0.22822423828919502, 0.17868923340191434, 0.22071995261040883, 0.1935763211739432], [0.22822423828919502, 0.22071995261040883, 0.1738399049491462, 0.23350383574875977], [0.23350383574875977, 0.22822423828919502, 0.22959541150458646, 0.15626016528407563], [0.23350383574875977, 0.22959541150458646, 0.16229435229772132, 0.09567486392064764], [0.23350383574875977, 0.22959541150458646, 0.0538072275150213, 0.17654295586049157], [0.1696916179201426, 0.22959541150458646, 0.22959541150458646, 0.23350383574875977], [0.23350383574875977, 0.21580533332275847, 0.19824709268334145, 0.23350383574875977], [0.17789118705781343, 0.23350383574875977, 0.23350383574875977, 0.23350383574875977], [0.23350383574875977, 0.17655321175560826, 0.2294122682946929, 0.22251169475002022], [0.11770743203298503, 0.2294122682946929, 0.2294122682946929, 0.23350383574875977], [0.15657061543769016, 0.1594589671637003, 0.2294122682946929, 0.1715094461431828], [0.2294122682946929, 0.1715094461431828, 0.18369739018082126, 0.16573139824385713], [0.2294122682946929, 0.0851188930827437, 0.09494801352789418, 0.2294122682946929], [0.13890919904321863, 0.2294122682946929, 0.16409354574496143, 0.15826767866868036], [0.18988242750207215, 0.16409354574496143, 0.16409354574496143, 0.17432324550700457], [0.1756297053199625, 0.17432324550700457, 0.1547233600785793, 0.18988242750207215], [0.11664508844886781, 0.21008569262141896, 0.15873939184560842, 0.19031223910989198], [0.21008569262141896, 0.16636744867247938, 0.2120203271316897, 0.10890613863916856]], "best_fitnesss": [0.22924296940473984, 0.22924296940473984, 0.22924296940473984, 0.22924296940473984, 0.21243978490265233, 0.17917930774718155, 0.20869099428449753, 0.20869099428449753, 0.17700481836114226, 0.2108220306434332, 0.2108220306434332, 0.2108220306434332, 0.20059790626107737, 0.1778931509047191, 0.1778931509047191, 0.21130998000299184, 0.21130998000299184, 0.24265626356367606, 0.24265626356367606, 0.24265626356367606, 0.24265626356367606, 0.24265626356367606, 0.24265626356367606, 0.24265626356367606, 0.1935962512722536, 0.18156975987157928, 0.22020143510983817, 0.23612301537186298, 0.23612301537186298, 0.2175356757413974, 0.22822423828919502, 0.22822423828919502, 0.22822423828919502, 0.23350383574875977, 0.23350383574875977, 0.23350383574875977, 0.23350383574875977, 0.23350383574875977, 0.23350383574875977, 0.23350383574875977, 0.23350383574875977, 0.23350383574875977, 0.2294122682946929, 0.2294122682946929, 0.2294122682946929, 0.2294122682946929, 0.18988242750207215, 0.18988242750207215, 0.21008569262141896, 0.2120203271316897], "prob_mutate": 0.15}