{"num_qubits": 4, "depth": 11, "num_circuit": 16, "num_generation": 50, "current_generation": 1, "fitnessss": [[0.512575642788579, 0.519255137454171, 0.4732963084083316, 0.5855333623241771, 0.5192123817063226, 0.4466976553343591, 0.526871119369884, 0.4083332835074378, 0.48891455954082963, 0.4308534592935874, 0.4627860893056804, 0.5149385747017078, 0.5436476380908248, 0.4858325093872726, 0.5037545564593583, 0.364443467819472]], "best_fitnesss": [0.5855333623241771], "prob_mutate": 0.017045454545454544}