{"num_qubits": 4, "depth": 24, "num_circuit": 8, "num_generation": 40, "current_generation": 3, "fitnessss": [[0.7792814587866099, 0.8611920491647329, 0.8030216244798705, 0.8777741741197722, 0.8592582328324303, 0.8671028932166189, 0.8649971963713596, 0.8362916234942077], [0.8777741741197722, 0.8671028932166189, 0.8625827082811199, 0.8536704641400681, 0.8649971963713596, 0.8611920491647329, 0.8627505317127451, 0.8404295013193476], [0.8739421891390464, 0.8671028932166189, 0.8625827082811199, 0.8421171104721233, 0.8649971963713596, 0.8627505317127451, 0.8888483140171772, 0.817309389089087]], "best_fitnesss": [0.8777741741197722, 0.8777741741197722, 0.8888483140171772], "prob_mutate": 0.015625}