{"num_qubits": 5, "depth": 21, "num_circuit": 16, "num_generation": 30, "current_generation": 2, "fitnessss": [[0.5564733554968966, 0.6314929452495137, 0.6770946739484913, 0.5558102179236988, 0.5053591276694458, 0.6045645272705965, 0.6705879180449422, 0.6661897032911211, 0.6064934670398391, 0.6076715661005674, 0.5675285254444782, 0.6304723592311853, 0.6137683912055127, 0.568496624283409, 0.6665151944675041, 0.6476041159869291], [0.7305190092306129, 0.6705879180449422, 0.7435614859864412, 0.66991384605996, 0.6665151944675041, 0.6661897032911211, 0.6343279693010389, 0.6246892970210702, 0.6476041159869291, 0.6314929452495137, 0.7580998617385643, 0.5350734010877571, 0.6304723592311853, 0.6137683912055127, 0.5704386121557972, 0.6373677559315503]], "best_fitnesss": [0.6770946739484913, 0.7580998617385643], "prob_mutate": 0.008928571428571428}