{"num_qubits": 5, "depth": 16, "num_circuit": 32, "num_generation": 40, "current_generation": 4, "fitnessss": [[0.5430330249650744, 0.4545407651198996, 0.4291026659320701, 0.47925267462506216, 0.4723253823986708, 0.5132824465302455, 0.485317389654336, 0.5484609715157874, 0.44954831454090904, 0.4987783661400835, 0.49325648039366304, 0.4358287518959778, 0.5348376268784637, 0.41683725944251987, 0.4514754295634679, 0.4813375049924473, 0.43067597477734065, 0.37955407513335226, 0.5558235464989474, 0.5297494866330271, 0.531265190311748, 0.5250875773534387, 0.4899419223019789, 0.44040885573187544, 0.5273788600902962, 0.5069310560125817, 0.4814679716418463, 0.5538187251974678, 0.48589661863195444, 0.42603172309748916, 0.6058000875887022, 0.543891330629785], [0.6058000875887022, 0.5558235464989474, 0.4834423165252845, 0.5582935994578061, 0.5538187251974678, 0.5484609715157874, 0.5199720718622298, 0.5467126416324217, 0.543891330629785, 0.5430330249650744, 0.5263820363845031, 0.49161674650171616, 0.5348376268784637, 0.531265190311748, 0.5204311350029112, 0.5116632817808421, 0.5297494866330271, 0.5273788600902962, 0.5324464625208742, 0.4937774949714503, 0.5250875773534387, 0.5132824465302455, 0.4990120798273793, 0.4556873040136864, 0.5069310560125817, 0.4987783661400835, 0.46121233532017863, 0.5848860288364002, 0.49325648039366304, 0.4899419223019789, 0.42471354379228926, 0.46950565974443537], [0.6058000875887022, 0.5848860288364002, 0.5455921811159328, 0.5712368289952506, 0.5582935994578061, 0.4810657051098145, 0.5558235464989474, 0.5582935994578061, 0.5538187251974678, 0.5484609715157874, 0.5199720718622298, 0.5467126416324217, 0.5467126416324217, 0.543891330629785, 0.5545186132702832, 0.552109476441722, 0.5430330249650744, 0.5348376268784637, 0.4674786465307065, 0.4907619136207798, 0.5324464625208742, 0.531265190311748, 0.5371426782378881, 0.5478055735580887, 0.5297494866330271, 0.5273788600902962, 0.5324464625208742, 0.4937774949714503, 0.5263820363845031, 0.5250875773534387, 0.5399294568789268, 0.5263069553306768], [0.6058000875887022, 0.5848860288364002, 0.5455921811159328, 0.5712368289952506, 0.5712368289952506, 0.5582935994578061, 0.5207837636135898, 0.5626101799136677, 0.5582935994578061, 0.5558235464989474, 0.5558235464989474, 0.5582935994578061, 0.5545186132702832, 0.5538187251974678, 0.5467126416324217, 0.5250704312834394, 0.552109476441722, 0.5484609715157874, 0.4785268939034003, 0.5467126416324217, 0.5478055735580887, 0.5467126416324217, 0.5433479140879369, 0.5604399682674945, 0.5467126416324217, 0.5455921811159328, 0.6029237625012038, 0.5702183693288337, 0.5848093710774174, 0.5528877658526768, 0.5263820363845031, 0.49161674650171616]], "best_fitnesss": [0.6058000875887022, 0.6058000875887022, 0.6058000875887022, 0.6058000875887022], "prob_mutate": 0.005859375}