{"num_qubits": 6, "depth": 23, "num_circuit": 16, "num_generation": 20, "current_generation": 2, "fitnessss": [[0.4279708372563015, 0.5189717138706982, 0.49606250070294405, 0.4365870970382251, 0.48216619637922137, 0.538262453495056, 0.43268726308463706, 0.4343134788891726, 0.45849050352549126, 0.48515648261879063, 0.48220611529590773, 0.4816523302060525, 0.4445669162235726, 0.46057587953585655, 0.45459085236830415, 0.4726473470075253], [0.538262453495056, 0.5189717138706982, 0.5091053483527002, 0.4920758655443242, 0.49606250070294405, 0.49367409582675803, 0.5475618738549664, 0.46567185861800675, 0.49098009502013545, 0.48216619637922137, 0.4718510643722148, 0.45077419295710286, 0.4323129269605591, 0.4726473470075253, 0.4443855980450345, 0.46391946212843527]], "best_fitnesss": [0.538262453495056, 0.5475618738549664], "prob_mutate": 0.008152173913043478}