{"num_qubits": 4, "depth": 23, "num_circuit": 16, "num_generation": 40, "current_generation": 1, "fitnessss": [[0.8733262949804391, 0.8150456788373667, 0.7385674894506113, 0.836037769338543, 0.8219213611686582, 0.8191095576625763, 0.8220757844766764, 0.8547114757412981, 0.7950807699682225, 0.8433557170105581, 0.8951559757574759, 0.7186043907382027, 0.7325224408875182, 0.8241144262003507, 0.8056730255528806, 0.8753927952557353]], "best_fitnesss": [0.8951559757574759], "prob_mutate": 0.008152173913043478}