{"num_qubits": 6, "depth": 27, "num_circuit": 8, "num_generation": 20, "current_generation": 4, "fitnessss": [[0.5288841637693737, 0.526576330838542, 0.5640546759833087, 0.5204684382809608, 0.5789466338805971, 0.49708986571618646, 0.46811075088989174, 0.5328545290666544], [0.5693418445175052, 0.5640546759833087, 0.5297053013172426, 0.5583888068086778, 0.5568407776264597, 0.5723292620942103, 0.5538721671017253, 0.5357603446911468], [0.5537208480401932, 0.5693418445175052, 0.54528434067918, 0.5616111302354498, 0.5640546759833087, 0.5583888068086778, 0.5259300290413049, 0.5640546759833087], [0.5693418445175052, 0.5640546759833087, 0.5534022233053632, 0.5583888068086778, 0.5640546759833087, 0.5926543681849676, 0.563467097660932, 0.5534022233053632]], "best_fitnesss": [0.5789466338805971, 0.5723292620942103, 0.5693418445175052, 0.5926543681849676], "prob_mutate": 0.013888888888888888}