{"num_qubits": 4, "depth": 11, "num_circuit": 32, "num_generation": 50, "current_generation": 6, "fitnessss": [[0.4637351882498887, 0.5446813040773993, 0.5034024625911167, 0.4915868940200113, 0.47711202891978655, 0.5991722629493517, 0.6134896996757436, 0.6453906366238622, 0.5034808917764082, 0.3470901791495065, 0.5222252147481645, 0.44700004146426087, 0.52732698365886, 0.5583793020072075, 0.3939327989336916, 0.22309513188282754, 0.46067622441149353, 0.42711583858315477, 0.5390256835138246, 0.4883043513326534, 0.4608425002598282, 0.38557649989668025, 0.5391085635034346, 0.5712053012785433, 0.5181827138876972, 0.4959138553451413, 0.5638067079302037, 0.5384519047149281, 0.5868219356848612, 0.45190066737504486, 0.4366619760772191, 0.26631552308078393], [0.6453906366238622, 0.6134896996757436, 0.5928723153960457, 0.5922702253135139, 0.5991722629493517, 0.5868219356848612, 0.617337353033523, 0.45562161134412005, 0.5712053012785433, 0.5638067079302037, 0.4689348197107199, 0.5093332755033718, 0.5583793020072075, 0.5446813040773993, 0.5704601443924198, 0.5837818144717056, 0.5391085635034346, 0.5390256835138246, 0.5354962137080832, 0.619580016299536, 0.5384519047149281, 0.52732698365886, 0.5931198626120177, 0.45521569873068213, 0.5222252147481645, 0.5181827138876972, 0.39841512841605153, 0.45782997434760564, 0.5374978772700283, 0.5034024625911167, 0.5431657915748758, 0.5054812699209921], [0.5592678480340328, 0.619580016299536, 0.5692476237440272, 0.5673952536714928, 0.617337353033523, 0.6134896996757436, 0.5785542239214422, 0.5971047448193852, 0.5991722629493517, 0.5931198626120177, 0.5811552109575306, 0.6013059920192776, 0.5928723153960457, 0.5588768765872216, 0.6453906366238622, 0.6134896996757436, 0.5868219356848612, 0.5837818144717056, 0.47717346321524073, 0.5809288273771995, 0.5712053012785433, 0.5704601443924198, 0.5177613394881735, 0.5497361646446685, 0.5638067079302037, 0.5583793020072075, 0.5076289525730558, 0.5305898904649461, 0.5446813040773993, 0.5431657915748758, 0.5590006480695602, 0.5274793667596508], [0.6453906366238622, 0.619580016299536, 0.5821382901357012, 0.5673952536714928, 0.617337353033523, 0.6134896996757436, 0.5785542239214422, 0.5971047448193852, 0.6134896996757436, 0.6013059920192776, 0.5600740168219339, 0.601147935937616, 0.5904061031394189, 0.5971047448193852, 0.617337353033523, 0.5260971416524625, 0.5931198626120177, 0.5928723153960457, 0.601147935937616, 0.5341657782324014, 0.5868219356848612, 0.5837818144717056, 0.47717346321524073, 0.5809288273771995, 0.5811552109575306, 0.5809288273771995, 0.617337353033523, 0.6129585999526654, 0.5785542239214422, 0.5712053012785433, 0.5235843459453913, 0.5049461082657741], [0.6453906366238622, 0.619580016299536, 0.5821382901357012, 0.5673952536714928, 0.617337353033523, 0.5867131786566167, 0.617337353033523, 0.617337353033523, 0.617337353033523, 0.6134896996757436, 0.5785542239214422, 0.496905213477314, 0.6134896996757436, 0.6129585999526654, 0.5333587352762432, 0.6414497255171755, 0.6013059920192776, 0.4538190853128886, 0.601147935937616, 0.6013059920192776, 0.601147935937616, 0.5971047448193852, 0.5339444054738023, 0.6134896996757436, 0.5971047448193852, 0.5931198626120177, 0.4975011554973525, 0.5339444054738023, 0.5928723153960457, 0.6171210284070772, 0.5577150157626931, 0.5785542239214422], [0.6453906366238622, 0.6414497255171755, 0.5928723153960457, 0.61546300120907, 0.619580016299536, 0.617337353033523, 0.5908465294381432, 0.6606270266547243, 0.617337353033523, 0.617337353033523, 0.617337353033523, 0.617337353033523, 0.617337353033523, 0.6171210284070772, 0.6171210284070772, 0.5764211692820095, 0.6134896996757436, 0.6134896996757436, 0.5889584019845854, 0.5335152422948858, 0.6134896996757436, 0.6129585999526654, 0.5252324354472598, 0.6414497255171755, 0.6013059920192776, 0.6013059920192776, 0.6013059920192776, 0.6013059920192776, 0.601147935937616, 0.601147935937616, 0.601147935937616, 0.601147935937616]], "best_fitnesss": [0.6453906366238622, 0.6453906366238622, 0.6453906366238622, 0.6453906366238622, 0.6453906366238622, 0.6606270266547243], "prob_mutate": 0.008522727272727272}