{"num_qubits": 5, "depth": 16, "num_circuit": 16, "num_generation": 30, "current_generation": 5, "fitnessss": [[0.4582333503674255, 0.4184385065494463, 0.38435834410710445, 0.48232176712135943, 0.4891702508998959, 0.5060590025633619, 0.4349403710021595, 0.5070196505487894, 0.39934851461010445, 0.5571567305353832, 0.4338984083480824, 0.39390058994391663, 0.44500101997301955, 0.5249090237255228, 0.4207906461834889, 0.45441815920466133], [0.5571567305353832, 0.5249090237255228, 0.5267916702417741, 0.5333170903676465, 0.5070196505487894, 0.5194561231451985, 0.4999683953441316, 0.5545374366148689, 0.4891702508998959, 0.48232176712135943, 0.4411523390368444, 0.46937720453241766, 0.4582333503674255, 0.4511760039084403, 0.46688367403644104, 0.4050619421239977], [0.5571567305353832, 0.5545374366148689, 0.553530711503543, 0.4928834608336842, 0.5333170903676465, 0.5267916702417741, 0.5249090237255228, 0.5571567305353832, 0.5249090237255228, 0.5194561231451985, 0.5378002361746511, 0.5202061035922296, 0.5070196505487894, 0.4999683953441316, 0.4999683953441316, 0.5070196505487894], [0.5571567305353832, 0.5571567305353832, 0.5571567305353832, 0.5571567305353832, 0.5545374366148689, 0.553530711503543, 0.5545374366148689, 0.553530711503543, 0.5378002361746511, 0.5333170903676465, 0.5333170903676465, 0.5378002361746511, 0.5267916702417741, 0.5249090237255228, 0.539219526972859, 0.5282609757902195], [0.5571567305353832, 0.5571567305353832, 0.5571567305353832, 0.5571567305353832, 0.5571567305353832, 0.5571567305353832, 0.5571567305353832, 0.42016055192058605, 0.5545374366148689, 0.5545374366148689, 0.5650405727592578, 0.5545374366148689, 0.5344544606716771, 0.553530711503543, 0.553530711503543, 0.553530711503543]], "best_fitnesss": [0.5571567305353832, 0.5571567305353832, 0.5571567305353832, 0.5571567305353832, 0.5650405727592578], "prob_mutate": 0.01171875}