{"num_qubits": 6, "depth": 21, "num_circuit": 16, "num_generation": 30, "current_generation": 6, "fitnessss": [[0.4153408926048579, 0.4379174936416314, 0.3713040724175739, 0.3726034189534674, 0.43148774395754674, 0.4198772574364952, 0.39520917809147116, 0.3678510470714705, 0.4139726282059062, 0.5006040859466249, 0.38859567149768826, 0.37637048459799105, 0.39035425099088367, 0.44953497613396953, 0.4403280213313952, 0.49379524429931915], [0.5006040859466249, 0.49379524429931915, 0.4701654691418705, 0.4836464526843562, 0.43714362270901885, 0.4403280213313952, 0.4774599190076124, 0.37816084060339744, 0.4379174936416314, 0.4084446683166768, 0.4051031131319645, 0.4610519063928334, 0.4198772574364952, 0.4153408926048579, 0.4049938574848665, 0.3770441455804715], [0.4622486460046429, 0.49379524429931915, 0.4701654691418705, 0.4836464526843562, 0.4836464526843562, 0.4774599190076124, 0.4728210367629992, 0.4707250689293284, 0.4701654691418705, 0.4610519063928334, 0.4247978356706459, 0.46405092848417573, 0.4403280213313952, 0.4379174936416314, 0.3968127518433863, 0.4517788646350603], [0.49379524429931915, 0.4763516535824429, 0.4836464526843562, 0.49379524429931915, 0.4836464526843562, 0.4774599190076124, 0.4728210367629992, 0.4707250689293284, 0.4728210367629992, 0.4768694431248089, 0.4836464526843562, 0.4774599190076124, 0.4701654691418705, 0.4701654691418705, 0.4701654691418705, 0.4701654691418705], [0.49379524429931915, 0.49379524429931915, 0.49379524429931915, 0.49379524429931915, 0.4836464526843562, 0.4836464526843562, 0.4836464526843562, 0.4836464526843562, 0.4836464526843562, 0.4774599190076124, 0.4728210367629992, 0.4707250689293284, 0.4774599190076124, 0.4768694431248089, 0.4707250689293284, 0.485095430505909], [0.49379524429931915, 0.49379524429931915, 0.49379524429931915, 0.49379524429931915, 0.5096169308430719, 0.49379524429931915, 0.49379524429931915, 0.49379524429931915, 0.485095430505909, 0.4774105325810162, 0.4768694431248089, 0.46298273923815747, 0.4836464526843562, 0.4836464526843562, 0.4558652903481698, 0.4836464526843562]], "best_fitnesss": [0.5006040859466249, 0.5006040859466249, 0.49379524429931915, 0.49379524429931915, 0.49379524429931915, 0.5096169308430719], "prob_mutate": 0.008928571428571428}