{"num_qubits": 4, "depth": 21, "num_circuit": 16, "num_generation": 20, "current_generation": 3, "fitnessss": [[0.853265529352537, 0.8612553815614901, 0.7693227015258388, 0.8168405576441996, 0.8371647394019414, 0.7605504326953524, 0.8228859162010934, 0.8263237894964442, 0.7479691615844881, 0.7296095283288025, 0.8662768255532528, 0.7797327032689176, 0.7239116662901666, 0.8244022052184317, 0.7575634128870292, 0.8028804147554292], [0.8662768255532528, 0.8612553815614901, 0.8584565353620925, 0.8138892447947615, 0.853265529352537, 0.8371647394019414, 0.8506977921288552, 0.8164671099528562, 0.8263237894964442, 0.8244022052184317, 0.7555520568144303, 0.8467155182149717, 0.771041417538201, 0.8373977164640026, 0.8350040246537379, 0.749409299526884], [0.8184940128352288, 0.8612553815614901, 0.8584565353620925, 0.8479490036846773, 0.8584565353620925, 0.853265529352537, 0.878370346000793, 0.881235469457723, 0.8506977921288552, 0.8467155182149717, 0.8649353032854445, 0.8427208853272086, 0.8373977164640026, 0.8371647394019414, 0.7682940856296254, 0.8397211587179015]], "best_fitnesss": [0.8662768255532528, 0.8662768255532528, 0.881235469457723], "prob_mutate": 0.008928571428571428}