{"num_qubits": 5, "depth": 29, "num_circuit": 32, "num_generation": 50, "current_generation": 4, "fitnessss": [[0.7038254540091151, 0.8023392095347901, 0.7865466524078116, 0.7399253866388286, 0.7650882330058405, 0.8011213899069878, 0.7164395630365916, 0.7261759301029022, 0.7543282540117163, 0.7593090435881831, 0.7649382552402899, 0.7229980276404179, 0.7697629992822004, 0.7966455962158322, 0.7700956904815073, 0.7919744428411674, 0.8061456800971412, 0.8233555572285451, 0.8204982836082175, 0.7154859824211162, 0.7592409662876333, 0.7087547706957793, 0.6735140789142058, 0.7189485505789989, 0.6929829853134671, 0.7667214798731935, 0.7247599432159626, 0.7818892243753349, 0.780936127627712, 0.6993071896536556, 0.7673284781280482, 0.7707105196110154], [0.8233555572285451, 0.8204982836082175, 0.821171565230129, 0.7571347122594647, 0.8061456800971412, 0.8023392095347901, 0.7613722269605926, 0.8050042531792923, 0.8011213899069878, 0.7966455962158322, 0.7465750638127504, 0.788211883816928, 0.7959449315372296, 0.7865466524078116, 0.7906129613069158, 0.7431816689669926, 0.7818892243753349, 0.780936127627712, 0.8051400062081779, 0.7023410507293864, 0.7232078418244378, 0.7700956904815073, 0.7575815002876587, 0.742170752928283, 0.7697629992822004, 0.7673284781280482, 0.7531049530806049, 0.7605712572977655, 0.7667214798731935, 0.7650882330058405, 0.7863707255722105, 0.7131153213598451], [0.8233555572285451, 0.821171565230129, 0.821171565230129, 0.8233555572285451, 0.8204982836082175, 0.8061456800971412, 0.7753370577061218, 0.8077571289144606, 0.8051400062081779, 0.8050042531792923, 0.7960171519133763, 0.8150613745671287, 0.8023392095347901, 0.8011213899069878, 0.8087566915763345, 0.7404194596363582, 0.821010123635881, 0.7959449315372296, 0.7833304790036787, 0.7981420756212955, 0.7906129613069158, 0.788211883816928, 0.7882928819838282, 0.7751108025523894, 0.7865466524078116, 0.7863707255722105, 0.7638504867692915, 0.7705184632102947, 0.7818892243753349, 0.780936127627712, 0.8051400062081779, 0.7023410507293864], [0.8233555572285451, 0.8233555572285451, 0.8233555572285451, 0.8233555572285451, 0.821171565230129, 0.821171565230129, 0.821171565230129, 0.8122475884113302, 0.821010123635881, 0.8204982836082175, 0.810545489484977, 0.7962046353553526, 0.8150613745671287, 0.8087566915763345, 0.8087566915763345, 0.8150613745671287, 0.8077571289144606, 0.8061456800971412, 0.8061456800971412, 0.8077571289144606, 0.8051400062081779, 0.8051400062081779, 0.7640321798867984, 0.8051400062081779, 0.8050042531792923, 0.8023392095347901, 0.8023392095347901, 0.8050042531792923, 0.8011213899069878, 0.7981420756212955, 0.7465750638127504, 0.8048335660934093]], "best_fitnesss": [0.8233555572285451, 0.8233555572285451, 0.8233555572285451, 0.8233555572285451], "prob_mutate": 0.003232758620689655}