{"num_qubits": 4, "depth": 9, "num_circuit": 16, "num_generation": 20, "current_generation": 20, "fitnessss": [[0.23252349446571663, 0.18275759459856256, 0.4433844138408657, 0.25864153506175125, 0.2712885989970093, 0.1158834970427206, 0.21477855130798074, 0.4591170880014662, 0.11602544643860191, 0.44111783229589907, 0.038141083887416216, 0.15324485505195873, 0.29652295649765814, 0.2619841933796486, 0.18761151314116264, 0.08264141135968406], [0.4591170880014662, 0.4433844138408657, 0.28838728451302553, 0.25919787297456676, 0.44111783229589907, 0.29652295649765814, 0.5040196722350843, 0.2738308517307947, 0.2712885989970093, 0.3607054919934487, 0.27367168030658373, 0.2163759366335506, 0.25864153506175125, 0.23252349446571663, 0.251999825762242, 0.42062617317236917], [0.5040196722350843, 0.4591170880014662, 0.22396541237757162, 0.2585493829866128, 0.4433844138408657, 0.4240872127021783, 0.26019101010545476, 0.3816149453964177, 0.42062617317236917, 0.3607054919934487, 0.23700709569677358, 0.31430761096809334, 0.29652295649765814, 0.28838728451302553, 0.25448058246041527, 0.4483001681568217], [0.5040196722350843, 0.4591170880014662, 0.22396541237757162, 0.2585493829866128, 0.4483001681568217, 0.3527789785213564, 0.3949199974478116, 0.14734095103068579, 0.4240872127021783, 0.42062617317236917, 0.412807049764534, 0.3115036373445006, 0.3816149453964177, 0.3607054919934487, 0.26632809366677324, 0.38437706318464804], [0.5040196722350843, 0.4591170880014662, 0.22396541237757162, 0.2585493829866128, 0.4483001681568217, 0.4240872127021783, 0.3677884707321655, 0.18973073381235395, 0.42062617317236917, 0.412807049764534, 0.42062617317236917, 0.412807049764534, 0.3949199974478116, 0.38437706318464804, 0.3221191924326202, 0.1748248197751744], [0.5040196722350843, 0.4591170880014662, 0.3330050347766068, 0.2585493829866128, 0.4483001681568217, 0.4240872127021783, 0.3677884707321655, 0.18973073381235395, 0.42062617317236917, 0.42062617317236917, 0.42062617317236917, 0.42062617317236917, 0.412807049764534, 0.412807049764534, 0.412807049764534, 0.412807049764534], [0.5040196722350843, 0.3501690823696664, 0.22396541237757162, 0.2585493829866128, 0.4483001681568217, 0.4240872127021783, 0.3677884707321655, 0.18973073381235395, 0.42062617317236917, 0.42062617317236917, 0.42062617317236917, 0.42062617317236917, 0.42062617317236917, 0.24634164336834807, 0.3890536408805956, 0.42062617317236917], [0.5040196722350843, 0.4483001681568217, 0.2584376438384155, 0.2585493829866128, 0.285199486241423, 0.42062617317236917, 0.40377000911497607, 0.3115036373445006, 0.20600763509631204, 0.42062617317236917, 0.42062617317236917, 0.42062617317236917, 0.42062617317236917, 0.42062617317236917, 0.42062617317236917, 0.42062617317236917], [0.5040196722350843, 0.4483001681568217, 0.2584376438384155, 0.2585493829866128, 0.42062617317236917, 0.42062617317236917, 0.276663062560738, 0.42062617317236917, 0.42062617317236917, 0.4472860367906297, 0.42062617317236917, 0.42062617317236917, 0.42062617317236917, 0.42062617317236917, 0.42062617317236917, 0.42062617317236917], [0.5040196722350843, 0.4243386448828398, 0.2584376438384155, 0.2585493829866128, 0.21055799160255284, 0.42062617317236917, 0.4472860367906297, 0.42062617317236917, 0.42062617317236917, 0.42062617317236917, 0.42062617317236917, 0.42062617317236917, 0.42062617317236917, 0.42062617317236917, 0.42062617317236917, 0.3354102040435196], [0.4429200798966051, 0.4472860367906297, 0.27942642152085717, 0.19431188811850686, 0.4243386448828398, 0.42062617317236917, 0.32175249312955256, 0.3660556771348056, 0.42062617317236917, 0.42062617317236917, 0.42062617317236917, 0.42062617317236917, 0.42062617317236917, 0.42062617317236917, 0.27739925299056645, 0.42062617317236917], [0.4472860367906297, 0.4429200798966051, 0.20527527694362768, 0.27942642152085717, 0.4243386448828398, 0.42062617317236917, 0.2983359210546046, 0.3660556771348056, 0.3794061601308689, 0.42062617317236917, 0.42062617317236917, 0.42062617317236917, 0.42062617317236917, 0.43269946573170015, 0.42062617317236917, 0.4008470571117895], [0.4472860367906297, 0.4429200798966051, 0.21570389056084416, 0.27942642152085717, 0.43269946573170015, 0.4243386448828398, 0.3660556771348056, 0.3232482163263246, 0.42062617317236917, 0.42062617317236917, 0.42062617317236917, 0.42062617317236917, 0.4607994533087678, 0.3009850330372785, 0.42062617317236917, 0.42062617317236917], [0.4607994533087678, 0.4472860367906297, 0.42062617317236917, 0.4497953684694338, 0.4429200798966051, 0.43269946573170015, 0.4004118584045081, 0.27000963710229264, 0.4243386448828398, 0.42062617317236917, 0.2983359210546046, 0.49917198171399146, 0.42062617317236917, 0.42062617317236917, 0.42062617317236917, 0.4011119910568458], [0.49917198171399146, 0.4471510568748309, 0.42560781426777083, 0.19607606050204274, 0.4497953684694338, 0.4472860367906297, 0.32265851612691143, 0.4497953684694338, 0.4429200798966051, 0.43269946573170015, 0.4004118584045081, 0.27000963710229264, 0.47333095022659166, 0.42062617317236917, 0.2983359210546046, 0.3660556771348056], [0.49917198171399146, 0.47333095022659166, 0.5461134312689786, 0.5163229183068259, 0.4497953684694338, 0.4497953684694338, 0.4497953684694338, 0.4497953684694338, 0.4472860367906297, 0.4471510568748309, 0.41051006523831113, 0.22051463524755432, 0.3443014449698675, 0.43269946573170015, 0.4004118584045081, 0.27000963710229264], [0.5461134312689786, 0.5163229183068259, 0.50189869702863, 0.47333095022659166, 0.39482332835758027, 0.47333095022659166, 0.4404693408669884, 0.5163229183068259, 0.4497953684694338, 0.4497953684694338, 0.38715858929315217, 0.4497953684694338, 0.35697270896250544, 0.4497953684694338, 0.3763549521504289, 0.4497953684694338], [0.5461134312689786, 0.5163229183068259, 0.532151827669112, 0.47333095022659166, 0.5475694023780285, 0.50189869702863, 0.38597765771985926, 0.50189869702863, 0.47333095022659166, 0.47333095022659166, 0.47333095022659166, 0.47333095022659166, 0.4497953684694338, 0.4497953684694338, 0.4497953684694338, 0.4497953684694338], [0.5475694023780285, 0.5461134312689786, 0.47121857389045696, 0.29903722324207593, 0.532151827669112, 0.5163229183068259, 0.532151827669112, 0.5163229183068259, 0.50189869702863, 0.50189869702863, 0.50189869702863, 0.50189869702863, 0.47333095022659166, 0.47333095022659166, 0.47333095022659166, 0.342065137432094], [0.5475694023780285, 0.5461134312689786, 0.47121857389045696, 0.50189869702863, 0.532151827669112, 0.44688239701091115, 0.532151827669112, 0.532151827669112, 0.5163229183068259, 0.5163229183068259, 0.3675381497600946, 0.5620310540332094, 0.50189869702863, 0.50189869702863, 0.23262212812727612, 0.50189869702863]], "best_fitnesss": [0.4591170880014662, 0.5040196722350843, 0.5040196722350843, 0.5040196722350843, 0.5040196722350843, 0.5040196722350843, 0.5040196722350843, 0.5040196722350843, 0.5040196722350843, 0.5040196722350843, 0.4472860367906297, 0.4472860367906297, 0.4607994533087678, 0.49917198171399146, 0.49917198171399146, 0.5461134312689786, 0.5461134312689786, 0.5475694023780285, 0.5475694023780285, 0.5620310540332094], "prob_mutate": 0.020833333333333332}