{"num_qubits": 2, "depth": 2, "num_circuit": 8, "num_generation": 20, "current_generation": 20, "fitnessss": [[0.42662682596566637, 0.5047326829303518, 0.6185231620988793, 0.5223297063272005, 0.3037708191587149, 0.5693136629433571, 0.43600721665877157, 0.13516436141463462], [0.3760532999371206, 0.5693136629433571, 0.6466723204179605, 0.3923658461718924, 0.5140630663419508, 0.5047326829303518, 0.5104450019377602, 0.3037708191587149], [0.6466723204179605, 0.5693136629433571, 0.6466723204179605, 0.5693136629433571, 0.4988443255722874, 0.5104450019377602, 0.5104450019377602, 0.5140630663419508], [0.6466723204179605, 0.6466723204179605, 0.6466723204179605, 0.6466723204179605, 0.5693136629433571, 0.5693136629433571, 0.5693136629433571, 0.49260200444926083], [0.6466723204179605, 0.49260200444926083, 0.6466723204179605, 0.6466723204179605, 0.6466723204179605, 0.6466723204179605, 0.6466723204179605, 0.6466723204179605], [0.6466723204179605, 0.6466723204179605, 0.6172239342310734, 0.6466723204179605, 0.5101456861055703, 0.6466723204179605, 0.13516436141463467, 0.6466723204179605], [0.6466723204179605, 0.13516436141463467, 0.6466723204179605, 0.3950425318379617, 0.6466723204179605, 0.6466723204179605, 0.49260200444926083, 0.6466723204179605], [0.7214386519159343, 0.6466723204179605, 0.6466723204179605, 0.6185231620988793, 0.49260200444926083, 0.7214386519159343, 0.6466723204179605, 0.3535213050597744], [0.7214386519159343, 0.7214386519159343, 0.7214386519159343, 0.7214386519159343, 0.6466723204179605, 0.6466723204179605, 0.6466723204179605, 0.6466723204179605], [0.7214386519159343, 0.7139441578026925, 0.7214386519159343, 0.6466723204179605, 0.7214386519159343, 0.7214386519159343, 0.7214386519159343, 0.3999216429889868], [0.6277056659464444, 0.7214386519159343, 0.7214386519159343, 0.49260200444926083, 0.49260200444926083, 0.7214386519159343, 0.49260200444926083, 0.49260200444926083], [0.49260200444926083, 0.7214386519159343, 0.7214386519159343, 0.7214386519159343, 0.7214386519159343, 0.3895658455146539, 0.3895658455146539, 0.656338633569868], [0.7214386519159343, 0.7214386519159343, 0.7214386519159343, 0.7214386519159343, 0.5708956011301742, 0.7214386519159343, 0.7214386519159343, 0.7214386519159343], [0.7214386519159343, 0.7214386519159343, 0.7214386519159343, 0.7214386519159343, 0.7214386519159343, 0.7214386519159343, 0.7214386519159343, 0.7214386519159343], [0.7214386519159343, 0.7214386519159343, 0.7214386519159343, 0.7214386519159343, 0.7214386519159343, 0.7214386519159343, 0.7214386519159343, 0.6866869626353159], [0.5660665390857045, 0.7214386519159343, 0.7214386519159343, 0.49260200444926083, 0.6563386335698682, 0.49260200444926083, 0.7214386519159343, 0.4853597781573001], [0.7214386519159343, 0.656338633569868, 0.6466723204179605, 0.7214386519159343, 0.5604386658507797, 0.6563386335698682, 0.2871538913396608, 0.7214386519159343], [0.6451780855021424, 0.7214386519159343, 0.33140896421208704, 0.7214386519159343, 0.6466723204179605, 0.6563386335698682, 0.2871538913396608, 0.7214386519159343], [0.7214386519159343, 0.7214386519159343, 0.5265053117801193, 0.5116368663929439, 0.6172239342310734, 0.4081094451145944, 0.46574411479492606, 0.7214386519159343], [0.7214386519159343, 0.7214386519159343, 0.5949319582967594, 0.7214386519159343, 0.5949319582967594, 0.6172239342310734, 0.49260200444926083, 0.6172239342310734]], "best_fitnesss": [0.6185231620988793, 0.6466723204179605, 0.6466723204179605, 0.6466723204179605, 0.6466723204179605, 0.6466723204179605, 0.6466723204179605, 0.7214386519159343, 0.7214386519159343, 0.7214386519159343, 0.7214386519159343, 0.7214386519159343, 0.7214386519159343, 0.7214386519159343, 0.7214386519159343, 0.7214386519159343, 0.7214386519159343, 0.7214386519159343, 0.7214386519159343, 0.7214386519159343], "prob_mutate": 0.1875}