{"num_qubits": 5, "depth": 13, "num_circuit": 32, "num_generation": 20, "current_generation": 1, "fitnessss": [[0.39711763110339793, 0.4442447878442425, 0.4576281862519028, 0.38783910093191204, 0.3265489304687957, 0.36445271581912586, 0.3223257125299025, 0.26449489736207454, 0.4121983776860206, 0.41905468637270415, 0.42483834422878874, 0.46193490608871535, 0.440807818811511, 0.38548362869111485, 0.44930114835954277, 0.2612731173878366, 0.4035048617633147, 0.34533796724620186, 0.3881236798383239, 0.3231394458778459, 0.448772432984208, 0.481979378528831, 0.37876498419433463, 0.3435168156484004, 0.3966862082666268, 0.31424630028155537, 0.3072264455827499, 0.42442920207318524, 0.3642165974344187, 0.4475944970823217, 0.32046811767508887, 0.3662321984433758]], "best_fitnesss": [0.481979378528831], "prob_mutate": 0.007211538461538462}