{"num_qubits": 4, "depth": 12, "num_circuit": 4, "num_generation": 40, "current_generation": 3, "fitnessss": [[0.5426260114098438, 0.5673842301425023, 0.5311472565002481, 0.48381335730096786], [0.5717734172575049, 0.5426260114098438, 0.5129133636732082, 0.5434695723857977], [0.6178574368628857, 0.6414273324185426, 0.5300313782091635, 0.6921420026093259]], "best_fitnesss": [0.5673842301425023, 0.5717734172575049, 0.6921420026093259], "prob_mutate": 0.0625}