{"num_qubits": 3, "depth": 3, "num_circuit": 16, "num_generation": 10, "current_generation": 1, "fitnessss": [[0.09987457492288591, 0.26230325620454586, 0.29422088596705054, 0.2664933079357707, 0.3180851579487266, 0.35715239752332284, 0.22452031113135282, 0.2742331637863009, 0.1738157681902151, 0.2844263422743594, 0.2983577788985432, 0.35044620629871853, 0.4347741161085903, 0.44719437882094815, 0.22318134187583444, 0.3169830244810161]], "best_fitnesss": [0.44719437882094815], "prob_mutate": 0.0625}