{"num_qubits": 5, "depth": 8, "num_circuit": 8, "num_generation": 40, "current_generation": 40, "fitnessss": [[0.23368321634801376, 0.2516111253225376, 0.23189348898720025, 0.20869686069635893, 0.3039411240334654, 0.33121526683447644, 0.2967240234804214, 0.28311465568129346], [0.33121526683447644, 0.2622108550862176, 0.2728384261873541, 0.2728032162142112, 0.2967240234804214, 0.2268357581951735, 0.3080484813707503, 0.3208098735257624], [0.33121526683447644, 0.28350412648082235, 0.3602587929859631, 0.32305510249994746, 0.3080484813707503, 0.2967240234804214, 0.27633598156033895, 0.31972357417156183], [0.3602587929859631, 0.33121526683447644, 0.33121526683447644, 0.3602587929859631, 0.32305510249994746, 0.31972357417156183, 0.2611022634393153, 0.3160696108168865], [0.3602587929859631, 0.3602587929859631, 0.36223389042487636, 0.3045061475818409, 0.33121526683447644, 0.33121526683447644, 0.35560513477277217, 0.33285488843307226], [0.36223389042487636, 0.31897358692449973, 0.36223389042487636, 0.3602587929859631, 0.3602587929859631, 0.35560513477277217, 0.35560513477277217, 0.33794124257157404], [0.36223389042487636, 0.36223389042487636, 0.36223389042487636, 0.36223389042487636, 0.3602587929859631, 0.3602587929859631, 0.3602587929859631, 0.29506688878204035], [0.3232816332386038, 0.36223389042487636, 0.36223389042487636, 0.2662993714391244, 0.29403930448029814, 0.36223389042487636, 0.36223389042487636, 0.36223389042487636], [0.3235211726014616, 0.36223389042487636, 0.36223389042487636, 0.36223389042487636, 0.2964367161965248, 0.3449645308572534, 0.36223389042487636, 0.36223389042487636], [0.36223389042487636, 0.36223389042487636, 0.36223389042487636, 0.36223389042487636, 0.3538433410229345, 0.36223389042487636, 0.3127580227731725, 0.36223389042487636], [0.36223389042487636, 0.35389270784825466, 0.2965705288833614, 0.36223389042487636, 0.36223389042487636, 0.3094270858266449, 0.36223389042487636, 0.36223389042487636], [0.36223389042487636, 0.36223389042487636, 0.36223389042487636, 0.36223389042487636, 0.36223389042487636, 0.36223389042487636, 0.36223389042487636, 0.36223389042487636], [0.36223389042487636, 0.36223389042487636, 0.36858269194966836, 0.36223389042487636, 0.36223389042487636, 0.36223389042487636, 0.36223389042487636, 0.36223389042487636], [0.36858269194966836, 0.3364207810852462, 0.36858269194966836, 0.36223389042487636, 0.33480633796754056, 0.343004631126703, 0.36223389042487636, 0.3220536315940298], [0.36858269194966836, 0.36858269194966836, 0.36858269194966836, 0.3321592252074751, 0.36223389042487636, 0.35241293363955506, 0.36223389042487636, 0.31221710568066485], [0.36858269194966836, 0.3328032831693228, 0.36858269194966836, 0.32172040437031857, 0.3561163349763478, 0.36223389042487636, 0.33213450251580107, 0.3162544511816055], [0.36858269194966836, 0.3626584883236429, 0.36858269194966836, 0.36858269194966836, 0.32570647962090243, 0.3561163349763478, 0.26345609078426435, 0.36858269194966836], [0.36858269194966836, 0.36858269194966836, 0.36858269194966836, 0.3222185650330599, 0.37175984491964553, 0.36858269194966836, 0.36858269194966836, 0.36858269194966836], [0.37175984491964553, 0.3149270774894371, 0.36858269194966836, 0.37175984491964553, 0.36858269194966836, 0.31522157926775224, 0.2947724283039953, 0.36858269194966836], [0.37175984491964553, 0.37175984491964553, 0.37175984491964553, 0.37175984491964553, 0.36858269194966836, 0.2599725277991022, 0.36858269194966836, 0.36858269194966836], [0.37175984491964553, 0.2590873357244187, 0.37175984491964553, 0.37175984491964553, 0.37175984491964553, 0.3539922619612975, 0.37175984491964553, 0.37175984491964553], [0.37175984491964553, 0.37175984491964553, 0.37175984491964553, 0.37175984491964553, 0.37175984491964553, 0.38696138690306736, 0.2904368096855178, 0.3604468599825546], [0.38696138690306736, 0.37175984491964553, 0.38696138690306736, 0.37175984491964553, 0.2880565506500979, 0.37175984491964553, 0.37175984491964553, 0.34975521499413464], [0.38696138690306736, 0.33797588282172414, 0.29753434283095886, 0.38696138690306736, 0.37175984491964553, 0.37175984491964553, 0.2263606198784311, 0.37175984491964553], [0.27256450003978144, 0.38696138690306736, 0.38696138690306736, 0.35531872379592094, 0.3140221485367923, 0.37175984491964553, 0.37175984491964553, 0.37175984491964553], [0.2847689485638242, 0.38696138690306736, 0.32640575485494927, 0.38696138690306736, 0.3647407278142464, 0.34538133321639053, 0.37175984491964553, 0.37175984491964553], [0.38696138690306736, 0.38696138690306736, 0.38696138690306736, 0.29751716703187114, 0.37175984491964553, 0.30144832999159277, 0.37175984491964553, 0.29888208836250196], [0.38696138690306736, 0.38696138690306736, 0.38696138690306736, 0.25295591292686354, 0.34413013999476094, 0.30826147538682114, 0.38696138690306736, 0.37175984491964553], [0.29751283354973, 0.38696138690306736, 0.38696138690306736, 0.38696138690306736, 0.38696138690306736, 0.38696138690306736, 0.3408035175386905, 0.33652387886365664], [0.38696138690306736, 0.38696138690306736, 0.38696138690306736, 0.38696138690306736, 0.33822818281940037, 0.38696138690306736, 0.30734426841359536, 0.38696138690306736], [0.38696138690306736, 0.38696138690306736, 0.38696138690306736, 0.38696138690306736, 0.3821158306940413, 0.38696138690306736, 0.38696138690306736, 0.38696138690306736], [0.38696138690306736, 0.38696138690306736, 0.311440434500171, 0.38696138690306736, 0.38696138690306736, 0.31822737660550904, 0.38696138690306736, 0.38696138690306736], [0.38696138690306736, 0.3511911228312427, 0.38696138690306736, 0.30586897215212416, 0.38696138690306736, 0.38696138690306736, 0.38696138690306736, 0.38696138690306736], [0.38696138690306736, 0.38696138690306736, 0.38696138690306736, 0.38696138690306736, 0.38696138690306736, 0.38696138690306736, 0.38696138690306736, 0.38696138690306736], [0.20697439690945818, 0.3728312327440225, 0.316986626991007, 0.38696138690306736, 0.38696138690306736, 0.38696138690306736, 0.31323326677229535, 0.38696138690306736], [0.38696138690306736, 0.38696138690306736, 0.38696138690306736, 0.38696138690306736, 0.38696138690306736, 0.3698050085413576, 0.38696138690306736, 0.2824566710060627], [0.38696138690306736, 0.38696138690306736, 0.38696138690306736, 0.38696138690306736, 0.34120891056873204, 0.30186850161085643, 0.31522056070382953, 0.38696138690306736], [0.38696138690306736, 0.20427779335255702, 0.38696138690306736, 0.38696138690306736, 0.33580742277678854, 0.33573448974930653, 0.31549748654665477, 0.38696138690306736], [0.38696138690306736, 0.38696138690306736, 0.38696138690306736, 0.38696138690306736, 0.3125145636123015, 0.3376341632423504, 0.38696138690306736, 0.38696138690306736], [0.3085059119128245, 0.38696138690306736, 0.38696138690306736, 0.38696138690306736, 0.38696138690306736, 0.38696138690306736, 0.38696138690306736, 0.38696138690306736]], "best_fitnesss": [0.33121526683447644, 0.33121526683447644, 0.3602587929859631, 0.3602587929859631, 0.36223389042487636, 0.36223389042487636, 0.36223389042487636, 0.36223389042487636, 0.36223389042487636, 0.36223389042487636, 0.36223389042487636, 0.36223389042487636, 0.36858269194966836, 0.36858269194966836, 0.36858269194966836, 0.36858269194966836, 0.36858269194966836, 0.37175984491964553, 0.37175984491964553, 0.37175984491964553, 0.37175984491964553, 0.38696138690306736, 0.38696138690306736, 0.38696138690306736, 0.38696138690306736, 0.38696138690306736, 0.38696138690306736, 0.38696138690306736, 0.38696138690306736, 0.38696138690306736, 0.38696138690306736, 0.38696138690306736, 0.38696138690306736, 0.38696138690306736, 0.38696138690306736, 0.38696138690306736, 0.38696138690306736, 0.38696138690306736, 0.38696138690306736, 0.38696138690306736], "prob_mutate": 0.046875}