{"num_qubits": 5, "depth": 6, "num_circuit": 16, "num_generation": 40, "current_generation": 40, "fitnessss": [[0.15744241849235036, 0.17687504641012947, 0.16058968104782453, 0.27583301935782406, 0.16965106053101275, 0.1404064839715747, 0.16462307321781636, 0.15252198955790436, 0.17868848409754895, 0.19230786867308178, 0.16113613513024458, 0.18577940808817908, 0.25674978594717923, 0.17248309302413062, 0.14651182559345682, 0.2285169056957038], [0.27583301935782406, 0.25674978594717923, 0.2607780857365217, 0.24137306807860473, 0.2285169056957038, 0.19230786867308178, 0.25051295740970636, 0.18190182215200237, 0.1863399863809006, 0.17868848409754895, 0.17084153326602927, 0.13481431601480348, 0.17687504641012947, 0.17248309302413062, 0.13876149828115408, 0.16656453616370828], [0.27583301935782406, 0.2607780857365217, 0.2607780857365217, 0.27583301935782406, 0.2200872635623142, 0.25051295740970636, 0.2150830613327294, 0.24791374502709776, 0.24137306807860473, 0.2285169056957038, 0.1814222508709309, 0.23261507442086038, 0.22757178250583357, 0.1863399863809006, 0.1839740473141873, 0.2286384312738517], [0.27583301935782406, 0.27583301935782406, 0.27583301935782406, 0.27583301935782406, 0.2607780857365217, 0.2607780857365217, 0.2607780857365217, 0.2607780857365217, 0.25051295740970636, 0.24791374502709776, 0.24791374502709776, 0.25051295740970636, 0.24137306807860473, 0.23423226059226857, 0.26127206199193437, 0.2309958979618953], [0.256893944398033, 0.27583301935782406, 0.27583301935782406, 0.27583301935782406, 0.27583301935782406, 0.27583301935782406, 0.27583301935782406, 0.18946299787426119, 0.26127206199193437, 0.22869004674905966, 0.25674978594717923, 0.3207472591801871, 0.2607780857365217, 0.2607780857365217, 0.2607780857365217, 0.2607780857365217], [0.29242286475983137, 0.28341625119062513, 0.19041854511295028, 0.3207472591801871, 0.27583301935782406, 0.27583301935782406, 0.27583301935782406, 0.27583301935782406, 0.27583301935782406, 0.27583301935782406, 0.2566837088429983, 0.27583301935782406, 0.27583301935782406, 0.26127206199193437, 0.3207472591801871, 0.24137306807860473], [0.3207472591801871, 0.3207472591801871, 0.2348110387594864, 0.3207472591801871, 0.23946239347895668, 0.24012830396842927, 0.27583301935782406, 0.18891442700084818, 0.27583301935782406, 0.27583301935782406, 0.27583301935782406, 0.27583301935782406, 0.27583301935782406, 0.27583301935782406, 0.27583301935782406, 0.25236820452161046], [0.3207472591801871, 0.3207472591801871, 0.3007362848514381, 0.3207472591801871, 0.3207472591801871, 0.27583301935782406, 0.27583301935782406, 0.3207472591801871, 0.27583301935782406, 0.25006374383923374, 0.27583301935782406, 0.27583301935782406, 0.27583301935782406, 0.27583301935782406, 0.27583301935782406, 0.27583301935782406], [0.3207472591801871, 0.28065530820277684, 0.23990607244073514, 0.3207472591801871, 0.3207472591801871, 0.20590549428214713, 0.3207472591801871, 0.3207472591801871, 0.3207472591801871, 0.3007362848514381, 0.1852628955600512, 0.3007362848514381, 0.27583301935782406, 0.27583301935782406, 0.11153338703454212, 0.2504386916581389], [0.3207472591801871, 0.3207472591801871, 0.3207472591801871, 0.3207472591801871, 0.3207472591801871, 0.3207472591801871, 0.3207472591801871, 0.3207472591801871, 0.3207472591801871, 0.20789173169247296, 0.3207472591801871, 0.23282538105662662, 0.3007362848514381, 0.3007362848514381, 0.3007362848514381, 0.3007362848514381], [0.3207472591801871, 0.3207472591801871, 0.3207472591801871, 0.3207472591801871, 0.3207472591801871, 0.3207472591801871, 0.3207472591801871, 0.3207472591801871, 0.3207472591801871, 0.2719489586374715, 0.19251443345572505, 0.3207472591801871, 0.3207472591801871, 0.3207472591801871, 0.23990836908261176, 0.3207472591801871], [0.3207472591801871, 0.3207472591801871, 0.3207472591801871, 0.3207472591801871, 0.3207472591801871, 0.3207472591801871, 0.3207472591801871, 0.3207472591801871, 0.3207472591801871, 0.3207472591801871, 0.3207472591801871, 0.3207472591801871, 0.3207472591801871, 0.3207472591801871, 0.3207472591801871, 0.3207472591801871], [0.3207472591801871, 0.3207472591801871, 0.2674270450615748, 0.3207472591801871, 0.3207472591801871, 0.3207472591801871, 0.1845161840755671, 0.3207472591801871, 0.3207472591801871, 0.3207472591801871, 0.3207472591801871, 0.3207472591801871, 0.3207472591801871, 0.3207472591801871, 0.3207472591801871, 0.3207472591801871], [0.26773600780644885, 0.3207472591801871, 0.29106204373334166, 0.2617754583514243, 0.3207472591801871, 0.3207472591801871, 0.3207472591801871, 0.3207472591801871, 0.3207472591801871, 0.3207472591801871, 0.3207472591801871, 0.2671409050903556, 0.3207472591801871, 0.3207472591801871, 0.3207472591801871, 0.3207472591801871], [0.3207472591801871, 0.3207472591801871, 0.3207472591801871, 0.3207472591801871, 0.3207472591801871, 0.26276742714416484, 0.3207472591801871, 0.3207472591801871, 0.3207472591801871, 0.3207472591801871, 0.3207472591801871, 0.3207472591801871, 0.3207472591801871, 0.3207472591801871, 0.3207472591801871, 0.3207472591801871], [0.3207472591801871, 0.3207472591801871, 0.3207472591801871, 0.3207472591801871, 0.3207472591801871, 0.3207472591801871, 0.3207472591801871, 0.2881081651915978, 0.3207472591801871, 0.3207472591801871, 0.3207472591801871, 0.3207472591801871, 0.2629802009953194, 0.3207472591801871, 0.3207472591801871, 0.3207472591801871], [0.3207472591801871, 0.3207472591801871, 0.27391587036687215, 0.3207472591801871, 0.26821711655422875, 0.3207472591801871, 0.1943109384665387, 0.3207472591801871, 0.3207472591801871, 0.3207472591801871, 0.3207472591801871, 0.3207472591801871, 0.3207472591801871, 0.3207472591801871, 0.3207472591801871, 0.3207472591801871], [0.3207472591801871, 0.3207472591801871, 0.21670692499599936, 0.3207472591801871, 0.3207472591801871, 0.3207472591801871, 0.3207472591801871, 0.3207472591801871, 0.3207472591801871, 0.2813501205415304, 0.3207472591801871, 0.3207472591801871, 0.3207472591801871, 0.3207472591801871, 0.3207472591801871, 0.3207472591801871], [0.3207472591801871, 0.3207472591801871, 0.3207472591801871, 0.23661218467069256, 0.3207472591801871, 0.3207472591801871, 0.3207472591801871, 0.3207472591801871, 0.3207472591801871, 0.3207472591801871, 0.2972955240214498, 0.3207472591801871, 0.3207472591801871, 0.3207472591801871, 0.3207472591801871, 0.3207472591801871], [0.3207472591801871, 0.3207472591801871, 0.3207472591801871, 0.3207472591801871, 0.3207472591801871, 0.3207472591801871, 0.3207472591801871, 0.3207472591801871, 0.3207472591801871, 0.3207472591801871, 0.3207472591801871, 0.3207472591801871, 0.3207472591801871, 0.3207472591801871, 0.24347869431010144, 0.3207472591801871], [0.3207472591801871, 0.3207472591801871, 0.3207472591801871, 0.2549473735120409, 0.3207472591801871, 0.3207472591801871, 0.2861750815581285, 0.26026756378733407, 0.3207472591801871, 0.3207472591801871, 0.3207472591801871, 0.3207472591801871, 0.3207472591801871, 0.3207472591801871, 0.25939167267575314, 0.3207472591801871], [0.16089105721536195, 0.3207472591801871, 0.23776515160209008, 0.3207472591801871, 0.3207472591801871, 0.2755433367969252, 0.3207472591801871, 0.3207472591801871, 0.3207472591801871, 0.3207472591801871, 0.3207472591801871, 0.23197673572235034, 0.285308489906509, 0.2347568743577527, 0.3207472591801871, 0.3207472591801871], [0.3207472591801871, 0.3207472591801871, 0.3207472591801871, 0.3207472591801871, 0.3207472591801871, 0.3207472591801871, 0.23401951231431267, 0.2450707687535499, 0.24390195214207053, 0.3207472591801871, 0.3207472591801871, 0.3207472591801871, 0.3207472591801871, 0.3207472591801871, 0.3207472591801871, 0.3207472591801871], [0.3207472591801871, 0.26276742714416484, 0.3207472591801871, 0.3207472591801871, 0.3207472591801871, 0.3207472591801871, 0.3207472591801871, 0.3207472591801871, 0.2727386582382989, 0.3207472591801871, 0.3207472591801871, 0.3207472591801871, 0.3207472591801871, 0.3207472591801871, 0.3207472591801871, 0.2340997627755689], [0.3207472591801871, 0.3207472591801871, 