{"num_qubits": 2, "depth": 2, "num_circuit": 32, "num_generation": 30, "current_generation": 3, "fitnessss": [[0.5420442626814872, 0.45414357323040716, 0.4724630863028305, 0.5551482705969584, 0.4946850617096473, 0.25884331986485953, 0.6033486541492786, 0.24346409416938003, 0.4317813030791121, 0.25884331986485953, 0.5198343323107617, 0.5294271361507917, 0.2721786555117963, 0.4531260499875123, 0.4128080705781951, 0.3673542661406907, 0.5840870461766465, 0.580386330748774, 0.25884331986485953, 0.5751001105578173, 0.44793858711431705, 0.5652583421493825, 0.17689048064441187, 0.6060967715957502, 0.37203785459384003, 0.3161372662992087, 0.25884331986485953, 0.25884331986485953, 0.41343293590179914, 0.4971935570513074, 0.3197533633987303, 0.47020082429976656], [0.6060967715957502, 0.6033486541492786, 0.6199010163710641, 0.5840870461766465, 0.32721769866924644, 0.580386330748774, 0.43686038061507365, 0.6124759750738724, 0.5751001105578173, 0.5652583421493825, 0.4971935570513074, 0.563124192017064, 0.5551482705969584, 0.5420442626814872, 0.5420442626814872, 0.5551482705969584, 0.5294271361507917, 0.5198343323107617, 0.3344158238725226, 0.3721533235525785, 0.4971935570513074, 0.4946850617096473, 0.30446470755916555, 0.5538845227489582, 0.4724630863028305, 0.47020082429976656, 0.4198052233608168, 0.49719355705130724, 0.45414357323040716, 0.4531260499875123, 0.17689048064441187, 0.6247742584654052], [0.6247742584654052, 0.6199010163710641, 0.57285269777202, 0.6559633119688129, 0.6124759750738724, 0.6060967715957502, 0.6060967715957502, 0.6124759750738724, 0.6033486541492786, 0.5840870461766465, 0.5840870461766465, 0.6033486541492786, 0.580386330748774, 0.5751001105578173, 0.7306208765509874, 0.25884331986485953, 0.5652583421493825, 0.563124192017064, 0.563124192017064, 0.5652583421493825, 0.5551482705969584, 0.5534059825671933, 0.5551482705969584, 0.5551482705969584, 0.5538845227489582, 0.5420442626814872, 0.5427772245306774, 0.5107842999470877, 0.5420442626814872, 0.5294271361507917, 0.5913794859669783, 0.3344158238725226]], "best_fitnesss": [0.6060967715957502, 0.6247742584654052, 0.7306208765509874], "prob_mutate": 0.046875}