{"num_qubits": 4, "depth": 9, "num_circuit": 16, "num_generation": 20, "current_generation": 20, "fitnessss": [[0.34983071353908823, 0.23508314674828934, 0.3857496613059761, 0.240430523658832, 0.1881973978662389, 0.40874737910146164, 0.335894614144424, 0.38482240124955314, 0.31781971013315147, 0.3855255447017849, 0.4231021289178927, 0.5054407961180007, 0.31985695501922085, 0.44335448346212414, 0.342090550878382, 0.2639314116245769], [0.5054407961180007, 0.44335448346212414, 0.3013991356023682, 0.26044043384786686, 0.4231021289178927, 0.4786909214085783, 0.2846251156292864, 0.30377824526471175, 0.3857496613059761, 0.3855255447017849, 0.3156175862405811, 0.34657793824521566, 0.38482240124955314, 0.34983071353908823, 0.1775052199920516, 0.15618835516245577], [0.4690948096356421, 0.4786909214085783, 0.39704622925107647, 0.27791102631025366, 0.44335448346212414, 0.4231021289178927, 0.3929751817785876, 0.4152573853326279, 0.3857496613059761, 0.35762043693140955, 0.3156175862405811, 0.22006911724153777, 0.38482240124955314, 0.2987982070308255, 0.1775052199920516, 0.15618835516245577], [0.4786909214085783, 0.4690948096356421, 0.5024846844175421, 0.39704622925107647, 0.4173055341330325, 0.4231021289178927, 0.3929751817785876, 0.49342158556004523, 0.4152573853326279, 0.39704622925107647, 0.15040585981171584, 0.241940131060572, 0.3929751817785876, 0.3857496613059761, 0.2197893987169337, 0.5668495123594359], [0.5404607891685564, 0.5024846844175421, 0.15151122951801577, 0.30377824526471175, 0.49342158556004523, 0.4786909214085783, 0.28704175683870203, 0.4759292535757972, 0.4690948096356421, 0.3865523832405353, 0.38497794370946803, 0.3557606492425547, 0.4173055341330325, 0.2402132666392831, 0.3713300360173497, 0.49342158556004523], [0.5404607891685564, 0.5024846844175421, 0.15151122951801577, 0.42299629372110137, 0.49342158556004523, 0.49342158556004523, 0.49342158556004523, 0.49342158556004523, 0.4786909214085783, 0.4759292535757972, 0.2358993285167741, 0.41746366006347413, 0.4690948096356421, 0.4173055341330325, 0.3599114923837621, 0.3200918300197797], [0.5404607891685564, 0.5024846844175421, 0.15151122951801577, 0.42299629372110137, 0.49342158556004523, 0.49342158556004523, 0.49342158556004523, 0.49342158556004523, 0.49342158556004523, 0.49342158556004523, 0.49342158556004523, 0.49342158556004523, 0.4786909214085783, 0.4759292535757972, 0.4759292535757972, 0.4786909214085783], [0.5404607891685564, 0.5024846844175421, 0.15151122951801577, 0.42299629372110137, 0.5301755642838546, 0.49342158556004523, 0.49342158556004523, 0.49342158556004523, 0.49342158556004523, 0.49342158556004523, 0.49342158556004523, 0.49342158556004523, 0.49342158556004523, 0.49342158556004523, 0.39127615434805196, 0.49342158556004523], [0.5404607891685564, 0.5301755642838546, 0.39980147499119034, 0.4297529205001416, 0.5024846844175421, 0.49342158556004523, 0.4759292535757972, 0.3557606492425547, 0.49342158556004523, 0.49342158556004523, 0.49342158556004523, 0.49342158556004523, 0.49342158556004523, 0.49342158556004523, 0.4844801700523995, 0.49342158556004523], [0.5404607891685564, 0.5301755642838546, 0.39980147499119034, 0.4297529205001416, 0.5024846844175421, 0.49342158556004523, 0.18175073449883905, 0.3557606492425547, 0.49342158556004523, 0.49342158556004523, 0.49342158556004523, 0.15888415771271747, 0.2039462796525735, 0.49342158556004523, 0.49342158556004523, 0.49342158556004523], [0.5404607891685564, 0.5301755642838546, 0.39980147499119034, 0.49007712046687246, 0.5024846844175421, 0.21038743961530904, 0.4759292535757972, 0.3557606492425547, 0.49342158556004523, 0.49342158556004523, 0.49342158556004523, 0.49342158556004523, 0.49342158556004523, 0.49342158556004523, 0.49342158556004523, 0.49342158556004523], [0.5404607891685564, 0.5301755642838546, 0.30334215132152664, 0.513306684234478, 0.5024846844175421, 0.49342158556004523, 0.4759292535757972, 0.3557606492425547, 0.49342158556004523, 0.49342158556004523, 0.49342158556004523, 0.49342158556004523, 0.49342158556004523, 0.49342158556004523, 0.49342158556004523, 0.49342158556004523], [0.5404607891685564, 0.5301755642838546, 0.39980147499119034, 0.4297529205001416, 0.513306684234478, 0.5024846844175421, 0.34339382794692086, 0.48083130458483636, 0.49342158556004523, 0.49342158556004523, 0.49342158556004523, 0.49342158556004523, 0.49342158556004523, 0.49342158556004523, 0.49342158556004523, 0.49342158556004523], [0.5404607891685564, 0.5301755642838546, 0.39980147499119034, 0.4297529205001416, 0.513306684234478, 0.5024846844175421, 0.34339382794692086, 0.48083130458483636, 0.49342158556004523, 0.4856049765572237, 0.49342158556004523, 0.49342158556004523, 0.49342158556004523, 0.24197542053412513, 0.49342158556004523, 0.49342158556004523], [0.5404607891685564, 0.5301755642838546, 0.39980147499119034, 0.4297529205001416, 0.4054717603154022, 0.5024846844175421, 0.34339382794692086, 0.48083130458483636, 0.5507104714997333, 0.49342158556004523, 0.49342158556004523, 0.49342158556004523, 0.49342158556004523, 0.49342158556004523, 0.49342158556004523, 0.49342158556004523], [0.5507104714997333, 0.5404607891685564, 0.4545792099086967, 0.3935381157972542, 0.5301755642838546, 0.5024846844175421, 0.34339382794692086, 0.4759292535757972, 0.49342158556004523, 0.49342158556004523, 0.2288454975555151, 0.49342158556004523, 0.49342158556004523, 0.49342158556004523, 0.49342158556004523, 0.49342158556004523], [0.44169820168046825, 0.5404607891685564, 0.4545792099086967, 0.3935381157972542, 0.5301755642838546, 0.5024846844175421, 0.34339382794692086, 0.4759292535757972, 0.49342158556004523, 0.49342158556004523, 0.49342158556004523, 0.49342158556004523, 0.49342158556004523, 0.49342158556004523, 0.49342158556004523, 0.49342158556004523], [0.5404607891685564, 0.5301755642838546, 0.39980147499119034, 0.4297529205001416, 0.4936683694631009, 0.49342158556004523, 0.4759292535757972, 0.3557606492425547, 0.49342158556004523, 0.49342158556004523, 0.49342158556004523, 0.49342158556004523, 0.49342158556004523, 0.5422226507978779, 0.49342158556004523, 0.49342158556004523], [0.5422226507978779, 0.5404607891685564, 0.4545792099086967, 0.4016494075228255, 0.5301755642838546, 0.4936683694631009, 0.3506004477481153, 0.4759292535757972, 0.49342158556004523, 0.49342158556004523, 0.49342158556004523, 0.49342158556004523, 0.49342158556004523, 0.49342158556004523, 0.49342158556004523, 0.49342158556004523], [0.5422226507978779, 0.5404607891685564, 0.2976681676799646, 0.4016494075228255, 0.5301755642838546, 0.4936683694631009, 0.3506004477481153, 0.4759292535757972, 0.49342158556004523, 0.49342158556004523, 0.49342158556004523, 0.49342158556004523, 0.24958824243345412, 0.49342158556004523, 0.49342158556004523, 0.31040498632816127]], "best_fitnesss": [0.5054407961180007, 0.5054407961180007, 0.4786909214085783, 0.5668495123594359, 0.5404607891685564, 0.5404607891685564, 0.5404607891685564, 0.5404607891685564, 0.5404607891685564, 0.5404607891685564, 0.5404607891685564, 0.5404607891685564, 0.5404607891685564, 0.5404607891685564, 0.5507104714997333, 0.5507104714997333, 0.5404607891685564, 0.5422226507978779, 0.5422226507978779, 0.5422226507978779], "prob_mutate": 0.020833333333333332}