{"num_qubits": 8, "depth": 50, "num_circuit": 16, "num_generation": 20, "current_generation": 20, "fitnessss": [[0.035815672117162536, 0.03354372062574946, 0.035959884129707985, 0.03325009735189018, 0.028959410319705052, 0.03268729159870263, 0.03652295880504279, 0.03283920891322657, 0.03250224153631744, 0.03282591985334883, 0.03475071008565336, 0.039033748580689406, 0.031434942569035895, 0.035068526810364695, 0.03441703485033254, 0.0319335403659725], [0.036438015478726896, 0.035964051574330975, 0.03489193221692956, 0.033815005256953856, 0.03417288938484616, 0.034831398602610406, 0.03289987878275432, 0.035929660938435595, 0.03360103332083172, 0.035585150503048744, 0.03431200433345556, 0.03456292819919025, 0.03343432701924215, 0.03629405222181216, 0.03396637043279691, 0.03343016293444304], [0.03556444728606213, 0.03595018166104498, 0.03680856768035553, 0.03502209733305047, 0.037155608463397105, 0.033316616461763024, 0.033310409350270326, 0.03481253839605094, 0.035051974990709334, 0.03704677385882943, 0.03686680042553534, 0.03733929781161543, 0.03469110107535829, 0.03313842794517633, 0.03213408486268725, 0.03353412630953195], [0.03506703189699019, 0.03600825220611875, 0.03538439057913212, 0.03794424479158766, 0.033329748073559845, 0.03421976449860279, 0.03596021507956264, 0.036082754518942904, 0.03780657625160021, 0.033740261421732386, 0.037489590941386854, 0.03531226379977255, 0.03709538031781301, 0.03363414668897764, 0.034963903703494933, 0.033588167426270174], [0.03781467110751432, 0.036539717494652256, 0.03425288256870883, 0.0350552593039688, 0.035048781119240216, 0.03617991864399013, 0.03619610492088744, 0.033527239475817774, 0.03414591034496818, 0.035882406321975736, 0.031522151195727974, 0.03489475050695827, 0.036761479645041076, 0.037277401057921745, 0.036998718130342424, 0.033041792049265696], [0.0373047641463956, 0.03655524539198817, 0.03450735127442399, 0.03527411169967689, 0.033618692137270416, 0.03555546868205649, 0.03441990966048362, 0.03413686626128681, 0.03442464652461105, 0.03531546440840773, 0.03504593134957765, 0.03355373204257529, 0.037191146921670526, 0.03599512466674186, 0.03707650989587341, 0.03650591638096321], [0.036775368950095796, 0.0373230129634822, 0.037884654527576736, 0.03715432141594096, 0.03467165600990981, 0.03428915221021417, 0.034719851817716585, 0.03611769100014641, 0.035806294820901016, 0.03352124154321301, 0.033619695953121274, 0.03725139530765114, 0.03466554119242473, 0.03626980436146352, 0.03776258671090519, 0.035228968099852154], [0.037336563024862136, 0.03517366903225938, 0.036967846137205586, 0.03601157021380035, 0.03931951908651547, 0.034921756673650134, 0.03568290276340639, 0.0357621526793811, 0.03726275582568348, 0.03517257115604798, 0.035402160487623964, 0.03539995560362376, 0.03626880256404387, 0.03457659834352396, 0.036205768267378355, 0.03872185517817768], [0.03728335449082919, 0.034791534223023064, 0.03848812036440809, 0.03937095415860466, 0.03671232903683288, 0.0358853386377496, 0.0361997435652436, 0.03475116070789087, 0.03649676300317346, 0.03435109577397737, 0.034981390194564706, 0.03572027408507966, 0.035650454126563855, 0.03470737974592736, 0.03572236626572085, 0.03551374070666811], [0.03816708642061569, 0.038395123447229895, 0.03689987944746555, 0.036970602092722314, 0.035777064723853655, 0.03635132521328356, 0.03621551297651382, 0.03550894037116196, 0.03399609706232683, 0.036303677904666064, 0.03400237998691334, 0.036788179099216924, 0.035647142338474005, 0.039212722673842515, 0.03596178210218977, 0.03658353817167866], [0.03561531896658024, 0.037194437700307316, 0.037333148005537296, 0.03400616477556166, 0.036103272356882, 0.037558058192126244, 0.03570824833094945, 0.038962935530298545, 0.0370537943502286, 0.03444619383918822, 0.036302619444753395, 0.0351624460140243, 0.03545928702455188, 0.03923060484378914, 0.03628106119266737, 0.03755946687187628], [0.036620614598619296, 0.037726316865909895, 0.03488421485009517, 0.038113088134651384, 0.036142042663109074, 0.03579405554735995, 0.034630277281077794, 0.036588789933847385, 0.03515602207568645, 0.035909811723710536, 0.030895436710720276, 0.03614273154384257, 0.03550784497310466, 0.03548460436399107, 0.03661879818964979, 0.03623000911844592], [0.03803102779827444, 0.03435484192795649, 0.03783316075728909, 0.0359121784951742, 0.03406302763244419, 0.03691002307161507, 0.03627888252822677, 0.03414636147359007, 0.034227649115003964, 0.03609390835355611, 0.03615307568069753, 0.033698070223782045, 0.036812677941347335, 0.03642434148717122, 0.034992334243397795, 0.03612870443539933], [0.038171945732218056, 0.03866559323424817, 0.04003968870815355, 0.0387641979600446, 0.036160984113763076, 0.035675220174307264, 0.03280807601561927, 0.03578308773148207, 0.03692410287374131, 0.03611807154803988, 0.03342260990259417, 0.03532060472565254, 0.03437365783609399, 0.037294893087664836, 0.0370711194167637, 0.03340846398332666], [0.03677861265563037, 0.03741831045901783, 0.037397126336766284, 0.03866230223956675, 0.036259166916218284, 0.03491230337837467, 0.0362831100629105, 0.0366786758334566, 0.036625655025904306, 0.03647522755991671, 0.03703619154927386, 0.037083845317089345, 0.03654023427655464, 0.03586012722529492, 0.0338827097249151, 0.037039865278914695], [0.037046201880717514, 0.04006480925495667, 0.039114402085116115, 0.035577152560318306, 0.03811455882738752, 0.035835360213683914, 0.03848745231856539, 0.035217527853887064, 0.037718804767565076, 0.03422681341233476, 0.03465709071924217, 0.036789129773080735, 0.0346728616222416, 0.0349892490368968, 0.03599911881424135, 0.036213198188449904], [0.03872473480972581, 0.03797801534979074, 0.03907852558617496, 0.03867447147887227, 0.03786940357499348, 0.039537883825573675, 0.03880143606538562, 0.03605939478285776, 0.038463472610038636, 0.04025033904596451, 0.0354540761187858, 0.03532834232606821, 0.036075413676460034, 0.03687838585787194, 0.03605506025345284, 0.035696689956492014], [0.03815175000882741, 0.037289555980226534, 0.03669255497977937, 0.033600259210958855, 0.03743752648128253, 0.03676180770022736, 0.03666359138971832, 0.035108796716555854, 0.037889039180535725, 0.040063316584551326, 0.038650578433890484, 0.03438932208017451, 0.03496351507355422, 0.03705771347188403, 0.03735321425415673, 0.035345564603955375], [0.03904988438852801, 0.0370213878277944, 0.03884187948861341, 0.03729775795225821, 0.037324023721244014, 0.03941341605817153, 0.039384306705264376, 0.03999784592251528, 0.03420635284157231, 0.035437109875777154, 0.03699734313999817, 0.03485572122685726, 0.038312990777366926, 0.03347237625132191, 0.036469282334816014, 0.03803520623145472], [0.03686601184827053, 0.036886378185953424, 0.03504642595767371, 0.03735284958645565, 0.037789750470606204, 0.03828433497035101, 0.037583454308198934, 0.0367907607126592, 0.035752835454129786, 0.03583452915646102, 0.03782482220672199, 0.037626120210053036, 0.03691131545706151, 0.03595022509282761, 0.03521380728168865, 0.03926381197332638]], "best_fitnesss": [0.039033748580689406, 0.036438015478726896, 0.03733929781161543, 0.03794424479158766, 0.03781467110751432, 0.0373047641463956, 0.037884654527576736, 0.03931951908651547, 0.03937095415860466, 0.039212722673842515, 0.03923060484378914, 0.038113088134651384, 0.03803102779827444, 0.04003968870815355, 0.03866230223956675, 0.04006480925495667, 0.04025033904596451, 0.040063316584551326, 0.03999784592251528, 0.03926381197332638], "prob_mutate": 0.00375}