{"num_qubits": 5, "depth": 8, "num_circuit": 32, "num_generation": 50, "current_generation": 18, "fitnessss": [[0.1777740726305602, 0.16825724245666612, 0.24172343638279195, 0.2950843425953139, 0.2741764692533971, 0.21756876256865612, 0.15875690106197754, 0.24284080322892207, 0.2670404163407265, 0.24040599772796095, 0.20732864297164064, 0.22582010114968015, 0.260796843247463, 0.252270743674264, 0.23980410059895824, 0.2517301096114254, 0.22450398578999872, 0.19809048629522202, 0.3090629343144442, 0.2109638444724029, 0.22237425855655263, 0.2583556294763306, 0.22152257337252262, 0.25179950113838595, 0.17872995177501272, 0.3002325069366142, 0.20533074751876557, 0.17816946904309755, 0.2583304336877649, 0.18351225278406216, 0.3357549292967216, 0.22511031135580706], [0.3357549292967216, 0.3090629343144442, 0.2959233472345806, 0.287375868682073, 0.33221343412415016, 0.2779889306335273, 0.2598500159637805, 0.24162828991277568, 0.2741764692533971, 0.2670404163407265, 0.2768054471254825, 0.28404546658237473, 0.260796843247463, 0.2583556294763306, 0.3001650420086348, 0.26365854860016336, 0.2583304336877649, 0.252270743674264, 0.2799354941201183, 0.2993684219121652, 0.25179950113838595, 0.2517301096114254, 0.23884423019369594, 0.274026105029356, 0.24284080322892207, 0.24172343638279195, 0.23472459515398655, 0.2428244368800546, 0.24040599772796095, 0.23980410059895824, 0.23882353529694217, 0.2781819697007656], [0.3357549292967216, 0.33221343412415016, 0.30998162779334587, 0.27093542399037374, 0.3090629343144442, 0.3001650420086348, 0.2424335475964642, 0.293116171883011, 0.2993684219121652, 0.2959233472345806, 0.21079535052639034, 0.2879107716791813, 0.287375868682073, 0.28404546658237473, 0.2511567552812345, 0.26693569691438357, 0.2799354941201183, 0.2781819697007656, 0.30603682771353563, 0.21390012181409265, 0.2779889306335273, 0.2768054471254825, 0.31536268804129797, 0.2988436180346715, 0.2741764692533971, 0.274026105029356, 0.29808004082905276, 0.28536017650098217, 0.2670404163407265, 0.26365854860016336, 0.2180721193623379, 0.2955348086428746], [0.3357549292967216, 0.33221343412415016, 0.30998162779334587, 0.27093542399037374, 0.31536268804129797, 0.30998162779334587, 0.25230203054154426, 0.2525715832493687, 0.3090629343144442, 0.30603682771353563, 0.27111368056540264, 0.33007266006226843, 0.3001650420086348, 0.2993684219121652, 0.28603347866883067, 0.18843157497400087, 0.2988436180346715, 0.2746891884775434, 0.29808004082905276, 0.2945008165556581, 0.2959233472345806, 0.2955348086428746, 0.2525715832493687, 0.283493484974121, 0.293116171883011, 0.2879107716791813, 0.28603347866883067, 0.2959233472345806, 0.287375868682073, 0.28536017650098217, 0.2511567552812345, 0.2652452060640985], [0.3357549292967216, 0.33221343412415016, 0.30998162779334587, 0.27093542399037374, 0.33007266006226843, 0.31536268804129797, 0.28974168713363474, 0.3148772444150067, 0.30998162779334587, 0.30998162779334587, 0.30998162779334587, 0.30998162779334587, 0.3090629343144442, 0.2816797169099354, 0.27111368056540264, 0.33007266006226843, 0.3001650420086348, 0.2993684219121652, 0.28603347866883067, 0.18843157497400087, 0.2988436180346715, 0.29808004082905276, 0.29808004082905276, 0.2988436180346715, 0.2959233472345806, 0.30288042639859414, 0.2985644014584478, 0.27295328503207655, 0.2955348086428746, 0.2945008165556581, 0.2996028026817222, 0.3070551902997426], [0.3357549292967216, 0.33221343412415016, 0.30998162779334587, 0.27093542399037374, 0.33007266006226843, 0.33007266006226843, 0.33007266006226843, 0.33007266006226843, 0.31536268804129797, 0.3148772444150067, 0.3148772444150067, 0.31536268804129797, 0.30998162779334587, 0.38138921795036973, 0.30998162779334587, 0.30998162779334587, 0.30998162779334587, 0.30998162779334587, 0.30998162779334587, 0.30998162779334587, 0.30998162779334587, 0.3090629343144442, 0.2959233472345806, 0.23642074152468878, 0.3070551902997426, 0.30288042639859414, 0.2956208693093062, 0.20206271847282758, 0.3001650420086348, 0.2996028026817222, 0.35341987524393315, 0.2583556294763306], [0.38138921795036973, 0.35341987524393315, 0.2872810800483679, 0.3358817737102046, 0.2803123312872084, 0.33221343412415016, 0.30998162779334587, 0.27896036438724325, 0.33007266006226843, 0.33007266006226843, 0.33007266006226843, 0.33007266006226843, 0.33007266006226843, 0.33007266006226843, 0.33007266006226843, 0.300529209101401, 0.31536268804129797, 0.31536268804129797, 0.31536268804129797, 0.31536268804129797, 0.3148772444150067, 0.3148772444150067, 0.3148772444150067, 0.3148772444150067, 0.30998162779334587, 0.30998162779334587, 0.30998162779334587, 0.30998162779334587, 0.30998162779334587, 0.30998162779334587, 0.30998162779334587, 0.30998162779334587], [0.38138921795036973, 0.35341987524393315, 0.2872810800483679, 0.3358817737102046, 0.3358817737102046, 0.33221343412415016, 0.3196016070416888, 0.36318027792926805, 0.33007266006226843, 0.33007266006226843, 0.33007266006226843, 0.33007266006226843, 0.33007266006226843, 0.33007266006226843, 0.33007266006226843, 0.33007266006226843, 0.33007266006226843, 0.33007266006226843, 0.33007266006226843, 0.33007266006226843, 0.33007266006226843, 0.3206296497738606, 0.28974168713363474, 0.3148772444150067, 0.31536268804129797, 0.31536268804129797, 0.31536268804129797, 0.31536268804129797, 0.31536268804129797, 0.3148772444150067, 0.3148772444150067, 0.31536268804129797], [0.38138921795036973, 0.36318027792926805, 0.38138921795036973, 0.36318027792926805, 0.35341987524393315, 0.3358817737102046, 0.3358817737102046, 0.35341987524393315, 0.3358817737102046, 0.33221343412415016, 0.34972450067632327, 0.36318027792926805, 0.33007266006226843, 0.33007266006226843, 0.33007266006226843, 0.33007266006226843, 0.27720319921650355, 0.33007266006226843, 0.33007266006226843, 0.33007266006226843, 0.33007266006226843, 0.33007266006226843, 0.30857832417010844, 0.33007266006226843, 0.33007266006226843, 0.33007266006226843, 0.33007266006226843, 0.33007266006226843, 0.33007266006226843, 0.33007266006226843, 0.33007266006226843, 0.33007266006226843], [0.38138921795036973, 0.38138921795036973, 0.38138921795036973, 0.38138921795036973, 0.36318027792926805, 0.36318027792926805, 0.36318027792926805, 0.30700973437420526, 0.36318027792926805, 0.35341987524393315, 0.31161597605753283, 0.3358817737102046, 0.35341987524393315, 0.34972450067632327, 0.34972450067632327, 0.35341987524393315, 0.3358817737102046, 0.3358817737102046, 0.3180015104677473, 0.3358817737102046, 0.3358817737102046, 0.33221343412415016, 0.3196016070416888, 0.36318027792926805, 0.33007266006226843, 0.33007266006226843, 0.33007266006226843, 0.33007266006226843, 0.33007266006226843, 0.33007266006226843, 0.33007266006226843, 0.21322113772912515], [0.38138921795036973, 0.38138921795036973, 0.38138921795036973, 0.38138921795036973, 0.38138921795036973, 0.38138921795036973, 0.38138921795036973, 0.38138921795036973, 0.36318027792926805, 0.36318027792926805, 0.36318027792926805, 0.36318027792926805, 0.36318027792926805, 0.36318027792926805, 0.36318027792926805, 0.36318027792926805, 0.36318027792926805, 0.35341987524393315, 0.2871505911876425, 0.3358817737102046, 0.35341987524393315, 0.35341987524393315, 0.35341987524393315, 0.35341987524393315, 0.34972450067632327, 0.34972450067632327, 0.34972450067632327, 0.34972450067632327, 0.3358817737102046, 0.3358817737102046, 0.3358817737102046, 0.3358817737102046], [0.38138921795036973, 0.38138921795036973, 0.38138921795036973, 0.38138921795036973, 0.38138921795036973, 0.38138921795036973, 0.38138921795036973, 0.38138921795036973, 0.38138921795036973, 0.38138921795036973, 0.38138921795036973, 0.38138921795036973, 0.38138921795036973, 0.38138921795036973, 0.38138921795036973, 0.38138921795036973, 0.36318027792926805, 0.36318027792926805, 0.36318027792926805, 0.36318027792926805, 0.36318027792926805, 0.36318027792926805, 0.25856986104219626, 0.36318027792926805, 0.36318027792926805, 0.36318027792926805, 0.36318027792926805, 0.36318027792926805, 0.3368536443858717, 