{"num_qubits": 4, "depth": 9, "num_circuit": 16, "num_generation": 20, "current_generation": 20, "fitnessss": [[0.4164502797452895, 0.3483382033252138, 0.17685258037241558, 0.2906706423042511, 0.474466808424165, 0.27798874295786713, 0.26990111368994785, 0.27100307336828533, 0.5020620049778901, 0.13737439235564075, 0.24991605283585083, 0.21984257675398666, 0.20766757418473425, 0.22668313034491638, 0.40272152917143056, 0.364336660125146], [0.5020620049778901, 0.474466808424165, 0.5149642388180624, 0.3119849016374967, 0.4164502797452895, 0.40272152917143056, 0.22529192304943124, 0.38199023806104115, 0.27192728725709225, 0.3483382033252138, 0.2252696189697413, 0.5712854418176201, 0.2906706423042511, 0.27798874295786713, 0.24524657831639884, 0.27127992911200494], [0.5712854418176201, 0.5149642388180624, 0.3378745439301648, 0.47700508917524675, 0.5020620049778901, 0.474466808424165, 0.5310668843601876, 0.3119849016374967, 0.35598802099699456, 0.3782502782726813, 0.18002182606123163, 0.300016041924979, 0.38199023806104115, 0.3483382033252138, 0.31304200257783676, 0.34605547274552995], [0.5712854418176201, 0.5310668843601876, 0.2889172810640209, 0.47700508917524675, 0.5149642388180624, 0.33650984836192577, 0.5020620049778901, 0.5149642388180624, 0.47700508917524675, 0.474466808424165, 0.5310668843601876, 0.3007424863486775, 0.38199023806104115, 0.3782502782726813, 0.4139182518460134, 0.38199023806104115], [0.5712854418176201, 0.5310668843601876, 0.2889172810640209, 0.47700508917524675, 0.5310668843601876, 0.5149642388180624, 0.5149642388180624, 0.5310668843601876, 0.5149642388180624, 0.5020620049778901, 0.5020620049778901, 0.44730989858270687, 0.47700508917524675, 0.47700508917524675, 0.47700508917524675, 0.47700508917524675], [0.5712854418176201, 0.46300879268997164, 0.2889172810640209, 0.47700508917524675, 0.5310668843601876, 0.5310668843601876, 0.5310668843601876, 0.5310668843601876, 0.5149642388180624, 0.5149642388180624, 0.5149642388180624, 0.5149642388180624, 0.5149642388180624, 0.5020620049778901, 0.5020620049778901, 0.5149642388180624], [0.398264630748171, 0.5310668843601876, 0.2889172810640209, 0.47700508917524675, 0.5310668843601876, 0.5310668843601876, 0.5310668843601876, 0.5310668843601876, 0.5310668843601876, 0.5149642388180624, 0.5149642388180624, 0.5310668843601876, 0.42811087217012134, 0.5149642388180624, 0.29091788593191503, 0.5149642388180624], [0.34253696080355645, 0.5611316868397592, 0.5310668843601876, 0.5310668843601876, 0.5310668843601876, 0.5310668843601876, 0.5310668843601876, 0.32423570959898873, 0.5310668843601876, 0.3230424169808799, 0.49756097504028374, 0.5310668843601876, 0.5310668843601876, 0.5149642388180624, 0.5149642388180624, 0.5310668843601876], [0.5611316868397592, 0.44206772076891987, 0.5611316868397592, 0.5310668843601876, 0.5310668843601876, 0.5310668843601876, 0.5310668843601876, 0.5310668843601876, 0.5310668843601876, 0.5310668843601876, 0.5310668843601876, 0.5310668843601876, 0.43199694254707044, 0.5310668843601876, 0.5310668843601876, 0.5310668843601876], [0.5611316868397592, 0.5611316868397592, 0.5611316868397592, 0.5611316868397592, 0.5310668843601876, 0.5310668843601876, 0.5310668843601876, 0.5310668843601876, 0.4419445137077137, 0.40008888741250803, 0.4666333902451383, 0.5310668843601876, 0.5310668843601876, 0.5310668843601876, 0.5310668843601876, 0.5310668843601876], [0.5611316868397592, 0.5611316868397592, 0.5611316868397592, 0.5611316868397592, 0.5611316868397592, 0.5611316868397592, 0.5611316868397592, 0.5539029828511001, 0.5310668843601876, 0.5310668843601876, 0.5310668843601876, 0.5310668843601876, 0.5310668843601876, 0.5310668843601876, 0.5310668843601876, 0.5310668843601876], [0.5611316868397592, 0.5611316868397592, 0.5611316868397592, 0.5611316868397592, 0.5121949364008318, 0.5611316868397592, 0.5611316868397592, 0.5611316868397592, 0.5611316868397592, 0.5611316868397592, 0.5611316868397592, 0.5611316868397592, 0.5611316868397592, 0.5539029828511001, 0.5611316868397592, 0.5539029828511001], [0.5611316868397592, 0.4667223508822643, 0.5611316868397592, 0.5611316868397592, 0.5611316868397592, 0.5611316868397592, 0.5611316868397592, 0.5611316868397592, 0.3034831526356184, 0.5611316868397592, 0.5611316868397592, 0.5611316868397592, 0.5611316868397592, 0.22177507537259933, 0.5611316868397592, 0.5611316868397592], [0.5611316868397592, 0.5611316868397592, 0.5611316868397592, 0.5611316868397592, 0.47704002124669387, 0.5611316868397592, 0.5611316868397592, 0.25252692274722455, 0.5611316868397592, 0.5611316868397592, 0.5611316868397592, 0.5611316868397592, 0.5611316868397592, 0.5611316868397592, 0.5611316868397592, 0.5611316868397592], [0.5611316868397592, 0.5611316868397592, 0.5611316868397592, 0.5611316868397592, 0.5611316868397592, 0.42203111196594234, 0.5415955746177248, 0.5611316868397592, 0.5611316868397592, 0.5611316868397592, 0.5611316868397592, 0.5611316868397592, 0.5611316868397592, 0.5611316868397592, 0.5611316868397592, 0.5611316868397592], [0.5611316868397592, 0.5611316868397592, 0.5611316868397592, 0.5611316868397592, 0.5611316868397592, 0.5611316868397592, 0.5611316868397592, 0.5611316868397592, 0.3022810014827437, 0.5611316868397592, 0.5611316868397592, 0.5611316868397592, 0.5611316868397592, 0.5611316868397592, 0.24962057709573093, 0.5611316868397592], [0.5611316868397592, 0.5611316868397592, 0.5611316868397592, 0.5611316868397592, 0.5611316868397592, 0.5611316868397592, 0.5611316868397592, 0.5611316868397592, 0.5611316868397592, 0.5611316868397592, 0.5611316868397592, 0.5611316868397592, 0.5611316868397592, 0.5611316868397592, 0.5419468206859049, 0.5611316868397592], [0.5611316868397592, 0.5611316868397592, 0.5611316868397592, 0.5611316868397592, 0.38737242875207945, 0.5611316868397592, 0.5611316868397592, 0.5611316868397592, 0.5611316868397592, 0.5611316868397592, 0.5611316868397592, 0.5611316868397592, 0.5611316868397592, 0.5611316868397592, 0.5611316868397592, 0.4436439583948013], [0.5611316868397592, 0.5611316868397592, 0.5611316868397592, 0.5611316868397592, 0.5611316868397592, 0.5595533903121064, 0.5611316868397592, 0.5611316868397592, 0.5611316868397592, 0.5611316868397592, 0.5611316868397592, 0.5611316868397592, 0.5611316868397592, 0.5611316868397592, 0.3998525971350647, 0.5611316868397592], [0.5005164297473506, 0.5611316868397592, 0.5611316868397592, 0.38020048003181905, 0.5611316868397592, 0.5611316868397592, 0.5611316868397592, 0.5611316868397592, 0.5611316868397592, 0.4586625129036591, 0.5611316868397592, 0.5611316868397592, 0.5611316868397592, 0.5611316868397592, 0.5611316868397592, 0.5611316868397592]], "best_fitnesss": [0.5020620049778901, 0.5712854418176201, 0.5712854418176201, 0.5712854418176201, 0.5712854418176201, 0.5712854418176201, 0.5310668843601876, 0.5611316868397592, 0.5611316868397592, 0.5611316868397592, 0.5611316868397592, 0.5611316868397592, 0.5611316868397592, 0.5611316868397592, 0.5611316868397592, 0.5611316868397592, 0.5611316868397592, 0.5611316868397592, 0.5611316868397592, 0.5611316868397592], "prob_mutate": 0.020833333333333332}