{"num_qubits": 5, "depth": 6, "num_circuit": 8, "num_generation": 40, "current_generation": 37, "fitnessss": [[0.2027917738910774, 0.16977868296846266, 0.2537475214330803, 0.15191532152619897, 0.20539030890164903, 0.16469743595413447, 0.15602664579864153, 0.21942306007294796], [0.2159549406054225, 0.17392524117381009, 0.22648319082062018, 0.254418459809724, 0.22023792614768078, 0.2027917738910774, 0.19047296588181856, 0.28638103744593496], [0.28638103744593496, 0.254418459809724, 0.22012391175566384, 0.24946806137834326, 0.22648319082062018, 0.22023792614768078, 0.25437436026736415, 0.20119582717542653], [0.28638103744593496, 0.254418459809724, 0.22757782921238096, 0.24946806137834326, 0.25437436026736415, 0.24946806137834326, 0.23573671999689916, 0.2174139886189407], [0.28638103744593496, 0.254418459809724, 0.22757782921238096, 0.24946806137834326, 0.25437436026736415, 0.22932775907814476, 0.2603477330783811, 0.2174139886189407], [0.28638103744593496, 0.2603477330783811, 0.23116486158902774, 0.2533259539120559, 0.254418459809724, 0.26750627516189657, 0.23599158118347147, 0.2537475214330803], [0.28638103744593496, 0.26750627516189657, 0.27364990230557495, 0.20901855645685904, 0.2603477330783811, 0.254418459809724, 0.2537475214330803, 0.24486030769299266], [0.261151677896364, 0.27364990230557495, 0.27364990230557495, 0.28638103744593496, 0.26750627516189657, 0.2617422519348179, 0.2603477330783811, 0.26750627516189657], [0.28638103744593496, 0.2498527608444307, 0.27364990230557495, 0.28638103744593496, 0.27364990230557495, 0.26750627516189657, 0.2090720186198995, 0.26750627516189657], [0.28638103744593496, 0.2544260864372011, 0.28638103744593496, 0.28638103744593496, 0.27364990230557495, 0.27364990230557495, 0.23140453476273054, 0.303373925229846], [0.2619415282426917, 0.25623460317569974, 0.28638103744593496, 0.303373925229846, 0.28638103744593496, 0.2508619467622851, 0.24684908923781226, 0.28638103744593496], [0.303373925229846, 0.28638103744593496, 0.22029479081212705, 0.303373925229846, 0.20647683832224928, 0.28638103744593496, 0.28501700053340256, 0.28638103744593496], [0.303373925229846, 0.303373925229846, 0.303373925229846, 0.2716258504593495, 0.28638103744593496, 0.28638103744593496, 0.28638103744593496, 0.28638103744593496], [0.303373925229846, 0.303373925229846, 0.303373925229846, 0.303373925229846, 0.303373925229846, 0.28638103744593496, 0.28638103744593496, 0.25926593279308296], [0.303373925229846, 0.303373925229846, 0.303373925229846, 0.303373925229846, 0.303373925229846, 0.303373925229846, 0.27088113509197365, 0.303373925229846], [0.303373925229846, 0.2914280204799363, 0.2737733397439553, 0.303373925229846, 0.23778719381098004, 0.303373925229846, 0.303373925229846, 0.303373925229846], [0.303373925229846, 0.303373925229846, 0.19562888576315446, 0.303373925229846, 0.303373925229846, 0.303373925229846, 0.303373925229846, 0.2320952008977489], [0.2692371705336024, 0.303373925229846, 0.303373925229846, 0.303373925229846, 0.303373925229846, 0.2700848559397257, 0.303373925229846, 0.303373925229846], [0.303373925229846, 0.303373925229846, 0.23665432966665065, 0.25869707252124136, 0.303373925229846, 0.2700737166067212, 0.303373925229846, 0.19995986739977858], [0.303373925229846, 0.303373925229846, 0.2831629515801321, 0.303373925229846, 0.2779183092356125, 0.25942792331202646, 0.303373925229846, 0.303373925229846], [0.303373925229846, 0.303373925229846, 0.303373925229846, 0.303373925229846, 0.303373925229846, 0.275503523716951, 0.303373925229846, 0.303373925229846], [0.2512807470630267, 0.303373925229846, 0.303373925229846, 0.303373925229846, 0.303373925229846, 0.303373925229846, 0.2329357425367497, 0.303373925229846], [0.2594411048474588, 0.24614046351580748, 0.303373925229846, 0.303373925229846, 0.1399086093740368, 0.26757842948820587, 0.28093264775497434, 0.303373925229846], [0.303373925229846, 0.2665229902827452, 0.29012584544920234, 0.303373925229846, 0.2506205363039601, 0.28093264775497434, 0.2716570014493143, 0.23686075184941044], [0.303373925229846, 0.303373925229846, 0.303373925229846, 0.303373925229846, 0.26472928050725963, 0.28093264775497434, 0.2716570014493143, 0.20441686427473985], [0.303373925229846, 0.2294989128551881, 0.24283727717755146, 0.303373925229846, 0.22609651819692286, 0.303373925229846, 0.303373925229846, 0.303373925229846], [0.303373925229846, 0.2979989329131191, 0.303373925229846, 0.303373925229846, 0.303373925229846, 0.303373925229846, 0.2747498102242095, 0.303373925229846], [0.303373925229846, 0.303373925229846, 0.303373925229846, 0.2336422623429261, 0.303373925229846, 0.303373925229846, 0.303373925229846, 0.303373925229846], [0.24876588071895833, 0.303373925229846, 0.303373925229846, 0.303373925229846, 0.303373925229846, 0.303373925229846, 0.303373925229846, 0.303373925229846], [0.303373925229846, 0.303373925229846, 0.24234748023166186, 0.303373925229846, 0.303373925229846, 0.303373925229846, 0.303373925229846, 0.303373925229846], [0.2497807591092105, 0.303373925229846, 0.303373925229846, 0.303373925229846, 0.22866456341718214, 0.22193126660757959, 0.303373925229846, 0.303373925229846], [0.24772088287261887, 0.303373925229846, 0.3315847424591941, 0.303373925229846, 0.24356939968164718, 0.303373925229846, 0.2872998482674224, 0.2903090469826738], [0.3315847424591941, 0.303373925229846, 0.28519203297986684, 0.3315847424591941, 0.303373925229846, 0.303373925229846, 0.303373925229846, 0.303373925229846], [0.3315847424591941, 0.24873539695686855, 0.3315847424591941, 0.3315847424591941, 0.303373925229846, 0.303373925229846, 0.303373925229846, 0.303373925229846], [0.3315847424591941, 0.23531729282072913, 0.3315847424591941, 0.3315847424591941, 0.3315847424591941, 0.17386039839580517, 0.2571120881169172, 0.3315847424591941], [0.3315847424591941, 0.19141574872628428, 0.2823752567777328, 0.3315847424591941, 0.3315847424591941, 0.3315847424591941, 0.3315847424591941, 0.30298808119636317], [0.3315847424591941, 0.2944205590676078, 0.3315847424591941, 0.3315847424591941, 0.3315847424591941, 0.3315847424591941, 0.3315847424591941, 0.3315847424591941]], "best_fitnesss": [0.2537475214330803, 0.28638103744593496, 0.28638103744593496, 0.28638103744593496, 0.28638103744593496, 0.28638103744593496, 0.28638103744593496, 0.28638103744593496, 0.28638103744593496, 0.303373925229846, 0.303373925229846, 0.303373925229846, 0.303373925229846, 0.303373925229846, 0.303373925229846, 0.303373925229846, 0.303373925229846, 0.303373925229846, 0.303373925229846, 0.303373925229846, 0.303373925229846, 0.303373925229846, 0.303373925229846, 0.303373925229846, 0.303373925229846, 0.303373925229846, 0.303373925229846, 0.303373925229846, 0.303373925229846, 0.303373925229846, 0.303373925229846, 0.3315847424591941, 0.3315847424591941, 0.3315847424591941, 0.3315847424591941, 0.3315847424591941, 0.3315847424591941], "prob_mutate": 0.0625}