{"num_qubits": 4, "depth": 28, "num_circuit": 32, "num_generation": 30, "current_generation": 6, "fitnessss": [[0.8819115960372489, 0.922911642480382, 0.8862308886846387, 0.8329738212536941, 0.8692833263431238, 0.8876092569152763, 0.8905100575032685, 0.909320942974503, 0.9302937292563815, 0.8738226664109497, 0.9158671820426003, 0.907215507009238, 0.8198820475115285, 0.8929265738389087, 0.8967764903219864, 0.8802676521062397, 0.9113207700606945, 0.8886631718378244, 0.8645167272498198, 0.8609188110861066, 0.9425444038341487, 0.8840592296892886, 0.9248587184847809, 0.8417516085781667, 0.937405038722062, 0.8345152299808157, 0.9042776554074766, 0.9259080391826991, 0.9034654939805119, 0.8850224491558585, 0.8915081467629109, 0.8959951121991405], [0.9425444038341487, 0.937405038722062, 0.9134555689721715, 0.9371885753895339, 0.9302937292563815, 0.9259080391826991, 0.9003499385139587, 0.930675854963563, 0.8975645352627317, 0.922911642480382, 0.9198940177070993, 0.9286574624218955, 0.9158671820426003, 0.9113207700606945, 0.916033149319159, 0.9051726225079669, 0.909320942974503, 0.907215507009238, 0.9201908518269788, 0.8925632982569717, 0.9042776554074766, 0.9034654939805119, 0.8953174174790497, 0.862213154647949, 0.9027203801728193, 0.8959951121991405, 0.9292173197464584, 0.9011171025463266, 0.8929265738389087, 0.8915081467629109, 0.8810578951814627, 0.9294762159594414], [0.9425444038341487, 0.937405038722062, 0.9134555689721715, 0.9371885753895339, 0.9371885753895339, 0.930675854963563, 0.9379527134107761, 0.9356059728219706, 0.9302937292563815, 0.9294762159594414, 0.9099844549276883, 0.919006334417032, 0.9292173197464584, 0.9286574624218955, 0.9055101584082793, 0.9384241711845858, 0.9259080391826991, 0.922911642480382, 0.9176962130319181, 0.9357066160882997, 0.9201908518269788, 0.9198940177070993, 0.930291711822569, 0.9107141419981793, 0.916033149319159, 0.9158671820426003, 0.9158671820426003, 0.916033149319159, 0.9134555689721715, 0.9113207700606945, 0.9173007515722711, 0.8966707301338118], [0.9425444038341487, 0.9384241711845858, 0.9194976619438158, 0.9365970002011672, 0.9379527134107761, 0.937405038722062, 0.937405038722062, 0.9379527134107761, 0.9371885753895339, 0.9371885753895339, 0.9371885753895339, 0.9371885753895339, 0.9357066160882997, 0.9356059728219706, 0.9365970002011672, 0.9259080391826991, 0.930675854963563, 0.9302937292563815, 0.930675854963563, 0.9302937292563815, 0.930291711822569, 0.9198660567322443, 0.9120481669904585, 0.8919426414078672, 0.9292173197464584, 0.9286574624218955, 0.9055101584082793, 0.9384241711845858, 0.9259080391826991, 0.922911642480382, 0.9176962130319181, 0.9357066160882997], [0.9425444038341487, 0.9384241711845858, 0.9194976619438158, 0.9365970002011672, 0.9384241711845858, 0.9379527134107761, 0.938016508822146, 0.9404181860447889, 0.9379527134107761, 0.937405038722062, 0.937405038722062, 0.9379527134107761, 0.937405038722062, 0.9371885753895339, 0.9371885753895339, 0.937405038722062, 0.9371885753895339, 0.9371885753895339, 0.9371885753895339, 0.9371885753895339, 0.9371885753895339, 0.9365970002011672, 0.9371885753895339, 0.9365970002011672, 0.9365970002011672, 0.9357066160882997, 0.9406876875461154, 0.9365970002011672, 0.9357066160882997, 0.9356059728219706, 0.9365970002011672, 0.9259080391826991], [0.9425444038341487, 0.9406876875461154, 0.9135250855079724, 0.9402282363599305, 0.9404181860447889, 0.9384241711845858, 0.9404181860447889, 0.9384241711845858, 0.9384241711845858, 0.938016508822146, 0.938016508822146, 0.9384241711845858, 0.9379527134107761, 0.9379527134107761, 0.9379527134107761, 0.9379527134107761, 0.9449360773087138, 0.937405038722062, 0.9466595971271181, 0.9379527134107761, 0.937405038722062, 0.937405038722062, 0.937405038722062, 0.937405038722062, 0.937405038722062, 0.9371885753895339, 0.9371885753895339, 0.937405038722062, 0.9371885753895339, 0.9371885753895339, 0.9398482149227501, 0.9371885753895339]], "best_fitnesss": [0.9425444038341487, 0.9425444038341487, 0.9425444038341487, 0.9425444038341487, 0.9425444038341487, 0.9466595971271181], "prob_mutate": 0.0033482142857142855}