{"num_qubits": 4, "depth": 25, "num_circuit": 16, "num_generation": 20, "current_generation": 2, "fitnessss": [[0.8578572422670362, 0.8468969168379067, 0.8559964342828332, 0.8434634797153422, 0.8697028759113833, 0.8932184133847482, 0.8913494125847006, 0.9066117141819785, 0.9056088461516676, 0.8288881394172689, 0.8547771135295072, 0.9171267284012401, 0.8736061721649838, 0.8415184402250541, 0.8132010433122725, 0.8601428682568457], [0.9171267284012401, 0.9066117141819785, 0.9314596744022305, 0.8957515558263139, 0.9056088461516676, 0.8932184133847482, 0.9183316893973572, 0.909289468027248, 0.8913494125847006, 0.8736061721649838, 0.8796335840215088, 0.8389922708638068, 0.8697028759113833, 0.8601428682568457, 0.8619604391955266, 0.8723155677981367]], "best_fitnesss": [0.9171267284012401, 0.9314596744022305], "prob_mutate": 0.0075}