{"num_qubits": 4, "depth": 17, "num_circuit": 32, "num_generation": 10, "current_generation": 1, "fitnessss": [[0.6998651814197137, 0.7713591024837042, 0.6843423012467638, 0.70921146897273, 0.7451843462052385, 0.6689138099888154, 0.6182988992934432, 0.7474685765059633, 0.6729994203495215, 0.6596850707070703, 0.6594921705039873, 0.8145410217475966, 0.7066889663367235, 0.7011557787613227, 0.7271037511747893, 0.6034066110264806, 0.7572718192320681, 0.5896210327595606, 0.6763914179842274, 0.7201153998053971, 0.6635530872753119, 0.6620938693902674, 0.7345105753131156, 0.7023660149902934, 0.5765423014275857, 0.5806013910679256, 0.712976738324296, 0.766300858285087, 0.6198995739339301, 0.8002203952113884, 0.8491841008377227, 0.7134611299399409]], "best_fitnesss": [0.8491841008377227], "prob_mutate": 0.0055147058823529415}