{"num_qubits": 4, "depth": 4, "num_circuit": 16, "num_generation": 10, "current_generation": 10, "fitnessss": [[0.21349525308927625, 0.25770225020306464, 0.2555176609830204, 0.2387504038361997, 0.291275903462972, 0.1985852330150733, 0.2431117552504028, 0.3128110742547854, 0.345978646638602, 0.22157969072404393, 0.25564562774536925, 0.18868373125462798, 0.21137583641628158, 0.29143810235829515, 0.10457196252861194, 0.22282167723784338], [0.345978646638602, 0.3128110742547854, 0.2498162049578116, 0.329430976651381, 0.29143810235829515, 0.291275903462972, 0.35436117943381673, 0.21227983595177569, 0.25770225020306464, 0.25564562774536925, 0.3327406872809625, 0.3220935946091902, 0.2555176609830204, 0.26201913963557866, 0.23190216514107959, 0.2537324570650637], [0.35436117943381673, 0.345978646638602, 0.3547358847552712, 0.25957705403260345, 0.3327406872809625, 0.329430976651381, 0.3302699879385027, 0.23603597088195735, 0.3220935946091902, 0.3128110742547854, 0.326464254216927, 0.2248882115595067, 0.1972519724764167, 0.291275903462972, 0.35436117943381673, 0.21227983595177569], [0.3547358847552712, 0.35436117943381673, 0.35436117943381673, 0.3547358847552712, 0.35436117943381673, 0.345978646638602, 0.3547358847552712, 0.29344035933947515, 0.3327406872809625, 0.26313586070036626, 0.3302699879385027, 0.3327406872809625, 0.329430976651381, 0.19086476927563972, 0.3128110742547854, 0.36473096904345964], [0.36473096904345964, 0.3264738639729742, 0.36473096904345964, 0.3547358847552712, 0.3547358847552712, 0.3547358847552712, 0.3547358847552712, 0.3547358847552712, 0.35436117943381673, 0.3229986456729683, 0.3548055433391011, 0.2906309018457007, 0.35436117943381673, 0.345978646638602, 0.3547358847552712, 0.25957705403260345], [0.3325917819340617, 0.36473096904345964, 0.36473096904345964, 0.36473096904345964, 0.29151758020010077, 0.3547358847552712, 0.3547358847552712, 0.3548055433391011, 0.3547358847552712, 0.3547358847552712, 0.3547358847552712, 0.3547358847552712, 0.3547358847552712, 0.3547358847552712, 0.32425387038464076, 0.3547358847552712], [0.36473096904345964, 0.36473096904345964, 0.36473096904345964, 0.36473096904345964, 0.36473096904345964, 0.3548055433391011, 0.32653217969102555, 0.3547358847552712, 0.3547358847552712, 0.3547358847552712, 0.3547358847552712, 0.3547358847552712, 0.3547358847552712, 0.3547358847552712, 0.3547358847552712, 0.3547358847552712], [0.2644197953504576, 0.36473096904345964, 0.36473096904345964, 0.29416340105523875, 0.36473096904345964, 0.36473096904345964, 0.36473096904345964, 0.36473096904345964, 0.36473096904345964, 0.3548055433391011, 0.32653217969102555, 0.3547358847552712, 0.3547358847552712, 0.3547358847552712, 0.3547358847552712, 0.3547358847552712], [0.36473096904345964, 0.36473096904345964, 0.36473096904345964, 0.36473096904345964, 0.24515338853468416, 0.36473096904345964, 0.36473096904345964, 0.3260630295889915, 0.36473096904345964, 0.36473096904345964, 0.36473096904345964, 0.36473096904345964, 0.36473096904345964, 0.3548055433391011, 0.32653217969102555, 0.3547358847552712], [0.36473096904345964, 0.36473096904345964, 0.36473096904345964, 0.36473096904345964, 0.36473096904345964, 0.36473096904345964, 0.36473096904345964, 0.36473096904345964, 0.34385536703952246, 0.36473096904345964, 0.3742142681194348, 0.3280137067305593, 0.36473096904345964, 0.36473096904345964, 0.36473096904345964, 0.4319565697700739]], "best_fitnesss": [0.345978646638602, 0.35436117943381673, 0.3547358847552712, 0.36473096904345964, 0.36473096904345964, 0.36473096904345964, 0.36473096904345964, 0.36473096904345964, 0.36473096904345964, 0.4319565697700739], "prob_mutate": 0.046875}