{"num_qubits": 4, "depth": 7, "num_circuit": 8, "num_generation": 50, "current_generation": 50, "fitnessss": [[0.3543483436457233, 0.2990528399077538, 0.4107187627009168, 0.23792108201458317, 0.40645091915999865, 0.43681350120962137, 0.36293604187309725, 0.1914566159204484], [0.43681350120962137, 0.38650101658325864, 0.4116340078681531, 0.3172697574302141, 0.40645091915999865, 0.36293604187309725, 0.30388923084155745, 0.358613268421802], [0.34063208096718023, 0.38600294505179134, 0.4116340078681531, 0.43681350120962137, 0.40645091915999865, 0.38650101658325864, 0.2928971143418784, 0.4057758432733956], [0.43681350120962137, 0.4116340078681531, 0.4116340078681531, 0.3738709196974581, 0.40645091915999865, 0.4010792684133523, 0.40645091915999865, 0.4057758432733956], [0.28977331654475036, 0.44630404744607893, 0.45528667872234496, 0.43681350120962137, 0.3693582541778994, 0.40645091915999865, 0.42711380128361653, 0.3349849464742811], [0.45528667872234496, 0.44630404744607893, 0.44630404744607893, 0.45528667872234496, 0.43681350120962137, 0.42711380128361653, 0.42711380128361653, 0.43681350120962137], [0.47496877601564413, 0.45292812442085245, 0.45528667872234496, 0.45528667872234496, 0.44630404744607893, 0.44630404744607893, 0.44630404744607893, 0.44630404744607893], [0.47496877601564413, 0.4042130018455783, 0.45528667872234496, 0.47496877601564413, 0.45528667872234496, 0.45292812442085245, 0.45528667872234496, 0.38801679083663937], [0.22711950331298397, 0.4168724683337596, 0.47496877601564413, 0.49466792544005395, 0.45528667872234496, 0.41999233362811816, 0.45528667872234496, 0.45528667872234496], [0.48293896459129027, 0.47496877601564413, 0.49466792544005395, 0.4527902877544503, 0.45528667872234496, 0.45528667872234496, 0.4552219155437611, 0.45528667872234496], [0.49466792544005395, 0.48293896459129027, 0.48293896459129027, 0.49466792544005395, 0.47496877601564413, 0.45528667872234496, 0.5096982564921649, 0.47496877601564413], [0.3824005279398731, 0.4365982247187663, 0.34152327202291966, 0.4983286584171349, 0.49466792544005395, 0.48293896459129027, 0.48293896459129027, 0.49466792544005395], [0.4983286584171349, 0.44320384292074755, 0.49466792544005395, 0.47114753254279956, 0.49466792544005395, 0.48293896459129027, 0.48293896459129027, 0.49466792544005395], [0.4983286584171349, 0.49466792544005395, 0.49466792544005395, 0.4983286584171349, 0.36858706752472414, 0.49466792544005395, 0.49466792544005395, 0.49466792544005395], [0.4722397290352488, 0.42880659191691883, 0.4826800503160308, 0.4983286584171349, 0.49466792544005395, 0.49466792544005395, 0.45931666953771205, 0.49466792544005395], [0.4989104943736451, 0.4462603676411713, 0.3975729868690113, 0.4983286584171349, 0.47395114492107177, 0.2511844289742169, 0.43318616135326976, 0.25165527027482665], [0.4989104943736451, 0.45512156483568145, 0.4983286584171349, 0.4989104943736451, 0.47395114492107177, 0.39659314591106637, 0.4462603676411713, 0.47395114492107177], [0.4989104943736451, 0.3684547749931029, 0.4989104943736451, 0.4989104943736451, 0.4983286584171349, 0.47395114492107177, 0.49491828817497796, 0.4983286584171349], [0.42835870170129065, 0.4989104943736451, 0.4989104943736451, 0.4989104943736451, 0.46546860345025004, 0.46264497374673574, 0.4983286584171349, 0.4989104943736451], [0.47114696358041863, 0.4887905430503171, 0.36759948496466965, 0.4759726572553327, 0.458040268967686, 0.4989104943736451, 0.4989104943736451, 0.4989104943736451], [0.41568241985440013, 0.43655140653777735, 0.37452027797637455, 0.4989104943736451, 0.4989104943736451, 0.4887905430503171, 0.4989104943736451, 0.4887905430503171], [0.4989104943736451, 0.4989104943736451, 0.4989104943736451, 0.4989104943736451, 0.4989104943736451, 0.4887905430503171, 0.4989104943736451, 0.4887905430503171], [0.4989104943736451, 0.4989104943736451, 0.4989104943736451, 0.4989104943736451, 0.48228952338068376, 0.4989104943736451, 0.4989104943736451, 0.4989104943736451], [0.4989104943736451, 0.4989104943736451, 0.4989104943736451, 0.4989104943736451, 0.43802623420880576, 0.4989104943736451, 0.4989104943736451, 0.4989104943736451], [0.44996260454149306, 0.4732169820534697, 0.4989104943736451, 0.3921085558113898, 0.39270613736224375, 0.36588296793285247, 0.4989104943736451, 0.4476324091398691], [0.4084714408626818, 0.4989104943736451, 0.2850517230671688, 0.4975383190326671, 0.4732169820534697, 0.44996260454149306, 0.4732169820534697, 0.46172205004123457], [0.4989104943736451, 0.4975383190326671, 0.4975383190326671, 0.4989104943736451, 0.4732169820534697, 0.4732169820534697, 0.49275837682014034, 0.4732169820534697], [0.4450889444539989, 0.4989104943736451, 0.4989104943736451, 0.4989104943736451, 0.4509060112185785, 0.4975383190326671, 0.38587520780447643, 0.3093336744054586], [0.4989104943736451, 0.4989104943736451, 0.47433572637038085, 0.4989104943736451, 0.4989104943736451, 0.4975383190326671, 0.4975383190326671, 0.4989104943736451], [0.4535090506220095, 0.4563201017684501, 0.4989104943736451, 0.4989104943736451, 0.4989104943736451, 0.4989104943736451, 0.4989104943736451, 0.4989104943736451], [0.381280610014294, 0.4989104943736451, 0.4989104943736451, 0.40125752387970354, 0.43606512938378844, 0.4989104943736451, 0.4989104943736451, 0.4989104943736451], [0.46814352485011346, 0.4989104943736451, 0.4989104943736451, 0.4989104943736451, 0.4989104943736451, 0.4989104943736451, 0.4989104943736451, 0.42726304771536244], [0.4989104943736451, 0.4989104943736451, 0.4989104943736451, 0.4989104943736451, 0.4989104943736451, 0.42270529995454015, 0.4989104943736451, 0.4044579466054822], [0.38428439581005275, 0.46843398519174134, 0.46915078364692614, 0.4111133346514088, 0.38669388777253666, 0.4989104943736451, 0.4989104943736451, 0.4989104943736451], [0.420776402263343, 0.4989104943736451, 0.4989104943736451, 0.4917995251365876, 0.353466135078214, 0.46915078364692614, 0.46915078364692614, 0.4989104943736451], [0.37007356120825347, 0.4989104943736451, 0.4989104943736451, 0.39840216902020786, 0.4989104943736451, 0.46402506979073443, 0.4917995251365876, 0.4638280234048307], [0.4989104943736451, 0.4989104943736451, 0.4989104943736451, 0.510615904747661, 0.45009635985044244, 0.4571359053468803, 0.4917995251365876, 0.5008870276970994], [0.39824339752138915, 0.5008870276970994, 0.5008870276970994, 0.4577510079125154, 0.4989104943736451, 0.3864475583893565, 0.4989104943736451, 0.4989104943736451], [0.5008870276970994, 0.5008870276970994, 0.5008870276970994, 0.5008870276970994, 0.4989104943736451, 0.39456863457308106, 0.4989104943736451, 0.4989104943736451], [0.5008870276970994, 0.5008870276970994, 0.5008870276970994, 0.4074385555885705, 0.5008870276970994, 0.36582086047298923, 0.49452530635564784, 0.5008870276970994], [0.43660752085233023, 0.5008870276970994, 0.34700984448505556, 0.5008870276970994, 0.5008870276970994, 0.5008870276970994, 0.5008870276970994, 0.5008870276970994], [0.5008870276970994, 0.5008870276970994, 0.5008870276970994, 0.5008870276970994, 0.5008870276970994, 0.5008870276970994, 0.5008870276970994, 0.5008870276970994], [0.5008870276970994, 0.5013169210013574, 0.5008870276970994, 0.4439694579021095, 0.46777403177146615, 0.5008870276970994, 0.5008870276970994, 0.5008870276970994], [0.5013169210013574, 0.5008870276970994, 0.5008870276970994, 0.5013169210013574, 0.5077041552329938, 0.48441977780596124, 0.5008870276970994, 0.5008870276970994], [0.5077041552329938, 0.5013169210013574, 0.5013169210013574, 0.5077041552329938, 0.5013169210013574, 0.4477889086510657, 0.476083323761335, 0.5013169210013574], [0.5077041552329938, 0.5077041552329938, 0.5077041552329938, 0.5077041552329938, 0.5013169210013574, 0.5013169210013574, 0.422082660055317, 0.5013169210013574], [0.5077041552329938, 0.5077041552329938, 0.45373844143255376, 0.5077041552329938, 0.5077041552329938, 0.5077041552329938, 0.5077041552329938, 0.5077041552329938], [0.5077041552329938, 0.5077041552329938, 0.5077041552329938, 0.5077041552329938, 0.38102273894138455, 0.5077041552329938, 0.4139556114847512, 