{"num_qubits": 5, "depth": 14, "num_circuit": 8, "num_generation": 20, "current_generation": 3, "fitnessss": [[0.48281401369550697, 0.383912041625576, 0.5451859946098365, 0.42779080900496436, 0.34361632059085695, 0.30205020061392396, 0.410464333271916, 0.40290490633877074], [0.5348462873182124, 0.48281401369550697, 0.45600768142584247, 0.4451667430779477, 0.42779080900496436, 0.410464333271916, 0.34859744963022543, 0.4389886013902956], [0.5348462873182124, 0.48281401369550697, 0.45600768142584247, 0.4098011809023644, 0.4558860441833971, 0.4451667430779477, 0.4875625899971384, 0.48281401369550697]], "best_fitnesss": [0.5451859946098365, 0.5348462873182124, 0.5348462873182124], "prob_mutate": 0.026785714285714284}