{"num_qubits": 6, "depth": 39, "num_circuit": 4, "num_generation": 10, "current_generation": 2, "fitnessss": [[0.706925386401039, 0.6782053911231497, 0.7005352698115936, 0.6890538349713485], [0.706925386401039, 0.7005352698115936, 0.7350713173249889, 0.7020134986988464]], "best_fitnesss": [0.706925386401039, 0.7350713173249889], "prob_mutate": 0.019230769230769232}