{"num_qubits": 4, "depth": 14, "num_circuit": 4, "num_generation": 10, "current_generation": 3, "fitnessss": [[0.47438099203441453, 0.6395230251133879, 0.6864829313443409, 0.5610525319849132], [0.6578466665799894, 0.5864038037678931, 0.637803236438764, 0.6250966851579626], [0.6578466665799894, 0.6895570475183802, 0.5975914789501491, 0.6464974222782269]], "best_fitnesss": [0.6864829313443409, 0.6578466665799894, 0.6895570475183802], "prob_mutate": 0.05357142857142857}