{"num_qubits": 4, "depth": 13, "num_circuit": 4, "num_generation": 20, "current_generation": 2, "fitnessss": [[0.41733315852842434, 0.5507162545840482, 0.4637874476697051, 0.6307741130162942], [0.6307741130162942, 0.5972977378343953, 0.6474652968131982, 0.5550046946582453]], "best_fitnesss": [0.6307741130162942, 0.6474652968131982], "prob_mutate": 0.057692307692307696}