{"num_qubits": 6, "depth": 29, "num_circuit": 16, "num_generation": 30, "current_generation": 2, "fitnessss": [[0.5348978890953261, 0.5719253566465593, 0.6171232069441466, 0.5342726809375125, 0.6008603765257622, 0.5605445325304622, 0.5817916323005263, 0.5741808484077817, 0.6064102628308282, 0.594709577719981, 0.5070532935331941, 0.5384614268381077, 0.4898488699958402, 0.5814060726969993, 0.5589755176826398, 0.5679383367066215], [0.6003976449945461, 0.6064102628308282, 0.5889284213425249, 0.6000902610902, 0.6008603765257622, 0.594709577719981, 0.5477463987811463, 0.5728463383698155, 0.5817916323005263, 0.5814060726969993, 0.5586510263458638, 0.5558146823583172, 0.5741808484077817, 0.5719253566465593, 0.5879453645279009, 0.5873206297807374]], "best_fitnesss": [0.6171232069441466, 0.6064102628308282], "prob_mutate": 0.00646551724137931}