{"num_qubits": 6, "depth": 21, "num_circuit": 16, "num_generation": 40, "current_generation": 10, "fitnessss": [[0.4454628303637551, 0.3823872698545895, 0.4262075501467164, 0.3138612545958443, 0.45949226827107525, 0.4322415203729964, 0.4211420295180874, 0.4580949577608625, 0.3922443696600402, 0.4493933801082499, 0.44004375101751725, 0.40008176354692704, 0.4295552241493691, 0.3184116515174934, 0.39645244370332156, 0.35518496402641314], [0.45949226827107525, 0.48097228424054334, 0.47032724495276235, 0.4458817831143964, 0.4493933801082499, 0.4454628303637551, 0.4495478150572927, 0.4170792963732085, 0.38496979536233067, 0.4322415203729964, 0.40684204572193305, 0.4615273640386778, 0.4295552241493691, 0.4262075501467164, 0.37843550355745414, 0.4309741058873774], [0.48097228424054334, 0.4581818477434426, 0.48097228424054334, 0.47032724495276235, 0.4615273640386778, 0.45949226827107525, 0.4586802487135054, 0.4197574813885149, 0.4495478150572927, 0.4359267877554682, 0.4493933801082499, 0.4495478150572927, 0.4458817831143964, 0.4433786946142237, 0.4489152849349198, 0.46501601118697183], [0.45375004503343225, 0.48097228424054334, 0.48097228424054334, 0.48097228424054334, 0.4441781301955217, 0.4453369594326677, 0.45949226827107525, 0.4652313871070616, 0.457451517044097, 0.45949226827107525, 0.4586802487135054, 0.3849177775736428, 0.4586802487135054, 0.4581818477434426, 0.4776438159478758, 0.38423033782017757], [0.48097228424054334, 0.48097228424054334, 0.44350837384963493, 0.4760957432194758, 0.48097228424054334, 0.4776438159478758, 0.48097228424054334, 0.4776438159478758, 0.4652313871070616, 0.45949226827107525, 0.46501601118697183, 0.47032724495276235, 0.45949226827107525, 0.4586802487135054, 0.45949226827107525, 0.4586802487135054], [0.48097228424054334, 0.4721406666066006, 0.48097228424054334, 0.48097228424054334, 0.48097228424054334, 0.43550052550576834, 0.392871156677341, 0.48097228424054334, 0.4816662264982135, 0.4776438159478758, 0.4776438159478758, 0.4776438159478758, 0.4760957432194758, 0.47032724495276235, 0.47414454858544886, 0.4534327024245061], [0.5149190098250573, 0.4230021575315653, 0.4816662264982135, 0.48097228424054334, 0.48097228424054334, 0.48097228424054334, 0.4644801601366361, 0.392871156677341, 0.48097228424054334, 0.48120996645391506, 0.48097228424054334, 0.48097228424054334, 0.4776438159478758, 0.4776438159478758, 0.4776438159478758, 0.4776438159478758], [0.4911594893780501, 0.4816662264982135, 0.4816662264982135, 0.5149190098250573, 0.4737919456652489, 0.48097228424054334, 0.45249098473329985, 0.4957978497325713, 0.48097228424054334, 0.4371496679011432, 0.48097228424054334, 0.48097228424054334, 0.48097228424054334, 0.48097228424054334, 0.48097228424054334, 0.48097228424054334], [0.5149190098250573, 0.4957978497325713, 0.44054506521039, 0.4860117526328411, 0.474502134400149, 0.44008447193541056, 0.48882790015617006, 0.5149190098250573, 0.4816662264982135, 0.4705794472467867, 0.4816662264982135, 0.48097228424054334, 0.48097228424054334, 0.48097228424054334, 0.48097228424054334, 0.48097228424054334], [0.5149190098250573, 0.5149190098250573, 0.5149190098250573, 0.49927279305545247, 0.4957978497325713, 0.48882790015617006, 0.48097228424054334, 0.516684235719955, 0.4860117526328411, 0.4816662264982135, 0.48097228424054334, 0.49183274115336034, 0.4679000468701731, 0.48097228424054334, 0.4816662264982135, 0.48097228424054334]], "best_fitnesss": [0.45949226827107525, 0.48097228424054334, 0.48097228424054334, 0.48097228424054334, 0.48097228424054334, 0.4816662264982135, 0.5149190098250573, 0.5149190098250573, 0.5149190098250573, 0.516684235719955], "prob_mutate": 0.008928571428571428}