{"num_qubits": 4, "depth": 10, "num_circuit": 4, "num_generation": 20, "current_generation": 20, "fitnessss": [[0.5774471326211686, 0.5222950288473276, 0.47890486149014455, 0.4120642598222061], [0.5075544052932742, 0.5222950288473276, 0.5468795245617607, 0.6603241978255939], [0.6084927371176814, 0.5468795245617607, 0.6200041975788154, 0.5774471326211686], [0.6200041975788154, 0.5774157047320514, 0.6481464993008635, 0.5641703704535633], [0.6481464993008635, 0.5771681804112113, 0.5860370248674377, 0.6283014371405609], [0.6481464993008635, 0.6569301362618399, 0.537080876575018, 0.5787755793452665], [0.6569301362618399, 0.5218807537919261, 0.6084927371176814, 0.6408008852064082], [0.6702170732828682, 0.6020808344148761, 0.6569301362618399, 0.6408008852064082], [0.5763643368362094, 0.6673529970881165, 0.6215139828530891, 0.6127099066457184], [0.6404028893173813, 0.6355368299550069, 0.5503366237145028, 0.49906701631211314], [0.5745248592896649, 0.5127076427288842, 0.6569301362618399, 0.6002387339209151], [0.6569301362618399, 0.6002387339209151, 0.6404028893173813, 0.6355368299550069], [0.5055612651197667, 0.6404028893173813, 0.6404028893173813, 0.6569301362618399], [0.6569301362618399, 0.6404028893173813, 0.6404028893173813, 0.6569301362618399], [0.6210386641698535, 0.5957357800712743, 0.5053996410716171, 0.6569301362618399], [0.6798309057820979, 0.6725718892693425, 0.5865411962338258, 0.6457170788025952], [0.6798309057820979, 0.5810611650112631, 0.6210386641698535, 0.6536688566939499], [0.5264119510569515, 0.6536688566939499, 0.6798309057820979, 0.6536688566939499], [0.6511991978392191, 0.5404388841984964, 0.6798309057820979, 0.5668735566095386], [0.6720074476191258, 0.656358359410576, 0.6798309057820979, 0.5682645702311118]], "best_fitnesss": [0.5774471326211686, 0.6603241978255939, 0.6200041975788154, 0.6481464993008635, 0.6481464993008635, 0.6569301362618399, 0.6569301362618399, 0.6702170732828682, 0.6673529970881165, 0.6404028893173813, 0.6569301362618399, 0.6569301362618399, 0.6569301362618399, 0.6569301362618399, 0.6569301362618399, 0.6798309057820979, 0.6798309057820979, 0.6798309057820979, 0.6798309057820979, 0.6798309057820979], "prob_mutate": 0.075}