{"num_qubits": 4, "depth": 9, "num_circuit": 16, "num_generation": 20, "current_generation": 20, "fitnessss": [[0.2616852096250035, 0.40743248197482684, 0.31565594133797836, 0.3131991576638129, 0.16478674047479147, 0.2704573595558113, 0.25394256462594433, 0.22299500765508662, 0.19717396551806277, 0.48317163816100606, 0.1972332335645296, 0.40358765660238727, 0.3932790119996661, 0.3538266385585225, 0.3356705357683042, 0.12159538745889908], [0.48317163816100606, 0.40743248197482684, 0.436058965537924, 0.33430078249902695, 0.40358765660238727, 0.3932790119996661, 0.2856943521362063, 0.456299551617784, 0.3538266385585225, 0.3356705357683042, 0.23702512756621397, 0.2522262075858025, 0.31565594133797836, 0.3131991576638129, 0.24229626559695794, 0.3044444128931886], [0.48317163816100606, 0.456299551617784, 0.5173440982588469, 0.29688780165398465, 0.1835214412215601, 0.40743248197482684, 0.436058965537924, 0.40743248197482684, 0.40358765660238727, 0.3932790119996661, 0.2856943521362063, 0.456299551617784, 0.3538266385585225, 0.3356705357683042, 0.29931861942529936, 0.2522262075858025], [0.2931964804533137, 0.48317163816100606, 0.48317163816100606, 0.5173440982588469, 0.456299551617784, 0.456299551617784, 0.456299551617784, 0.456299551617784, 0.436058965537924, 0.40743248197482684, 0.436058965537924, 0.40743248197482684, 0.40743248197482684, 0.40358765660238727, 0.2969976328120527, 0.3935572600741628], [0.5173440982588469, 0.48317163816100606, 0.48317163816100606, 0.5173440982588469, 0.48317163816100606, 0.456299551617784, 0.5173440982588469, 0.29688780165398465, 0.456299551617784, 0.456299551617784, 0.456299551617784, 0.456299551617784, 0.456299551617784, 0.436058965537924, 0.27016877462077493, 0.5173440982588469], [0.5173440982588469, 0.5173440982588469, 0.5173440982588469, 0.5348462246529404, 0.1891181123076675, 0.5173440982588469, 0.5173440982588469, 0.5173440982588469, 0.48317163816100606, 0.48317163816100606, 0.48317163816100606, 0.48317163816100606, 0.48317163816100606, 0.456299551617784, 0.3948546393038571, 0.29688780165398465], [0.5391234291116097, 0.3850926442068089, 0.5173440982588469, 0.5348462246529404, 0.3229473667769376, 0.31137824488231625, 0.5173440982588469, 0.3704905871953703, 0.31283919234027113, 0.5173440982588469, 0.4148931733651604, 0.5173440982588469, 0.5173440982588469, 0.40494033783647954, 0.48317163816100606, 0.5173440982588469], [0.5391234291116097, 0.5348462246529404, 0.5348462246529404, 0.5391234291116097, 0.4452486652119748, 0.5173440982588469, 0.5173440982588469, 0.5173440982588469, 0.5173440982588469, 0.5173440982588469, 0.5173440982588469, 0.5173440982588469, 0.5173440982588469, 0.5173440982588469, 0.5173440982588469, 0.5173440982588469], [0.29174046283546506, 0.5391234291116097, 0.5683387404050458, 0.5391234291116097, 0.5348462246529404, 0.5348462246529404, 0.5348462246529404, 0.5348462246529404, 0.5173440982588469, 0.5173440982588469, 0.40009980464127126, 0.5173440982588469, 0.5173440982588469, 0.5173440982588469, 0.5173440982588469, 0.4982102404882893], [0.35605425855920514, 0.4246739281905475, 0.5391234291116097, 0.5683387404050458, 0.5391234291116097, 0.5348462246529404, 0.5081866905374668, 0.5391234291116097, 0.5348462246529404, 0.5348462246529404, 0.5348462246529404, 0.5348462246529404, 0.5348462246529404, 0.5173440982588469, 0.5173440982588469, 0.5348462246529404], [0.5683387404050458, 0.5211251149992886, 0.5391234291116097, 0.5464725823628857, 0.36289061844564086, 0.5391234291116097, 0.5391234291116097, 0.5391234291116097, 0.4965194560342604, 0.5348462246529404, 0.5348462246529404, 0.5348462246529404, 0.5348462246529404, 0.5348462246529404, 0.5348462246529404, 0.5348462246529404], [0.5683387404050458, 0.5464725823628857, 0.5683387404050458, 0.5464725823628857, 0.5391234291116097, 0.5391234291116097, 0.5391234291116097, 0.5391234291116097, 0.5391234291116097, 0.5391234291116097, 0.5391234291116097, 0.5391234291116097, 0.3979195164008196, 0.5348462246529404, 0.5348462246529404, 0.5348462246529404], [0.506296602875748, 0.4781072259676258, 0.5683387404050458, 0.5683387404050458, 0.5464725823628857, 0.5464725823628857, 0.5464725823628857, 0.5464725823628857, 0.5391234291116097, 0.5391234291116097, 0.5391234291116097, 0.5391234291116097, 0.5391234291116097, 0.455813448047248, 0.5391234291116097, 0.4029537180894118], [0.5683387404050458, 0.5683387404050458, 0.5683387404050458, 0.5683387404050458, 0.5464725823628857, 0.5464725823628857, 0.5464725823628857, 0.5464725823628857, 0.5464725823628857, 0.5464725823628857, 0.5464725823628857, 0.5464725823628857, 0.5957603133701349, 0.5391234291116097, 0.5391234291116097, 0.5391234291116097], [0.5957603133701349, 0.5683387404050458, 0.5353471774633135, 0.5391234291116097, 0.5683387404050458, 0.5683387404050458, 0.5683387404050458, 0.5683387404050458, 0.5067745336662183, 0.5464725823628857, 0.5683387404050458, 0.5464725823628857, 0.5464725823628857, 0.5464725823628857, 0.5464725823628857, 0.5464725823628857], [0.3667897276317791, 0.5683387404050458, 0.5353471774633135, 0.5391234291116097, 0.5683387404050458, 0.5683387404050458, 0.5683387404050458, 0.3021208100477141, 0.5683387404050458, 0.5683387404050458, 0.31843953977559525, 0.29108262142861696, 0.5683387404050458, 0.5464725823628857, 0.29189227381788385, 0.5464725823628857], [0.45277419718512246, 0.5683387404050458, 0.5683387404050458, 0.5683387404050458, 0.5683387404050458, 0.5683387404050458, 0.5683387404050458, 0.5683387404050458, 0.5683387404050458, 0.556539507687301, 0.5683387404050458, 0.5683387404050458, 0.5683387404050458, 0.5464725823628857, 0.5683387404050458, 0.5464725823628857], [0.32567967542394205, 0.5683387404050458, 0.5683387404050458, 0.5683387404050458, 0.5683387404050458, 0.5683387404050458, 0.5683387404050458, 0.30800942123592356, 0.5683387404050458, 0.5683387404050458, 0.5407132048008225, 0.5683387404050458, 0.5683387404050458, 0.5683387404050458, 0.5683387404050458, 0.5683387404050458], [0.5683387404050458, 0.5683387404050458, 0.5683387404050458, 0.5683387404050458, 0.5683387404050458, 0.5683387404050458, 0.5683387404050458, 0.5683387404050458, 0.5683387404050458, 0.5683387404050458, 0.39387294373748527, 0.5683387404050458, 0.4129779602026028, 0.24744121038088407, 0.5683387404050458, 0.5720264472513806], [0.5720264472513806, 0.5683387404050458, 0.16115026221354134, 0.4537227575242746, 0.5683387404050458, 0.32926712049977525, 0.5683387404050458, 0.5683387404050458, 0.5683387404050458, 0.4454292599023728, 0.5683387404050458, 0.5683387404050458, 0.5683387404050458, 0.5683387404050458, 0.5683387404050458, 0.5683387404050458]], "best_fitnesss": [0.48317163816100606, 0.48317163816100606, 0.5173440982588469, 0.5173440982588469, 0.5173440982588469, 0.5348462246529404, 0.5391234291116097, 0.5391234291116097, 0.5683387404050458, 0.5683387404050458, 0.5683387404050458, 0.5683387404050458, 0.5683387404050458, 0.5957603133701349, 0.5957603133701349, 0.5683387404050458, 0.5683387404050458, 0.5683387404050458, 0.5720264472513806, 0.5720264472513806], "prob_mutate": 0.020833333333333332}