{"num_qubits": 4, "depth": 24, "num_circuit": 32, "num_generation": 40, "current_generation": 1, "fitnessss": [[0.8715099146848704, 0.8296644010108059, 0.8183240914963872, 0.8855583835294178, 0.8036967018368474, 0.7915966800153711, 0.7210910127012247, 0.82566744554937, 0.8524247923359244, 0.7618962188004842, 0.865977195415848, 0.7876150045451917, 0.8088615552347036, 0.8449789927057226, 0.8695623873123614, 0.8184873597780639, 0.801072608674802, 0.861279620791229, 0.8232040973083853, 0.8649894780653351, 0.8001675164930979, 0.8787285714119081, 0.8226673305258153, 0.8639149775375167, 0.8193813393520257, 0.8226656616125867, 0.8105586163045452, 0.8754933403674775, 0.8315798826507723, 0.868393386213042, 0.8919536671081085, 0.8644686366343544]], "best_fitnesss": [0.8919536671081085], "prob_mutate": 0.00390625}