{"num_qubits": 6, "depth": 21, "num_circuit": 4, "num_generation": 30, "current_generation": 2, "fitnessss": [[0.40922309479780195, 0.4088993262522747, 0.4552710926575198, 0.38118068228341023], [0.4787439193816624, 0.35636602385386074, 0.45292481513128824, 0.37732615804609315]], "best_fitnesss": [0.4552710926575198, 0.4787439193816624], "prob_mutate": 0.03571428571428571}