{"num_qubits": 5, "depth": 13, "num_circuit": 32, "num_generation": 40, "current_generation": 6, "fitnessss": [[0.39545196600325055, 0.40468334418151797, 0.3964745374126518, 0.3182384053557182, 0.4013061088041468, 0.3371659664133523, 0.36151770654339993, 0.3702998231516522, 0.38265971993410913, 0.3460453322761897, 0.4338728037306273, 0.36497114445533513, 0.4799384134655984, 0.4084317170946997, 0.4845021279931624, 0.31134660139873466, 0.3861410053479142, 0.3790540322247359, 0.47344199894344763, 0.44581851385762067, 0.44508409528991344, 0.3292933730591242, 0.3559262271654718, 0.41315268695067464, 0.4988591789403654, 0.3245542815959416, 0.4750474713946994, 0.36101547133899226, 0.28028177397155574, 0.2375791894485185, 0.3172026928027532, 0.38244720645216723], [0.4988591789403654, 0.4845021279931624, 0.4505749125240528, 0.45907028400149397, 0.4555775923141477, 0.4750474713946994, 0.4411689866391608, 0.4344431079144092, 0.47344199894344763, 0.44581851385762067, 0.41515416949267586, 0.47740309840942385, 0.44508409528991344, 0.4338728037306273, 0.4424996391742101, 0.37323341676220145, 0.41315268695067464, 0.4084317170946997, 0.42062840457331274, 0.3958449916339123, 0.40468334418151797, 0.4013061088041468, 0.40079452476737903, 0.3877183582518526, 0.3964745374126518, 0.39545196600325055, 0.3849494862113813, 0.4753359910613453, 0.3861410053479142, 0.33896951331564684, 0.3270874731676002, 0.4021042463865568], [0.4988591789403654, 0.4845021279931624, 0.4505749125240528, 0.45907028400149397, 0.5121521308741486, 0.4753359910613453, 0.4635164096643791, 0.4030706467010294, 0.4750474713946994, 0.47344199894344763, 0.4985861057480216, 0.44988648876023446, 0.45907028400149397, 0.4555775923141477, 0.45837211857221705, 0.4121486306574759, 0.4505749125240528, 0.44581851385762067, 0.44319297757389603, 0.5020402601230399, 0.44508409528991344, 0.4424996391742101, 0.4424996391742101, 0.44508409528991344, 0.4411689866391608, 0.4344431079144092, 0.4799384134655984, 0.4750474713946994, 0.4338728037306273, 0.42062840457331274, 0.46887260987840235, 0.3980160001756027], [0.5121521308741486, 0.5020402601230399, 0.5020402601230399, 0.5121521308741486, 0.4988591789403654, 0.4985861057480216, 0.5200095419643895, 0.4645381223105294, 0.4845021279931624, 0.4799384134655984, 0.4466938804107909, 0.3664710451650103, 0.4753359910613453, 0.4750474713946994, 0.3830533958799379, 0.4634187566911045, 0.4750474713946994, 0.47344199894344763, 0.4985861057480216, 0.44988648876023446, 0.46887260987840235, 0.4635164096643791, 0.40164447301946826, 0.5171221246138356, 0.45907028400149397, 0.45907028400149397, 0.45907028400149397, 0.4279208982212177, 0.45837211857221705, 0.4555775923141477, 0.45837211857221705, 0.4555775923141477], [0.5200095419643895, 0.4668804256507596, 0.45740549004707, 0.47740309840942385, 0.5121521308741486, 0.5121521308741486, 0.4981710591863379, 0.5121521308741486, 0.5020402601230399, 0.5020402601230399, 0.5020402601230399, 0.5020402601230399, 0.4988591789403654, 0.49833017961366083, 0.5200095419643895, 0.4645381223105294, 0.4985861057480216, 0.4845021279931624, 0.5067350949840963, 0.5105400358689225, 0.4799384134655984, 0.4753359910613453, 0.469435202517681, 0.3074615088933855, 0.4750474713946994, 0.4750474713946994, 0.4750474713946994, 0.4750474713946994, 0.47344199894344763, 0.46887260987840235, 0.382195908760488, 0.46305703446546104], [0.5200095419643895, 0.5200095419643895, 0.5200095419643895, 0.5200095419643895, 0.5121521308741486, 0.5121521308741486, 0.5121521308741486, 0.5121521308741486, 0.5121521308741486, 0.5105400358689225, 0.47740309840942385, 0.4728694173211423, 0.5066581011791392, 0.5020402601230399, 0.5067350949840963, 0.5020402601230399, 0.5020402601230399, 0.5020402601230399, 0.5020402601230399, 0.5020402601230399, 0.47347876355732665, 0.4988591789403654, 0.46421574362619833, 0.4505749125240528, 0.5409462818417355, 0.49833017961366083, 0.49833017961366083, 0.4985861057480216, 0.4981710591863379, 0.4845021279931624, 0.5379454575232334, 0.5238855320120913]], "best_fitnesss": [0.4988591789403654, 0.4988591789403654, 0.5121521308741486, 0.5200095419643895, 0.5200095419643895, 0.5409462818417355], "prob_mutate": 0.007211538461538462}