{"num_qubits": 4, "depth": 12, "num_circuit": 8, "num_generation": 10, "current_generation": 1, "fitnessss": [[0.6813177163302933, 0.5418017026187056, 0.5075535953619765, 0.6126593653437687, 0.4492847096296564, 0.46187720709499774, 0.602209176667873, 0.384557683187907]], "best_fitnesss": [0.6813177163302933], "prob_mutate": 0.03125}