{"num_qubits": 6, "depth": 28, "num_circuit": 32, "num_generation": 30, "current_generation": 1, "fitnessss": [[0.5910582360471868, 0.5343600416284909, 0.540654357709617, 0.4688499571344046, 0.5500740260524051, 0.5337523180861042, 0.562724387454727, 0.5701512421485827, 0.5979147065713705, 0.5681572433999088, 0.566817283824576, 0.5912174076182694, 0.5455107308521097, 0.5214794889479751, 0.5207058879703107, 0.5839269098175237, 0.5705382589577059, 0.5629714563890261, 0.4829064905099372, 0.5322520275376713, 0.5920602811437329, 0.5695703681498349, 0.588914105073188, 0.5113185054196369, 0.5387665318988955, 0.5503703153899588, 0.5483387710571592, 0.5376826990111812, 0.5452688944899524, 0.4761693663698866, 0.5114182705998562, 0.5724248607912328]], "best_fitnesss": [0.5979147065713705], "prob_mutate": 0.0033482142857142855}