{"num_qubits": 5, "depth": 17, "num_circuit": 32, "num_generation": 30, "current_generation": 3, "fitnessss": [[0.39824990689031614, 0.4284153354210454, 0.5575601163360401, 0.5458757370383363, 0.5359420819306524, 0.48509733115935305, 0.4686772123165605, 0.47782345676747334, 0.5754128265138226, 0.5978391049006622, 0.5452024961665576, 0.5804720907514811, 0.4682044050435171, 0.480227416856932, 0.4931365471756738, 0.5396778637108504, 0.5942948342443352, 0.45692824290510814, 0.40883843900667466, 0.5422291315295739, 0.47304424009448665, 0.49441154237038043, 0.5458850170358189, 0.40917068454052535, 0.49062794419288547, 0.5318010659233491, 0.5571717493269326, 0.43325932856962696, 0.5418064771879355, 0.5247613781406324, 0.4680437132723684, 0.48422555475075885], [0.5978391049006622, 0.5942948342443352, 0.570996730018136, 0.5653506310785056, 0.4986453568698879, 0.5754128265138226, 0.5145237508234933, 0.5719912736946289, 0.5575601163360401, 0.5571717493269326, 0.5497897365758007, 0.48496127482180773, 0.5458850170358189, 0.5458757370383363, 0.570365308597489, 0.5190102517811357, 0.5452024961665576, 0.5422291315295739, 0.5542753832048113, 0.5309961785730177, 0.5743993869776804, 0.5396778637108504, 0.5697993307341929, 0.4896672490524937, 0.5359420819306524, 0.5318010659233491, 0.5440593474883466, 0.49064335751250887, 0.5247613781406324, 0.49441154237038043, 0.5054358188881526, 0.48765849105253967], [0.5978391049006622, 0.5942948342443352, 0.570996730018136, 0.5653506310785056, 0.5754128265138226, 0.5743993869776804, 0.608340652870275, 0.5112705872345661, 0.5719912736946289, 0.570996730018136, 0.5725745946169105, 0.5886932357954721, 0.5485065380221206, 0.5697993307341929, 0.522283659701782, 0.5549131711997484, 0.5653506310785056, 0.5575601163360401, 0.5700223810702199, 0.4913152480512671, 0.5571717493269326, 0.5768884390651123, 0.4800205123400513, 0.6218067614238223, 0.5963407518736827, 0.5458850170358189, 0.5482753755668947, 0.49869232824266785, 0.5458757370383363, 0.48820918148271264, 0.5638951338427666, 0.586145348596672]], "best_fitnesss": [0.5978391049006622, 0.5978391049006622, 0.6218067614238223], "prob_mutate": 0.0055147058823529415}