{"num_qubits": 4, "depth": 5, "num_circuit": 16, "num_generation": 10, "current_generation": 10, "fitnessss": [[0.205289655675884, 0.28200993753179326, 0.26016631002564744, 0.30868031667740714, 0.260429577441465, 0.2761102172948592, 0.3421896623884912, 0.13182380255583825, 0.318989620967714, 0.2034355902264456, 0.257374904559586, 0.2873273536540442, 0.1066301544367414, 0.3341628361243697, 0.24815812062191406, 0.23749970329813447], [0.3733732449821463, 0.33836781344148165, 0.4652611189535537, 0.2733286145784584, 0.318989620967714, 0.30868031667740714, 0.34931371532494604, 0.35338622195968933, 0.2873273536540442, 0.28200993753179326, 0.26163105652438035, 0.31698906769199464, 0.22493604906369508, 0.260429577441465, 0.31170163290551745, 0.22603909223040036], [0.42748720166661, 0.3820860220620169, 0.3733732449821463, 0.4652611189535537, 0.35338622195968933, 0.3879181754870715, 0.30868031667740714, 0.318989620967714, 0.33836781344148165, 0.36409744772879465, 0.3372702012945691, 0.3408564366569212, 0.31698906769199464, 0.31170163290551745, 0.2753685054240397, 0.29560391053243684], [0.4652611189535537, 0.42748720166661, 0.42748720166661, 0.4652611189535537, 0.3879181754870715, 0.3820860220620169, 0.23539452415384848, 0.40705678309886206, 0.3733732449821463, 0.3379972392799247, 0.45596408997894944, 0.2321122601986863, 0.35338622195968933, 0.3408564366569212, 0.31305143409339575, 0.318989620967714], [0.4652611189535537, 0.4652611189535537, 0.28705097367809185, 0.4652611189535537, 0.45596408997894944, 0.42748720166661, 0.42748720166661, 0.45596408997894944, 0.42748720166661, 0.42194953271607094, 0.40705678309886206, 0.42748720166661, 0.361655377862067, 0.3820860220620169, 0.17769685493868054, 0.4777514647352058], [0.4777514647352058, 0.4652611189535537, 0.42982080339120554, 0.4136888861944614, 0.4652611189535537, 0.4652611189535537, 0.3970851865372313, 0.4652611189535537, 0.45596408997894944, 0.45596408997894944, 0.45596408997894944, 0.45596408997894944, 0.42748720166661, 0.42748720166661, 0.29138895050214153, 0.42748720166661], [0.4777514647352058, 0.4652611189535537, 0.41473269905091154, 0.4136888861944614, 0.4652611189535537, 0.4652611189535537, 0.4652611189535537, 0.4652611189535537, 0.4652611189535537, 0.45596408997894944, 0.45596408997894944, 0.4652611189535537, 0.45596408997894944, 0.35710908739380437, 0.45596408997894944, 0.45596408997894944], [0.4777514647352058, 0.4652611189535537, 0.42982080339120554, 0.4136888861944614, 0.4652611189535537, 0.3473750145728368, 0.4652611189535537, 0.35784381117608804, 0.4652611189535537, 0.32310696122097254, 0.36482929396219743, 0.4652611189535537, 0.4652611189535537, 0.4652611189535537, 0.4652611189535537, 0.4652611189535537], [0.4777514647352058, 0.4652611189535537, 0.42982080339120554, 0.4136888861944614, 0.410476719508588, 0.4652611189535537, 0.4652611189535537, 0.4652611189535537, 0.26991899457053004, 0.4652611189535537, 0.4652611189535537, 0.4652611189535537, 0.4652611189535537, 0.4696092986991715, 0.4652611189535537, 0.3694231747735516], [0.4777514647352058, 0.4696092986991715, 0.44499342379842205, 0.4136888861944614, 0.302860884693983, 0.4652611189535537, 0.4652611189535537, 0.4652611189535537, 0.4652611189535537, 0.3359104470857524, 0.4652611189535537, 0.4652611189535537, 0.4652611189535537, 0.4652611189535537, 0.4652611189535537, 0.4652611189535537]], "best_fitnesss": [0.3421896623884912, 0.4652611189535537, 0.4652611189535537, 0.4652611189535537, 0.4777514647352058, 0.4777514647352058, 0.4777514647352058, 0.4777514647352058, 0.4777514647352058, 0.4777514647352058], "prob_mutate": 0.0375}