{"num_qubits": 4, "depth": 5, "num_circuit": 16, "num_generation": 10, "current_generation": 10, "fitnessss": [[0.3069042533750571, 0.2619353556096632, 0.21811602702841354, 0.2107693401557126, 0.18783298892878802, 0.3757463242083353, 0.3592954924263393, 0.20432248555815313, 0.3276585312200093, 0.27440696429164324, 0.16967957475168816, 0.3277389234436533, 0.4194052922122614, 0.12235333395949415, 0.25982548493001095, 0.3503877665381792], [0.4194052922122614, 0.3757463242083353, 0.3899047357663997, 0.3566524446375943, 0.38980004567278215, 0.3503877665381792, 0.4204138497920969, 0.20213149737440964, 0.3277389234436533, 0.3276585312200093, 0.40342438233542294, 0.3686493980701228, 0.3069042533750571, 0.27440696429164324, 0.3037418122409513, 0.24811210250476834], [0.4204138497920969, 0.4194052922122614, 0.30549100783287175, 0.4552413034434946, 0.334688118312434, 0.3899047357663997, 0.22697206491960698, 0.46614768318306343, 0.38980004567278215, 0.3757463242083353, 0.3747789966547767, 0.2278448620938987, 0.3686493980701228, 0.3566524446375943, 0.34375650155594484, 0.3048353868435466], [0.46614768318306343, 0.4552413034434946, 0.4349978317685955, 0.46614768318306343, 0.4204138497920969, 0.4194052922122614, 0.3577325164354465, 0.4552413034434946, 0.3899047357663997, 0.38980004567278215, 0.40597150102083823, 0.3179763211667311, 0.3757463242083353, 0.3747789966547767, 0.2542529827794746, 0.41600929119608815], [0.46614768318306343, 0.46614768318306343, 0.3668269710191792, 0.46614768318306343, 0.4552413034434946, 0.4552413034434946, 0.4552413034434946, 0.4552413034434946, 0.4349978317685955, 0.4204138497920969, 0.4349978317685955, 0.4204138497920969, 0.4194052922122614, 0.41600929119608815, 0.3899047357663997, 0.36863344615215327], [0.46614768318306343, 0.46614768318306343, 0.36009063956019105, 0.46614768318306343, 0.4836835046860489, 0.4552413034434946, 0.3281627468180295, 0.43408326414377785, 0.4552413034434946, 0.4552413034434946, 0.4552413034434946, 0.4141358087124809, 0.4552413034434946, 0.4349978317685955, 0.4552413034434946, 0.4349978317685955], [0.4836835046860489, 0.46614768318306343, 0.46614768318306343, 0.4836835046860489, 0.34210738601639895, 0.46614768318306343, 0.46614768318306343, 0.46614768318306343, 0.4552413034434946, 0.4552413034434946, 0.4084356877642648, 0.4552413034434946, 0.3971591290598416, 0.4552413034434946, 0.4552413034434946, 0.4552413034434946], [0.40442537254028627, 0.4836835046860489, 0.4836835046860489, 0.4836835046860489, 0.46614768318306343, 0.46614768318306343, 0.46614768318306343, 0.46614768318306343, 0.46614768318306343, 0.46614768318306343, 0.46614768318306343, 0.46614768318306343, 0.46614768318306343, 0.4552413034434946, 0.4552413034434946, 0.46614768318306343], [0.4836835046860489, 0.4836835046860489, 0.4836835046860489, 0.4836835046860489, 0.4836835046860489, 0.2443440191882411, 0.46614768318306343, 0.38975418124923056, 0.45227444673898126, 0.46614768318306343, 0.46614768318306343, 0.46614768318306343, 0.46614768318306343, 0.46614768318306343, 0.46614768318306343, 0.422349013090965], [0.4836835046860489, 0.38966232033789566, 0.4836835046860489, 0.4836835046860489, 0.4682258232612577, 0.4836835046860489, 0.4836835046860489, 0.47312327830788475, 0.4836835046860489, 0.46614768318306343, 0.47066950063351065, 0.4836835046860489, 0.46614768318306343, 0.46614768318306343, 0.46614768318306343, 0.46614768318306343]], "best_fitnesss": [0.4194052922122614, 0.4204138497920969, 0.46614768318306343, 0.46614768318306343, 0.46614768318306343, 0.4836835046860489, 0.4836835046860489, 0.4836835046860489, 0.4836835046860489, 0.4836835046860489], "prob_mutate": 0.0375}