{"num_qubits": 4, "depth": 9, "num_circuit": 16, "num_generation": 20, "current_generation": 20, "fitnessss": [[0.47719424150795386, 0.1992667682885214, 0.1994220686710516, 0.23292244687576869, 0.17549947670708566, 0.13782548159753438, 0.24551143884729743, 0.3756659121244639, 0.4580200351345758, 0.27676209875126523, 0.3673835622129328, 0.3591553978380867, 0.2759393581163483, 0.3477306281043535, 0.34648378286051573, 0.31272739725245846], [0.47719424150795386, 0.4580200351345758, 0.20248463716736143, 0.4097676576654449, 0.3756659121244639, 0.4513960508915901, 0.40837047682372496, 0.30534494866828354, 0.3591553978380867, 0.4642584615077191, 0.31321158052035214, 0.36328590290901575, 0.34648378286051573, 0.31272739725245846, 0.24543073616608058, 0.2903358531505351], [0.47719424150795386, 0.4642584615077191, 0.5366926279156596, 0.3375599403976538, 0.4580200351345758, 0.4513960508915901, 0.26081082177669046, 0.3705855810401457, 0.4097676576654449, 0.301805366780566, 0.20845549778144956, 0.4484108923353467, 0.3756659121244639, 0.36328590290901575, 0.36134817259486307, 0.5235232146229634], [0.5366926279156596, 0.5235232146229634, 0.2704626389292458, 0.3477306281043535, 0.47719424150795386, 0.4642584615077191, 0.5366926279156596, 0.395104613062334, 0.4580200351345758, 0.4513960508915901, 0.2911106806053205, 0.3705855810401457, 0.20656187495626155, 0.3369775785502829, 0.4484108923353467, 0.4097676576654449], [0.4007956379780703, 0.5366926279156596, 0.5366926279156596, 0.5366926279156596, 0.5235232146229634, 0.47719424150795386, 0.28884511244195865, 0.2704626389292458, 0.4642584615077191, 0.4580200351345758, 0.3501254684899028, 0.2859992947367678, 0.4513960508915901, 0.45000628806857623, 0.28649601057045293, 0.3285134933143836], [0.5309275549525656, 0.5356678323611158, 0.47424028835117693, 0.5366926279156596, 0.5366926279156596, 0.5235232146229634, 0.2704626389292458, 0.3477306281043535, 0.47719424150795386, 0.4642584615077191, 0.5366926279156596, 0.395104613062334, 0.4580200351345758, 0.4513960508915901, 0.2911106806053205, 0.3705855810401457], [0.5366926279156596, 0.48815991321337837, 0.5366926279156596, 0.5366926279156596, 0.5366926279156596, 0.5356678323611158, 0.5366926279156596, 0.29628597970016135, 0.5309275549525656, 0.5235232146229634, 0.27009739329231586, 0.3477306281043535, 0.47719424150795386, 0.47642907394380685, 0.5366926279156596, 0.29920146958873295], [0.5366926279156596, 0.5366926279156596, 0.5366926279156596, 0.5366926279156596, 0.5366926279156596, 0.5366926279156596, 0.5366926279156596, 0.4880261733874559, 0.5366926279156596, 0.5366926279156596, 0.5366926279156596, 0.5366926279156596, 0.5356678323611158, 0.21732336713489953, 0.5356678323611158, 0.5309275549525656], [0.5366926279156596, 0.5255095697235675, 0.5366926279156596, 0.5366926279156596, 0.5366926279156596, 0.5366926279156596, 0.5366926279156596, 0.42440262050958133, 0.5366926279156596, 0.5366926279156596, 0.5366926279156596, 0.4717592427031564, 0.5366926279156596, 0.5366926279156596, 0.5366926279156596, 0.5366926279156596], [0.2519571865442084, 0.5366926279156596, 0.5366926279156596, 0.5366926279156596, 0.5366926279156596, 0.5366926279156596, 0.5366926279156596, 0.5366926279156596, 0.5366926279156596, 0.5366926279156596, 0.5366926279156596, 0.5366926279156596, 0.328495594588039, 0.306833496205671, 0.5366926279156596, 0.5366926279156596], [0.5366926279156596, 0.5366926279156596, 0.5366926279156596, 0.5366926279156596, 0.5366926279156596, 0.40386825282480954, 0.33848116113801685, 0.3656087978169743, 0.5366926279156596, 0.5366926279156596, 0.5366926279156596, 0.3849466170846504, 0.5366926279156596, 0.5366926279156596, 0.5366926279156596, 0.5366926279156596], [0.4329643402249612, 0.5366926279156596, 0.329166196984924, 0.5366926279156596, 0.5366926279156596, 0.3942461524876625, 0.5366926279156596, 0.5366926279156596, 0.5366926279156596, 0.5366926279156596, 0.5366926279156596, 0.5366926279156596, 0.5366926279156596, 0.5366926279156596, 0.23138436046702981, 0.5366926279156596], [0.3542946810475881, 0.5366926279156596, 0.5366926279156596, 0.5366926279156596, 0.5366926279156596, 0.5245670482354009, 0.5366926279156596, 0.5366926279156596, 0.37873924769258194, 0.5366926279156596, 0.5366926279156596, 0.5366926279156596, 0.5366926279156596, 0.5366926279156596, 0.5366926279156596, 0.5366926279156596], [0.5366926279156596, 0.5366926279156596, 0.5366926279156596, 0.5366926279156596, 0.5366926279156596, 0.5366926279156596, 0.5366926279156596, 0.5366926279156596, 0.5366926279156596, 0.5106453890445242, 0.5366926279156596, 0.5366926279156596, 0.5395534681861184, 0.5366926279156596, 0.5366926279156596, 0.5366926279156596], [0.40849997015642026, 0.5366926279156596, 0.5395534681861184, 0.5366926279156596, 0.5366926279156596, 0.5366926279156596, 0.5366926279156596, 0.4232801948091456, 0.5366926279156596, 0.5366926279156596, 0.5366926279156596, 0.5366926279156596, 0.5366926279156596, 0.5366926279156596, 0.5366926279156596, 0.5366926279156596], [0.5395534681861184, 0.5366926279156596, 0.5395534681861184, 0.5366926279156596, 0.5366926279156596, 0.5366926279156596, 0.5366926279156596, 0.4676514200409476, 0.5366926279156596, 0.5366926279156596, 0.3358286620811709, 0.5366926279156596, 0.5366926279156596, 0.5366926279156596, 0.5366926279156596, 0.5366926279156596], [0.5395534681861184, 0.5395534681861184, 0.5395534681861184, 0.5395534681861184, 0.5366926279156596, 0.5366926279156596, 0.3993856693511637, 0.5366926279156596, 0.5366926279156596, 0.5366926279156596, 0.5366926279156596, 0.5366926279156596, 0.5366926279156596, 0.39343102642532624, 0.5366926279156596, 0.5366926279156596], [0.5395534681861184, 0.5395534681861184, 0.5395534681861184, 0.5395534681861184, 0.5395534681861184, 0.5395534681861184, 0.5395534681861184, 0.5395534681861184, 0.5366926279156596, 0.43607367643602846, 0.5366926279156596, 0.5366926279156596, 0.5366926279156596, 0.5366926279156596, 0.5366926279156596, 0.5366926279156596], [0.5395534681861184, 0.5395534681861184, 0.5395534681861184, 0.5395534681861184, 0.5395534681861184, 0.5395534681861184, 0.5395534681861184, 0.5395534681861184, 0.5089028025282073, 0.5395534681861184, 0.5395534681861184, 0.5395534681861184, 0.5289195958645546, 0.5395534681861184, 0.5395534681861184, 0.30682677670429614], [0.5395534681861184, 0.5395534681861184, 0.5117262371665076, 0.5395534681861184, 0.31026085528204694, 0.5395534681861184, 0.5395534681861184, 0.5395534681861184, 0.5395534681861184, 0.5395534681861184, 0.3863548812184666, 0.5395534681861184, 0.5395534681861184, 0.5395534681861184, 0.339284487064735, 0.5395534681861184]], "best_fitnesss": [0.47719424150795386, 0.47719424150795386, 0.5366926279156596, 0.5366926279156596, 0.5366926279156596, 0.5366926279156596, 0.5366926279156596, 0.5366926279156596, 0.5366926279156596, 0.5366926279156596, 0.5366926279156596, 0.5366926279156596, 0.5366926279156596, 0.5395534681861184, 0.5395534681861184, 0.5395534681861184, 0.5395534681861184, 0.5395534681861184, 0.5395534681861184, 0.5395534681861184], "prob_mutate": 0.020833333333333332}