{"num_qubits": 5, "depth": 19, "num_circuit": 32, "num_generation": 10, "current_generation": 2, "fitnessss": [[0.6022654487951257, 0.5249649322909384, 0.5771401674880191, 0.5134059868808939, 0.6131012004207922, 0.5937542016842376, 0.5663019296330851, 0.5285288160039174, 0.5539908512063905, 0.5679842575832372, 0.5612677190053581, 0.6159777899975704, 0.5630655254994279, 0.5910339781362814, 0.5743623939319924, 0.5528852349501487, 0.503884256820345, 0.5479034344248336, 0.6254398354335673, 0.5080616465581101, 0.5202910247849518, 0.5446376244476797, 0.6252060574674871, 0.6175829082011166, 0.6004697864308682, 0.5399916459071611, 0.5663059241623452, 0.5664014665077105, 0.6022024820044939, 0.4688080504731471, 0.6154724704915865, 0.5331021998871933], [0.6254398354335673, 0.6252060574674871, 0.5976570588917464, 0.6432970543420216, 0.6175829082011166, 0.6159777899975704, 0.6318397399772258, 0.6668947462720107, 0.6154724704915865, 0.6131012004207922, 0.5794225007877042, 0.5585300179438738, 0.6022654487951257, 0.6022024820044939, 0.652820824323442, 0.5295447502313617, 0.6004697864308682, 0.5937542016842376, 0.6046450115182702, 0.5656763943986842, 0.5910339781362814, 0.596358912914918, 0.5417534397161907, 0.6246669550323991, 0.5743623939319924, 0.5679842575832372, 0.5750692427538145, 0.48610104565902307, 0.5664014665077105, 0.5663059241623452, 0.5521232139884085, 0.5818580850550328]], "best_fitnesss": [0.6254398354335673, 0.6668947462720107], "prob_mutate": 0.004934210526315789}