{"num_qubits": 3, "depth": 8, "num_circuit": 4, "num_generation": 50, "current_generation": 13, "fitnessss": [[0.4729283139643652, 0.7632323044582974, 0.6727651132188253, 0.5676329908856788], [0.6446429177254936, 0.6333222320025245, 0.5881869912381624, 0.5170963355308774], [0.6446429177254936, 0.6333222320025245, 0.5198568864946547, 0.611049591709149], [0.6446429177254936, 0.6333222320025245, 0.6507458480048263, 0.5949422763602098], [0.6507458480048263, 0.6862497227588756, 0.6134692023860151, 0.6499370579312116], [0.6862497227588756, 0.6507458480048263, 0.5571235289977802, 0.6710112362830599], [0.6862497227588756, 0.7560749611602745, 0.6530062683948592, 0.5456927829283738], [0.7629072465116573, 0.6123370388606397, 0.65984270981288, 0.6013880058486717], [0.7629072465116573, 0.65984270981288, 0.6347639294050904, 0.6532478407539576], [0.7629072465116573, 0.65984270981288, 0.6347639294050904, 0.7047420234106935], [0.718780461142701, 0.36229545479885394, 0.5665904457523051, 0.6217583220101817], [0.718780461142701, 0.6217583220101817, 0.6907763832167686, 0.5892986634227948], [0.6827242542733777, 0.7498971416889821, 0.7745747584407375, 0.6569132013949786]], "best_fitnesss": [0.7632323044582974, 0.6446429177254936, 0.6446429177254936, 0.6507458480048263, 0.6862497227588756, 0.6862497227588756, 0.7560749611602745, 0.7629072465116573, 0.7629072465116573, 0.7629072465116573, 0.718780461142701, 0.718780461142701, 0.7745747584407375], "prob_mutate": 0.09375}