{"num_qubits": 4, "depth": 16, "num_circuit": 32, "num_generation": 30, "current_generation": 1, "fitnessss": [[0.6869200000000001, 0.7593099999999999, 0.60389, 0.65797, 0.60653, 0.67079, 0.6599799999999999, 0.67774, 0.61116, 0.5254000000000001, 0.66031, 0.7385999999999999, 0.62364, 0.6998399999999999, 0.7671, 0.6458200000000001, 0.61264, 0.68964, 0.62732, 0.62124, 0.68652, 0.6135, 0.62408, 0.70118, 0.6596400000000001, 0.66397, 0.64171, 0.74183, 0.67714, 0.71871, 0.7798, 0.7482299999999998]], "best_fitnesss": [0.7798], "prob_mutate": 0.005859375}