{"num_qubits": 6, "depth": 36, "num_circuit": 16, "num_generation": 30, "current_generation": 2, "fitnessss": [[0.6647440318493806, 0.6762714122326263, 0.6758397545778652, 0.6662576080544105, 0.6148132875210808, 0.6654793673745105, 0.6598600616085122, 0.6653393503604096, 0.6538116932888989, 0.6851816332016067, 0.691437857416098, 0.6818315937287109, 0.7130874747388637, 0.6572521061705014, 0.7272354062243244, 0.6392411089050183], [0.6983158677931943, 0.6541532547796333, 0.6881318946461518, 0.7031023874163244, 0.691437857416098, 0.6851816332016067, 0.689954839260942, 0.6486697573299561, 0.6822399242171615, 0.6762714122326263, 0.6664064818626791, 0.649555353505999, 0.6758397545778652, 0.6662576080544105, 0.6551408073243897, 0.6930489134296607]], "best_fitnesss": [0.7272354062243244, 0.7031023874163244], "prob_mutate": 0.005208333333333333}