{"num_qubits": 4, "depth": 18, "num_circuit": 8, "num_generation": 50, "current_generation": 2, "fitnessss": [[0.6339840164510421, 0.7629306143815551, 0.7890092448157564, 0.7435575408048842, 0.6653760047586946, 0.6725055953704332, 0.7678860608161844, 0.6195511911093328], [0.7890092448157564, 0.7101099450449746, 0.795757070554482, 0.6703416344562114, 0.7629306143815551, 0.7435575408048842, 0.7652644751155556, 0.7840842242057999]], "best_fitnesss": [0.7890092448157564, 0.795757070554482], "prob_mutate": 0.020833333333333332}