{"num_qubits": 6, "depth": 25, "num_circuit": 4, "num_generation": 20, "current_generation": 3, "fitnessss": [[0.48854290250998245, 0.4869485508374426, 0.4833225330721699, 0.42295832015229573], [0.5197070051160914, 0.492085795138257, 0.49734493159070087, 0.49522825125636355], [0.5074007289392306, 0.525522018275981, 0.49734493159070087, 0.5197070051160914]], "best_fitnesss": [0.48854290250998245, 0.5197070051160914, 0.525522018275981], "prob_mutate": 0.03}