{"num_qubits": 4, "depth": 9, "num_circuit": 16, "num_generation": 20, "current_generation": 20, "fitnessss": [[0.32774620410512, 0.1914772108126852, 0.23980548988502104, 0.30214041377114986, 0.23941478670915406, 0.34015408788575274, 0.12305076330355413, 0.25680552138020574, 0.12072613021554124, 0.26905099699980906, 0.29228828126006656, 0.3478980407785721, 0.1496816037844344, 0.29941161168956454, 0.24883179594652127, 0.19895922379804376], [0.3478980407785721, 0.3425694607005504, 0.35075065115601944, 0.3947594704575793, 0.32774620410512, 0.30214041377114986, 0.3388282665468013, 0.4178746450558346, 0.29941161168956454, 0.29228828126006656, 0.39052697638880574, 0.16948611950112968, 0.26905099699980906, 0.25680552138020574, 0.38988465286605445, 0.22647555341835124], [0.4178746450558346, 0.3947594704575793, 0.29252909432375396, 0.319845132038413, 0.39052697638880574, 0.38988465286605445, 0.25146853286621496, 0.6061310315064674, 0.35075065115601944, 0.3478980407785721, 0.37117691550700727, 0.0807753676112366, 0.3425694607005504, 0.3388282665468013, 0.2579584708533035, 0.423282487861701], [0.6061310315064674, 0.423282487861701, 0.44845653073544933, 0.13567966185477387, 0.4178746450558346, 0.3947594704575793, 0.29252909432375396, 0.319845132038413, 0.39052697638880574, 0.38988465286605445, 0.22780354159705163, 0.6061310315064674, 0.37117691550700727, 0.35075065115601944, 0.35075065115601944, 0.37117691550700727], [0.6061310315064674, 0.6061310315064674, 0.6061310315064674, 0.4596320112788559, 0.44845653073544933, 0.423282487861701, 0.4746539101308559, 0.423282487861701, 0.4178746450558346, 0.3947594704575793, 0.29252909432375396, 0.319845132038413, 0.39052697638880574, 0.38988465286605445, 0.25146853286621496, 0.6061310315064674], [0.476574233740241, 0.6061310315064674, 0.5923985775830662, 0.6061310315064674, 0.6061310315064674, 0.6061310315064674, 0.6061310315064674, 0.6061310315064674, 0.4746539101308559, 0.4596320112788559, 0.6351157984109179, 0.3934412275775062, 0.44845653073544933, 0.423282487861701, 0.44845653073544933, 0.423282487861701], [0.6351157984109179, 0.6061310315064674, 0.6061310315064674, 0.6351157984109179, 0.6061310315064674, 0.6061310315064674, 0.6061310315064674, 0.6061310315064674, 0.6061310315064674, 0.6061310315064674, 0.6061310315064674, 0.6061310315064674, 0.6061310315064674, 0.2743954594973552, 0.6061310315064674, 0.5923985775830662], [0.6351157984109179, 0.6351157984109179, 0.6351157984109179, 0.6351157984109179, 0.6061310315064674, 0.6061310315064674, 0.6061310315064674, 0.6061310315064674, 0.43430600802066754, 0.6061310315064674, 0.6061310315064674, 0.6061310315064674, 0.6061310315064674, 0.6061310315064674, 0.6061310315064674, 0.6061310315064674], [0.6351157984109179, 0.6351157984109179, 0.6351157984109179, 0.5474356799872027, 0.5397352931186848, 0.6351157984109179, 0.6351157984109179, 0.6351157984109179, 0.6061310315064674, 0.6061310315064674, 0.6061310315064674, 0.6061310315064674, 0.6061310315064674, 0.6061310315064674, 0.6061310315064674, 0.6061310315064674], [0.6351157984109179, 0.6351157984109179, 0.6351157984109179, 0.6351157984109179, 0.6351157984109179, 0.47135972122703573, 0.6351157984109179, 0.6205136726254835, 0.6351157984109179, 0.6351157984109179, 0.6351157984109179, 0.6351157984109179, 0.47836401192422695, 0.480648387235884, 0.6061310315064674, 0.6061310315064674], [0.6351157984109179, 0.45156405840330005, 0.6351157984109179, 0.28963699313372315, 0.6351157984109179, 0.6351157984109179, 0.45316157111570754, 0.6351157984109179, 0.6351157984109179, 0.6351157984109179, 0.6351157984109179, 0.6351157984109179, 0.6351157984109179, 0.6351157984109179, 0.6351157984109179, 0.6351157984109179], [0.6351157984109179, 0.6351157984109179, 0.6351157984109179, 0.6351157984109179, 0.6351157984109179, 0.6351157984109179, 0.6351157984109179, 0.6351157984109179, 0.6351157984109179, 0.6351157984109179, 0.6351157984109179, 0.6351157984109179, 0.6351157984109179, 0.6351157984109179, 0.6351157984109179, 0.5226579153618564], [0.6351157984109179, 0.6486180455574052, 0.6351157984109179, 0.6351157984109179, 0.6351157984109179, 0.6351157984109179, 0.6351157984109179, 0.6351157984109179, 0.4348600233578125, 0.6351157984109179, 0.6351157984109179, 0.6351157984109179, 0.6351157984109179, 0.6351157984109179, 0.6351157984109179, 0.6351157984109179], [0.6486180455574052, 0.43565112534735495, 0.6351157984109179, 0.6486180455574052, 0.6351157984109179, 0.6351157984109179, 0.6351157984109179, 0.6351157984109179, 0.6351157984109179, 0.6351157984109179, 0.6351157984109179, 0.6351157984109179, 0.6351157984109179, 0.6351157984109179, 0.6351157984109179, 0.6351157984109179], [0.6486180455574052, 0.6486180455574052, 0.6486180455574052, 0.6486180455574052, 0.6351157984109179, 0.2784188465912958, 0.6351157984109179, 0.5124110646296886, 0.6351157984109179, 0.6351157984109179, 0.6351157984109179, 0.6351157984109179, 0.6351157984109179, 0.2759654963880296, 0.6351157984109179, 0.6351157984109179], [0.6486180455574052, 0.6486180455574052, 0.6486180455574052, 0.4464008921618221, 0.6486180455574052, 0.6486180455574052, 0.5717728390663831, 0.6486180455574052, 0.6351157984109179, 0.6351157984109179, 0.6351157984109179, 0.6351157984109179, 0.6351157984109179, 0.5119042693640592, 0.6351157984109179, 0.6351157984109179], [0.6486180455574052, 0.6486180455574052, 0.6486180455574052, 0.6486180455574052, 0.6486180455574052, 0.6486180455574052, 0.6486180455574052, 0.6486180455574052, 0.6486180455574052, 0.6486180455574052, 0.6486180455574052, 0.6486180455574052, 0.6351157984109179, 0.4609286266720384, 0.6351157984109179, 0.6351157984109179], [0.6486180455574052, 0.6486180455574052, 0.55415632250492, 0.6486180455574052, 0.6486180455574052, 0.6486180455574052, 0.6486180455574052, 0.6486180455574052, 0.6486180455574052, 0.6486180455574052, 0.6486180455574052, 0.6486180455574052, 0.6486180455574052, 0.6486180455574052, 0.6486180455574052, 0.6486180455574052], [0.6486180455574052, 0.6486180455574052, 0.6486180455574052, 0.6486180455574052, 0.6486180455574052, 0.6486180455574052, 0.6486180455574052, 0.6486180455574052, 0.5821173103130726, 0.5286610885090075, 0.6486180455574052, 0.6486180455574052, 0.6486180455574052, 0.6486180455574052, 0.40429788212796036, 0.6486180455574052], [0.6486180455574052, 0.6486180455574052, 0.6486180455574052, 0.6486180455574052, 0.4813016297039534, 0.6486180455574052, 0.6486180455574052, 0.6486180455574052, 0.4820938309963523, 0.6486180455574052, 0.6486180455574052, 0.6486180455574052, 0.6486180455574052, 0.6486180455574052, 0.6486180455574052, 0.6486180455574052]], "best_fitnesss": [0.3478980407785721, 0.4178746450558346, 0.6061310315064674, 0.6061310315064674, 0.6061310315064674, 0.6351157984109179, 0.6351157984109179, 0.6351157984109179, 0.6351157984109179, 0.6351157984109179, 0.6351157984109179, 0.6351157984109179, 0.6486180455574052, 0.6486180455574052, 0.6486180455574052, 0.6486180455574052, 0.6486180455574052, 0.6486180455574052, 0.6486180455574052, 0.6486180455574052], "prob_mutate": 0.020833333333333332}