{"num_qubits": 5, "depth": 10, "num_circuit": 32, "num_generation": 20, "current_generation": 1, "fitnessss": [[0.32075783098503474, 0.22387772166065192, 0.2919218436037208, 0.3194236998541987, 0.26869958064740784, 0.2489924065187044, 0.24845981560616845, 0.2567178096735554, 0.3564791210117382, 0.3132604019626262, 0.2712150428368588, 0.24300111706781777, 0.351250265493649, 0.2627004689072351, 0.20644354341082574, 0.3576244628988594, 0.3116173699941293, 0.27360325884305914, 0.37295673539926927, 0.2829044387283193, 0.2934441640903843, 0.375199082101456, 0.42668041437719123, 0.32983947914770384, 0.3300728313596582, 0.3624141121310434, 0.2360740605939653, 0.3960088026348477, 0.2583075505685596, 0.3138456073464867, 0.3225820267139554, 0.303524258384875]], "best_fitnesss": [0.42668041437719123], "prob_mutate": 0.009375}