{"num_qubits": 5, "depth": 10, "num_circuit": 32, "num_generation": 20, "current_generation": 3, "fitnessss": [[0.32075783098503474, 0.22387772166065192, 0.2919218436037208, 0.3194236998541987, 0.26869958064740784, 0.2489924065187044, 0.24845981560616845, 0.2567178096735554, 0.3564791210117382, 0.3132604019626262, 0.2712150428368588, 0.24300111706781777, 0.351250265493649, 0.2627004689072351, 0.20644354341082574, 0.3576244628988594, 0.3116173699941293, 0.27360325884305914, 0.37295673539926927, 0.2829044387283193, 0.2934441640903843, 0.375199082101456, 0.42668041437719123, 0.32983947914770384, 0.3300728313596582, 0.3624141121310434, 0.2360740605939653, 0.3960088026348477, 0.2583075505685596, 0.3138456073464867, 0.3225820267139554, 0.303524258384875], [0.42668041437719123, 0.3960088026348477, 0.4041395954717279, 0.3821014237285499, 0.375199082101456, 0.37295673539926927, 0.36669019758767235, 0.4037098151570394, 0.3624141121310434, 0.3576244628988594, 0.3364734269152591, 0.3865499943917222, 0.3564791210117382, 0.351250265493649, 0.39809481789128337, 0.2263439241573221, 0.3181243065584642, 0.32983947914770384, 0.290079971068974, 0.34074485338230337, 0.3225820267139554, 0.32075783098503474, 0.2808662616917707, 0.42611384286886833, 0.3194236998541987, 0.3138456073464867, 0.3439417668016129, 0.35442675974534493, 0.3132604019626262, 0.3116173699941293, 0.29220306970633214, 0.31371518805864324], [0.42668041437719123, 0.42611384286886833, 0.354282297550235, 0.3250140277282303, 0.4041395954717279, 0.4037098151570394, 0.3553348752660349, 0.36943207466283773, 0.39809481789128337, 0.3960088026348477, 0.3436349828682529, 0.446710913468377, 0.3707589461549721, 0.3492217889057265, 0.39938367236575206, 0.3557409118295061, 0.375199082101456, 0.37295673539926927, 0.36669019758767235, 0.4037098151570394, 0.3282830319345119, 0.3797895687989552, 0.3293166336529526, 0.331129822260932, 0.3576244628988594, 0.3564791210117382, 0.3368198693930403, 0.3531179930903177, 0.35442675974534493, 0.351250265493649, 0.3731513219684653, 0.2785026908561151]], "best_fitnesss": [0.42668041437719123, 0.42668041437719123, 0.446710913468377], "prob_mutate": 0.009375}