{"num_qubits": 6, "depth": 33, "num_circuit": 8, "num_generation": 40, "current_generation": 2, "fitnessss": [[0.613050752236091, 0.6419382023985711, 0.5523428001441095, 0.6636755842423738, 0.6349652415225308, 0.5824051721477297, 0.6454463395816923, 0.5822609824863568], [0.6093012030279945, 0.6444452060422163, 0.6159117852858532, 0.6557948880352911, 0.6419382023985711, 0.6349652415225308, 0.6544834896557836, 0.6759608031458268]], "best_fitnesss": [0.6636755842423738, 0.6759608031458268], "prob_mutate": 0.011363636363636364}