{"num_qubits": 4, "depth": 27, "num_circuit": 4, "num_generation": 40, "current_generation": 2, "fitnessss": [[0.8291589711771028, 0.8727524332851335, 0.8851531242095557, 0.8443760120884963], [0.8851531242095557, 0.8647791226281013, 0.9206162842053951, 0.8843956007102667]], "best_fitnesss": [0.8851531242095557, 0.9206162842053951], "prob_mutate": 0.027777777777777776}