{"num_qubits": 5, "depth": 12, "num_circuit": 16, "num_generation": 20, "current_generation": 5, "fitnessss": [[0.42069917000878754, 0.42308586420830085, 0.35136859404274556, 0.4171044130508347, 0.4586349854986473, 0.46128424541525004, 0.46240633090181393, 0.4068352838861852, 0.4620744972346006, 0.34604076892612146, 0.3939379270752214, 0.36933883051477484, 0.4116538853561661, 0.2649447187359523, 0.3753593544836301, 0.3618159875793504], [0.46240633090181393, 0.4620744972346006, 0.4873520841392214, 0.3938158213683334, 0.46128424541525004, 0.412551467327111, 0.44278635948532863, 0.42905004503123145, 0.42308586420830085, 0.42069917000878754, 0.30186322897612594, 0.4811610799391353, 0.4171044130508347, 0.4116538853561661, 0.4632204660214553, 0.44052131629096836], [0.4873520841392214, 0.4811610799391353, 0.44303467426018023, 0.5358256735503601, 0.4632204660214553, 0.46240633090181393, 0.42780101911018387, 0.43358634750486036, 0.4620744972346006, 0.46128424541525004, 0.38963279882042184, 0.4552103086592013, 0.44278635948532863, 0.44052131629096836, 0.451060223342842, 0.4591316567369084], [0.5358256735503601, 0.4873520841392214, 0.5358256735503601, 0.4873520841392214, 0.4811610799391353, 0.4632204660214553, 0.40629045716455525, 0.44639601878387386, 0.46240633090181393, 0.4620744972346006, 0.4873520841392214, 0.3938158213683334, 0.46128424541525004, 0.4591316567369084, 0.44278635948532863, 0.3836035807438589], [0.5358256735503601, 0.5358256735503601, 0.5358256735503601, 0.5358256735503601, 0.4750297325645231, 0.5099704353728645, 0.4873520841392214, 0.4873520841392214, 0.4873520841392214, 0.5217436164745666, 0.46129324827045515, 0.5358256735503601, 0.4632204660214553, 0.46240633090181393, 0.38160603175668445, 0.391603575481959]], "best_fitnesss": [0.46240633090181393, 0.4873520841392214, 0.5358256735503601, 0.5358256735503601, 0.5358256735503601], "prob_mutate": 0.015625}