{"num_qubits": 5, "depth": 9, "num_circuit": 8, "num_generation": 30, "current_generation": 7, "fitnessss": [[0.25648862713040194, 0.18046417755741695, 0.2761276494811901, 0.29983021150967887, 0.27208048020638975, 0.29075967114499573, 0.25123657165043367, 0.1719145310624957], [0.29983021150967887, 0.29075967114499573, 0.31839423430537694, 0.25577479232983535, 0.2761276494811901, 0.27208048020638975, 0.30746297241323933, 0.30721114368342384], [0.31839423430537694, 0.30746297241323933, 0.3420560041373025, 0.2772745562285506, 0.2873613263473075, 0.3196358201786921, 0.20694682068316883, 0.3163414091702806], [0.3420560041373025, 0.3411294536019828, 0.29983021150967887, 0.35114006312693513, 0.31839423430537694, 0.2971535291025778, 0.3163414091702806, 0.31839423430537694], [0.2551382005369177, 0.331855266000824, 0.3059428323938399, 0.27579522143743807, 0.3411294536019828, 0.31839423430537694, 0.3127894144450631, 0.30025424370974274], [0.3411294536019828, 0.331855266000824, 0.24898006531242886, 0.35560131548211693, 0.31839423430537694, 0.3127894144450631, 0.31839423430537694, 0.3127894144450631], [0.35560131548211693, 0.3411294536019828, 0.3657671928612336, 0.33146724063331323, 0.32054299800499825, 0.31839423430537694, 0.34251271413159856, 0.3420560041373025]], "best_fitnesss": [0.29983021150967887, 0.31839423430537694, 0.3420560041373025, 0.35114006312693513, 0.3411294536019828, 0.35560131548211693, 0.3657671928612336], "prob_mutate": 0.041666666666666664}