{"num_qubits": 4, "depth": 9, "num_circuit": 16, "num_generation": 20, "current_generation": 20, "fitnessss": [[0.3317798549241685, 0.27106002434547793, 0.3020353056898084, 0.16301507472289212, 0.17907769817853691, 0.21614791767205288, 0.32957463315647784, 0.17582230574369828, 0.22327037667423566, 0.3226795261175972, 0.23359741325926697, 0.3625388175444899, 0.11544718820865951, 0.12029807705359141, 0.21850123948684552, 0.2673764047166396], [0.3625388175444899, 0.18536672844985347, 0.20901563117133226, 0.3179544875028044, 0.32957463315647784, 0.31083321080514603, 0.29239548098224233, 0.30396515832564874, 0.3020353056898084, 0.27106002434547793, 0.5046455084395627, 0.13449269951117826, 0.2673764047166396, 0.23359741325926697, 0.4088071841517179, 0.28118982259827807], [0.5046455084395627, 0.38112535233609557, 0.5213573964595046, 0.39723226012362745, 0.3625388175444899, 0.3574806186483397, 0.2606755089002796, 0.4495279508868465, 0.3179544875028044, 0.31083321080514603, 0.33440029865338694, 0.3246062682344689, 0.30396515832564874, 0.3020353056898084, 0.21763461465023992, 0.22270417757811134], [0.5075330576000816, 0.5046455084395627, 0.5046455084395627, 0.5213573964595046, 0.4495279508868465, 0.39723226012362745, 0.2047256132258275, 0.5747466766484047, 0.38112535233609557, 0.3625388175444899, 0.5747466766484047, 0.2734637543522671, 0.3574806186483397, 0.33440029865338694, 0.42612486413342043, 0.22593749136704078], [0.5747466766484047, 0.5747466766484047, 0.5747466766484047, 0.3063625841769967, 0.5213573964595046, 0.3554898732179991, 0.5075330576000816, 0.510927326830202, 0.29418720614006977, 0.26751528287742854, 0.2743549628575195, 0.5046455084395627, 0.4495279508868465, 0.42612486413342043, 0.42612486413342043, 0.4495279508868465], [0.6937863241235749, 0.5747466766484047, 0.5747466766484047, 0.5747466766484047, 0.5747466766484047, 0.5213573964595046, 0.4088071841517179, 0.37847507075568076, 0.510927326830202, 0.5075330576000816, 0.5075330576000816, 0.510927326830202, 0.5046455084395627, 0.4495279508868465, 0.37847507075568076, 0.2047256132258275], [0.6937863241235749, 0.5747466766484047, 0.6937863241235749, 0.5747466766484047, 0.5747466766484047, 0.5747466766484047, 0.5747466766484047, 0.5747466766484047, 0.5747466766484047, 0.30694595977733363, 0.4088071841517179, 0.37847507075568076, 0.510927326830202, 0.510927326830202, 0.510927326830202, 0.510927326830202], [0.6937863241235749, 0.6937863241235749, 0.6937863241235749, 0.6937863241235749, 0.5747466766484047, 0.5747466766484047, 0.5747466766484047, 0.14715188385289024, 0.21545036849617882, 0.5747466766484047, 0.5747466766484047, 0.30396372909244174, 0.5747466766484047, 0.2816879656392782, 0.5747466766484047, 0.5747466766484047], [0.6937863241235749, 0.6937863241235749, 0.6937863241235749, 0.6937863241235749, 0.6937863241235749, 0.6937863241235749, 0.6937863241235749, 0.6032096051333055, 0.5747466766484047, 0.5747466766484047, 0.5747466766484047, 0.5747466766484047, 0.5747466766484047, 0.5747466766484047, 0.5747466766484047, 0.5747466766484047], [0.6937863241235749, 0.6937863241235749, 0.6937863241235749, 0.6937863241235749, 0.6937863241235749, 0.6937863241235749, 0.6937863241235749, 0.6937863241235749, 0.6937863241235749, 0.6937863241235749, 0.6937863241235749, 0.6937863241235749, 0.6937863241235749, 0.6032096051333055, 0.6937863241235749, 0.6032096051333055], [0.6937863241235749, 0.6937863241235749, 0.6937863241235749, 0.6937863241235749, 0.6937863241235749, 0.2623782425896819, 0.6937863241235749, 0.6937863241235749, 0.6937863241235749, 0.6937863241235749, 0.6937863241235749, 0.6937863241235749, 0.6937863241235749, 0.6937863241235749, 0.6937863241235749, 0.34541933512388023], [0.6937863241235749, 0.6937863241235749, 0.6937863241235749, 0.6937863241235749, 0.6937863241235749, 0.6937863241235749, 0.6937863241235749, 0.6937863241235749, 0.6937863241235749, 0.6937863241235749, 0.6937863241235749, 0.6937863241235749, 0.6937863241235749, 0.6937863241235749, 0.34187039605964253, 0.6843420881109592], [0.4861697024981647, 0.6937863241235749, 0.6937863241235749, 0.25134953705678975, 0.6937863241235749, 0.6937863241235749, 0.42685062039871313, 0.5899552944077084, 0.6937863241235749, 0.6937863241235749, 0.6937863241235749, 0.6937863241235749, 0.6937863241235749, 0.6937863241235749, 0.6937863241235749, 0.21456131424209013], [0.6937863241235749, 0.6937863241235749, 0.6937863241235749, 0.4718867433800388, 0.3562066546443836, 0.6937863241235749, 0.14465335546706581, 0.6937863241235749, 0.6937863241235749, 0.20324309651088313, 0.6937863241235749, 0.6937863241235749, 0.6937863241235749, 0.6937863241235749, 0.6937863241235749, 0.6937863241235749], [0.6937863241235749, 0.6937863241235749, 0.6937863241235749, 0.6937863241235749, 0.6937863241235749, 0.6937863241235749, 0.6937863241235749, 0.6937863241235749, 0.6937863241235749, 0.6937863241235749, 0.6937863241235749, 0.6937863241235749, 0.6937863241235749, 0.6937863241235749, 0.6937863241235749, 0.6937863241235749], [0.6937863241235749, 0.6937863241235749, 0.6937863241235749, 0.6937863241235749, 0.6937863241235749, 0.6937863241235749, 0.6937863241235749, 0.6937863241235749, 0.6937863241235749, 0.6937863241235749, 0.6937863241235749, 0.6937863241235749, 0.6937863241235749, 0.6937863241235749, 0.6937863241235749, 0.33144883124436997], [0.6937863241235749, 0.15419988865812384, 0.6937863241235749, 0.6937863241235749, 0.6937863241235749, 0.6937863241235749, 0.6937863241235749, 0.6937863241235749, 0.6937863241235749, 0.3228118980294362, 0.6937863241235749, 0.6937863241235749, 0.6937863241235749, 0.6937863241235749, 0.6937863241235749, 0.6937863241235749], [0.6937863241235749, 0.6937863241235749, 0.6937863241235749, 0.6937863241235749, 0.6937863241235749, 0.6937863241235749, 0.6937863241235749, 0.6937863241235749, 0.6937863241235749, 0.6937863241235749, 0.6937863241235749, 0.6937863241235749, 0.6937863241235749, 0.6937863241235749, 0.6937863241235749, 0.6937863241235749], [0.6937863241235749, 0.6937863241235749, 0.6937863241235749, 0.6937863241235749, 0.6937863241235749, 0.6937863241235749, 0.6937863241235749, 0.6937863241235749, 0.6937863241235749, 0.6937863241235749, 0.6937863241235749, 0.6937863241235749, 0.6937863241235749, 0.6937863241235749, 0.6937863241235749, 0.6937863241235749], [0.6937863241235749, 0.6937863241235749, 0.6937863241235749, 0.6937863241235749, 0.6937863241235749, 0.6937863241235749, 0.6937863241235749, 0.6937863241235749, 0.3485947753483192, 0.6937863241235749, 0.6937863241235749, 0.5992698951174404, 0.6937863241235749, 0.6937863241235749, 0.6937863241235749, 0.6937863241235749]], "best_fitnesss": [0.3625388175444899, 0.5046455084395627, 0.5213573964595046, 0.5747466766484047, 0.5747466766484047, 0.6937863241235749, 0.6937863241235749, 0.6937863241235749, 0.6937863241235749, 0.6937863241235749, 0.6937863241235749, 0.6937863241235749, 0.6937863241235749, 0.6937863241235749, 0.6937863241235749, 0.6937863241235749, 0.6937863241235749, 0.6937863241235749, 0.6937863241235749, 0.6937863241235749], "prob_mutate": 0.020833333333333332}