{"num_qubits": 5, "depth": 27, "num_circuit": 8, "num_generation": 50, "current_generation": 1, "fitnessss": [[0.6645719623840466, 0.7630965862659694, 0.7766616114495865, 0.7175900258091129, 0.7944764093520049, 0.71727600117947, 0.6456408017408417, 0.6684900075077085]], "best_fitnesss": [0.7944764093520049], "prob_mutate": 0.013888888888888888}