{"num_qubits": 5, "depth": 36, "num_circuit": 8, "num_generation": 20, "current_generation": 1, "fitnessss": [[0.8702896011034522, 0.8309628849614669, 0.8559180842286246, 0.8178650007274915, 0.813186742366012, 0.8255316640926444, 0.8015241840151915, 0.8428810955091759]], "best_fitnesss": [0.8702896011034522], "prob_mutate": 0.010416666666666666}