{"num_qubits": 6, "depth": 32, "num_circuit": 16, "num_generation": 10, "current_generation": 2, "fitnessss": [[0.6500700883569321, 0.6322905932573416, 0.5887890434152359, 0.6364534575875299, 0.6053394977387337, 0.6543655683733333, 0.6531648536761461, 0.5895708934321859, 0.6439234646117864, 0.6197613542655362, 0.5830896544828483, 0.6226988022217602, 0.548089404449673, 0.6661390830598009, 0.5892862101524898, 0.591907782360702], [0.6525230455583896, 0.6543655683733333, 0.6404468298774086, 0.6403369068669816, 0.6531648536761461, 0.6500700883569321, 0.690175996512104, 0.6205197078817073, 0.6439234646117864, 0.6364534575875299, 0.6344556269928594, 0.5918974088670864, 0.6593101719948524, 0.6181573256620655, 0.6586158277250695, 0.567322111510818]], "best_fitnesss": [0.6661390830598009, 0.690175996512104], "prob_mutate": 0.005859375}