{"num_qubits": 6, "depth": 26, "num_circuit": 16, "num_generation": 20, "current_generation": 2, "fitnessss": [[0.5002345667699799, 0.46704959897132936, 0.5239133296004883, 0.5337523840304412, 0.538960186023383, 0.4506172737827763, 0.556906350239623, 0.4895888334851272, 0.5351168659125582, 0.4484571879736793, 0.5390139695781505, 0.5751028958760604, 0.5346087166504822, 0.4902430775782646, 0.4683720405317347, 0.5367856631881291], [0.5751028958760604, 0.556906350239623, 0.5374821882709295, 0.5510894623146234, 0.5390139695781505, 0.538960186023383, 0.5107899467209613, 0.5595443993613847, 0.5604796922993125, 0.524135017046541, 0.5131304542136448, 0.5174439053010269, 0.5346087166504822, 0.5337523840304412, 0.528805181282077, 0.5581435714465616]], "best_fitnesss": [0.5751028958760604, 0.5751028958760604], "prob_mutate": 0.007211538461538462}