{"num_qubits": 3, "depth": 14, "num_circuit": 4, "num_generation": 20, "current_generation": 2, "fitnessss": [[0.7580861315628107, 0.807189170081933, 0.8209402770496059, 0.868373618780805], [0.7997735852391286, 0.9045967157385049, 0.8240184011023217, 0.7511144974756907]], "best_fitnesss": [0.868373618780805, 0.9045967157385049], "prob_mutate": 0.05357142857142857}