{"num_qubits": 6, "depth": 35, "num_circuit": 16, "num_generation": 20, "current_generation": 2, "fitnessss": [[0.6470881424821464, 0.606618886099256, 0.665871709890529, 0.5614843977265014, 0.6445147888615447, 0.5879318296035676, 0.6337095166437743, 0.586983507493383, 0.6558138494945913, 0.6631988379252449, 0.678967013999425, 0.5949612058506442, 0.6895252744770105, 0.6509044440691921, 0.6334425115184521, 0.6822185293690662], [0.6895252744770105, 0.6822185293690662, 0.6769052540533556, 0.7047525973440327, 0.678967013999425, 0.6781054110683365, 0.7068119996108896, 0.6404793003589555, 0.6631988379252449, 0.6558138494945913, 0.6525545628853959, 0.6661458315069766, 0.6509044440691921, 0.6470881424821464, 0.6387610614508823, 0.6457922391829025]], "best_fitnesss": [0.6895252744770105, 0.7068119996108896], "prob_mutate": 0.005357142857142857}