{"num_qubits": 6, "depth": 32, "num_circuit": 16, "num_generation": 40, "current_generation": 4, "fitnessss": [[0.6219256990725411, 0.6226684003247361, 0.6170108996138575, 0.6170881172857579, 0.5600644447155542, 0.6343682437022036, 0.5773264973397904, 0.6046918414022622, 0.5831673650223026, 0.5796410641538747, 0.619455448290444, 0.6425104172586645, 0.6938672886175368, 0.6471648404038364, 0.6297944933468409, 0.6208951391412441], [0.6938672886175368, 0.6471648404038364, 0.6461029023203432, 0.6720072470749971, 0.6425104172586645, 0.6343682437022036, 0.6251678940689953, 0.5946244292221167, 0.6297944933468409, 0.6226684003247361, 0.6249651252282054, 0.6245671689658587, 0.6219256990725411, 0.6208951391412441, 0.6487860728938962, 0.5838235819670796], [0.6938672886175368, 0.6720072470749971, 0.6938672886175368, 0.6720072470749971, 0.6487860728938962, 0.6471648404038364, 0.6303854052594147, 0.678320994744046, 0.6461029023203432, 0.6425104172586645, 0.6570783556908613, 0.6396385134930929, 0.6343682437022036, 0.6186039904907417, 0.6037391966173999, 0.6192784276690559], [0.6938672886175368, 0.6938672886175368, 0.6938672886175368, 0.6938672886175368, 0.678320994744046, 0.6720072470749971, 0.6720072470749971, 0.6849737567380483, 0.6720072470749971, 0.6570783556908613, 0.6443328142364755, 0.6444551192782288, 0.6487860728938962, 0.6471648404038364, 0.6303854052594147, 0.6646106476121787]], "best_fitnesss": [0.6938672886175368, 0.6938672886175368, 0.6938672886175368, 0.6938672886175368], "prob_mutate": 0.005859375}