{"num_qubits": 5, "depth": 14, "num_circuit": 32, "num_generation": 10, "current_generation": 6, "fitnessss": [[0.3754652718000297, 0.5352949372989328, 0.48231291005284904, 0.39678958339411, 0.45550096218233066, 0.4323403611858632, 0.4294037876076654, 0.44198588907104863, 0.4671368000042023, 0.446858627872614, 0.3821551938181577, 0.5532551018860747, 0.46282932896563833, 0.3977771146381912, 0.5115880270542219, 0.4114269110842728, 0.38261575097502515, 0.472287315211725, 0.47177396786355874, 0.49382161299769434, 0.3585571536576839, 0.45570852598202655, 0.40536281298704563, 0.3549174936127669, 0.4602126604929756, 0.3805448460922628, 0.43717535015753056, 0.460364396699006, 0.4740364700211284, 0.42167239478870533, 0.44998520382828266, 0.36744312216138136], [0.5532551018860747, 0.5352949372989328, 0.5086879025614546, 0.489210643825942, 0.5115880270542219, 0.49382161299769434, 0.470919258154598, 0.44525267791661205, 0.500424384004478, 0.4740364700211284, 0.4862387667615334, 0.4717807044991524, 0.472287315211725, 0.47177396786355874, 0.4726438944263508, 0.4609167569390539, 0.4671368000042023, 0.46282932896563833, 0.4456915776279784, 0.42868508161677027, 0.460364396699006, 0.4602126604929756, 0.41966833535699755, 0.5127140191407487, 0.45570852598202655, 0.45550096218233066, 0.46125018103577675, 0.4396585629025388, 0.44998520382828266, 0.446858627872614, 0.45165492551310066, 0.41603161273463013], [0.5532551018860747, 0.5352949372989328, 0.5086879025614546, 0.489210643825942, 0.5127140191407487, 0.5115880270542219, 0.5231670908414625, 0.4334682742645521, 0.5086879025614546, 0.500424384004478, 0.4639695730155748, 0.5089420467206279, 0.49382161299769434, 0.489210643825942, 0.4632321172791528, 0.5385453417268147, 0.4862387667615334, 0.4740364700211284, 0.4862387667615334, 0.4740364700211284, 0.4726438944263508, 0.472287315211725, 0.472287315211725, 0.4726438944263508, 0.4717807044991524, 0.47177396786355874, 0.43882886942512256, 0.44995852830233957, 0.470919258154598, 0.4671368000042023, 0.47594620427998, 0.41425956681234605], [0.5532551018860747, 0.5385453417268147, 0.4894731900450391, 0.489210643825942, 0.5352949372989328, 0.5231670908414625, 0.4661288240198952, 0.4409244481676392, 0.5127140191407487, 0.5115880270542219, 0.5231670908414625, 0.4334682742645521, 0.5089420467206279, 0.5086879025614546, 0.5089420467206279, 0.5086879025614546, 0.5086879025614546, 0.4783398633114363, 0.564658425816065, 0.5089420467206279, 0.49382161299769434, 0.489210643825942, 0.4632321172791528, 0.5385453417268147, 0.489210643825942, 0.4862387667615334, 0.515871478212414, 0.467621993521319, 0.4862387667615334, 0.47594620427998, 0.516907998928954, 0.4797323415952152], [0.564658425816065, 0.5532551018860747, 0.5532551018860747, 0.564658425816065, 0.5385453417268147, 0.48546594632639906, 0.5385453417268147, 0.5385453417268147, 0.5352949372989328, 0.5231670908414625, 0.4661288240198952, 0.5199414309956318, 0.5231670908414625, 0.516907998928954, 0.46222837522764293, 0.5053855402105218, 0.515871478212414, 0.4998628610632833, 0.44556560020385605, 0.47491897800517424, 0.5115880270542219, 0.5089420467206279, 0.4564875612826766, 0.5053855402105218, 0.5089420467206279, 0.5089420467206279, 0.5089420467206279, 0.5089420467206279, 0.5086879025614546, 0.5086879025614546, 0.5086879025614546, 0.5086879025614546], [0.564658425816065, 0.564658425816065, 0.564658425816065, 0.564658425816065, 0.5532551018860747, 0.5532551018860747, 0.5532551018860747, 0.5532551018860747, 0.5101590440092373, 0.5385453417268147, 0.5385453417268147, 0.5385453417268147, 0.5385453417268147, 0.4582136956730552, 0.5352949372989328, 0.5385453417268147, 0.5231670908414625, 0.5231670908414625, 0.5231670908414625, 0.5231670908414625, 0.4812816634866392, 0.516907998928954, 0.46222837522764293, 0.5089420467206279, 0.515871478212414, 0.5622684982740717, 0.4661288240198952, 0.45801436210389757, 0.5249887283842816, 0.5089420467206279, 0.5089420467206279, 0.5089420467206279]], "best_fitnesss": [0.5532551018860747, 0.5532551018860747, 0.5532551018860747, 0.564658425816065, 0.564658425816065, 0.564658425816065], "prob_mutate": 0.006696428571428571}