{"num_qubits": 2, "depth": 5, "num_circuit": 4, "num_generation": 50, "current_generation": 16, "fitnessss": [[0.3471222392301393, 0.7368760805903524, 0.8704994057844679, 0.4227942409541782], [0.8704994057844679, 0.6350578615749625, 0.7053665081555769, 0.712525447671255], [0.8704994057844679, 0.712525447671255, 0.8704994057844679, 0.742439475842645], [0.8704994057844679, 0.700496120649367, 0.8704994057844679, 0.8704994057844679], [0.8704994057844679, 0.5676186069688438, 0.6765363492498885, 0.7475004959614565], [0.7536576688953142, 0.7475004959614565, 0.6259065620924862, 0.4436623852994339], [0.7536576688953142, 0.7475004959614565, 0.7199649999491964, 0.8704994057844679], [0.6253254352186177, 0.7799504000342099, 0.8704994057844679, 0.8458908446682527], [0.8704994057844679, 0.6260234414186356, 0.7219615008676126, 0.7052470909687355], [0.8704994057844679, 0.7219615008676126, 0.7182798904207318, 0.8704994057844679], [0.840573365591033, 0.8704994057844679, 0.8704994057844679, 0.4436623852994339], [0.8704994057844679, 0.8704994057844679, 0.8259275078821642, 0.7497037668421095], [0.8704994057844679, 0.8704994057844679, 0.8704994057844679, 0.781315312875787], [0.8421265712194362, 0.7427896831811083, 0.8704994057844679, 0.8270991564097109], [0.8704994057844679, 0.8421265712194362, 0.8362588889751528, 0.7600533282531521], [0.4248152511188989, 0.8364362323931275, 0.8362588889751528, 0.8921919163744526]], "best_fitnesss": [0.8704994057844679, 0.8704994057844679, 0.8704994057844679, 0.8704994057844679, 0.8704994057844679, 0.7536576688953142, 0.8704994057844679, 0.8704994057844679, 0.8704994057844679, 0.8704994057844679, 0.8704994057844679, 0.8704994057844679, 0.8704994057844679, 0.8704994057844679, 0.8704994057844679, 0.8921919163744526], "prob_mutate": 0.15}