{"num_qubits": 6, "depth": 31, "num_circuit": 32, "num_generation": 10, "current_generation": 2, "fitnessss": [[0.6222744547825853, 0.5847369667808656, 0.5759986641820405, 0.5990817137791741, 0.5860553593671084, 0.6142042287598939, 0.6362215125910262, 0.6011521505056064, 0.6017667347334131, 0.5332090696254794, 0.598071700420182, 0.5820740313275231, 0.5181088974892468, 0.5787962480213434, 0.5658875476825045, 0.5821782328267205, 0.6035207912574868, 0.592364206691303, 0.5466533595254081, 0.5747106721917022, 0.5450883508172244, 0.6250986939897643, 0.5970253482654131, 0.5444645904089468, 0.6292114138709233, 0.5661146464904677, 0.6131998181538728, 0.6265632445875199, 0.5728493204056156, 0.5993353912637145, 0.5990350386093599, 0.6065539488922931], [0.6362215125910262, 0.6292114138709233, 0.6166316052094494, 0.646509635235163, 0.6265632445875199, 0.6250986939897643, 0.6121318697765824, 0.6018631676334373, 0.6222744547825853, 0.6142042287598939, 0.5783654570311519, 0.593230813740472, 0.6131998181538728, 0.6065539488922931, 0.6271968007096191, 0.6070445163431212, 0.6035207912574868, 0.6017667347334131, 0.5854866559357116, 0.5990237804921541, 0.6011521505056064, 0.6198982204498032, 0.6182645321406988, 0.5854720434077985, 0.5990817137791741, 0.5990350386093599, 0.5713086476455093, 0.6342898046902257, 0.598071700420182, 0.5970253482654131, 0.5991630318362731, 0.5427211459363854]], "best_fitnesss": [0.6362215125910262, 0.646509635235163], "prob_mutate": 0.0030241935483870967}