{"num_qubits": 5, "depth": 9, "num_circuit": 4, "num_generation": 10, "current_generation": 10, "fitnessss": [[0.2568775585821285, 0.26948857141838467, 0.2270685561868926, 0.235418198278697], [0.26948857141838467, 0.2568775585821285, 0.27209006524919, 0.2156738844602745], [0.27209006524919, 0.26948857141838467, 0.3038445453207769, 0.30963105182736517], [0.30936006646129455, 0.27784181865406293, 0.2575102143277287, 0.2505720110061846], [0.30936006646129455, 0.2936648865650938, 0.29192201145704405, 0.2955295554809423], [0.30936006646129455, 0.3253785138484197, 0.30936006646129455, 0.2599258672140595], [0.3253785138484197, 0.30936006646129455, 0.3215214119659318, 0.34172103514277286], [0.25325733841095194, 0.2884028001668377, 0.33239380413736297, 0.24326504480020286], [0.3020031799460734, 0.33585460464745986, 0.3189724413100269, 0.3253785138484197], [0.2787710379009091, 0.3253785138484197, 0.30945248325074104, 0.2904651868308147]], "best_fitnesss": [0.26948857141838467, 0.27209006524919, 0.30963105182736517, 0.30936006646129455, 0.30936006646129455, 0.3253785138484197, 0.34172103514277286, 0.33239380413736297, 0.33585460464745986, 0.3253785138484197], "prob_mutate": 0.08333333333333333}