{"num_qubits": 5, "depth": 7, "num_circuit": 32, "num_generation": 20, "current_generation": 15, "fitnessss": [[0.19388169235536862, 0.20427003261345691, 0.18355448946783706, 0.2077940897447584, 0.271380605985326, 0.19636185227320863, 0.21151995544844748, 0.2561920551632099, 0.18809003191347443, 0.23686802469220236, 0.2753044117319865, 0.19678760622438057, 0.17108629705038825, 0.1351176574284507, 0.1956350495220995, 0.26690130019116093, 0.1709587548841974, 0.24560275986348853, 0.24801233446297943, 0.26545752641931375, 0.282917220823579, 0.17302781743919735, 0.19049175254366443, 0.23897925711092632, 0.20755003703504, 0.1958983928952925, 0.14139660374995194, 0.21593310845844965, 0.2292076760157907, 0.2533252401191276, 0.24669798765488005, 0.26495239936942994], [0.282917220823579, 0.2753044117319865, 0.18558395916728365, 0.274606063238979, 0.271380605985326, 0.26690130019116093, 0.3386509882228156, 0.2533105436403279, 0.26545752641931375, 0.26495239936942994, 0.2896957618993649, 0.23725351016665278, 0.23014034552406798, 0.2533252401191276, 0.21112203869158871, 0.2432323712897106, 0.24801233446297943, 0.24669798765488005, 0.29831680273023486, 0.1929605208897321, 0.24560275986348853, 0.1448565673053749, 0.29229297314050756, 0.2009091482147422, 0.23686802469220236, 0.2292076760157907, 0.2529754507870378, 0.2035194363262039, 0.21593310845844965, 0.21151995544844748, 0.26794415880315, 0.14174406101255094], [0.3386509882228156, 0.29831680273023486, 0.29529051550732177, 0.3164317388642462, 0.29229297314050756, 0.2896957618993649, 0.2195139251498127, 0.3049192501649961, 0.282917220823579, 0.2753044117319865, 0.18558395916728365, 0.274606063238979, 0.274606063238979, 0.271380605985326, 0.2872966747618783, 0.28862169382073927, 0.26794415880315, 0.26690130019116093, 0.2821151675233535, 0.2567985414413605, 0.26545752641931375, 0.26495239936942994, 0.2896957618993649, 0.22347448830843816, 0.2533252401191276, 0.2533105436403279, 0.26764781217827793, 0.2234708584034859, 0.2529754507870378, 0.24801233446297943, 0.1948303794767719, 0.29491163490006234], [0.33106072765188604, 0.3164317388642462, 0.34748827359102147, 0.3164317388642462, 0.3049192501649961, 0.29831680273023486, 0.3206983500694146, 0.2827581719747039, 0.29529051550732177, 0.29491163490006234, 0.29384833759969087, 0.29831680273023486, 0.29229297314050756, 0.2896957618993649, 0.3039662670095818, 0.3049192501649961, 0.2896957618993649, 0.28862169382073927, 0.3148441808957361, 0.2737961711931761, 0.2872966747618783, 0.282917220823579, 0.274606063238979, 0.22565749294310597, 0.2821151675233535, 0.2753044117319865, 0.22699869650470733, 0.23513630625736015, 0.286214123131132, 0.274606063238979, 0.274606063238979, 0.274606063238979], [0.34748827359102147, 0.33106072765188604, 0.34748827359102147, 0.33106072765188604, 0.3206983500694146, 0.3164317388642462, 0.29070235745738293, 0.29831680273023486, 0.3164317388642462, 0.3148441808957361, 0.31825444108256334, 0.29070235745738293, 0.3049192501649961, 0.3049192501649961, 0.3049192501649961, 0.3049192501649961, 0.3039662670095818, 0.29831680273023486, 0.27135710357658477, 0.26696828288201757, 0.29831680273023486, 0.29529051550732177, 0.29831680273023486, 0.30255737634430224, 0.29491163490006234, 0.29384833759969087, 0.29491163490006234, 0.29384833759969087, 0.29229297314050756, 0.2896957618993649, 0.3039662670095818, 0.3049192501649961], [0.34748827359102147, 0.34748827359102147, 0.34748827359102147, 0.34748827359102147, 0.33106072765188604, 0.33106072765188604, 0.33106072765188604, 0.33106072765188604, 0.3206983500694146, 0.31825444108256334, 0.2630460138121341, 0.29163160566337637, 0.3164317388642462, 0.3164317388642462, 0.3164317388642462, 0.3164317388642462, 0.3148441808957361, 0.33887255843682723, 0.3049192501649961, 0.3148441808957361, 0.3049192501649961, 0.3049192501649961, 0.3049192501649961, 0.3049192501649961, 0.3049192501649961, 0.3049192501649961, 0.3049192501649961, 0.3049192501649961, 0.3039662670095818, 0.3039662670095818, 0.3039662670095818, 0.3039662670095818], [0.34748827359102147, 0.31536930225297394, 0.33843418829697947, 0.34748827359102147, 0.34748827359102147, 0.34748827359102147, 0.34748827359102147, 0.34748827359102147, 0.33887255843682723, 0.33106072765188604, 0.3463353277670137, 0.31806789972585264, 0.33106072765188604, 0.33106072765188604, 0.33106072765188604, 0.33106072765188604, 0.33106072765188604, 0.3206983500694146, 0.3067835732099489, 0.29070235745738293, 0.31825444108256334, 0.3164317388642462, 0.3164317388642462, 0.31825444108256334, 0.3164317388642462, 0.3164317388642462, 0.3164317388642462, 0.3164317388642462, 0.3164317388642462, 0.3148441808957361, 0.31825444108256334, 0.29070235745738293], [0.34748827359102147, 0.34748827359102147, 0.34748827359102147, 0.3179806099354595, 0.34748827359102147, 0.34748827359102147, 0.34748827359102147, 0.34748827359102147, 0.34748827359102147, 0.34748827359102147, 0.34748827359102147, 0.34748827359102147, 0.3463353277670137, 0.33887255843682723, 0.33887255843682723, 0.3463353277670137, 0.33843418829697947, 0.33106072765188604, 0.34748827359102147, 0.2839528556468492, 0.33106072765188604, 0.30068130243348923, 0.33106072765188604, 0.33106072765188604, 0.33106072765188604, 0.33106072765188604, 0.33106072765188604, 0.33106072765188604, 0.30573737829368736, 0.3206983500694146, 0.27798794888436323, 0.3211117217975318], [0.34748827359102147, 0.34748827359102147, 0.34748827359102147, 0.34748827359102147, 0.34748827359102147, 0.34748827359102147, 0.34748827359102147, 0.34748827359102147, 0.34748827359102147, 0.33600859199127464, 0.34748827359102147, 0.34748827359102147, 0.34748827359102147, 0.34748827359102147, 0.34748827359102147, 0.34748827359102147, 0.34748827359102147, 0.34748827359102147, 0.34748827359102147, 0.34748827359102147, 0.34748827359102147, 0.34748827359102147, 0.34748827359102147, 0.34748827359102147, 0.3463353277670137, 0.3463353277670137, 0.3463353277670137, 0.3463353277670137, 0.33887255843682723, 0.33887255843682723, 0.33887255843682723, 0.33887255843682723], [0.2831528096723682, 0.34748827359102147, 0.34748827359102147, 0.34748827359102147, 0.34748827359102147, 0.34748827359102147, 0.34748827359102147, 0.34748827359102147, 0.34748827359102147, 0.2579429599295118, 0.34748827359102147, 0.34748827359102147, 0.34748827359102147, 0.34748827359102147, 0.34748827359102147, 0.34748827359102147, 0.34748827359102147, 0.34748827359102147, 0.34748827359102147, 0.34748827359102147, 0.34748827359102147, 0.34748827359102147, 0.34748827359102147, 0.34748827359102147, 0.34748827359102147, 0.34748827359102147, 0.34748827359102147, 0.34748827359102147, 0.34748827359102147, 0.34748827359102147, 0.34748827359102147, 0.34748827359102147], [0.34748827359102147, 0.34748827359102147, 0.34748827359102147, 0.34748827359102147, 0.34748827359102147, 0.34748827359102147, 0.34748827359102147, 0.34748827359102147, 0.34748827359102147, 0.29532262583606494, 0.23282026891740806, 0.34748827359102147, 0.34748827359102147, 0.34748827359102147, 0.34748827359102147, 0.34748827359102147, 0.34748827359102147, 0.34748827359102147, 0.34748827359102147, 0.34748827359102147, 0.34748827359102147, 0.31403990962105544, 0.34748827359102147, 0.29603423323385114, 0.34748827359102147, 0.34748827359102147, 0.34748827359102147, 0.34748827359102147, 0.34748827359102147, 0.34748827359102147, 0.34748827359102147, 0.34748827359102147], [0.34748827359102147, 0.34748827359102147, 0.34748827359102147, 0.34748827359102147, 0.34748827359102147, 0.34748827359102147, 0.34748827359102147, 0.34748827359102147, 0.34748827359102147, 0.34748827359102147, 0.32144682190169627, 0.34748827359102147, 0.34748827359102147, 0.34748827359102147, 0.34748827359102147, 0.34748827359102147, 0.34748827359102147, 0.34748827359102147, 0.34748827359102147, 0.34748827359102147, 0.34748827359102147, 0.34748827359102147, 0.34748827359102147, 0.34748827359102147, 0.34748827359102147, 0.34748827359102147, 0.34748827359102147, 0.34748827359102147, 0.34748827359102147, 