{"num_qubits": 4, "depth": 9, "num_circuit": 8, "num_generation": 20, "current_generation": 20, "fitnessss": [[0.40955336858964897, 0.5261213368550595, 0.4014974723721904, 0.4332368025431605, 0.4000842410813664, 0.23850944722187792, 0.3377644618853894, 0.43454175692270425], [0.5109596391238428, 0.43454175692270425, 0.46030411329954424, 0.4477509917996351, 0.4332368025431605, 0.40955336858964897, 0.38480617217597607, 0.3612323531351751], [0.48713548972008003, 0.46030411329954424, 0.47359571505578424, 0.5261213368550595, 0.4477509917996351, 0.43454175692270425, 0.45378592516314226, 0.5484271669256646], [0.5484271669256646, 0.5327668666095714, 0.42235130645654095, 0.40032550193897826, 0.48713548972008003, 0.45482959860376304, 0.5051089874101486, 0.5109596391238428], [0.4568389140493581, 0.5327668666095714, 0.5484271669256646, 0.5327668666095714, 0.49489702690700854, 0.5051089874101486, 0.4431462361621681, 0.48713548972008003], [0.5484271669256646, 0.5327668666095714, 0.5484271669256646, 0.5327668666095714, 0.5327668666095714, 0.5051089874101486, 0.5257892921764578, 0.444254469532069], [0.38035747199434944, 0.5484271669256646, 0.4934930365532029, 0.5484271669256646, 0.5327668666095714, 0.5327668666095714, 0.5327668666095714, 0.5327668666095714], [0.4716834445165894, 0.38733496598186135, 0.5484271669256646, 0.46417714167900276, 0.5327668666095714, 0.5327668666095714, 0.5327668666095714, 0.5327668666095714], [0.44640177486159843, 0.5327668666095714, 0.5484271669256646, 0.5327668666095714, 0.5327668666095714, 0.5327668666095714, 0.45249961821596163, 0.5327668666095714], [0.5484271669256646, 0.5327668666095714, 0.5484271669256646, 0.43867812359599734, 0.5327668666095714, 0.49279328062761535, 0.5327668666095714, 0.5347215866389369], [0.5484271669256646, 0.5484271669256646, 0.5484271669256646, 0.5484271669256646, 0.5078201419734504, 0.4487925434566235, 0.5327668666095714, 0.5347215866389369], [0.5484271669256646, 0.46080926883631845, 0.42123170834194223, 0.5484271669256646, 0.5484271669256646, 0.5484271669256646, 0.44451612020964076, 0.5484271669256646], [0.4764967967469714, 0.437404464839615, 0.4833729619583421, 0.5484271669256646, 0.5484271669256646, 0.5484271669256646, 0.546489261596675, 0.5484271669256646], [0.5484271669256646, 0.5484271669256646, 0.5484271669256646, 0.5484271669256646, 0.5484271669256646, 0.5484271669256646, 0.46059668820689426, 0.5484271669256646], [0.4654554817829558, 0.444071818933878, 0.5189522782357165, 0.38035747199434944, 0.4603297937775859, 0.5484271669256646, 0.5484271669256646, 0.49299291985023547], [0.5484271669256646, 0.5484271669256646, 0.5484271669256646, 0.5484271669256646, 0.5189522782357165, 0.49299291985023547, 0.486874009068996, 0.4669237634278877], [0.5484271669256646, 0.5484271669256646, 0.4852437017594065, 0.5484271669256646, 0.5484271669256646, 0.5282208220766627, 0.5484271669256646, 0.5484271669256646], [0.5484271669256646, 0.5484271669256646, 0.4129801581551694, 0.5484271669256646, 0.5484271669256646, 0.5310558840183267, 0.5484271669256646, 0.5023800349863334], [0.5484271669256646, 0.5037336058250602, 0.5484271669256646, 0.4920467886902971, 0.5484271669256646, 0.5484271669256646, 0.5484271669256646, 0.477166557201553], [0.4776448164513651, 0.5484271669256646, 0.5484271669256646, 0.5484271669256646, 0.4112364052920941, 0.46613660352904435, 0.500740871201466, 0.5484271669256646]], "best_fitnesss": [0.5261213368550595, 0.5109596391238428, 0.5484271669256646, 0.5484271669256646, 0.5484271669256646, 0.5484271669256646, 0.5484271669256646, 0.5484271669256646, 0.5484271669256646, 0.5484271669256646, 0.5484271669256646, 0.5484271669256646, 0.5484271669256646, 0.5484271669256646, 0.5484271669256646, 0.5484271669256646, 0.5484271669256646, 0.5484271669256646, 0.5484271669256646, 0.5484271669256646], "prob_mutate": 0.041666666666666664}