{"num_qubits": 3, "depth": 4, "num_circuit": 8, "num_generation": 10, "current_generation": 2, "fitnessss": [[0.4178944464624956, 0.23846265621555154, 0.41598017969076934, 0.5202567498777282, 0.33452153912720267, 0.3289580601555442, 0.43973229368367317, 0.3158148800571158], [0.5202567498777282, 0.43973229368367317, 0.42901502610677245, 0.44547066802241153, 0.5421110618413827, 0.41598017969076934, 0.43147999361217215, 0.4926819091536867]], "best_fitnesss": [0.5202567498777282, 0.5421110618413827], "prob_mutate": 0.09375}