{"num_qubits": 6, "depth": 25, "num_circuit": 8, "num_generation": 20, "current_generation": 4, "fitnessss": [[0.5283267544484093, 0.5246962838756088, 0.44819013822262815, 0.4883915237031221, 0.5088729613057681, 0.517386747674201, 0.5930360666364936, 0.39233865962836384], [0.5930360666364936, 0.5283267544484093, 0.5340084317247152, 0.5637735931093133, 0.5246962838756088, 0.517386747674201, 0.4888198783243144, 0.5320568988958915], [0.5930360666364936, 0.5637735931093133, 0.571983767184603, 0.5020135444683541, 0.5024639027401878, 0.5320568988958915, 0.5417440033846199, 0.5041171133586596], [0.5930360666364936, 0.5690682618235066, 0.5885489805856652, 0.5930360666364936, 0.5637735931093133, 0.5417440033846199, 0.5289876399712956, 0.5818491708511562]], "best_fitnesss": [0.5930360666364936, 0.5930360666364936, 0.5930360666364936, 0.5930360666364936], "prob_mutate": 0.015}