{"num_qubits": 3, "depth": 9, "num_circuit": 8, "num_generation": 10, "current_generation": 2, "fitnessss": [[0.6391178107320318, 0.6614040828688433, 0.4900172221715902, 0.5131932388487044, 0.6684073837302383, 0.6704400191918478, 0.544889978923351, 0.6832025244800635], [0.6209145460934792, 0.6704400191918478, 0.7338201962093615, 0.5888773305477548, 0.6684073837302383, 0.6614040828688433, 0.6291952551907605, 0.7047863718694435]], "best_fitnesss": [0.6832025244800635, 0.7338201962093615], "prob_mutate": 0.041666666666666664}