{"num_qubits": 2, "depth": 2, "num_circuit": 4, "num_generation": 20, "current_generation": 20, "fitnessss": [[0.38505394411959737, 0.40931031511798305, 0.38644836936908206, 0.5035531700804633], [0.5813007450025902, 0.40931031511798305, 0.38505394411959715, 0.576418669689349], [0.5813007450025902, 0.3942635506236728, 0.3942635506236728, 0.5367847686575468], [0.4998894635844303, 0.27994376894846085, 0.44253289441692234, 0.5040981284937645], [0.27994376894846085, 0.4336251535898502, 0.5367847686575468, 0.6482425399543976], [0.6482425399543976, 0.5040981284937645, 0.5801665072924097, 0.5179675451127596], [0.6482425399543976, 0.5970582872022799, 0.33382884657446554, 0.27994376894846085], [0.6482425399543976, 0.5970582872022799, 0.5970582872022799, 0.6389175519917101], [0.27994376894846085, 0.6389175519917101, 0.6482425399543976, 0.5049317349883291], [0.27994376894846085, 0.6009722766092801, 0.6482425399543976, 0.29355006555997604], [0.5581934123467495, 0.6009722766092801, 0.6012671560009895, 0.6009722766092801], [0.5906395834716093, 0.6009722766092801, 0.6482425399543976, 0.5013371321927588], [0.27994376894846085, 0.6009722766092801, 0.6482425399543976, 0.29355006555997604], [0.6482425399543976, 0.6009722766092801, 0.5178835907503241, 0.5172428886754761], [0.6482425399543976, 0.6009722766092801, 0.5581934123467495, 0.27994376894846085], [0.29355006555997604, 0.27994376894846085, 0.27994376894846085, 0.6009722766092801], [0.27994376894846085, 0.29355006555997604, 0.5609360421813617, 0.41680690572659174], [0.41680690572659174, 0.59303594222988, 0.5040981284937645, 0.44253289441692223], [0.59303594222988, 0.5040981284937645, 0.5040981284937645, 0.5930359422298798], [0.59303594222988, 0.5930359422298798, 0.449994058007616, 0.5930359422298798]], "best_fitnesss": [0.5035531700804633, 0.5813007450025902, 0.5813007450025902, 0.5040981284937645, 0.6482425399543976, 0.6482425399543976, 0.6482425399543976, 0.6482425399543976, 0.6482425399543976, 0.6482425399543976, 0.6012671560009895, 0.6482425399543976, 0.6482425399543976, 0.6482425399543976, 0.6482425399543976, 0.6009722766092801, 0.5609360421813617, 0.59303594222988, 0.59303594222988, 0.59303594222988], "prob_mutate": 0.375}