{"num_qubits": 4, "depth": 21, "num_circuit": 8, "num_generation": 50, "current_generation": 2, "fitnessss": [[0.7913212517441812, 0.8699141296329234, 0.7417934224045181, 0.8053270676571265, 0.7936484259668386, 0.8266704376251457, 0.7913190795590377, 0.6430272451035269], [0.8699141296329234, 0.8266704376251457, 0.8758677488808493, 0.8344905034599467, 0.8053270676571265, 0.7936484259668386, 0.8096068138945066, 0.7005479993790062]], "best_fitnesss": [0.8699141296329234, 0.8758677488808493], "prob_mutate": 0.017857142857142856}