{"num_qubits": 5, "depth": 11, "num_circuit": 8, "num_generation": 50, "current_generation": 9, "fitnessss": [[0.3062353167661783, 0.3593626665190303, 0.3887535722859761, 0.3176083484576652, 0.3137803442950239, 0.31824377135511356, 0.2846912133843479, 0.27847490957381094], [0.3887535722859761, 0.3593626665190303, 0.3507015429034753, 0.4245649525824808, 0.31824377135511356, 0.384729064163792, 0.3078289011992189, 0.2962021039791926], [0.4245649525824808, 0.3847568342701976, 0.4178154235829483, 0.3887535722859761, 0.384729064163792, 0.3417302859277357, 0.32826191660916076, 0.4551175525437211], [0.4551175525437211, 0.4245649525824808, 0.3996785139527918, 0.4551175525437211, 0.4178154235829483, 0.37394414776399443, 0.4245649525824808, 0.3691713168385458], [0.3911248230551735, 0.4551175525437211, 0.4243753956655321, 0.4551175525437211, 0.4245649525824808, 0.4245649525824808, 0.4245649525824808, 0.4245649525824808], [0.42212486614154654, 0.4551175525437211, 0.3953461106916819, 0.4551175525437211, 0.43150006495037624, 0.42594878405615366, 0.4245649525824808, 0.4245649525824808], [0.42660374862368194, 0.4551175525437211, 0.4551175525437211, 0.4551175525437211, 0.3856007692139586, 0.42594878405615366, 0.3826569224075175, 0.4245649525824808], [0.3674797119920605, 0.4551175525437211, 0.4551175525437211, 0.3646233505500379, 0.37833720233530455, 0.42660374862368194, 0.42660374862368194, 0.4551175525437211], [0.4551175525437211, 0.4551175525437211, 0.4551175525437211, 0.4319683161988176, 0.4551175525437211, 0.42660374862368194, 0.37141383454742133, 0.4551175525437211]], "best_fitnesss": [0.3887535722859761, 0.4245649525824808, 0.4551175525437211, 0.4551175525437211, 0.4551175525437211, 0.4551175525437211, 0.4551175525437211, 0.4551175525437211, 0.4551175525437211], "prob_mutate": 0.03409090909090909}