{"num_qubits": 4, "depth": 12, "num_circuit": 32, "num_generation": 30, "current_generation": 7, "fitnessss": [[0.515054301837034, 0.6245421345252253, 0.5311155303554903, 0.6793250826408804, 0.4682958104489575, 0.4766985680534292, 0.5489531173043745, 0.503654685675458, 0.5248359052566665, 0.49471556419471074, 0.4730418180887498, 0.5379336890312237, 0.5931008664777282, 0.5783864566968323, 0.5977323402559079, 0.5518518216580562, 0.5166674198751949, 0.5983510064346172, 0.5300545403374172, 0.5660053702180429, 0.5267377364901772, 0.377724217767996, 0.5755756683631859, 0.4660239902689039, 0.4556754486290914, 0.5327720516194876, 0.500783968464442, 0.5529026717724708, 0.5513687767769404, 0.49462860361326194, 0.5634184001007586, 0.5275168401753414], [0.6793250826408804, 0.6245421345252253, 0.5731283303526349, 0.5199537662458669, 0.5983510064346172, 0.5977323402559079, 0.6058260428003795, 0.5884346668386963, 0.5931008664777282, 0.5783864566968323, 0.6209308499518225, 0.5663143153060235, 0.5755756683631859, 0.5660053702180429, 0.4286754758388371, 0.5966312666043917, 0.5634184001007586, 0.5529026717724708, 0.6278186413194514, 0.5787276895120889, 0.5518518216580562, 0.5513687767769404, 0.5291874512784197, 0.6164022451461049, 0.6115716978852234, 0.5379336890312237, 0.5129504521856935, 0.5591536970266558, 0.5327720516194876, 0.49874587744488696, 0.4890691049138831, 0.5709844847925029], [0.6793250826408804, 0.6278186413194514, 0.5456417283720552, 0.5951414187208375, 0.6245421345252253, 0.6209308499518225, 0.5726744384672268, 0.5523864095074835, 0.6164022451461049, 0.6115716978852234, 0.6173158567116008, 0.47607418242886795, 0.6058260428003795, 0.5983510064346172, 0.5983510064346172, 0.6058260428003795, 0.5977323402559079, 0.5966312666043917, 0.5333708820427658, 0.6357431440551627, 0.5931008664777282, 0.5884346668386963, 0.6054451365618774, 0.5258868508924942, 0.5108647398719695, 0.5783864566968323, 0.5768972111194226, 0.48114804358565416, 0.5755756683631859, 0.5731283303526349, 0.5913561817497119, 0.6010779851796533], [0.6793250826408804, 0.6357431440551627, 0.5916604584562392, 0.5844815790298685, 0.6278186413194514, 0.6245421345252253, 0.6000121917483521, 0.4902883927383078, 0.6209308499518225, 0.6173158567116008, 0.5528754032482837, 0.5615768715561457, 0.6164022451461049, 0.6115716978852234, 0.6173158567116008, 0.584852744448458, 0.6058260428003795, 0.6058260428003795, 0.6058260428003795, 0.6058260428003795, 0.6054451365618774, 0.6010779851796533, 0.5315795951739426, 0.629194416256424, 0.5983510064346172, 0.5983510064346172, 0.5983510064346172, 0.5983510064346172, 0.5977323402559079, 0.5966312666043917, 0.5333708820427658, 0.6357431440551627], [0.6793250826408804, 0.6357431440551627, 0.5916604584562392, 0.5844815790298685, 0.6357431440551627, 0.629194416256424, 0.6724976107996967, 0.5916604584562392, 0.6278186413194514, 0.6245421345252253, 0.5554140049798579, 0.4902883927383078, 0.6209308499518225, 0.6173158567116008, 0.5528754032482837, 0.5615768715561457, 0.6173158567116008, 0.6164022451461049, 0.6370727780061956, 0.6173158567116008, 0.6115716978852234, 0.6058260428003795, 0.55667437036732, 0.6509978285950595, 0.6058260428003795, 0.6058260428003795, 0.6058260428003795, 0.6058260428003795, 0.6058260428003795, 0.6054451365618774, 0.5983510064346172, 0.5718121822288217], [0.6793250826408804, 0.6724976107996967, 0.629194416256424, 0.5844815790298685, 0.6509978285950595, 0.6370727780061956, 0.6649943037202697, 0.6177934963926887, 0.6357431440551627, 0.6357431440551627, 0.6622150106619602, 0.6576994480177085, 0.629194416256424, 0.6278186413194514, 0.5456417283720552, 0.6162098984339185, 0.6245421345252253, 0.6209308499518225, 0.6294530572181707, 0.5523864095074835, 0.6173158567116008, 0.6173158567116008, 0.6173158567116008, 0.6173158567116008, 0.5774594831474048, 0.6164022451461049, 0.6164022451461049, 0.6173158567116008, 0.6115716978852234, 0.6058260428003795, 0.55667437036732, 0.6509978285950595], [0.6793250826408804, 0.6724976107996967, 0.629194416256424, 0.5844815790298685, 0.6649943037202697, 0.6622150106619602, 0.6382780707256351, 0.635809681236335, 0.6576994480177085, 0.6509978285950595, 0.7006836124702045, 0.63706820354486, 0.6509978285950595, 0.6370727780061956, 0.6649943037202697, 0.6177934963926887, 0.6357431440551627, 0.6357431440551627, 0.6357431440551627, 0.6357431440551627, 0.6294530572181707, 0.629194416256424, 0.5495634618338368, 0.5543630694745562, 0.629194416256424, 0.6278186413194514, 0.5456417283720552, 0.6162098984339185, 0.6245421345252253, 0.5837646919931312, 0.5726744384672268, 0.5523864095074835]], "best_fitnesss": [0.6793250826408804, 0.6793250826408804, 0.6793250826408804, 0.6793250826408804, 0.6793250826408804, 0.6793250826408804, 0.7006836124702045], "prob_mutate": 0.0078125}