{"num_qubits": 4, "depth": 9, "num_circuit": 16, "num_generation": 20, "current_generation": 20, "fitnessss": [[0.21416290964608797, 0.14918350079063258, 0.16654539545488256, 0.22661922377883048, 0.25101531303335844, 0.26254323620329634, 0.36428847869534453, 0.4477867598794971, 0.3325028147753344, 0.2078904726487043, 0.2736854293133296, 0.23502221779410526, 0.23165888013320046, 0.3041480846246125, 0.2692080163197249, 0.19195011353378388], [0.4477867598794971, 0.36428847869534453, 0.27822937861768804, 0.4097962204446063, 0.34696090219468245, 0.3041480846246125, 0.23248517374345246, 0.3610637062138934, 0.2736854293133296, 0.27575796694375165, 0.3861630189737246, 0.3929785543676806, 0.24873442681640956, 0.25101531303335844, 0.33626468290064215, 0.19539058190440317], [0.4477867598794971, 0.4097962204446063, 0.4477867598794971, 0.288570054971822, 0.3929785543676806, 0.3861630189737246, 0.2692080163197249, 0.2736854293133296, 0.43608032874470837, 0.3610637062138934, 0.3935674824703206, 0.1651703791972785, 0.34696090219468245, 0.4349097384169952, 0.18678039609101538, 0.35932749691122434], [0.4477867598794971, 0.4477867598794971, 0.4477867598794971, 0.4477867598794971, 0.3888251053109014, 0.4349097384169952, 0.4595160391578397, 0.48257192842599683, 0.4097962204446063, 0.3935674824703206, 0.36185667977293734, 0.4326012212811221, 0.3929785543676806, 0.3861630189737246, 0.2692080163197249, 0.2736854293133296], [0.48257192842599683, 0.4595160391578397, 0.4349097384169952, 0.43277965224425663, 0.4477867598794971, 0.4477867598794971, 0.4477867598794971, 0.4477867598794971, 0.4477867598794971, 0.26293752739133225, 0.4477867598794971, 0.4477867598794971, 0.4349097384169952, 0.4097962204446062, 0.4558919669943229, 0.42165720031676546], [0.48257192842599683, 0.4595160391578397, 0.4349097384169952, 0.3694369566053367, 0.42469263917812117, 0.4477867598794971, 0.4558919669943229, 0.3397484416392914, 0.4477867598794971, 0.4477867598794971, 0.4477867598794971, 0.4477867598794971, 0.4477867598794971, 0.21009633444505682, 0.4477867598794971, 0.4477867598794971], [0.3972830735373043, 0.6106225871596488, 0.4349097384169952, 0.3694369566053367, 0.4558919669943229, 0.4477867598794971, 0.4558919669943229, 0.4477867598794971, 0.4477867598794971, 0.4477867598794971, 0.4477867598794971, 0.4477867598794971, 0.4477867598794971, 0.4477867598794971, 0.4477867598794971, 0.4477867598794971], [0.3337427588646178, 0.4558919669943229, 0.2582794518256075, 0.4349097384169952, 0.4558919669943229, 0.4477867598794971, 0.4558919669943229, 0.4477867598794971, 0.4477867598794971, 0.4477867598794971, 0.4477867598794971, 0.4477867598794971, 0.4563349176804421, 0.4477867598794971, 0.4477867598794971, 0.4477867598794971], [0.4563349176804421, 0.4558919669943229, 0.4477867598794971, 0.31468152663549087, 0.4558919669943229, 0.4558919669943229, 0.4558919669943229, 0.4558919669943229, 0.4477867598794971, 0.4477867598794971, 0.4477867598794971, 0.4477867598794971, 0.4477867598794971, 0.4477867598794971, 0.4477867598794971, 0.4477867598794971], [0.4563349176804421, 0.4558919669943229, 0.4477867598794971, 0.3858832374375979, 0.4558919669943229, 0.4558919669943229, 0.4558919669943229, 0.4558919669943229, 0.4558919669943229, 0.4558919669943229, 0.4558919669943229, 0.4558919669943229, 0.4477867598794971, 0.4477867598794971, 0.49569648461333093, 0.4477867598794971], [0.3718060179007304, 0.4563349176804421, 0.4563349176804421, 0.49569648461333093, 0.4558919669943229, 0.4558919669943229, 0.5114716701499552, 0.4558919669943229, 0.4390164974558155, 0.4558919669943229, 0.4558919669943229, 0.4558919669943229, 0.4558919669943229, 0.4558919669943229, 0.4558919669943229, 0.3687407823452453], [0.5114716701499552, 0.49569648461333093, 0.4161283527824483, 0.4477867598794971, 0.4563349176804421, 0.4563349176804421, 0.4563349176804421, 0.4563349176804421, 0.4558919669943229, 0.34390564160755144, 0.4558919669943229, 0.4558919669943229, 0.4558919669943229, 0.4558919669943229, 0.4558919669943229, 0.4558919669943229], [0.5114716701499552, 0.230281889087251, 0.4161283527824483, 0.4477867598794971, 0.4563349176804421, 0.4563349176804421, 0.3063234166628894, 0.4563349176804421, 0.4563349176804421, 0.4563349176804421, 0.4563349176804421, 0.4563349176804421, 0.29306235692896554, 0.4558919669943229, 0.354059914033534, 0.4558919669943229], [0.3739720171415434, 0.4563349176804421, 0.4211507599751527, 0.4477867598794971, 0.4563349176804421, 0.4563349176804421, 0.4563349176804421, 0.3661233293391868, 0.4563349176804421, 0.4563349176804421, 0.4563349176804421, 0.4563349176804421, 0.4563349176804421, 0.4563349176804421, 0.4563349176804421, 0.3404953924688401], [0.4563349176804421, 0.4563349176804421, 0.4563349176804421, 0.4563349176804421, 0.4563349176804421, 0.4563349176804421, 0.4563349176804421, 0.4563349176804421, 0.4563349176804421, 0.4563349176804421, 0.4563349176804421, 0.4563349176804421, 0.4563349176804421, 0.4563349176804421, 0.45987192113700515, 0.4563349176804421], [0.45987192113700515, 0.4563349176804421, 0.31540179655633827, 0.4563349176804421, 0.4563349176804421, 0.4563349176804421, 0.4563349176804421, 0.4563349176804421, 0.454004243592635, 0.4563349176804421, 0.4563349176804421, 0.35728631891618157, 0.4563349176804421, 0.4563349176804421, 0.4563349176804421, 0.39983877089167685], [0.45987192113700515, 0.4563349176804421, 0.45987192113700515, 0.4563349176804421, 0.25715777814478025, 0.22989025665801388, 0.4563349176804421, 0.4563349176804421, 0.4563349176804421, 0.4563349176804421, 0.4563349176804421, 0.4563349176804421, 0.4563349176804421, 0.4607529018268275, 0.4563349176804421, 0.4563349176804421], [0.4607529018268275, 0.45987192113700515, 0.3560131832724994, 0.45987192113700515, 0.45987192113700515, 0.4563349176804421, 0.45987192113700515, 0.4563349176804421, 0.24323098519380704, 0.4563349176804421, 0.4563349176804421, 0.4563349176804421, 0.4563349176804421, 0.4563349176804421, 0.4563349176804421, 0.4563349176804421], [0.4607529018268275, 0.45987192113700515, 0.4607529018268275, 0.45987192113700515, 0.45987192113700515, 0.45987192113700515, 0.45987192113700515, 0.45987192113700515, 0.45987192113700515, 0.4563349176804421, 0.45987192113700515, 0.4563349176804421, 0.4563349176804421, 0.4563349176804421, 0.4563349176804421, 0.4563349176804421], [0.4607529018268275, 0.4607529018268275, 0.4607529018268275, 0.4607529018268275, 0.45987192113700515, 0.45987192113700515, 0.45987192113700515, 0.45987192113700515, 0.45987192113700515, 0.45987192113700515, 0.45987192113700515, 0.45987192113700515, 0.45987192113700515, 0.45987192113700515, 0.45987192113700515, 0.45987192113700515]], "best_fitnesss": [0.4477867598794971, 0.4477867598794971, 0.4477867598794971, 0.48257192842599683, 0.48257192842599683, 0.48257192842599683, 0.6106225871596488, 0.4563349176804421, 0.4563349176804421, 0.49569648461333093, 0.5114716701499552, 0.5114716701499552, 0.5114716701499552, 0.4563349176804421, 0.45987192113700515, 0.45987192113700515, 0.4607529018268275, 0.4607529018268275, 0.4607529018268275, 0.4607529018268275], "prob_mutate": 0.020833333333333332}