{"num_qubits": 3, "depth": 2, "num_circuit": 16, "num_generation": 10, "current_generation": 1, "fitnessss": [[0.25864492956926577, 0.2434548531843645, 0.21587778956042847, 0.08652585909198485, 0.2354491680461502, 0.3367772903184586, 0.08652585909198485, 0.22189650204801784, 0.289275699067505, 0.24737941284155926, 0.21621082217182125, 0.245361580840585, 0.05729393763466911, 0.3549530218966761, 0.24946799664515562, 0.4286556737130723]], "best_fitnesss": [0.4286556737130723], "prob_mutate": 0.09375}