{"num_qubits": 5, "depth": 11, "num_circuit": 8, "num_generation": 30, "current_generation": 3, "fitnessss": [[0.3223770385181917, 0.40670197875198105, 0.3149887660636522, 0.3718645469495296, 0.3552203994786652, 0.3278674230603714, 0.3584082438207642, 0.32829624583907513], [0.40907036214436293, 0.3718645469495296, 0.31998198508941283, 0.3794678288714872, 0.3970137758539013, 0.30548923836220576, 0.36020526818893217, 0.3654974782176893], [0.40907036214436293, 0.3769165045814886, 0.4231219445038728, 0.43138419795759136, 0.32079821998153185, 0.371371762740525, 0.3718645469495296, 0.3926814120008718]], "best_fitnesss": [0.40670197875198105, 0.40907036214436293, 0.43138419795759136], "prob_mutate": 0.03409090909090909}