{"num_qubits": 5, "depth": 11, "num_circuit": 8, "num_generation": 30, "current_generation": 28, "fitnessss": [[0.3223770385181917, 0.40670197875198105, 0.3149887660636522, 0.3718645469495296, 0.3552203994786652, 0.3278674230603714, 0.3584082438207642, 0.32829624583907513], [0.40907036214436293, 0.3718645469495296, 0.31998198508941283, 0.3794678288714872, 0.3970137758539013, 0.30548923836220576, 0.36020526818893217, 0.3654974782176893], [0.40907036214436293, 0.3769165045814886, 0.4231219445038728, 0.43138419795759136, 0.32079821998153185, 0.371371762740525, 0.3718645469495296, 0.3926814120008718], [0.43138419795759136, 0.4231219445038728, 0.3970137758539013, 0.40907036214436293, 0.3854485959029476, 0.38830600140189053, 0.37890884640279154, 0.42253330809119294], [0.38892300823599246, 0.4231219445038728, 0.3970137758539013, 0.40907036214436293, 0.42253330809119294, 0.3864919798977369, 0.42253330809119294, 0.32295868682738094], [0.4231219445038728, 0.42253330809119294, 0.40907036214436293, 0.4392175484035201, 0.42253330809119294, 0.40907036214436293, 0.42253330809119294, 0.40907036214436293], [0.41243156690291044, 0.4231219445038728, 0.404701406581274, 0.3879762998083492, 0.42253330809119294, 0.42253330809119294, 0.41932843953846055, 0.42253330809119294], [0.411328613013183, 0.42253330809119294, 0.37542927524347264, 0.4392175484035201, 0.42253330809119294, 0.42253330809119294, 0.42253330809119294, 0.42253330809119294], [0.4437332186423245, 0.42253330809119294, 0.4109015060847486, 0.4392175484035201, 0.34780277397000037, 0.42253330809119294, 0.3751063834165134, 0.42253330809119294], [0.4437332186423245, 0.36081691826758383, 0.4437332186423245, 0.351262166380598, 0.42253330809119294, 0.4186042515281967, 0.42253330809119294, 0.42253330809119294], [0.4437332186423245, 0.4437332186423245, 0.4437332186423245, 0.4437332186423245, 0.42253330809119294, 0.42253330809119294, 0.42253330809119294, 0.42253330809119294], [0.4437332186423245, 0.4437332186423245, 0.4437332186423245, 0.428817843645852, 0.4437332186423245, 0.4270728969114527, 0.4437332186423245, 0.4437332186423245], [0.4437332186423245, 0.45621828840905154, 0.36637399391748715, 0.4437332186423245, 0.4190595667468025, 0.4437332186423245, 0.4437332186423245, 0.4437332186423245], [0.3540735310014764, 0.4272514925544225, 0.3658564899207525, 0.45621828840905154, 0.4437332186423245, 0.36031077997162236, 0.4437332186423245, 0.37515897721446334], [0.45621828840905154, 0.4386265799815933, 0.40074946050940435, 0.42389922652227474, 0.4437332186423245, 0.4272514925544225, 0.4437332186423245, 0.4272514925544225], [0.45621828840905154, 0.44694768283301645, 0.4437332186423245, 0.45621828840905154, 0.4437332186423245, 0.4386265799815933, 0.42083135850431147, 0.4305637477924136], [0.45621828840905154, 0.45621828840905154, 0.45621828840905154, 0.4112107047406058, 0.44694768283301645, 0.32682958783168065, 0.44694768283301645, 0.34468278360648835], [0.45621828840905154, 0.45621828840905154, 0.45621828840905154, 0.45621828840905154, 0.45621828840905154, 0.3973857162838675, 0.4437332186423245, 0.4337100219298611], [0.45621828840905154, 0.4444765919261727, 0.45621828840905154, 0.45621828840905154, 0.3609011582988335, 0.3864217348872433, 0.45621828840905154, 0.45621828840905154], [0.45621828840905154, 0.45621828840905154, 0.45621828840905154, 0.35534511687916026, 0.42158849948212646, 0.45621828840905154, 0.45621828840905154, 0.45621828840905154], [0.3883364458256525, 0.45621828840905154, 0.4241864240826866, 0.45621828840905154, 0.45621828840905154, 0.45621828840905154, 0.45621828840905154, 0.45621828840905154], [0.45159618064419016, 0.45621828840905154, 0.45006150560118724, 0.45621828840905154, 0.45621828840905154, 0.45621828840905154, 0.45621828840905154, 0.36161994119252505], [0.45621828840905154, 0.45621828840905154, 0.4089116371064073, 0.45621828840905154, 0.45621828840905154, 0.45621828840905154, 0.45621828840905154, 0.45621828840905154], [0.45621828840905154, 0.45621828840905154, 0.45621828840905154, 0.45621828840905154, 0.45621828840905154, 0.45621828840905154, 0.45621828840905154, 0.34812882482377516], [0.45621828840905154, 0.45621828840905154, 0.45621828840905154, 0.45621828840905154, 0.34990245199746806, 0.45621828840905154, 0.45621828840905154, 0.45621828840905154], [0.45621828840905154, 0.45621828840905154, 0.45621828840905154, 0.4581549272659677, 0.3663588582360079, 0.45621828840905154, 0.45621828840905154, 0.41632242199073416], [0.4581549272659677, 0.45621828840905154, 0.45621828840905154, 0.4581549272659677, 0.44614750143974347, 0.4147797362398755, 0.40707080645149085, 0.45621828840905154], [0.396295183275098, 0.4581549272659677, 0.3803325782027215, 0.3385417077696985, 0.45621828840905154, 0.3816416867986076, 0.4191038855111945, 0.45621828840905154]], "best_fitnesss": [0.40670197875198105, 0.40907036214436293, 0.43138419795759136, 0.43138419795759136, 0.4231219445038728, 0.4392175484035201, 0.4231219445038728, 0.4392175484035201, 0.4437332186423245, 0.4437332186423245, 0.4437332186423245, 0.4437332186423245, 0.45621828840905154, 0.45621828840905154, 0.45621828840905154, 0.45621828840905154, 0.45621828840905154, 0.45621828840905154, 0.45621828840905154, 0.45621828840905154, 0.45621828840905154, 0.45621828840905154, 0.45621828840905154, 0.45621828840905154, 0.45621828840905154, 0.4581549272659677, 0.4581549272659677, 0.4581549272659677], "prob_mutate": 0.03409090909090909}