{"num_qubits": 3, "depth": 9, "num_circuit": 16, "num_generation": 10, "current_generation": 5, "fitnessss": [[0.6394419878338653, 0.4754649887065335, 0.6895360874233544, 0.6218487234114474, 0.5578777897372744, 0.6751703457576649, 0.6314394184045172, 0.5685645166193886, 0.6230485485405545, 0.5533656509516608, 0.7653019182152911, 0.6731810532402983, 0.6299297432211215, 0.4090874196357778, 0.514266452056321, 0.6211039018753854], [0.7653019182152911, 0.63869599417234, 0.7152449846195152, 0.5363322912933295, 0.5884638944588069, 0.6731810532402983, 0.7029754040295275, 0.576905127967352, 0.6394419878338653, 0.6314394184045172, 0.6921103416409566, 0.43512655341169004, 0.6299297432211215, 0.6230485485405545, 0.5687954395639557, 0.6355208395443668], [0.7343266356143169, 0.7152449846195152, 0.7152449846195152, 0.7653019182152911, 0.7029754040295275, 0.6921103416409566, 0.7170149803488457, 0.6665140605249473, 0.6731810532402983, 0.6394419878338653, 0.4830998472924737, 0.6665140605249473, 0.63869599417234, 0.6355208395443668, 0.546180270702762, 0.7036333729310092], [0.7653019182152911, 0.7343266356143169, 0.7016348417726059, 0.7653019182152911, 0.7170149803488457, 0.7152449846195152, 0.6949959772926328, 0.7238051699901605, 0.7152449846195152, 0.7036333729310092, 0.7464549994283308, 0.7135061468859503, 0.7254575312137932, 0.6921103416409566, 0.7170149803488457, 0.6665140605249473], [0.7653019182152911, 0.7653019182152911, 0.7653019182152911, 0.7653019182152911, 0.7464549994283308, 0.7343266356143169, 0.7343266356143169, 0.7464549994283308, 0.7254575312137932, 0.7238051699901605, 0.6494032246038696, 0.7702182218439668, 0.7170149803488457, 0.7170149803488457, 0.7170149803488457, 0.7170149803488457]], "best_fitnesss": [0.7653019182152911, 0.7653019182152911, 0.7653019182152911, 0.7653019182152911, 0.7702182218439668], "prob_mutate": 0.020833333333333332}