{"num_qubits": 3, "depth": 9, "num_circuit": 16, "num_generation": 10, "current_generation": 10, "fitnessss": [[0.2957717573519764, 0.5352626056079763, 0.5166182558264135, 0.4927682562128989, 0.7056554120278211, 0.4167979160022819, 0.520146203606276, 0.4795508478619803, 0.5488036984200478, 0.5558495535420785, 0.465965386774962, 0.5098325376262863, 0.6528681979015463, 0.7826503629699096, 0.5927353815069694, 0.24870452458677156], [0.7826503629699096, 0.7056554120278211, 0.6531800987970032, 0.6239491431285974, 0.6528681979015463, 0.5927353815069694, 0.5016922861070316, 0.5882050169935414, 0.48687874172553514, 0.5488036984200478, 0.5559315161008733, 0.49723348842592774, 0.5352626056079763, 0.5393252211266875, 0.3878909772153071, 0.6177471339538634], [0.7826503629699096, 0.7056554120278211, 0.6531800987970032, 0.6239491431285974, 0.6531800987970032, 0.6528681979015463, 0.6601910032935997, 0.5270945466028204, 0.6239491431285974, 0.6177471339538634, 0.6631071971715751, 0.6301122394132628, 0.5927353815069694, 0.5882050169935414, 0.5882050169935414, 0.5927353815069694], [0.7826503629699096, 0.742335508618087, 0.6531800987970032, 0.6239491431285974, 0.6631071971715751, 0.6601910032935997, 0.627264064902632, 0.59620521105291, 0.6531800987970032, 0.6531800987970032, 0.6531800987970032, 0.6430614803641849, 0.6528681979015463, 0.6301122394132628, 0.6462765791373912, 0.691205715850828], [0.7826503629699096, 0.742335508618087, 0.6749617973746354, 0.6239491431285974, 0.691205715850828, 0.6631071971715751, 0.6177471339538634, 0.5158228649969211, 0.6934096120448734, 0.6531800987970032, 0.6531800987970032, 0.6601910032935997, 0.6531800987970032, 0.6531800987970032, 0.6531800987970032, 0.6531800987970032], [0.7826503629699096, 0.742335508618087, 0.6749617973746354, 0.5306536818795361, 0.6934096120448734, 0.691205715850828, 0.6743752986031291, 0.691205715850828, 0.6749617973746354, 0.6631071971715751, 0.6115120778156018, 0.742335508618087, 0.6601910032935997, 0.6531800987970032, 0.6119465790711287, 0.6601910032935997], [0.7826503629699096, 0.742335508618087, 0.7073506227077274, 0.6239491431285974, 0.742335508618087, 0.6934096120448734, 0.627264064902632, 0.6721373972596948, 0.691205715850828, 0.6381188786055417, 0.691205715850828, 0.691205715850828, 0.6749617973746354, 0.6677832701339895, 0.6749617973746354, 0.6749617973746354], [0.7826503629699096, 0.742335508618087, 0.6749617973746354, 0.6239491431285974, 0.7650970170243432, 0.7226776086354061, 0.7082700022506249, 0.6749617973746354, 0.6934096120448734, 0.691205715850828, 0.6934096120448734, 0.691205715850828, 0.691205715850828, 0.691205715850828, 0.691205715850828, 0.5426774824687204], [0.7826503629699096, 0.7650970170243432, 0.57950382446652, 0.6239491431285974, 0.7208154145699786, 0.5506623801283663, 0.7082700022506249, 0.6128072402384956, 0.7082700022506249, 0.6934096120448734, 0.627264064902632, 0.7579483069577722, 0.6760080800003866, 0.691205715850828, 0.6934096120448734, 0.691205715850828], [0.7826503629699096, 0.7650970170243432, 0.6748853348050102, 0.681620544999773, 0.7579483069577722, 0.7208154145699786, 0.600616833914752, 0.7082700022506249, 0.7082700022506249, 0.7082700022506249, 0.7082700022506249, 0.7082700022506249, 0.6934096120448734, 0.6934096120448734, 0.6934096120448734, 0.6934096120448734]], "best_fitnesss": [0.7826503629699096, 0.7826503629699096, 0.7826503629699096, 0.7826503629699096, 0.7826503629699096, 0.7826503629699096, 0.7826503629699096, 0.7826503629699096, 0.7826503629699096, 0.7826503629699096], "prob_mutate": 0.020833333333333332}