{"num_qubits": 4, "depth": 20, "num_circuit": 16, "num_generation": 20, "current_generation": 1, "fitnessss": [[0.5839378690345541, 0.7422680866517395, 0.8088275967969301, 0.7993701337605158, 0.7867933008946457, 0.7786807397314688, 0.7622051255939108, 0.825195029133113, 0.7930672026856567, 0.6880617302328169, 0.7511577777297302, 0.7141840643909985, 0.7933729509275107, 0.7761466617712692, 0.6820191027063406, 0.734545127321399]], "best_fitnesss": [0.825195029133113], "prob_mutate": 0.009375}