{"num_qubits": 4, "depth": 29, "num_circuit": 32, "num_generation": 40, "current_generation": 7, "fitnessss": [[0.8580761218230217, 0.8899728999215164, 0.9313111034789129, 0.9227460126440092, 0.8731629529444037, 0.8539352488701564, 0.9282918344988655, 0.9035832242308235, 0.9226592165043547, 0.9090810233537103, 0.885100989704559, 0.8428803491784059, 0.8996623079212952, 0.9049501450548261, 0.913161151962148, 0.92754189697052, 0.8538674244872585, 0.9309870529573356, 0.9336754312672507, 0.9463080516225141, 0.7854921177317451, 0.9131110816218226, 0.9091732859184212, 0.8883233628458653, 0.9181525167762791, 0.9083943700984471, 0.9167088717657089, 0.9369370668247015, 0.9136891677128552, 0.9227574825935966, 0.9166160082230883, 0.8957531130739349], [0.9463080516225141, 0.9369370668247015, 0.9278108132951779, 0.9034485914136287, 0.9336754312672507, 0.932409632680697, 0.9237941136070802, 0.9229508609580639, 0.9309870529573356, 0.9282918344988655, 0.8995858453887356, 0.9091167477575344, 0.92754189697052, 0.9227574825935966, 0.9286988253158237, 0.9166971915212374, 0.9227460126440092, 0.9226592165043547, 0.9166168111705751, 0.9342016384623291, 0.9181525167762791, 0.9167088717657089, 0.8711926186483383, 0.9120743207562324, 0.9166160082230883, 0.9136891677128552, 0.887492385363865, 0.9293342657524075, 0.913161151962148, 0.9131110816218226, 0.9161235937335291, 0.9068559441276282], [0.9463080516225141, 0.9369370668247015, 0.9305150780095867, 0.9034485914136287, 0.9399167310742452, 0.9336754312672507, 0.9284508737058005, 0.9342850462134727, 0.932409632680697, 0.9309870529573356, 0.9323583642733595, 0.9186837690536658, 0.9293342657524075, 0.9286988253158237, 0.9209764267406596, 0.9429296261069988, 0.9282918344988655, 0.9278108132951779, 0.9252796714096849, 0.9374483831176743, 0.92754189697052, 0.9237941136070802, 0.9265108662178806, 0.9187889909985707, 0.9229508609580639, 0.9227574825935966, 0.9274564290515104, 0.9306332836941215, 0.9227460126440092, 0.9226592165043547, 0.9166168111705751, 0.9342016384623291], [0.9463080516225141, 0.9429296261069988, 0.9380478474093803, 0.9320724084870344, 0.9399167310742452, 0.9374483831176743, 0.9179068068305958, 0.9414616092570908, 0.9369370668247015, 0.9342850462134727, 0.9231205317381965, 0.9217976263603607, 0.9342016384623291, 0.9336754312672507, 0.9284508737058005, 0.9342850462134727, 0.932409632680697, 0.9244670321083674, 0.9323583642733595, 0.9042427437756533, 0.9309870529573356, 0.9306332836941215, 0.9270313789319975, 0.9345862340608798, 0.9305150780095867, 0.9293342657524075, 0.9412254561794686, 0.9266164331530693, 0.9286988253158237, 0.9284508737058005, 0.9165602357709067, 0.9269933962257138], [0.9463080516225141, 0.9429296261069988, 0.9380478474093803, 0.9319910222251153, 0.9370128376104796, 0.9412254561794686, 0.9380478474093803, 0.92634856070603, 0.9399167310742452, 0.9380478474093803, 0.9261474280381423, 0.9414616092570908, 0.9374483831176743, 0.9369370668247015, 0.9278108132951779, 0.927461482768981, 0.9345862340608798, 0.9342850462134727, 0.9103346523808588, 0.9247254370631527, 0.9177115195151704, 0.9342016384623291, 0.9342850462134727, 0.9342016384623291, 0.9336754312672507, 0.932409632680697, 0.9237941136070802, 0.9272484076394161, 0.9369908450525696, 0.9320724084870344, 0.9221834007818431, 0.9229589396825896], [0.9463080516225141, 0.9429296261069988, 0.9380478474093803, 0.9319910222251153, 0.9414616092570908, 0.9412254561794686, 0.9380478474093803, 0.92634856070603, 0.9399167310742452, 0.9380478474093803, 0.9304823217269462, 0.9414616092570908, 0.9380478474093803, 0.9380478474093803, 0.9380478474093803, 0.9380478474093803, 0.9312485054982254, 0.9370128376104796, 0.9393692273416452, 0.9382524049794487, 0.9369908450525696, 0.9369370668247015, 0.92196374187189, 0.9228336944535107, 0.9345862340608798, 0.9342850462134727, 0.9166576646458896, 0.9247254370631527, 0.9342850462134727, 0.9342016384623291, 0.9337756272165653, 0.9342016384623291], [0.9463080516225141, 0.945991280798248, 0.9380478474093803, 0.9319910222251153, 0.9414616092570908, 0.9414616092570908, 0.9414616092570908, 0.9414616092570908, 0.9453996521341415, 0.9399167310742452, 0.92634856070603, 0.9304823217269462, 0.9393692273416452, 0.9382524049794487, 0.9328070278204939, 0.9370128376104796, 0.9380478474093803, 0.9380478474093803, 0.9466185840348229, 0.9380478474093803, 0.9380478474093803, 0.9380478474093803, 0.9380478474093803, 0.9380478474093803, 0.9380478474093803, 0.9380478474093803, 0.9380478474093803, 0.9380478474093803, 0.9380478474093803, 0.9314523542756674, 0.9290195354827965, 0.9526592589418371]], "best_fitnesss": [0.9463080516225141, 0.9463080516225141, 0.9463080516225141, 0.9463080516225141, 0.9463080516225141, 0.9463080516225141, 0.9526592589418371], "prob_mutate": 0.003232758620689655}