{"num_qubits": 4, "depth": 29, "num_circuit": 32, "num_generation": 40, "current_generation": 2, "fitnessss": [[0.8896033173543237, 0.9108541409680739, 0.8687399773594435, 0.8835569054802559, 0.9163885958135515, 0.8801740953110648, 0.8949648346118917, 0.8673202977130104, 0.9254457937825598, 0.9161030372018854, 0.8968772842945689, 0.9062048482331038, 0.8972849552383065, 0.8348855116907246, 0.9058495809172289, 0.8395002670261968, 0.8930292802616208, 0.9132754108163594, 0.9334191506985162, 0.9054367461787802, 0.9141247132720451, 0.913721136030985, 0.882202831358085, 0.9257823421001972, 0.9229974391374574, 0.8782381162200125, 0.905648338948987, 0.9228859770827489, 0.9193123342032493, 0.8586016949818461, 0.9209950638219693, 0.9212504523268971], [0.9334191506985162, 0.9257823421001972, 0.9448215922528783, 0.9182129731296147, 0.9254457937825598, 0.9229974391374574, 0.9007439810951752, 0.9207713795725583, 0.9228859770827489, 0.9212504523268971, 0.9194272155241728, 0.9299915338101084, 0.9179789610333815, 0.9193123342032493, 0.9280615440220863, 0.8992827430480892, 0.9163885958135515, 0.9161030372018854, 0.9402965866341306, 0.9179936221805557, 0.9141247132720451, 0.913721136030985, 0.8814325421924089, 0.9207863747161305, 0.9132754108163594, 0.9108541409680739, 0.9156684904097732, 0.9171253781484439, 0.9062048482331038, 0.9058495809172289, 0.9036753540464894, 0.884783286948896]], "best_fitnesss": [0.9334191506985162, 0.9448215922528783], "prob_mutate": 0.003232758620689655}