{"num_qubits": 4, "depth": 29, "num_circuit": 32, "num_generation": 40, "current_generation": 1, "fitnessss": [[0.8580761218230217, 0.8899728999215164, 0.9313111034789129, 0.9227460126440092, 0.8731629529444037, 0.8539352488701564, 0.9282918344988655, 0.9035832242308235, 0.9226592165043547, 0.9090810233537103, 0.885100989704559, 0.8428803491784059, 0.8996623079212952, 0.9049501450548261, 0.913161151962148, 0.92754189697052, 0.8538674244872585, 0.9309870529573356, 0.9336754312672507, 0.9463080516225141, 0.7854921177317451, 0.9131110816218226, 0.9091732859184212, 0.8883233628458653, 0.9181525167762791, 0.9083943700984471, 0.9167088717657089, 0.9369370668247015, 0.9136891677128552, 0.9227574825935966, 0.9166160082230883, 0.8957531130739349]], "best_fitnesss": [0.9463080516225141], "prob_mutate": 0.003232758620689655}