{"num_qubits": 2, "depth": 3, "num_circuit": 8, "num_generation": 10, "current_generation": 5, "fitnessss": [[0.6381926497765493, 0.5968747729997711, 0.6496591755567058, 0.33263541712977074, 0.16184104676893285, 0.6257274939723223, 0.38199655865526544, 0.4332060776361059], [0.4494257788275834, 0.6381926497765493, 0.6381926497765493, 0.5949319582967595, 0.6257274939723223, 0.5968747729997711, 0.5795201574117824, 0.5523263257644848], [0.5920741816410209, 0.6381926497765493, 0.45945917412579024, 0.6381926497765493, 0.6257274939723223, 0.5968747729997711, 0.5795201574117824, 0.3699262133665982], [0.6381926497765493, 0.6381926497765493, 0.4895728722470853, 0.6381926497765493, 0.6257274939723223, 0.5542258737915209, 0.5795201574117824, 0.40086057158074945], [0.6381926497765493, 0.6381926497765493, 0.6381926497765493, 0.6381926497765493, 0.6381926497765493, 0.6257274939723223, 0.6604744785728529, 0.6423778334888852]], "best_fitnesss": [0.6496591755567058, 0.6381926497765493, 0.6381926497765493, 0.6381926497765493, 0.6604744785728529], "prob_mutate": 0.125}