{"num_qubits": 6, "depth": 4, "num_circuit": 16, "num_generation": 20, "current_generation": 20, "fitnessss": [[0.12398630147696887, 0.06576234286986693, 0.07360915375852295, 0.12347276140441588, 0.05432563744172492, 0.13837363085847942, 0.05216035111417716, 0.06346382878182433, 0.2941671585991482, 0.0507371280830583, 0.21374304454586857, 0.0330460197093142, 0.06661904883375724, 0.04879024395247078, 0.11236268667884397, 0.09440627210652563], [0.130287403793644, 0.20621161510135466, 0.1355348474345539, 0.1313804054708414, 0.1394769032733637, 0.11750354108359173, 0.2896479745928784, 0.052846369378230174, 0.12524289085483853, 0.11427995393578227, 0.06586938814746035, 0.11586200172145067, 0.09750346261052056, 0.06608351551115665, 0.29374225667961695, 0.06538778094869746], [0.28578714657323623, 0.29452143902170913, 0.13530352145969737, 0.13362825530838096, 0.21520703367066296, 0.13120773484106107, 0.13420556712346543, 0.29338836692281955, 0.1339745962155614, 0.13570838254672402, 0.29077507094011423, 0.21795140815931402, 0.13518788167602558, 0.12113709829120678, 0.15058843897672314, 0.04365278271958151], [0.29508865805691564, 0.2916215700630065, 0.294379705507275, 0.3007146505181165, 0.29892939014675557, 0.29601136372807835, 0.07043020703123104, 0.2911276560621088, 0.08824345354694596, 0.20747239795701755, 0.21069650957315533, 0.2040100503147041, 0.1398837287901129, 0.13357054528369128, 0.06560179794693521, 0.2479361729214734], [0.29515959253175617, 0.2941671585991482, 0.11337719406728541, 0.1315531104321923, 0.2907045749477867, 0.2875394747777249, 0.13756159640238652, 0.135824091981268, 0.29374225667961695, 0.29197457672764315, 0.29885807428167577, 0.2870483887387588, 0.2883821250137122, 0.2532738118962212, 0.062023454451018756, 0.13449436743600562], [0.2907045749477867, 0.2870483887387588, 0.2930346543146545, 0.2915509898376595, 0.28950721326673556, 0.28866323024885043, 0.13264770709935858, 0.13472547708834048, 0.2916215700630065, 0.29367146454358795, 0.13489884984471323, 0.2869782612009645, 0.2869782612009645, 0.28922577424332563, 0.2456791133741556, 0.1320138249948909], [0.2934591306937723, 0.29508865805691564, 0.05459003601612067, 0.032425713446249116, 0.2926811185893593, 0.2849475543710098, 0.2928932188134524, 0.2947340926997818, 0.291198194133226, 0.1377355394080073, 0.1364028717046356, 0.13420556712346543, 0.2957273255336397, 0.291762751614969, 0.29586933030864215, 0.29246908194765087], [0.2928225116705142, 0.25374267172777465, 0.29148041664326596, 0.28796067524328406, 0.13282066445284801, 0.29211582868381636, 0.2881713689377198, 0.24508278599570932, 0.29388386224361074, 0.2936006795020256, 0.2572348958116031, 0.1197727566133846, 0.2941671585991482, 0.3003572340115278, 0.2923984171866205, 0.28634742346152775], [0.29601136372807835, 0.29757562684656225, 0.29232775948183465, 0.28936647982240526, 0.2902112990473855, 0.29985715743142816, 0.2522701022427952, 0.13599768518828614, 0.29921472618212075, 0.29992857507251447, 0.29211582868381636, 0.24501655647292497, 0.29367146454358795, 0.29091608395056656, 0.2883821250137122, 0.29211582868381636], [0.2897887638174119, 0.2955853493857471, 0.2973621131763531, 0.30092918813613734, 0.29204519918288574, 0.2881713689377198, 0.29367146454358795, 0.2796528614619199, 0.2915509898376595, 0.2831318112790887, 0.2944505687054946, 0.29352990155279746, 0.291057125009356, 0.2942380004562445, 0.28760965756124957, 0.2932468606366152], [0.28641748900354913, 0.2950177307194173, 0.28887413209755897, 0.2894368430603793, 0.2959403434367227, 0.2940254962110884, 0.2942380004562445, 0.29042266101572833, 0.29459231645806405, 0.2965087065215377, 0.29672196109931026, 0.2938130559122464, 0.29148041664326596, 0.29063408596127205, 0.29757562684656225, 0.28760965756124957], [0.06442531030387533, 0.2907045749477867, 0.29459231645806405, 0.29978574707451155, 0.29508865805691564, 0.2931761181171083, 0.2962955165696328, 0.28901476808586235, 0.2885226637481697, 0.2955143720415583, 0.29565633388238666, 0.29253975376704033, 0.2947340926997818, 0.291339291338937, 0.2781967026952564, 0.29126873922480323], [0.29367146454358795, 0.2918333529457914, 0.29601136372807835, 0.29352990155279746, 0.29126873922480323, 0.14151295874660985, 0.2950177307194173, 0.2954434018476586, 0.2941671585991482, 0.3003572340115278, 0.06458565330651467, 0.2984303313283848, 0.032425713446249116, 0.2901408590431479, 0.2936006795020256, 0.29452143902170913], [0.2889444466147528, 0.29211582868381636, 0.2955853493857471, 0.2885226637481697, 0.2928225116705142, 0.2936006795020256, 0.29608239118487734, 0.2813902310711328, 0.2923984171866205, 0.29515959253175617, 0.29636657270990885, 0.24548028521449494, 0.135824091981268, 0.29338836692281955, 0.2916215700630065, 0.07815402588067888], [0.28985916889676033, 0.29672196109931026, 0.29459231645806405, 0.2889444466147528, 0.29169215732140874, 0.2897887638174119, 0.28796067524328406, 0.29169215732140874, 0.2931761181171083, 0.29367146454358795, 0.29197457672764315, 0.2911276560621088, 0.2936006795020256, 0.2938130559122464, 0.29211582868381636, 0.29586933030864215], [0.2926811185893593, 0.29857288332999277, 0.14671224080032652, 0.29211582868381636, 0.2939546756758459, 0.1385477378287291, 0.2977892054375695, 0.2885929435267035, 0.2885929435267035, 0.29857288332999277, 0.29494681051710714, 0.29452143902170913, 0.28718866451213054, 0.29232775948183465, 0.29487589744783227, 0.2897887638174119], [0.2944505687054946, 0.29352990155279746, 0.291762751614969, 0.25602419394176534, 0.291057125009356, 0.13345513676440268, 0.29148041664326596, 0.2885226637481697, 0.2950177307194173, 0.291762751614969, 0.28718866451213054, 0.2984303313283848, 0.2911276560621088, 0.054854508554370796, 0.2926811185893593, 0.2899295809569308], [0.29978574707451155, 0.29672196109931026, 0.28922577424332563, 0.2955853493857471, 0.30143003213708075, 0.29693528036175787, 0.1384896982624062, 0.12770417861828542, 0.2965087065215377, 0.29515959253175617, 0.29714866436777687, 0.29686416675012217, 0.2927518115965231, 0.2904931289973295, 0.29190396131598073, 0.2889444466147528], [0.29261043264690423, 0.29615342580928905, 0.2928932188134524, 0.291762751614969, 0.29197457672764315, 0.290563603978482, 0.2927518115965231, 0.2932468606366152, 0.29878676566967166, 0.2926811185893593, 0.2939546756758459, 0.29338836692281955, 0.29261043264690423, 0.29452143902170913, 0.29452143902170913, 0.294379705507275], [0.29367146454358795, 0.2932468606366152, 0.2889444466147528, 0.29672196109931026, 0.29140985047772505, 0.2866978199949197, 0.2888038245322181, 0.2940963238514762, 0.2933176102378099, 0.2981453141853365, 0.29657978419724107, 0.29211582868381636, 0.29615342580928905, 0.06453220258525205, 0.29657978419724107, 0.1560213272836808]], "prob_mutate": 0.046875}