{"num_qubits": 5, "depth": 14, "num_circuit": 8, "num_generation": 30, "current_generation": 22, "fitnessss": [[0.5104936597208332, 0.3910414382020344, 0.4472126671506045, 0.4952945349445271, 0.3940340473641932, 0.4179939332584997, 0.4133424618995297, 0.45795700252388427], [0.5104936597208332, 0.42197538224725034, 0.433306829257402, 0.4434093688884748, 0.4169388502937892, 0.4472126671506045, 0.4029929274654897, 0.48644351835663213], [0.5104936597208332, 0.48644351835663213, 0.49382034338665337, 0.4345252107729376, 0.4472126671506045, 0.344549845870681, 0.4345252107729376, 0.3951451521939761], [0.4561357462163739, 0.49382034338665337, 0.36513122735531034, 0.41349743174823067, 0.48644351835663213, 0.4472126671506045, 0.3784215210649078, 0.5179661370447125], [0.5179661370447125, 0.49382034338665337, 0.48644351835663213, 0.422403744362704, 0.48644351835663213, 0.4534608874241, 0.521321257209667, 0.49382034338665337], [0.521321257209667, 0.5179661370447125, 0.5179661370447125, 0.521321257209667, 0.4698729538357034, 0.49382034338665337, 0.49382034338665337, 0.47445850410421564], [0.4838419245042143, 0.521321257209667, 0.521321257209667, 0.521321257209667, 0.5179661370447125, 0.5179661370447125, 0.47527539360951127, 0.5179661370447125], [0.5336752059495984, 0.521321257209667, 0.521321257209667, 0.521321257209667, 0.521321257209667, 0.5179661370447125, 0.5179661370447125, 0.521321257209667], [0.5336752059495984, 0.521321257209667, 0.5078278133546437, 0.5336752059495984, 0.43365362617785197, 0.521321257209667, 0.521321257209667, 0.52043097752804], [0.5074008637676529, 0.49339045994052855, 0.5336752059495984, 0.5336752059495984, 0.521321257209667, 0.5135376268739743, 0.521321257209667, 0.521321257209667], [0.5336752059495984, 0.5336752059495984, 0.5336752059495984, 0.5336752059495984, 0.4998444049452244, 0.521321257209667, 0.4940515756672893, 0.3664538159441215], [0.5336752059495984, 0.5336752059495984, 0.5336752059495984, 0.5336752059495984, 0.5336752059495984, 0.4972462491430757, 0.5336752059495984, 0.5336752059495984], [0.537160451232146, 0.5197560110155646, 0.5336752059495984, 0.5336752059495984, 0.5336752059495984, 0.5005488989477275, 0.5336752059495984, 0.5336752059495984], [0.3830639393940894, 0.5336752059495984, 0.537160451232146, 0.5336752059495984, 0.5336752059495984, 0.4821017011294983, 0.5336752059495984, 0.5336752059495984], [0.5030908447603616, 0.5336752059495984, 0.537160451232146, 0.5336752059495984, 0.5336752059495984, 0.5451946458579556, 0.5156248840547637, 0.5336752059495984], [0.5451946458579556, 0.537160451232146, 0.5451946458579556, 0.537160451232146, 0.4654691171857307, 0.5336752059495984, 0.5319280119527028, 0.5045827655690638], [0.5335739444599863, 0.5451946458579556, 0.5451946458579556, 0.5451946458579556, 0.537160451232146, 0.537160451232146, 0.537160451232146, 0.537160451232146], [0.5451946458579556, 0.5451946458579556, 0.5451946458579556, 0.5451946458579556, 0.520993458071072, 0.47968759454738563, 0.5451946458579556, 0.537160451232146], [0.4824188892567112, 0.5451946458579556, 0.5451946458579556, 0.5451946458579556, 0.5451946458579556, 0.5451946458579556, 0.5451946458579556, 0.39143455619345435], [0.4900507627611937, 0.5451946458579556, 0.5451946458579556, 0.5451946458579556, 0.5451946458579556, 0.5451946458579556, 0.5451946458579556, 0.5451946458579556], [0.5451946458579556, 0.5451946458579556, 0.5451946458579556, 0.4753189070122253, 0.5451946458579556, 0.5451946458579556, 0.5368664279006129, 0.4409774253922877], [0.5451946458579556, 0.5451946458579556, 0.5806435453099902, 0.5451946458579556, 0.5451946458579556, 0.5451946458579556, 0.5451946458579556, 0.5451946458579556]], "best_fitnesss": [0.5104936597208332, 0.5104936597208332, 0.5104936597208332, 0.5179661370447125, 0.521321257209667, 0.521321257209667, 0.521321257209667, 0.5336752059495984, 0.5336752059495984, 0.5336752059495984, 0.5336752059495984, 0.5336752059495984, 0.537160451232146, 0.537160451232146, 0.5451946458579556, 0.5451946458579556, 0.5451946458579556, 0.5451946458579556, 0.5451946458579556, 0.5451946458579556, 0.5451946458579556, 0.5806435453099902], "prob_mutate": 0.026785714285714284}