{"num_qubits": 4, "depth": 17, "num_circuit": 4, "num_generation": 50, "current_generation": 9, "fitnessss": [[0.6588200000000001, 0.652, 0.6976500000000001, 0.58441], [0.65335, 0.64809, 0.6107699999999999, 0.6058], [0.62089, 0.5927299999999999, 0.5648899999999999, 0.68972], [0.6880200000000001, 0.6077299999999999, 0.5549799999999999, 0.60814], [0.69224, 0.5964799999999999, 0.6930600000000001, 0.61875], [0.6894199999999999, 0.61619, 0.6662999999999999, 0.6545799999999999], [0.6916500000000001, 0.63594, 0.6477600000000001, 0.6931700000000001], [0.6949499999999998, 0.60926, 0.67658, 0.6958300000000001], [0.70356, 0.69091, 0.7200599999999999, 0.7196499999999999]], "best_fitnesss": [0.6976500000000001, 0.65335, 0.68972, 0.6880200000000001, 0.6930600000000001, 0.6894199999999999, 0.6931700000000001, 0.6958300000000001, 0.7200599999999999], "prob_mutate": 0.04411764705882353}