{"num_qubits": 6, "depth": 36, "num_circuit": 32, "num_generation": 10, "current_generation": 1, "fitnessss": [[0.6478939681823639, 0.6450560180214694, 0.600795064888024, 0.7205184595178887, 0.6183184413123433, 0.6916229408580088, 0.7168463686439595, 0.6327571780818598, 0.6374161822449624, 0.6430741219607163, 0.6941697356114829, 0.6355989919025925, 0.7148540621611723, 0.6755112718000017, 0.7087689770708657, 0.6121823053330845, 0.6404561729176639, 0.7050733941143801, 0.7044904568827702, 0.6640770236945439, 0.6550967662836402, 0.6557138622926337, 0.6152983598408087, 0.6860135601967163, 0.6523493557837777, 0.7010988932455784, 0.6554072530413315, 0.748751692813665, 0.6478303979530808, 0.6989573277727961, 0.6054442054530476, 0.6663933560199151]], "best_fitnesss": [0.748751692813665], "prob_mutate": 0.0026041666666666665}