{"num_qubits": 4, "depth": 26, "num_circuit": 16, "num_generation": 40, "current_generation": 1, "fitnessss": [[0.8835292408208144, 0.8805185142807606, 0.8747171207725781, 0.9069795946188546, 0.8588611107346529, 0.9067575191065819, 0.9077412702372294, 0.9116795267134187, 0.8653062596993921, 0.8629129869813248, 0.8724513631980596, 0.8672972727949644, 0.9185963947324339, 0.9157971783838624, 0.8898224705264699, 0.877082851117471]], "best_fitnesss": [0.9185963947324339], "prob_mutate": 0.007211538461538462}