{"num_qubits": 4, "depth": 25, "num_circuit": 16, "num_generation": 10, "current_generation": 1, "fitnessss": [[0.8940424211374178, 0.9002604458782667, 0.9002749561943268, 0.8212870988958814, 0.8543415489005243, 0.8403430278718673, 0.8147308929898, 0.8677237809277623, 0.8662582913510674, 0.8545697901361573, 0.8743493246927431, 0.8595908371137929, 0.8169561104012184, 0.7909668093717163, 0.8937249585680815, 0.771538906894125]], "best_fitnesss": [0.9002749561943268], "prob_mutate": 0.0075}