{"num_qubits": 5, "depth": 16, "num_circuit": 4, "num_generation": 10, "current_generation": 3, "fitnessss": [[0.5093300200804651, 0.48164032405983903, 0.5177796918104814, 0.4579302686983183], [0.5177796918104814, 0.5093300200804651, 0.5133991629959129, 0.4644390565494542], [0.5177796918104814, 0.5133991629959129, 0.5960334844303493, 0.4676631354090367]], "best_fitnesss": [0.5177796918104814, 0.5177796918104814, 0.5960334844303493], "prob_mutate": 0.046875}