{"num_qubits": 6, "depth": 33, "num_circuit": 32, "num_generation": 10, "current_generation": 2, "fitnessss": [[0.6046597438338029, 0.6441370330781698, 0.5835033475064539, 0.5886485843938107, 0.6412518768641028, 0.6583898689190125, 0.5948725913969406, 0.5802616943085994, 0.6502123293667896, 0.6532498400017784, 0.6682964905235245, 0.6288532656173633, 0.6371255289413257, 0.5852053778365102, 0.6234773909656612, 0.6369275869636358, 0.5965459039505903, 0.5704998817879929, 0.5962502762659165, 0.5923799684750677, 0.6109637085364007, 0.573134265780889, 0.6077691052921063, 0.5831492466774535, 0.5847295733548246, 0.6367755761958955, 0.5716598188940601, 0.5806313870335238, 0.6054202898079553, 0.6795050507021577, 0.5445565082711201, 0.5847551296679205], [0.6795050507021577, 0.6682964905235245, 0.6461374270454894, 0.6499193868762715, 0.6583898689190125, 0.6532498400017784, 0.6370767362809083, 0.6544195473563875, 0.6088621792734342, 0.6441370330781698, 0.6619917801818859, 0.6149225536492527, 0.6412518768641028, 0.6371255289413257, 0.6587189232092455, 0.6441519142241032, 0.6369275869636358, 0.6367755761958955, 0.6569073372747118, 0.6633510522943847, 0.6288532656173633, 0.6234773909656612, 0.6260002629509317, 0.6050170883150635, 0.6109637085364007, 0.6077691052921063, 0.6231731770380308, 0.6056321542114789, 0.6054202898079553, 0.6046597438338029, 0.5953434332600762, 0.5814934246203632]], "best_fitnesss": [0.6795050507021577, 0.6795050507021577], "prob_mutate": 0.002840909090909091}