{"num_qubits": 5, "depth": 6, "num_circuit": 32, "num_generation": 30, "current_generation": 16, "fitnessss": [[0.18460115766603463, 0.17547444553966374, 0.18380976723851417, 0.2769169837239355, 0.16515680693194393, 0.16021989404881368, 0.1683013945492579, 0.19805634200637046, 0.1631958722618851, 0.2269555900534676, 0.20203151211754605, 0.16191809673779425, 0.2345003802439261, 0.15940650672452072, 0.23136467849054015, 0.21285341390890267, 0.14251091245644085, 0.23407913020919677, 0.20707392004853312, 0.21161802856258224, 0.2061374004273319, 0.2026448126926769, 0.17937252620697325, 0.17289672444306245, 0.17796196656357993, 0.18515881491828687, 0.1033076818772604, 0.22461343319050045, 0.21834461262221386, 0.22452144090771173, 0.25275630277760724, 0.14337013323174386], [0.2769169837239355, 0.25275630277760724, 0.19702118847667727, 0.32496970767317757, 0.2345003802439261, 0.23407913020919677, 0.3170092555552686, 0.12270320227488134, 0.23136467849054015, 0.27306672417326705, 0.23541839725910965, 0.2200253538100892, 0.22461343319050045, 0.22452144090771173, 0.19766255999372623, 0.23453979818379533, 0.21834461262221386, 0.21285341390890267, 0.19925088791026768, 0.24981969750974073, 0.21161802856258224, 0.21159487008902883, 0.20178565233032755, 0.21974212148105968, 0.2061374004273319, 0.2026448126926769, 0.19536013495635934, 0.22784917792096873, 0.20203151211754605, 0.19805634200637046, 0.13913213184977913, 0.25228408593645285], [0.32496970767317757, 0.3170092555552686, 0.23810640887886358, 0.23645471729248874, 0.2769169837239355, 0.27306672417326705, 0.24147943539026384, 0.25605247675091547, 0.25275630277760724, 0.25228408593645285, 0.25588856585608366, 0.20882411422823197, 0.25251286749401275, 0.23541839725910965, 0.28084654406546, 0.20271630261331058, 0.20829817599300754, 0.2345003802439261, 0.200945544488695, 0.23856710936601527, 0.23407913020919677, 0.23136467849054015, 0.19800158390585249, 0.20768874057303816, 0.22784917792096873, 0.22461343319050045, 0.22686624370951228, 0.1841928157404381, 0.22452144090771173, 0.25979361248775146, 0.27472728386460693, 0.20782002833579397], [0.32496970767317757, 0.3170092555552686, 0.23810640887886358, 0.23645471729248874, 0.28084654406546, 0.2769169837239355, 0.2805159576224108, 0.24147943539026384, 0.27472728386460693, 0.27306672417326705, 0.23572220653680698, 0.24678044370765906, 0.22284479953985784, 0.25605247675091547, 0.23483623826677058, 0.27512565447249127, 0.25588856585608366, 0.24483266111775936, 0.25275630277760724, 0.25588856585608366, 0.25251286749401275, 0.25228408593645285, 0.24025028184484717, 0.2497272175165754, 0.24147943539026384, 0.23856710936601527, 0.2586838049971267, 0.276200110018766, 0.23810640887886358, 0.23645471729248874, 0.32496970767317757, 0.3170092555552686], [0.32496970767317757, 0.32496970767317757, 0.32496970767317757, 0.32496970767317757, 0.3170092555552686, 0.3170092555552686, 0.3170092555552686, 0.3170092555552686, 0.28084654406546, 0.2805159576224108, 0.2805159576224108, 0.28084654406546, 0.2769169837239355, 0.276200110018766, 0.24147943539026384, 0.23645471729248874, 0.27512565447249127, 0.27472728386460693, 0.24678044370765906, 0.23498742530018246, 0.27306672417326705, 0.2586838049971267, 0.15858048958129115, 0.24147943539026384, 0.25605247675091547, 0.25588856585608366, 0.2317055476076239, 0.32496970767317757, 0.25588856585608366, 0.25275630277760724, 0.25275630277760724, 0.25588856585608366], [0.32496970767317757, 0.32496970767317757, 0.32496970767317757, 0.32496970767317757, 0.32496970767317757, 0.32496970767317757, 0.32496970767317757, 0.32496970767317757, 0.32496970767317757, 0.3170092555552686, 0.23810640887886358, 0.23645471729248874, 0.3170092555552686, 0.3170092555552686, 0.3170092555552686, 0.3170092555552686, 0.3170092555552686, 0.28084654406546, 0.276200110018766, 0.2738229740303648, 0.28084654406546, 0.2805159576224108, 0.2805159576224108, 0.28084654406546, 0.2805159576224108, 0.2769169837239355, 0.2805159576224108, 0.2769169837239355, 0.276200110018766, 0.27512565447249127, 0.2648734525737294, 0.27306672417326705], [0.32496970767317757, 0.32496970767317757, 0.32496970767317757, 0.32496970767317757, 0.32496970767317757, 0.32496970767317757, 0.32496970767317757, 0.32496970767317757, 0.32496970767317757, 0.32496970767317757, 0.32496970767317757, 0.32496970767317757, 0.32496970767317757, 0.32496970767317757, 0.2584266794653356, 0.32496970767317757, 0.32496970767317757, 0.3170092555552686, 0.23810640887886358, 0.23645471729248874, 0.3170092555552686, 0.3170092555552686, 0.3170092555552686, 0.3170092555552686, 0.3170092555552686, 0.3170092555552686, 0.3170092555552686, 0.3170092555552686, 0.3170092555552686, 0.28084654406546, 0.276200110018766, 0.2738229740303648], [0.32496970767317757, 0.32496970767317757, 0.32496970767317757, 0.32496970767317757, 0.32496970767317757, 0.31857036546093975, 0.32496970767317757, 0.32496970767317757, 0.32496970767317757, 0.32496970767317757, 0.32496970767317757, 0.28340156775398706, 0.32496970767317757, 0.32496970767317757, 0.32496970767317757, 0.32496970767317757, 0.32496970767317757, 0.32496970767317757, 0.32496970767317757, 0.32496970767317757, 0.32496970767317757, 0.32496970767317757, 0.32496970767317757, 0.32496970767317757, 0.32496970767317757, 0.32496970767317757, 0.32496970767317757, 0.32496970767317757, 0.32496970767317757, 0.32496970767317757, 0.32496970767317757, 0.32496970767317757], [0.32496970767317757, 0.32496970767317757, 0.32496970767317757, 0.32496970767317757, 0.32496970767317757, 0.32496970767317757, 0.32496970767317757, 0.32496970767317757, 0.32496970767317757, 0.32496970767317757, 0.32496970767317757, 0.32496970767317757, 0.32496970767317757, 0.32496970767317757, 0.32496970767317757, 0.20421113763720955, 0.32496970767317757, 0.32496970767317757, 0.32496970767317757, 0.2551422660110717, 0.32496970767317757, 0.32496970767317757, 0.32496970767317757, 0.32496970767317757, 0.32496970767317757, 0.32496970767317757, 0.32496970767317757, 0.32496970767317757, 0.32496970767317757, 0.32496970767317757, 0.32496970767317757, 0.32496970767317757], [0.32496970767317757, 0.2995015926410539, 0.2636662725800818, 0.32496970767317757, 0.32496970767317757, 0.32496970767317757, 0.32496970767317757, 0.32496970767317757, 0.32496970767317757, 0.32496970767317757, 0.32496970767317757, 0.3171418475570427, 0.32496970767317757, 0.32496970767317757, 0.2351225585575782, 0.32496970767317757, 0.32496970767317757, 0.32496970767317757, 0.32496970767317757, 0.32496970767317757, 0.32496970767317757, 0.32496970767317757, 0.32496970767317757, 0.32496970767317757, 0.22199212780231692, 0.32496970767317757, 0.32496970767317757, 0.30057427062955233, 0.32496970767317757, 0.32496970767317757, 0.32496970767317757, 0.32496970767317757], [0.32496970767317757, 0.32496970767317757, 0.32496970767317757, 0.32496970767317757, 0.32496970767317757, 0.32496970767317757, 0.32496970767317757, 0.32496970767317757, 0.32496970767317757, 0.32496970767317757, 0.32496970767317757, 0.32496970767317757, 0.32496970767317757, 0.32496970767317757, 0.32496970767317757, 0.24868179917783903, 0.21408192744524657, 0.32496970767317757, 0.32496970767317757, 0.32496970767317757, 0.32496970767317757, 0.32496970767317757, 0.32496970767317757, 0.23766403985309928, 0.32496970767317757, 0.32496970767317757, 0.24976527061112694, 0.24880075590961317, 0.32496970767317757, 0.32496970767317757, 0.32496970767317757, 0.32496970767317757], [0.32496970767317757, 0.32496970767317757, 0.32496970767317757, 0.32496970767317757, 0.32496970767317757, 0.32496970767317757, 0.21446997790011899, 0.32496970767317757, 0.32496970767317757, 0.32496970767317757, 0.32496970767317757, 0.32496970767317757, 0.32496970767317757, 0.32496970767317757, 0.32496970767317757, 0.32496970767317757, 0.32496970767317757, 0.32496970767317757, 0.32496970767317757, 0.32496970767317757, 0.32496970767317757, 0.32496970767317757, 0.32496970767317757, 0.32496970767317757, 0.32496970767317757, 0.32496970767317757, 0.32496970767317757, 