{"num_qubits": 5, "depth": 26, "num_circuit": 32, "num_generation": 10, "current_generation": 2, "fitnessss": [[0.715524973021321, 0.7884633706032305, 0.6505739687773435, 0.6416094644849387, 0.7106382011810156, 0.7441579331322196, 0.6493008903745231, 0.724444480625433, 0.7010237420569296, 0.7098492490413253, 0.7109530531632395, 0.6897770011140055, 0.7772880078378452, 0.6730539878447506, 0.6919685915366796, 0.5825946697282305, 0.662765018070518, 0.6742444063298306, 0.7135428574875725, 0.664082397506771, 0.6265262736888163, 0.7418720773129348, 0.6715957846703466, 0.6832529520327195, 0.6534122484842598, 0.6536121635469304, 0.7268192258136483, 0.6757419726034339, 0.6649994240447927, 0.7826751603594871, 0.7275322154522262, 0.7288206556633562], [0.7884633706032305, 0.7826751603594871, 0.8030899602799819, 0.7889041666070862, 0.7772880078378452, 0.7441579331322196, 0.707725475661128, 0.8064909961564233, 0.6875640800843112, 0.7288206556633562, 0.6731497070634977, 0.7493728520043912, 0.7235028531045908, 0.7268192258136483, 0.7663294461266915, 0.6725184551630563, 0.724444480625433, 0.715524973021321, 0.6887278465096264, 0.7159165735849606, 0.7135428574875725, 0.7109530531632395, 0.7046814825470723, 0.7491618483608546, 0.7106382011810156, 0.7098492490413253, 0.7305734800453048, 0.7026377884478068, 0.7010237420569296, 0.6919685915366796, 0.7264451144603018, 0.719010324570138]], "best_fitnesss": [0.7884633706032305, 0.8064909961564233], "prob_mutate": 0.003605769230769231}