{"num_qubits": 6, "depth": 39, "num_circuit": 16, "num_generation": 20, "current_generation": 2, "fitnessss": [[0.7184993370025122, 0.7620016758536972, 0.6912086074153283, 0.6755289619468652, 0.6825877285056807, 0.6543582723184533, 0.7175189752301528, 0.6561486472490383, 0.7349746992208049, 0.6955603506217707, 0.704929409142406, 0.6826485839304229, 0.7129072444377959, 0.7152202430130289, 0.6948978163030731, 0.6702357983680668], [0.7620016758536972, 0.7349746992208049, 0.756031809237088, 0.7442402226583261, 0.7184993370025122, 0.7175189752301528, 0.7334087004269593, 0.6821446826458551, 0.7152202430130289, 0.7129072444377959, 0.7351014837004328, 0.7609144379241919, 0.704929409142406, 0.6955603506217707, 0.7047532947974072, 0.7156068963832518]], "best_fitnesss": [0.7620016758536972, 0.7620016758536972], "prob_mutate": 0.004807692307692308}