{"num_qubits": 3, "depth": 6, "num_circuit": 32, "num_generation": 20, "current_generation": 5, "fitnessss": [[0.501059775732773, 0.35088517580265355, 0.40304949560778003, 0.4313298499951694, 0.46853589490712616, 0.19686628924723162, 0.408768382551669, 0.5696064912019942, 0.5599515377839669, 0.30443561213350256, 0.47548916740908675, 0.4329450909696657, 0.5694520169238528, 0.6751134905251372, 0.6297235220259897, 0.40669896171675574, 0.533630967997205, 0.44836059240327264, 0.478050687129855, 0.6105155376120492, 0.4187442619655122, 0.3036281105242723, 0.3521550168191002, 0.4020797086045925, 0.5002096641104321, 0.5824937506605739, 0.45750966244873226, 0.4553280319067812, 0.4230532264188798, 0.40829007801714196, 0.5379216687395315, 0.4927708646058546], [0.6751134905251372, 0.6297235220259897, 0.5820087754743255, 0.6492783352409173, 0.6105155376120492, 0.5824937506605739, 0.5877926773295201, 0.5578902670122521, 0.5696064912019942, 0.5694520169238528, 0.5681524608938295, 0.5396634735249513, 0.5599515377839669, 0.5379216687395315, 0.5305802166783667, 0.5206296314873576, 0.533630967997205, 0.501059775732773, 0.38061153397222575, 0.6262932324816533, 0.43459955408792583, 0.5732785501976371, 0.44306682898243127, 0.41207527843645675, 0.478050687129855, 0.47548916740908675, 0.42338194082000785, 0.5843093196968125, 0.46853589490712616, 0.45750966244873226, 0.34495615470496566, 0.5944343996631342], [0.6751134905251372, 0.6492783352409173, 0.6751134905251372, 0.6492783352409173, 0.6297235220259897, 0.6262932324816533, 0.5714548583933927, 0.46389083236919176, 0.6105155376120492, 0.5944343996631342, 0.6169484306135843, 0.5325495126216924, 0.5877926773295201, 0.5843093196968125, 0.5554216084165918, 0.5730302290566918, 0.5824937506605739, 0.5820087754743255, 0.4911769921983383, 0.5921125293426821, 0.5732785501976371, 0.5696064912019942, 0.595265084243896, 0.5188104158974415, 0.5694520169238528, 0.5091558023966057, 0.5694520169238528, 0.5681524608938295, 0.5599515377839669, 0.5578902670122521, 0.5194762889157514, 0.6266025047265666], [0.6751134905251372, 0.6751134905251372, 0.6751134905251372, 0.6751134905251372, 0.6492783352409173, 0.6492783352409173, 0.6492783352409173, 0.6492783352409173, 0.6297235220259897, 0.6266025047265666, 0.6065151974531369, 0.4911769921983383, 0.6262932324816533, 0.6169484306135843, 0.5954973285127527, 0.6838151670866808, 0.6356224850534804, 0.595265084243896, 0.5411622415729447, 0.4437339117960274, 0.5944343996631342, 0.5921125293426821, 0.5544333873790304, 0.597422386805389, 0.5877926773295201, 0.5843093196968125, 0.5554216084165918, 0.5730302290566918, 0.5824937506605739, 0.5820087754743255, 0.4911769921983383, 0.5921125293426821], [0.6838151670866808, 0.6751134905251372, 0.5878915377623531, 0.7660640103088083, 0.6751134905251372, 0.6751134905251372, 0.6751134905251372, 0.6751134905251372, 0.6751134905251372, 0.6492783352409173, 0.6751134905251372, 0.6492783352409173, 0.6492783352409173, 0.6492783352409173, 0.6492783352409173, 0.6288155786286926, 0.6492783352409173, 0.6356224850534804, 0.5851457930395533, 0.5878915377623531, 0.6297235220259897, 0.6266025047265666, 0.6065151974531369, 0.4911769921983383, 0.6262932324816533, 0.6169484306135843, 0.5954973285127527, 0.5690163286517385, 0.6065151974531369, 0.597422386805389, 0.5302628905075261, 0.6150363787566034]], "best_fitnesss": [0.6751134905251372, 0.6751134905251372, 0.6751134905251372, 0.6838151670866808, 0.7660640103088083], "prob_mutate": 0.015625}