{"num_qubits": 4, "depth": 9, "num_circuit": 16, "num_generation": 20, "current_generation": 20, "fitnessss": [[0.18334421322894534, 0.19173679013600042, 0.27145464236549, 0.4330562831629131, 0.2817395928453035, 0.24766792038267216, 0.4103358870100289, 0.19836458512396915, 0.27025364668286433, 0.2725893385117959, 0.2036443156225718, 0.2936871163999235, 0.2281848465784383, 0.3738599108850409, 0.49914600770761397, 0.2826451264741535], [0.49914600770761397, 0.4330562831629131, 0.4051643615317132, 0.38561485842425447, 0.4103358870100289, 0.31357246925835514, 0.3845055532136691, 0.325302485798465, 0.2936871163999235, 0.2826451264741535, 0.3557465934991514, 0.4250579828744627, 0.2817395928453035, 0.2725893385117959, 0.4093834151345024, 0.300607931314398], [0.49914600770761397, 0.4330562831629131, 0.46023970947543624, 0.38561485842425447, 0.41350774450825867, 0.4103358870100289, 0.21597828264276964, 0.42282420985194324, 0.4093834151345024, 0.4051643615317132, 0.43358575800734234, 0.36032986640109677, 0.38561485842425447, 0.3845055532136691, 0.38190095435456217, 0.2633683765329732], [0.49914600770761397, 0.46023970947543624, 0.46023970947543624, 0.49914600770761397, 0.43358575800734234, 0.4330562831629131, 0.40938978278254456, 0.21850576782331177, 0.42282420985194324, 0.41350774450825867, 0.3360212659011401, 0.4250579828744627, 0.4103358870100289, 0.4093834151345024, 0.40823154334022116, 0.2206826243741723], [0.49914600770761397, 0.49914600770761397, 0.49914600770761397, 0.49914600770761397, 0.46023970947543624, 0.46023970947543624, 0.46023970947543624, 0.46023970947543624, 0.421777875892558, 0.4330562831629131, 0.40938978278254456, 0.21850576782331177, 0.21985674584345494, 0.21206703319166587, 0.4250579828744627, 0.42282420985194324], [0.49914600770761397, 0.49914600770761397, 0.49914600770761397, 0.49914600770761397, 0.49914600770761397, 0.3318603907446356, 0.49914600770761397, 0.49914600770761397, 0.46023970947543624, 0.46023970947543624, 0.46023970947543624, 0.46023970947543624, 0.46023970947543624, 0.46023970947543624, 0.46023970947543624, 0.46023970947543624], [0.49914600770761397, 0.49914600770761397, 0.45649991979486526, 0.49914600770761397, 0.49914600770761397, 0.49914600770761397, 0.49914600770761397, 0.49914600770761397, 0.49914600770761397, 0.49914600770761397, 0.49914600770761397, 0.49914600770761397, 0.49914600770761397, 0.46023970947543624, 0.46023970947543624, 0.49914600770761397], [0.49914600770761397, 0.49914600770761397, 0.49914600770761397, 0.49914600770761397, 0.49914600770761397, 0.5326845636498787, 0.49914600770761397, 0.49914600770761397, 0.49914600770761397, 0.5360017281536918, 0.49914600770761397, 0.49914600770761397, 0.49914600770761397, 0.49914600770761397, 0.49914600770761397, 0.46336066172102286], [0.5360017281536918, 0.5326845636498787, 0.5621368682021635, 0.49914600770761397, 0.49914600770761397, 0.49914600770761397, 0.49914600770761397, 0.49914600770761397, 0.49914600770761397, 0.49914600770761397, 0.49914600770761397, 0.49914600770761397, 0.49914600770761397, 0.49914600770761397, 0.49914600770761397, 0.49914600770761397], [0.44800398861365875, 0.5360017281536918, 0.46389165719851344, 0.5621368682021635, 0.5326845636498787, 0.49914600770761397, 0.49914600770761397, 0.5326845636498787, 0.31882408701717346, 0.49914600770761397, 0.49914600770761397, 0.49914600770761397, 0.49914600770761397, 0.49914600770761397, 0.49914600770761397, 0.49914600770761397], [0.5621368682021635, 0.5360017281536918, 0.5360017281536918, 0.5621368682021635, 0.5326845636498787, 0.5326845636498787, 0.5326845636498787, 0.5326845636498787, 0.49914600770761397, 0.49914600770761397, 0.49914600770761397, 0.35193371024664877, 0.49914600770761397, 0.49914600770761397, 0.49914600770761397, 0.49914600770761397], [0.5621368682021635, 0.5621368682021635, 0.5621368682021635, 0.5621368682021635, 0.40476305330334184, 0.5360017281536918, 0.5360017281536918, 0.5360017281536918, 0.5326845636498787, 0.5326845636498787, 0.5326845636498787, 0.5326845636498787, 0.5326845636498787, 0.5326845636498787, 0.5326845636498787, 0.5326845636498787], [0.5621368682021635, 0.5621368682021635, 0.5621368682021635, 0.5621368682021635, 0.4922361428186104, 0.5621368682021635, 0.21553938880402257, 0.23802982777218895, 0.5360017281536918, 0.5360017281536918, 0.5360017281536918, 0.5360017281536918, 0.5360017281536918, 0.5326845636498787, 0.5621368682021635, 0.49914600770761397], [0.45331766418074937, 0.5621368682021635, 0.5621368682021635, 0.5621368682021635, 0.5621368682021635, 0.5621368682021635, 0.5621368682021635, 0.5621368682021635, 0.5621368682021635, 0.5621368682021635, 0.5621368682021635, 0.5621368682021635, 0.5203140865529943, 0.24634942005195126, 0.5360017281536918, 0.5360017281536918], [0.49915736726461857, 0.5621368682021635, 0.5621368682021635, 0.5621368682021635, 0.5621368682021635, 0.3466717733797545, 0.5621368682021635, 0.5621368682021635, 0.5621368682021635, 0.5621368682021635, 0.5621368682021635, 0.5621368682021635, 0.5621368682021635, 0.5621368682021635, 0.41645030927021676, 0.5621368682021635], [0.5621368682021635, 0.5621368682021635, 0.5621368682021635, 0.5621368682021635, 0.5621368682021635, 0.5621368682021635, 0.5621368682021635, 0.3523738334544798, 0.5621368682021635, 0.23802982777218884, 0.5621368682021635, 0.5621368682021635, 0.5621368682021635, 0.5621368682021635, 0.5621368682021635, 0.5621368682021635], [0.5621368682021635, 0.37339870307890366, 0.5621368682021635, 0.4722045040833305, 0.5621368682021635, 0.5621368682021635, 0.5621368682021635, 0.5621368682021635, 0.5621368682021635, 0.5621368682021635, 0.5621368682021635, 0.5621368682021635, 0.5621368682021635, 0.5621368682021635, 0.5621368682021635, 0.5621368682021635], [0.5621368682021635, 0.5621368682021635, 0.6014620169799022, 0.5130097224088509, 0.5034973232783793, 0.5621368682021635, 0.5621368682021635, 0.5621368682021635, 0.5621368682021635, 0.5621368682021635, 0.5621368682021635, 0.5191326446467005, 0.4229356773205414, 0.5621368682021635, 0.5621368682021635, 0.38654311693599297], [0.6014620169799022, 0.5621368682021635, 0.5621368682021635, 0.6014620169799022, 0.5621368682021635, 0.5621368682021635, 0.5621368682021635, 0.47466223309414235, 0.5621368682021635, 0.5621368682021635, 0.5621368682021635, 0.5621368682021635, 0.5621368682021635, 0.4626533076576187, 0.5621368682021635, 0.5621368682021635], [0.6014620169799022, 0.6014620169799022, 0.6253637703560662, 0.6014620169799022, 0.5621368682021635, 0.5621368682021635, 0.5621368682021635, 0.5621368682021635, 0.5621368682021635, 0.5621368682021635, 0.5621368682021635, 0.5621368682021635, 0.5621368682021635, 0.5621368682021635, 0.6220891705552422, 0.5621368682021635]], "best_fitnesss": [0.49914600770761397, 0.49914600770761397, 0.49914600770761397, 0.49914600770761397, 0.49914600770761397, 0.49914600770761397, 0.49914600770761397, 0.5360017281536918, 0.5621368682021635, 0.5621368682021635, 0.5621368682021635, 0.5621368682021635, 0.5621368682021635, 0.5621368682021635, 0.5621368682021635, 0.5621368682021635, 0.5621368682021635, 0.6014620169799022, 0.6014620169799022, 0.6253637703560662], "prob_mutate": 0.020833333333333332}