{"num_qubits": 6, "depth": 34, "num_circuit": 4, "num_generation": 20, "current_generation": 2, "fitnessss": [[0.6459002048048751, 0.6603201072314443, 0.6414587207119199, 0.6039119552049088], [0.6442661932866003, 0.6499939412569546, 0.6199693488483992, 0.6841530720121393]], "best_fitnesss": [0.6603201072314443, 0.6841530720121393], "prob_mutate": 0.022058823529411766}