{"num_qubits": 6, "depth": 33, "num_circuit": 8, "num_generation": 30, "current_generation": 8, "fitnessss": [[0.5701341973463366, 0.5600539570977536, 0.5957639317054544, 0.6545844411864377, 0.6230248797118064, 0.7084945297142522, 0.6703120976843774, 0.6129835700497347], [0.6741944408579503, 0.6703120976843774, 0.6786034485749298, 0.6504496362104166, 0.6545844411864377, 0.6230248797118064, 0.6221376673352007, 0.5883224576021719], [0.6644725316655856, 0.6741944408579503, 0.6878607068498386, 0.6730666203311307, 0.6703120976843774, 0.6545844411864377, 0.6236744970876178, 0.6593329846883662], [0.6878607068498386, 0.6741944408579503, 0.6878607068498386, 0.6741944408579503, 0.6730666203311307, 0.6703120976843774, 0.6769732830057352, 0.6703120976843774], [0.6878607068498386, 0.6878607068498386, 0.6878607068498386, 0.7083864349871611, 0.6769732830057352, 0.6741944408579503, 0.6718890754468578, 0.6769732830057352], [0.7083864349871611, 0.6878607068498386, 0.6878607068498386, 0.7083864349871611, 0.6878607068498386, 0.6878607068498386, 0.6878607068498386, 0.6878607068498386], [0.6878084037182007, 0.7083864349871611, 0.7083864349871611, 0.6939883161994864, 0.670924052761801, 0.6878607068498386, 0.6878607068498386, 0.6878607068498386], [0.6739944859367871, 0.7083864349871608, 0.6582238796608243, 0.6909873131026386, 0.6939883161994864, 0.6878607068498386, 0.6878607068498386, 0.6939883161994864]], "best_fitnesss": [0.7084945297142522, 0.6786034485749298, 0.6878607068498386, 0.6878607068498386, 0.7083864349871611, 0.7083864349871611, 0.7083864349871611, 0.7083864349871608], "prob_mutate": 0.011363636363636364}