{"num_qubits": 6, "depth": 33, "num_circuit": 8, "num_generation": 30, "current_generation": 2, "fitnessss": [[0.5701341973463366, 0.5600539570977536, 0.5957639317054544, 0.6545844411864377, 0.6230248797118064, 0.7084945297142522, 0.6703120976843774, 0.6129835700497347], [0.6741944408579503, 0.6703120976843774, 0.6786034485749298, 0.6504496362104166, 0.6545844411864377, 0.6230248797118064, 0.6221376673352007, 0.5883224576021719]], "best_fitnesss": [0.7084945297142522, 0.6786034485749298], "prob_mutate": 0.011363636363636364}