{"num_qubits": 2, "depth": 2, "num_circuit": 8, "num_generation": 10, "current_generation": 1, "fitnessss": [[0.29289321881025165, 0.999981350897614, 0.2928932188134524, 0.0, 0.29289321881025165, 0.1339745962155613, 0.2928932188134524, 0.1339745962155613]], "best_fitnesss": [0.999981350897614], "prob_mutate": 0.01}