{"num_qubits": 4, "depth": 6, "num_circuit": 32, "num_generation": 20, "current_generation": 6, "fitnessss": [[0.3992173090070041, 0.421722134327985, 0.39755289913472147, 0.32230620504880847, 0.2478435814059421, 0.3073868969654136, 0.3471021011972134, 0.2726609121940874, 0.2866798479109042, 0.28521887784345995, 0.2931807807733401, 0.3847321491700749, 0.2557876103520314, 0.41630782124805316, 0.29621593552745173, 0.4555576583884604, 0.2791299462311293, 0.38435815476666385, 0.32165681468364243, 0.29638695322078795, 0.3558318069898969, 0.2873917545574279, 0.3414769184024696, 0.36660699012566256, 0.24776730248364182, 0.4589383281005387, 0.20677359797758985, 0.16007618384818512, 0.3523424917096019, 0.3776896405250164, 0.29880203818923545, 0.3378098481342037], [0.4589383281005387, 0.42881720961944164, 0.48124328917606407, 0.43072311469323044, 0.421722134327985, 0.36922658363515837, 0.41727517017194843, 0.38222091169019795, 0.3992173090070041, 0.39755289913472147, 0.3447170540428631, 0.40015974522982917, 0.3847321491700749, 0.4010115320447749, 0.3258746906968331, 0.34924774780256573, 0.3776896405250164, 0.36660699012566256, 0.24395091921051576, 0.29696792896207896, 0.3558318069898969, 0.3523424917096019, 0.3247419515290705, 0.3882055287771678, 0.3471021011972134, 0.3414769184024696, 0.34257894997977123, 0.3326426239369277, 0.3378098481342037, 0.32230620504880847, 0.30510810293882973, 0.23706207859760994], [0.48124328917606407, 0.4589383281005387, 0.38176082492434105, 0.48124328917606407, 0.43072311469323044, 0.42881720961944164, 0.37461541655498254, 0.4096518267820216, 0.421722134327985, 0.41727517017194843, 0.41727517017194843, 0.421722134327985, 0.4010115320447749, 0.40015974522982917, 0.38433710115937925, 0.447286359442488, 0.3992173090070041, 0.269308478763162, 0.3447170540428631, 0.40015974522982917, 0.3882055287771678, 0.3847321491700749, 0.34034676464554403, 0.23809902787186124, 0.38222091169019795, 0.3776896405250164, 0.34564510123331993, 0.26522190236474236, 0.36922658363515837, 0.36660699012566256, 0.2588836196706715, 0.32880501816832064], [0.48124328917606407, 0.41256100346664065, 0.48124328917606407, 0.48124328917606407, 0.4589383281005387, 0.447286359442488, 0.41385757517474797, 0.3490902206125996, 0.43072311469323044, 0.42881720961944164, 0.4555576583884604, 0.4096518267820216, 0.421722134327985, 0.421722134327985, 0.421722134327985, 0.421722134327985, 0.41727517017194843, 0.41727517017194843, 0.41727517017194843, 0.41727517017194843, 0.4096518267820216, 0.4010115320447749, 0.35863646710652974, 0.39032129581553743, 0.40015974522982917, 0.40015974522982917, 0.40015974522982917, 0.40015974522982917, 0.3992173090070041, 0.3882055287771678, 0.36214178362934135, 0.3519061536485471], [0.48124328917606407, 0.48124328917606407, 0.48124328917606407, 0.48124328917606407, 0.48124328917606407, 0.3804311744508082, 0.4589383281005387, 0.48124328917606407, 0.4555576583884604, 0.447286359442488, 0.35808568248906675, 0.3359600439124706, 0.43072311469323044, 0.42881720961944164, 0.4555576583884604, 0.4096518267820216, 0.421722134327985, 0.435813600705274, 0.421722134327985, 0.421722134327985, 0.421722134327985, 0.421722134327985, 0.421722134327985, 0.421722134327985, 0.41727517017194843, 0.41727517017194843, 0.41727517017194843, 0.41727517017194843, 0.41727517017194843, 0.41727517017194843, 0.41727517017194843, 0.41727517017194843], [0.48124328917606407, 0.44550919535603295, 0.48124328917606407, 0.48124328917606407, 0.48124328917606407, 0.48124328917606407, 0.48124328917606407, 0.48124328917606407, 0.48124328917606407, 0.48124328917606407, 0.48124328917606407, 0.48124328917606407, 0.4090015992672183, 0.4555576583884604, 0.48124328917606407, 0.43072311469323044, 0.4555576583884604, 0.447286359442488, 0.340042826460119, 0.3359600439124706, 0.435813600705274, 0.43072311469323044, 0.4574367344562426, 0.3732759004293279, 0.42881720961944164, 0.421722134327985, 0.44081317396282305, 0.4420167370194884, 0.421722134327985, 0.4260101860325934, 0.421722134327985, 0.421722134327985]], "best_fitnesss": [0.4589383281005387, 0.48124328917606407, 0.48124328917606407, 0.48124328917606407, 0.48124328917606407, 0.48124328917606407], "prob_mutate": 0.015625}