{"num_qubits": 4, "depth": 15, "num_circuit": 16, "num_generation": 20, "current_generation": 1, "fitnessss": [[0.5911383731178231, 0.5685926149243054, 0.6832196423326302, 0.7791151693267472, 0.5470626686288085, 0.7569266920488416, 0.6839089795174995, 0.689259583758137, 0.6367726420955886, 0.6978190199759504, 0.6017809408418896, 0.5553008418296365, 0.47161610049483976, 0.6141137740430066, 0.6389714713174367, 0.6249239447848287]], "best_fitnesss": [0.7791151693267472], "prob_mutate": 0.0125}