{"num_qubits": 2, "depth": 2, "num_circuit": 8, "num_generation": 30, "current_generation": 30, "fitnessss": [[0.13516436141463467, 0.4862578056730375, 0.2871538913396608, 0.31949670876872566, 0.47405058804623906, 0.19630702759825658, 0.5539423642542808, 0.13516436141463467], [0.5539423642542808, 0.4862578056730375, 0.5668244655035741, 0.31949670876872566, 0.47405058804623906, 0.31949670876872566, 0.16184104676893285, 0.4770828580094787], [0.5920741816410209, 0.5539423642542808, 0.43616596789854045, 0.5668244655035741, 0.4862578056730375, 0.4770828580094787, 0.3231258363733724, 0.2927372333975914], [0.5920741816410209, 0.5668244655035741, 0.5668244655035741, 0.38851860419592854, 0.5539423642542808, 0.4862578056730375, 0.5668244655035741, 0.5061070598668764], [0.5920741816410209, 0.5668244655035741, 0.5668244655035741, 0.5920741816410209, 0.5683160211174051, 0.5668244655035741, 0.5668244655035741, 0.5334481616458004], [0.2675801853614474, 0.5493666143781692, 0.5920741816410209, 0.3923658461718924, 0.5683160211174051, 0.5668244655035741, 0.5668244655035741, 0.5683160211174051], [0.5920741816410209, 0.5135523994565042, 0.5683160211174051, 0.5539423642542808, 0.4553376442301179, 0.5668244655035741, 0.5668244655035741, 0.5683160211174051], [0.5920741816410209, 0.4269206837265145, 0.5683160211174051, 0.5636186028536325, 0.5683160211174051, 0.5668244655035741, 0.5668244655035741, 0.5683160211174051], [0.3923658461718924, 0.5683160211174051, 0.5247135414578598, 0.3923658461718924, 0.5683160211174051, 0.5683160211174051, 0.568316021117405, 0.4772872845684013], [0.5683160211174051, 0.5683160211174051, 0.5683160211174051, 0.5683160211174051, 0.5683160211174051, 0.568316021117405, 0.568316021117405, 0.2871538913396608], [0.5920741816410209, 0.5683160211174051, 0.5683160211174051, 0.5683160211174051, 0.5683160211174051, 0.5683160211174051, 0.5683160211174051, 0.5683160211174051], [0.5920741816410209, 0.5683160211174051, 0.5936732942928261, 0.5920741816410209, 0.5683160211174051, 0.5683160211174051, 0.5683160211174051, 0.5683160211174051], [0.5936732942928261, 0.5920741816410209, 0.5920741816410209, 0.4772872845684013, 0.38851860419592854, 0.5683160211174051, 0.5683160211174051, 0.5565306526943357], [0.4801986334132479, 0.5920741816410209, 0.5920741816410209, 0.5936732942928261, 0.5920741816410209, 0.5683160211174051, 0.5683160211174051, 0.5920741816410209], [0.4801986334132479, 0.5920741816410209, 0.5920741816410209, 0.5936732942928261, 0.5920741816410209, 0.4895728722470853, 0.5920741816410209, 0.5920741816410209], [0.5936732942928261, 0.5920741816410209, 0.501463923324913, 0.5936732942928261, 0.4940103353553525, 0.371486218545705, 0.5920741816410209, 0.5920741816410209], [0.5936732942928261, 0.5936732942928261, 0.5936732942928261, 0.5936732942928261, 0.5920741816410209, 0.5920741816410209, 0.5920741816410209, 0.5920741816410209], [0.5936732942928261, 0.46824276573587, 0.5936732942928261, 0.41359950896411035, 0.5135523994565041, 0.5936732942928261, 0.4373517308120518, 0.5936732942928261], [0.5668244655035741, 0.5936732942928261, 0.5936732942928261, 0.5936732942928261, 0.5936732942928261, 0.5936732942928261, 0.5936732942928261, 0.5936732942928261], [0.5135523994565042, 0.5936732942928261, 0.5936732942928261, 0.5936732942928261, 0.5936732942928261, 0.4314721098767368, 0.5936732942928261, 0.5936732942928261], [0.5936732942928261, 0.5936732942928261, 0.4314721098767368, 0.5936732942928261, 0.5936732942928261, 0.5936732942928261, 0.5936732942928261, 0.41359950896411035], [0.6654146516418514, 0.5936732942928261, 0.5936732942928261, 0.5936732942928261, 0.5936732942928261, 0.4314721098767368, 0.5936732942928261, 0.5936732942928261], [0.6654146516418514, 0.5243762161955579, 0.5446840910579529, 0.5936732942928261, 0.5936732942928261, 0.5936732942928261, 0.5936732942928261, 0.5936732942928261], [0.6654146516418514, 0.5936732942928261, 0.6654146516418514, 0.5936732942928261, 0.3895658455146539, 0.5936732942928261, 0.3895658455146539, 0.5936732942928261], [0.6654146516418514, 0.6654146516418514, 0.6654146516418514, 0.6654146516418514, 0.5660665390857045, 0.5936732942928261, 0.5453943497214382, 0.5936732942928261], [0.13516436141463467, 0.6654146516418514, 0.5653151177382273, 0.5453943497214384, 0.389565845514654, 0.6654146516418514, 0.6654146516418514, 0.6654146516418514], [0.6654146516418514, 0.6654146516418514, 0.6654146516418514, 0.5970036347871196, 0.6517614171196792, 0.6654146516418514, 0.4314721098767368, 0.6612101761661797], [0.6654146516418514, 0.6654146516418514, 0.6654146516418514, 0.6654146516418514, 0.6654146516418514, 0.6654146516418514, 0.5970036347871195, 0.5241075614174766], [0.6654146516418514, 0.5241075614174766, 0.6654146516418514, 0.6654146516418514, 0.49291162862472027, 0.6654146516418514, 0.4314721098767368, 0.5354499046630633], [0.6654146516418514, 0.6654146516418514, 0.6654146516418514, 0.48120617519615055, 0.6654146516418514, 0.5102045392346259, 0.6654146516418514, 0.6654146516418514]], "best_fitnesss": [0.5539423642542808, 0.5668244655035741, 0.5920741816410209, 0.5920741816410209, 0.5920741816410209, 0.5920741816410209, 0.5920741816410209, 0.5920741816410209, 0.5683160211174051, 0.5683160211174051, 0.5920741816410209, 0.5936732942928261, 0.5936732942928261, 0.5936732942928261, 0.5936732942928261, 0.5936732942928261, 0.5936732942928261, 0.5936732942928261, 0.5936732942928261, 0.5936732942928261, 0.5936732942928261, 0.6654146516418514, 0.6654146516418514, 0.6654146516418514, 0.6654146516418514, 0.6654146516418514, 0.6654146516418514, 0.6654146516418514, 0.6654146516418514, 0.6654146516418514], "prob_mutate": 0.1875}