{"num_qubits": 2, "depth": 4, "num_circuit": 4, "num_generation": 50, "current_generation": 8, "fitnessss": [[0.4143227508604572, 0.1887828606164609, 0.1887828606164609, 0.7673561352642254], [0.6441918743087608, 0.5639274089918451, 0.4275492151540671, 0.6070988024095231], [0.7202357725109819, 0.40815415312457504, 0.522677917193118, 0.5981428031972411], [0.7497463042004884, 0.5981428031972411, 0.5790209199100756, 0.647811320363031], [0.7497463042004884, 0.5188972944485724, 0.7497463042004884, 0.647811320363031], [0.7497463042004884, 0.7497463042004884, 0.7497463042004884, 0.6916664307353975], [0.5623845161980785, 0.6489092941073663, 0.7497463042004884, 0.7497463042004884], [0.7497463042004884, 0.7773816138256452, 0.7891753710348282, 0.7497463042004884]], "best_fitnesss": [0.7673561352642254, 0.6441918743087608, 0.7202357725109819, 0.7497463042004884, 0.7497463042004884, 0.7497463042004884, 0.7497463042004884, 0.7891753710348282], "prob_mutate": 0.1875}