{"num_qubits": 3, "depth": 9, "num_circuit": 4, "num_generation": 20, "current_generation": 2, "fitnessss": [[0.4659666256308393, 0.45213191300673927, 0.6090755561441143, 0.5583144651413592], [0.5330635338584775, 0.728974481234502, 0.6680087948637592, 0.5238886764134286]], "best_fitnesss": [0.6090755561441143, 0.728974481234502], "prob_mutate": 0.08333333333333333}