{"num_qubits": 4, "depth": 9, "num_circuit": 16, "num_generation": 20, "current_generation": 20, "fitnessss": [[0.41894482559999824, 0.25734430776030415, 0.2549445952274846, 0.20667517559964188, 0.3933624150728011, 0.19505686492704455, 0.30218376196027685, 0.18218951221835034, 0.21958949662670246, 0.30167184520434875, 0.10608534019890237, 0.16660613052091444, 0.13666353399976128, 0.23584171565011558, 0.29495305496318325, 0.345333890192021], [0.41894482559999824, 0.3933624150728011, 0.5108282354504325, 0.2714042082989182, 0.345333890192021, 0.30218376196027685, 0.36400655639362745, 0.21934052845097585, 0.30167184520434875, 0.29495305496318325, 0.22923470183137618, 0.25068295562174703, 0.25734430776030415, 0.2549445952274846, 0.2782570019899977, 0.33817450756555834], [0.5108282354504325, 0.41894482559999824, 0.41894482559999824, 0.5108282354504325, 0.3933624150728011, 0.2796284528439029, 0.17689967472080492, 0.45876801459686467, 0.345333890192021, 0.33817450756555834, 0.3473431264745883, 0.2139686092533275, 0.30218376196027685, 0.30167184520434875, 0.1897431042256773, 0.1977585540921043], [0.4169951414935248, 0.5108282354504325, 0.5108282354504325, 0.5108282354504325, 0.45876801459686467, 0.41894482559999824, 0.3241099287844148, 0.5108282354504325, 0.41894482559999824, 0.3933624150728011, 0.40339566200414567, 0.26698648561283966, 0.3473431264745883, 0.345333890192021, 0.345333890192021, 0.3473431264745883], [0.5108282354504325, 0.5108282354504325, 0.5108282354504325, 0.4610189945478014, 0.5108282354504325, 0.5108282354504325, 0.5108282354504325, 0.5108282354504325, 0.45876801459686467, 0.41894482559999824, 0.3241099287844148, 0.5108282354504325, 0.41894482559999824, 0.4169951414935248, 0.4169951414935248, 0.5111037049509959], [0.5111037049509959, 0.5108282354504325, 0.5108282354504325, 0.5111037049509959, 0.5108282354504325, 0.5108282354504325, 0.5108282354504325, 0.5108282354504325, 0.5108282354504325, 0.5108282354504325, 0.5108282354504325, 0.40727768193873737, 0.5108282354504325, 0.5108282354504325, 0.5108282354504325, 0.5108282354504325], [0.5111037049509959, 0.5111037049509959, 0.5111037049509959, 0.5111037049509959, 0.5108282354504325, 0.5108282354504325, 0.5108282354504325, 0.5108282354504325, 0.5108282354504325, 0.5108282354504325, 0.5108282354504325, 0.5108282354504325, 0.5108282354504325, 0.5108282354504325, 0.5108282354504325, 0.5108282354504325], [0.5111037049509959, 0.5111037049509959, 0.5111037049509959, 0.5111037049509959, 0.5111037049509959, 0.5111037049509959, 0.3725976516129612, 0.5111037049509959, 0.5108282354504325, 0.5108282354504325, 0.5108282354504325, 0.5108282354504325, 0.5108282354504325, 0.5108282354504325, 0.5108282354504325, 0.5108282354504325], [0.5111037049509959, 0.5111037049509959, 0.5111037049509959, 0.5111037049509959, 0.25969936770193125, 0.5111037049509959, 0.5111037049509959, 0.5111037049509959, 0.5111037049509959, 0.5111037049509959, 0.5111037049509959, 0.5111037049509959, 0.5111037049509959, 0.5108282354504325, 0.5108282354504325, 0.5111037049509959], [0.5111037049509959, 0.5111037049509959, 0.3800000651376565, 0.5111037049509959, 0.5111037049509959, 0.5111037049509959, 0.5111037049509959, 0.5111037049509959, 0.36976313411038997, 0.5111037049509959, 0.5111037049509959, 0.5111037049509959, 0.5111037049509959, 0.5111037049509959, 0.5111037049509959, 0.5111037049509959], [0.5111037049509959, 0.5111037049509959, 0.5111037049509959, 0.5613727771495443, 0.5111037049509959, 0.5111037049509959, 0.5111037049509959, 0.5111037049509959, 0.5111037049509959, 0.5334625464791224, 0.5111037049509959, 0.5111037049509959, 0.5111037049509959, 0.28864976513352913, 0.5111037049509959, 0.5111037049509959], [0.37851145552922205, 0.3495991083592832, 0.5334625464791224, 0.5613727771495443, 0.5111037049509959, 0.5111037049509959, 0.5111037049509959, 0.5111037049509959, 0.30799646013904236, 0.5111037049509959, 0.5111037049509959, 0.5111037049509959, 0.5111037049509959, 0.5111037049509959, 0.4498590274576554, 0.5111037049509959], [0.35053248785685176, 0.5334625464791224, 0.5334625464791224, 0.41552079165851796, 0.5111037049509959, 0.35724993114960313, 0.47490453340966154, 0.5111037049509959, 0.5067817002104794, 0.5111037049509959, 0.47775639945495096, 0.5111037049509959, 0.28149168395107205, 0.5111037049509959, 0.5111037049509959, 0.5111037049509959], [0.5334625464791224, 0.5334625464791224, 0.5334625464791224, 0.5334625464791224, 0.5111037049509959, 0.5044693814960237, 0.5111037049509959, 0.5111037049509959, 0.5111037049509959, 0.5111037049509959, 0.5111037049509959, 0.5111037049509959, 0.5299290576446525, 0.5111037049509959, 0.5111037049509959, 0.5111037049509959], [0.5334625464791224, 0.4082042758987954, 0.5334625464791224, 0.5334625464791224, 0.5334625464791224, 0.5334625464791224, 0.5334625464791224, 0.5334625464791224, 0.5299290576446525, 0.5111037049509959, 0.5299290576446525, 0.5111037049509959, 0.5111037049509959, 0.5111037049509959, 0.5111037049509959, 0.5111037049509959], [0.609881229155911, 0.5085550645606327, 0.5334625464791224, 0.5334625464791224, 0.5334625464791224, 0.5334625464791224, 0.5684065858128318, 0.47164551341488103, 0.5334625464791224, 0.5334625464791224, 0.5334625464791224, 0.5334625464791224, 0.5334625464791224, 0.3720276920760268, 0.5111037049509959, 0.573953725191858], [0.609881229155911, 0.4859598133499642, 0.5334625464791224, 0.5420945920358727, 0.4520976507186425, 0.5334625464791224, 0.5334625464791224, 0.5684065858128318, 0.5334625464791224, 0.41356649180197935, 0.5334625464791224, 0.5334625464791224, 0.5334625464791224, 0.5334625464791224, 0.5334625464791224, 0.5334625464791224], [0.609881229155911, 0.3831840314973264, 0.5684065858128318, 0.609881229155911, 0.5420945920358727, 0.5496929759933674, 0.573953725191858, 0.609881229155911, 0.5334625464791224, 0.507471462974714, 0.584599671093673, 0.5334625464791224, 0.5334625464791224, 0.5585705172204276, 0.5334625464791224, 0.5334625464791224], [0.609881229155911, 0.609881229155911, 0.609881229155911, 0.609881229155911, 0.609881229155911, 0.584599671093673, 0.584599671093673, 0.609881229155911, 0.573953725191858, 0.5684065858128318, 0.32998599501113013, 0.5334625464791224, 0.5585705172204276, 0.5496929759933674, 0.5496929759933674, 0.5585705172204276], [0.609881229155911, 0.609881229155911, 0.609881229155911, 0.609881229155911, 0.609881229155911, 0.609881229155911, 0.609881229155911, 0.609881229155911, 0.609881229155911, 0.5115270476439939, 0.4486604061157309, 0.609881229155911, 0.584599671093673, 0.584599671093673, 0.584599671093673, 0.584599671093673]], "best_fitnesss": [0.41894482559999824, 0.5108282354504325, 0.5108282354504325, 0.5108282354504325, 0.5111037049509959, 0.5111037049509959, 0.5111037049509959, 0.5111037049509959, 0.5111037049509959, 0.5111037049509959, 0.5613727771495443, 0.5613727771495443, 0.5334625464791224, 0.5334625464791224, 0.5334625464791224, 0.609881229155911, 0.609881229155911, 0.609881229155911, 0.609881229155911, 0.609881229155911], "prob_mutate": 0.020833333333333332}