{"num_qubits": 5, "depth": 10, "num_circuit": 16, "num_generation": 30, "current_generation": 5, "fitnessss": [[0.25411161460384923, 0.30971442882029543, 0.3154956262691294, 0.312621730056381, 0.2750012743405866, 0.28947012877169404, 0.29880984700791313, 0.28235567139093815, 0.21620974765889786, 0.30702851751905363, 0.3861623926457518, 0.2665346866753594, 0.3340483400529484, 0.36664485264168195, 0.3288540276489703, 0.3085458316268147], [0.3861623926457518, 0.36664485264168195, 0.42492700648438575, 0.34461701982642734, 0.3340483400529484, 0.3288540276489703, 0.28893968432965583, 0.30978060263339824, 0.3154956262691294, 0.312621730056381, 0.32080352329022127, 0.3256628797062485, 0.30971442882029543, 0.3007665055756119, 0.32497185870383144, 0.35544115497532947], [0.42492700648438575, 0.36264315445463025, 0.3861623926457518, 0.42492700648438575, 0.31813846189969464, 0.35544115497532947, 0.3098620350382155, 0.39190393660481015, 0.34461701982642734, 0.3340483400529484, 0.297856442683634, 0.2670511163733472, 0.31682302356799374, 0.3256628797062485, 0.3113709365717913, 0.3124507573957382], [0.42492700648438575, 0.42492700648438575, 0.42492700648438575, 0.42492700648438575, 0.39190393660481015, 0.3861623926457518, 0.31201732861390685, 0.3697187053444394, 0.3761563530658925, 0.35544115497532947, 0.4283943135233629, 0.31201732861390685, 0.34461701982642734, 0.3340483400529484, 0.3293480999052444, 0.2670511163733472], [0.4283943135233629, 0.42492700648438575, 0.44734922376559566, 0.42196513353896636, 0.42492700648438575, 0.42492700648438575, 0.42492700648438575, 0.42492700648438575, 0.42492700648438575, 0.39190393660481015, 0.38287658476454656, 0.37598195767078857, 0.3861623926457518, 0.3761563530658925, 0.3861623926457518, 0.3761563530658925]], "best_fitnesss": [0.3861623926457518, 0.42492700648438575, 0.42492700648438575, 0.4283943135233629, 0.44734922376559566], "prob_mutate": 0.01875}