{"num_qubits": 5, "depth": 24, "num_circuit": 32, "num_generation": 40, "current_generation": 2, "fitnessss": [[0.6440087093629573, 0.7091233030499012, 0.7062398054204813, 0.7229998406359929, 0.6626153130991502, 0.7511061593099143, 0.6429123069675976, 0.6082170059870784, 0.7450955835998714, 0.5443081040154804, 0.7389858576134827, 0.7075293306874776, 0.6394703232500296, 0.6101158060396628, 0.6924132993143021, 0.578581335707147, 0.6996714739836641, 0.6023014129405654, 0.7114042701280299, 0.6935788210192743, 0.7129653751230594, 0.5976898105401723, 0.7129543316089794, 0.6539873191799896, 0.6083530999647715, 0.7398289647377955, 0.6713936732776103, 0.6513542744902143, 0.6206056931645911, 0.6859093580481181, 0.7081447071709464, 0.6523945298099426], [0.7511061593099143, 0.7450955835998714, 0.7311883587199789, 0.6649280533432785, 0.7398289647377955, 0.7122761278439761, 0.6861055341349485, 0.7148759507045931, 0.7229998406359929, 0.7129653751230594, 0.7406377922806028, 0.7300759708231619, 0.7129543316089794, 0.7114042701280299, 0.658806055770419, 0.7177491189667917, 0.7091233030499012, 0.7081447071709464, 0.6736201144261914, 0.6757270359565599, 0.7075293306874776, 0.7062398054204813, 0.6691301060949557, 0.7189332546073535, 0.6996714739836641, 0.6935788210192743, 0.7512778691976866, 0.6079168949909161, 0.6924132993143021, 0.6859093580481181, 0.7132747474771607, 0.6769178962677216]], "best_fitnesss": [0.7511061593099143, 0.7512778691976866], "prob_mutate": 0.00390625}