{"num_qubits": 5, "depth": 10, "num_circuit": 32, "num_generation": 50, "current_generation": 7, "fitnessss": [[0.3133437277779105, 0.31692453537960946, 0.28569683459024875, 0.3329964772504727, 0.2648481567863016, 0.27250610075409953, 0.32468719419678455, 0.23407828454685445, 0.37832192315835145, 0.31431554705619213, 0.36129372366978146, 0.41246467410520904, 0.3520349408219984, 0.3122243111968937, 0.17927752946508563, 0.3300400270426563, 0.312817865801417, 0.2650425892936595, 0.32165472088363795, 0.28249419561605055, 0.3021146298593355, 0.28500430639613616, 0.32202086128703933, 0.3461160906616769, 0.34797097422935336, 0.2594632577386865, 0.3266554194201417, 0.26706099338713296, 0.3132729884523002, 0.3735663705606633, 0.33797460269004914, 0.17446384867589873], [0.41246467410520904, 0.37832192315835145, 0.36896186451902424, 0.3944074889113994, 0.3735663705606633, 0.36129372366978146, 0.26976115498584446, 0.3872147575780095, 0.3520349408219984, 0.34797097422935336, 0.3390822412031047, 0.298963088429733, 0.3461160906616769, 0.33797460269004914, 0.25915270338342733, 0.38890821682287113, 0.3329964772504727, 0.3300400270426563, 0.2314513458983684, 0.3588471378752243, 0.3431109590121051, 0.32468719419678455, 0.34178196099064945, 0.3139897645296354, 0.32202086128703933, 0.32165472088363795, 0.3049352276303473, 0.3310376132980094, 0.31692453537960946, 0.31431554705619213, 0.280605388876772, 0.37773984569221464], [0.41246467410520904, 0.3944074889113994, 0.41486941169828695, 0.44101650378718, 0.35656006001155627, 0.3872147575780095, 0.3639076596285409, 0.38726957113090654, 0.37832192315835145, 0.37773984569221464, 0.32024562052699757, 0.34104333021931976, 0.3735663705606633, 0.36896186451902424, 0.32402764199975603, 0.357538762961762, 0.36129372366978146, 0.3588471378752243, 0.40869358706215725, 0.2803230265375608, 0.3520349408219984, 0.34797097422935336, 0.3390822412031047, 0.298963088429733, 0.3461160906616769, 0.3431109590121051, 0.33271866910543413, 0.384956253011889, 0.34178196099064945, 0.3390822412031047, 0.34857790001954625, 0.32820456784442575], [0.44101650378718, 0.41486941169828695, 0.3944074889113994, 0.41246467410520904, 0.41246467410520904, 0.40869358706215725, 0.3875640171446621, 0.40421559422428127, 0.35353410765119064, 0.32896178867638737, 0.3610614588300566, 0.3641304037811459, 0.3872147575780095, 0.384956253011889, 0.38726957113090654, 0.3851508077547634, 0.37832192315835145, 0.37773984569221464, 0.32024562052699757, 0.34104333021931976, 0.36812134506662914, 0.36896186451902424, 0.32402764199975603, 0.357538762961762, 0.3639076596285409, 0.36129372366978146, 0.34889855251731505, 0.3872147575780095, 0.3588471378752243, 0.357538762961762, 0.3788911855563716, 0.3875640171446621], [0.44101650378718, 0.41486941169828695, 0.3944074889113994, 0.41246467410520904, 0.41246467410520904, 0.41246467410520904, 0.41246467410520904, 0.41246467410520904, 0.40869358706215725, 0.40421559422428127, 0.40421559422428127, 0.40869358706215725, 0.3944074889113994, 0.3875640171446621, 0.3865779910690561, 0.41486941169828695, 0.3875640171446621, 0.38726957113090654, 0.3697594350041745, 0.40869358706215725, 0.3872147575780095, 0.3872147575780095, 0.36233329860190844, 0.3872147575780095, 0.3635136047788627, 0.384956253011889, 0.384956253011889, 0.3667536598577998, 0.3788911855563716, 0.37832192315835145, 0.3457361923516668, 0.329771381001051], [0.44101650378718, 0.41486941169828695, 0.3944074889113994, 0.41246467410520904, 0.41486941169828695, 0.41246467410520904, 0.41246467410520904, 0.41486941169828695, 0.41246467410520904, 0.41246467410520904, 0.41246467410520904, 0.41246467410520904, 0.41246467410520904, 0.41246467410520904, 0.41246467410520904, 0.41246467410520904, 0.3425930711125015, 0.40869358706215725, 0.40869358706215725, 0.40869358706215725, 0.40869358706215725, 0.40421559422428127, 0.40421559422428127, 0.40869358706215725, 0.40421559422428127, 0.3944074889113994, 0.41137555098831713, 0.44101650378718, 0.3868368498296784, 0.3875640171446621, 0.3865779910690561, 0.36923430171021976], [0.44101650378718, 0.44101650378718, 0.44101650378718, 0.44101650378718, 0.41486941169828695, 0.41486941169828695, 0.41486941169828695, 0.41486941169828695, 0.41486941169828695, 0.41246467410520904, 0.41246467410520904, 0.41486941169828695, 0.41246467410520904, 0.41246467410520904, 0.41246467410520904, 0.41246467410520904, 0.41246467410520904, 0.41246467410520904, 0.41246467410520904, 0.41246467410520904, 0.41246467410520904, 0.41246467410520904, 0.41246467410520904, 0.41246467410520904, 0.41246467410520904, 0.41246467410520904, 0.41246467410520904, 0.41246467410520904, 0.41246467410520904, 0.41246467410520904, 0.41246467410520904, 0.41246467410520904]], "best_fitnesss": [0.41246467410520904, 0.41246467410520904, 0.44101650378718, 0.44101650378718, 0.44101650378718, 0.44101650378718, 0.44101650378718], "prob_mutate": 0.009375}