{"num_qubits": 4, "depth": 4, "num_circuit": 4, "num_generation": 20, "current_generation": 20, "fitnessss": [[0.16693152450165577, 0.2548028495701242, 0.19004887550278635, 0.10662133159490454], [0.2548028495701242, 0.16985113636462784, 0.2659724420958089, 0.2440377193190991], [0.311967092805482, 0.2548028495701242, 0.25686510467747875, 0.18929000664261164], [0.311967092805482, 0.25686510467747875, 0.1879212994924369, 0.16625248598372855], [0.311967092805482, 0.28656259776762194, 0.20276490511658993, 0.34532034256881544], [0.34532034256881544, 0.16017138956714447, 0.13657968244303942, 0.34532034256881544], [0.34532034256881544, 0.3356833166887476, 0.2741410073217139, 0.15982725340970183], [0.2486364517475712, 0.32883768075052167, 0.2953026027521703, 0.34532034256881544], [0.34532034256881544, 0.32883768075052167, 0.32883768075052167, 0.34532034256881544], [0.26851401392283447, 0.34532034256881544, 0.34532034256881544, 0.34532034256881544], [0.34532034256881544, 0.34532034256881544, 0.3563387541228716, 0.34532034256881544], [0.3563387541228716, 0.34532034256881544, 0.26851401392283447, 0.33927525060603664], [0.3327379465805572, 0.34532034256881544, 0.32445771517688804, 0.274310101650315], [0.26327085809591405, 0.07868943739089578, 0.30979422317498384, 0.322220500175791], [0.36729205094546197, 0.21872277148731484, 0.3327379465805572, 0.2929894658820428], [0.36729205094546197, 0.3409724401743196, 0.3327379465805572, 0.36729205094546197], [0.36729205094546197, 0.361138122169886, 0.36729205094546197, 0.34768546419259894], [0.36729205094546197, 0.36729205094546197, 0.292876992133289, 0.36729205094546197], [0.36729205094546197, 0.27001597994559634, 0.296710912119417, 0.36729205094546197], [0.36729205094546197, 0.36729205094546197, 0.343526816818187, 0.294234683464314]], "best_fitnesss": [0.2548028495701242, 0.2659724420958089, 0.311967092805482, 0.311967092805482, 0.34532034256881544, 0.34532034256881544, 0.34532034256881544, 0.34532034256881544, 0.34532034256881544, 0.34532034256881544, 0.3563387541228716, 0.3563387541228716, 0.34532034256881544, 0.322220500175791, 0.36729205094546197, 0.36729205094546197, 0.36729205094546197, 0.36729205094546197, 0.36729205094546197, 0.36729205094546197], "prob_mutate": 0.1875}