{"num_qubits": 5, "depth": 15, "num_circuit": 4, "num_generation": 30, "current_generation": 2, "fitnessss": [[0.5187265584569831, 0.49188422452399444, 0.4914212599928579, 0.3707823641360101], [0.5187265584569831, 0.4713470989706674, 0.5452018033210231, 0.470991040795014]], "best_fitnesss": [0.5187265584569831, 0.5452018033210231], "prob_mutate": 0.05}