{"num_qubits": 2, "depth": 4, "num_circuit": 32, "num_generation": 20, "current_generation": 2, "fitnessss": [[0.4938517157001424, 0.5957674885459842, 0.40007736469895516, 0.5627450956824622, 0.48952530870633754, 0.5500649198675502, 0.3248236672537145, 0.5462616136624616, 0.5539908826953492, 0.739200561013478, 0.4780334928395643, 0.4251491822528557, 0.7079182963960888, 0.6316524603608388, 0.35463194359494554, 0.6160099878087032, 0.5679958010338655, 0.47873117491720363, 0.7519605892919097, 0.389499691509669, 0.7018210561047681, 0.7027072610679759, 0.29406703265839235, 0.3234034376946936, 0.3311099011267866, 0.46050841688887745, 0.6435188271455071, 0.35962414009564636, 0.46244122239322466, 0.39531038655634043, 0.8973292822303363, 0.6326492286736587], [0.8973292822303363, 0.7519605892919097, 0.6696176216072927, 0.603681301239186, 0.739200561013478, 0.7079182963960888, 0.7138869436878934, 0.6125680316431895, 0.614925243613225, 0.7018210561047681, 0.5461652443091148, 0.7439781679975195, 0.6435188271455071, 0.6326492286736587, 0.4426808613023504, 0.7332989478546346, 0.6316524603608388, 0.6160099878087032, 0.6160099878087032, 0.6316524603608388, 0.5957674885459842, 0.5679958010338655, 0.4758816638959276, 0.681910929387211, 0.5627450956824622, 0.5539908826953492, 0.5088397506948731, 0.5509151867262948, 0.4168958639534292, 0.6439113165468048, 0.36170547694496963, 0.6434731029214381]], "best_fitnesss": [0.8973292822303363, 0.8973292822303363], "prob_mutate": 0.0234375}