{"num_qubits": 4, "depth": 17, "num_circuit": 16, "num_generation": 20, "current_generation": 1, "fitnessss": [[0.7550664150849306, 0.5916314785503217, 0.5618812656113283, 0.6051886624372897, 0.7660385094245633, 0.7798333031559609, 0.6440032322692897, 0.7773790780595597, 0.730115960196779, 0.7981345307370045, 0.7410138466648328, 0.7207582018950458, 0.6321102540909246, 0.7189220717043723, 0.7605023616817237, 0.630331366281619]], "best_fitnesss": [0.7981345307370045], "prob_mutate": 0.011029411764705883}