{"num_qubits": 5, "depth": 21, "num_circuit": 8, "num_generation": 20, "current_generation": 13, "fitnessss": [[0.5572851995456816, 0.6460364616409932, 0.4486361015434694, 0.5634363552950289, 0.6161104290378013, 0.5705563993937214, 0.6062450355021606, 0.5819868611163641], [0.6460364616409932, 0.6161104290378013, 0.6265202256000555, 0.5987499116871391, 0.6062450355021606, 0.5819868611163641, 0.622462206558112, 0.5863845839771137], [0.6460364616409932, 0.6265202256000555, 0.6265202256000555, 0.6460364616409932, 0.622462206558112, 0.6161104290378013, 0.5970786543987947, 0.6372198639754629], [0.6460364616409932, 0.6460364616409932, 0.6460364616409932, 0.6460364616409932, 0.6372198639754629, 0.6265202256000555, 0.592621240149135, 0.6104822400242182], [0.6460364616409932, 0.6460364616409932, 0.6460364616409932, 0.6460364616409932, 0.6460364616409932, 0.5905543639707421, 0.5248721474241035, 0.6460364616409932], [0.628595711520582, 0.6460364616409932, 0.6460364616409932, 0.6445490641167162, 0.6460364616409932, 0.6460364616409932, 0.6460364616409932, 0.6460364616409932], [0.6334891420150581, 0.6247543551481433, 0.6460364616409932, 0.6364357992414943, 0.6460364616409932, 0.6460364616409932, 0.6457575197446078, 0.6460364616409932], [0.6460364616409932, 0.6460364616409932, 0.6279702081708322, 0.6460364616409932, 0.6460364616409932, 0.6460364616409932, 0.6460364616409932, 0.6460364616409932], [0.6460364616409932, 0.6017449545160891, 0.6272618523054299, 0.6460364616409932, 0.6460364616409932, 0.6460364616409932, 0.6402318526936188, 0.6010122247999805], [0.6460364616409932, 0.6460364616409932, 0.6460364616409932, 0.5612231777272717, 0.6460364616409932, 0.5650378963852123, 0.6460364616409932, 0.6460364616409932], [0.6460364616409932, 0.6460364616409932, 0.6460364616409932, 0.6148573931822277, 0.6460364616409932, 0.6460364616409932, 0.6460364616409932, 0.6460364616409932], [0.6460364616409932, 0.5879300395082274, 0.6460364616409932, 0.6460364616409932, 0.6460364616409932, 0.624349618459405, 0.6460364616409932, 0.6460364616409932], [0.6231982324615462, 0.6460364616409932, 0.6527986948948571, 0.5764705749864231, 0.6460364616409932, 0.6460364616409932, 0.5947452616394393, 0.6020528582968493]], "best_fitnesss": [0.6460364616409932, 0.6460364616409932, 0.6460364616409932, 0.6460364616409932, 0.6460364616409932, 0.6460364616409932, 0.6460364616409932, 0.6460364616409932, 0.6460364616409932, 0.6460364616409932, 0.6460364616409932, 0.6460364616409932, 0.6527986948948571], "prob_mutate": 0.017857142857142856}