{"num_qubits": 5, "depth": 33, "num_circuit": 32, "num_generation": 10, "current_generation": 2, "fitnessss": [[0.8582957086981604, 0.8288663756165231, 0.7754020630589202, 0.7840558305604224, 0.8076800320871751, 0.7983832315694274, 0.8389259620917515, 0.7624078146327806, 0.8024070501208069, 0.8283116799510306, 0.8489313640885141, 0.8327714218817736, 0.7955659198261161, 0.7981593453189075, 0.8024258922350367, 0.777775662425099, 0.8518693790224484, 0.786881160255307, 0.7537756710676515, 0.8239101303571725, 0.8362063838598062, 0.8629749423288114, 0.7892407350864739, 0.7887448781986809, 0.8001700981940993, 0.8210200792930396, 0.7885215168668881, 0.8458720989780348, 0.8042406395477647, 0.7230552867752297, 0.7931590611799157, 0.7999162495011815], [0.8629749423288114, 0.8582957086981604, 0.8480524353284868, 0.8442928893202153, 0.8518693790224484, 0.8489313640885141, 0.8566610602572327, 0.8721052731559782, 0.8458720989780348, 0.8389259620917515, 0.8655985183944681, 0.8674020954591761, 0.8362063838598062, 0.8327714218817736, 0.8031757786570666, 0.8322369879939566, 0.8288663756165231, 0.8283116799510306, 0.8376562125626931, 0.8462861494639888, 0.8239101303571725, 0.8210200792930396, 0.8372270082738409, 0.8304323921335743, 0.8076800320871751, 0.8042406395477647, 0.8277176766684826, 0.7971703024998641, 0.8024258922350367, 0.8024070501208069, 0.8046581887928623, 0.8093976010305202]], "best_fitnesss": [0.8629749423288114, 0.8721052731559782], "prob_mutate": 0.002840909090909091}