{"num_qubits": 2, "depth": 8, "num_circuit": 32, "num_generation": 10, "current_generation": 1, "fitnessss": [[0.8339727142299136, 0.9000872042371562, 0.752399722923817, 0.8682283785048851, 0.6495128321771306, 0.8274665247058101, 0.8669436265441102, 0.9222348679600681, 0.812773555098879, 0.8718249470623525, 0.8763060218183195, 0.8133858475346021, 0.6958278446342344, 0.8020933479645622, 0.8290423158908296, 0.9168499719459382, 0.7120296300077863, 0.5706933559918901, 0.8697096324984596, 0.7409968737288075, 0.8218365318138495, 0.8432616314388305, 0.5960256494715912, 0.8395005715489612, 0.7524699427465678, 0.6818578197078238, 0.6266293401577775, 0.8622745924510525, 0.8933634691923166, 0.889870808259035, 0.6152493350608457, 0.9341947145190292]], "best_fitnesss": [0.9341947145190292], "prob_mutate": 0.01171875}