{"num_qubits": 6, "depth": 37, "num_circuit": 32, "num_generation": 30, "current_generation": 2, "fitnessss": [[0.7018067578733217, 0.7200476181928418, 0.7107379757344604, 0.5980654284245703, 0.6771039685720982, 0.6871993721065766, 0.6652273339811641, 0.668027078007264, 0.6348817665477812, 0.6702591674134677, 0.6183148222638082, 0.7169043196860769, 0.708612782149686, 0.6565801468815259, 0.6978336739587766, 0.6914393398445844, 0.6922784306431281, 0.6524156813402792, 0.6782366866877259, 0.6661131760377894, 0.6611284658548375, 0.6845790019378095, 0.6339600473494909, 0.6326085588499332, 0.6677091327706114, 0.6738683718997052, 0.7389854274192463, 0.7072072982914424, 0.6954619683394512, 0.6713909618144696, 0.7005712345218239, 0.7270932211155475], [0.7389854274192463, 0.7097927707293743, 0.7334302607004184, 0.7333488400103139, 0.7200476181928418, 0.7169043196860769, 0.6875235772241892, 0.7334332816023137, 0.7107379757344604, 0.708612782149686, 0.6537423359717286, 0.7390957243269544, 0.7072072982914424, 0.7018067578733217, 0.7376950238140295, 0.6887605138345125, 0.6725210896546479, 0.6978336739587766, 0.737314181860131, 0.6575614193584165, 0.6954619683394512, 0.6922784306431281, 0.6706283357722744, 0.6862714697292523, 0.6914393398445844, 0.6871993721065766, 0.705017148559359, 0.6844778260396742, 0.6679418738974134, 0.6782366866877259, 0.6724868379938487, 0.7151936389196354]], "best_fitnesss": [0.7389854274192463, 0.7390957243269544], "prob_mutate": 0.002533783783783784}