{"num_qubits": 6, "depth": 37, "num_circuit": 32, "num_generation": 30, "current_generation": 1, "fitnessss": [[0.7018067578733217, 0.7200476181928418, 0.7107379757344604, 0.5980654284245703, 0.6771039685720982, 0.6871993721065766, 0.6652273339811641, 0.668027078007264, 0.6348817665477812, 0.6702591674134677, 0.6183148222638082, 0.7169043196860769, 0.708612782149686, 0.6565801468815259, 0.6978336739587766, 0.6914393398445844, 0.6922784306431281, 0.6524156813402792, 0.6782366866877259, 0.6661131760377894, 0.6611284658548375, 0.6845790019378095, 0.6339600473494909, 0.6326085588499332, 0.6677091327706114, 0.6738683718997052, 0.7389854274192463, 0.7072072982914424, 0.6954619683394512, 0.6713909618144696, 0.7005712345218239, 0.7270932211155475]], "best_fitnesss": [0.7389854274192463], "prob_mutate": 0.002533783783783784}