{"num_qubits": 5, "depth": 9, "num_circuit": 32, "num_generation": 50, "current_generation": 2, "fitnessss": [[0.2638238689614111, 0.30224405497161855, 0.20907149077750273, 0.30904770862996445, 0.1594169025593498, 0.26752531665022883, 0.17189607516875668, 0.1864079344124198, 0.3409819268558973, 0.28297325497195275, 0.28111033103370175, 0.31732519399532216, 0.3347038765476756, 0.22361639598916883, 0.3186588297633114, 0.270546607952803, 0.2733157520409541, 0.3103195551649346, 0.29987671914418995, 0.30358419334005965, 0.33464876243341407, 0.24053951586946534, 0.2385565914924669, 0.34523212089159633, 0.24434417877237163, 0.157587320160918, 0.22269082096426365, 0.20285280478913936, 0.20845113307020244, 0.28321902945827876, 0.32294137239146137, 0.16046885191590304], [0.34523212089159633, 0.3409819268558973, 0.3579220878613274, 0.25959454428390066, 0.3347038765476756, 0.33464876243341407, 0.2900265212161693, 0.28595916812185734, 0.32294137239146137, 0.3186588297633114, 0.24804405071196783, 0.2897082189402015, 0.31732519399532216, 0.3103195551649346, 0.28839113844476405, 0.3021701731839931, 0.30904770862996445, 0.30358419334005965, 0.25105360049234876, 0.311856867517055, 0.30224405497161855, 0.29987671914418995, 0.3731670426402013, 0.29693602862925383, 0.28933379474291365, 0.28297325497195275, 0.31001197041688594, 0.2480824281528487, 0.28111033103370175, 0.2733157520409541, 0.23678536116067256, 0.2425005963502334]], "best_fitnesss": [0.34523212089159633, 0.3731670426402013], "prob_mutate": 0.010416666666666666}