{"num_qubits": 4, "depth": 12, "num_circuit": 4, "num_generation": 30, "current_generation": 3, "fitnessss": [[0.5184977846235354, 0.6341197426875551, 0.4553247219471654, 0.49523491793927993], [0.6341197426875551, 0.5184977846235354, 0.6267459883656485, 0.5840534943940465], [0.5492662849727604, 0.5946433507513152, 0.5432318343632349, 0.638593244041375]], "best_fitnesss": [0.6341197426875551, 0.6341197426875551, 0.638593244041375], "prob_mutate": 0.0625}