{
    "my_key": [
        1,
        2,
        3,
        4,
        5
    ],
    "n=2,d=2,n_circuit=4,n_gen=10": [
        0.02786939718634062,
        0.12450932150611152,
        0.01652120469201485
    ],
    "n=2,d=3,n_circuit=4,n_gen=10": [
        0.009438093983850251,
        0.07673958910548184,
        0.02300624185648259
    ],
    "n=2,d=2,n_circuit=16,n_gen=10": [
        0.04255829256456441,
        0.042753255885398765,
        0.0509048896921354,
        0.042915796144089184,
        0.0365339824944431,
        0.04306927324319671,
        0.04256517486211485,
        0.042268324007763994,
        0.06716125938487394,
        0.04930859287990565,
        0.34115905664892276,
        0.04310028496201534,
        0.269536999439734,
        0.08306820170225111,
        0.07896674342258574,
        0.04239745426521715,
        0.3566290090498795,
        0.1664266258879645,
        0.04336250691314576,
        0.05966109564504637
    ],
    "n=2,d=2,n_circuit=8,n_gen=10": [
        0.04255829256456441,
        0.04275325588539878,
        0.050904889692135434,
        0.042915796144089184,
        0.0365339824944431,
        0.04306927324319671,
        0.04256517486211484,
        0.042268324007763994,
        0.06716125938487397,
        0.04930859287990562,
        0.34115905664892354,
        0.04310028496201534,
        0.2695369994397342,
        0.08306820170225118,
        0.07896674342258578,
        0.04239745426521715,
        0.35662900904987965,
        0.16642662588796475,
        0.043362506913145776,
        0.05966109564504642
    ],
    "n=2,d=2,n_circuit=32,n_gen=10": [
        0.04255832452144443,
        0.042753242664529026,
        0.05090430401443462,
        0.042915819795374635,
        0.03653335799577721,
        0.04306927518269567,
        0.04256520723544007,
        0.04226835054425622,
        0.0671561685501278,
        0.049307722473245975,
        0.34114819545915764,
        0.04310040493301651,
        0.2695690222857844,
        0.08306315038153818,
        0.07896463316423681,
        0.04239746949475409,
        0.35663728685161245,
        0.1664351231888766,
        0.043361988075696835,
        0.059662579002336534
    ],
    "n=2,d=2,n_circuit=4,n_gen=20": [
        0.16717893155839011,
        0.0351328304927532,
        0.2592423062192883,
        0.3014060533202158,
        0.017199237479681863,
        0.026691139296661053,
        0.03673570451597151,
        0.017080914782063812,
        0.017033575957596768,
        0.017078383826698112,
        0.02407264928387259,
        0.36472489207795755,
        0.018915985654147836,
        0.035320101222306374,
        0.017083941720546916,
        0.1712795454696774,
        0.07502407906852411,
        0.03813255554977571,
        0.01670548954054059,
        0.01648820766577131
    ],
    "n=2,d=2,n_circuit=16,n_gen=20": [
        0.029513572817123586,
        0.04613352601797027,
        0.044875850679013965,
        0.02448551659332808,
        0.05965874558884419,
        0.02439106679117215,
        0.029606836674311132,
        0.04692712361178232,
        0.05698968589982214,
        0.03370317708010315,
        0.03602937780778146,
        0.031163710261103466,
        0.04952720495285044,
        0.024460758953578788,
        0.04174639560485998,
        0.02451615479510409,
        0.02374734497038704,
        0.04184269056464451,
        0.04049534369794059,
        0.03520391046185642
    ],
    "n=2,d=2,n_circuit=32,n_gen=20": [
        0.027755906859893976,
        0.04019135425087207,
        0.31779149305610854,
        0.02443993802201453,
        0.02321360160501531,
        0.024551482473921478,
        0.026187752927262074,
        0.02246986967474869,
        0.033895057678587595,
        0.047650515030500044,
        0.0359197073022298,
        0.04179504935098033,
        0.05847162795925216,
        0.024446179748475634,
        0.07154571238839837,
        0.024501445196793006,
        0.024498581120596104,
        0.2187865748923577,
        0.05527730011224365,
        0.0434290049664728
    ],
    "n=2,d=2,n_circuit=8,n_gen=20": [
        0.027755619382179,
        0.04018953807474147,
        0.31779554615353245,
        0.024439930132193123,
        0.023213613688618316,
        0.02455096172961442,
        0.02618833206861828,
        0.022469842129472485,
        0.033895844011754654,
        0.04764405734393662,
        0.03591846170311464,
        0.041789097061491975,
        0.0584684138418186,
        0.024446188784206326,
        0.07154267301363325,
        0.02450146108446079,
        0.024498576079309393,
        0.2187268788370969,
        0.0552811979042261,
        0.043426004089898156
    ],
    "n=2,d=3,n_circuit=4,n_gen=20": [
        0.021442235809834367,
        0.02139365138669181,
        0.02112604619887708,
        0.04447519389861419,
        0.030428159791660726,
        0.021525065272125384,
        0.022551623368443106,
        0.051882731488282555,
        0.08864063354767769,
        0.021510778206385257,
        0.02180627211579586,
        0.021444656206822465,
        0.05095101408963197,
        0.021526240766984,
        0.08132641501683627,
        0.02393874582475495,
        0.08164700393946803,
        0.047128364126058794,
        0.02143293380763026,
        0.09485727143541929
    ],
    "n=2,d=2,n_circuit=16,n_gen=30": [
        0.0696828593852716,
        0.030497594793987632,
        0.028961576368803154,
        0.03507946207372827,
        0.029098933703311115,
        0.038808655297712484,
        0.03068526375488123,
        0.03192389752935472,
        0.10502942566229694,
        0.028864942088708267,
        0.24287226411255017,
        0.02910744998504657,
        0.03108307552614034,
        0.049157901896040856,
        0.037956927542430595,
        0.029079460224238386,
        0.18437649190631866,
        0.029156705664485444,
        0.029743781034131427,
        0.03796126882300722
    ],
    "n=2,d=2,n_circuit=4,n_gen=30": [
        0.04798243382458204,
        0.03363861047097615,
        0.03760042408174492,
        0.03476518646010808,
        0.3296178898114676,
        0.036328900113291866,
        0.053078061151373535,
        0.26211316812000895,
        0.07428762827156996,
        0.05232689846290047,
        0.03605663700758765,
        0.06112779218935405,
        0.07113605553952096,
        0.03423960049813825,
        0.21540039033203287,
        0.035470321119228876,
        0.30042634862632356,
        0.06343582924836373,
        0.041721435023160135,
        0.1423398588402692
    ],
    "n=2,d=2,n_circuit=8,n_gen=30": [
        0.02910013758667418,
        0.029100137592845816,
        0.028774133997746358,
        0.06661106374113847,
        0.029100137593278518,
        0.0304381172049276,
        0.029100137592996834,
        0.02910013759326016,
        0.309845360961434,
        0.029100137592550878,
        0.2533229133095622,
        0.029100137593070508,
        0.029100137593311225,
        0.05880166446070889,
        0.031032486776341295,
        0.028812394986283223,
        0.14294748918765934,
        0.029100137593364005,
        0.02910013759264211,
        0.02910013759302075
    ],
    "n=2,d=3,n_circuit=4,n_gen=30": [
        0.051869804802315,
        0.03717853945090464,
        0.21623153511019527,
        0.027891453608014344,
        0.02948269887647893,
        0.08226462764588957,
        0.02861324954408063,
        0.030248531570202426,
        0.029838006896316483,
        0.28871655943747576,
        0.20950008210798493,
        0.2283149336341146,
        0.07414464834194079,
        0.04751810951245338,
        0.22098740755141416,
        0.08948745947304662,
        0.02656373426470377,
        0.19371243615007716,
        0.030212466354875157,
        0.02900993913040002
    ],