{
    "my_key": [
        1,
        2,
        3,
        4,
        5
    ],
    "n=2,d=3,n_circuit=8,n_gen=10": [
        0.03834395933329904,
        0.027116739234627117,
        0.027127969746663053,
        0.07287647525481396,
        0.027855345660705393
    ],
    "n=2,d=3,n_circuit=8,n_gen=20": [
        0.054952000980109314,
        0.002195700598173447,
        0.03741560986824429,
        0.0037338896586109173,
        0.011207773320518529
    ],
    "n=3,d=5,n_circuit=4,n_gen=20": [
        0.03126554440980174,
        0.010785884437477886,
        0.00950400906852795,
        0.007574685841010513,
        0.022850668122421477,
        0.043186209033634085,
        0.01767654488842771,
        0.026764937837229375,
        0.03982955776269671,
        0.03954852503493271,
        0.02343799777165497,
        0.06198358305588676,
        0.01918160028852654,
        0.013483942397423301,
        0.019521104867403685,
        0.008876821167395504,
        0.012348978674510128,
        0.02078095388242936,
        0.023342700817446153,
        0.08044099547574098
    ],
    "n=3,d=5,n_circuit=4,n_gen=10": [
        0.020595859926548988,
        0.058087282236190016,
        0.022440385716944615,
        0.026643228588596003,
        0.020166483583534466,
        0.02151532418812906,
        0.019938142718169148,
        0.03894932651322006,
        0.03275199699123497,
        0.02011993073832693,
        0.020104599162024367,
        0.01951749723835072,
        0.10272017763774703,
        0.020051165056299853,
        0.2581958686546869,
        0.021375388646687823,
        0.020149059604033195,
        0.019829900644535724,
        0.04021459442948845,
        0.055126937030393466
    ],
    "n=3,d=5,n_circuit=16,n_gen=10": [
        0.08322475402127291,
        0.006462570739137424,
        0.00648643433210611,
        0.00648185068641186,
        0.05625672467126595,
        0.006424204667417546,
        0.006486267356874978,
        0.07168672230805699,
        0.06311352130956754,
        0.006439261265300605,
        0.006780797963793857,
        0.006924181650477276,
        0.006486435759117277,
        0.0064699372715213465,
        0.16163373276014784,
        0.006485446399947595,
        0.01206771751354514,
        0.028173436829076342,
        0.04031557830931239,
        0.006469041805314049
    ],
    "n=3,d=5,n_circuit=32,n_gen=10": [
        0.012381564259694557,
        0.012414393953975904,
        0.012667421901828426,
        0.013931543763952595,
        0.014511139613996166,
        0.012459839600309304,
        0.012401239038443968,
        0.018529303256369173,
        0.012356274252840117,
        0.01225891554107427,
        0.012422805023934783,
        0.011931332032840756,
        0.012393603635830867,
        0.015080781965087497,
        0.014419098605649217,
        0.013859082462292737,
        0.0753875496567078,
        0.03374617898031347,
        0.012395309264294083,
        0.01564477025020036
    ],
    "n=3,d=5,n_circuit=8,n_gen=30": [
        0.031043759159390272,
        0.016084769356687737,
        0.010533193678528494,
        0.010491911931337132,
        0.010531660195125884,
        0.011878888740455949,
        0.01053662226082373,
        0.08599195901949361,
        0.019321409158328987,
        0.011208592814931428,
        0.010654899118590123,
        0.010529131052217998,
        0.010752401193159065,
        0.029215712416987664,
        0.01482747226292957,
        0.01077649909230828,
        0.010701515655099494,
        0.01047458291491699,
        0.010636214618513492,
        0.014128587126880792
    ],
    "n=3,d=6,n_circuit=4,n_gen=10": [
        0.012330515881470373,
        0.007843908671604333,
        0.008203587380191784,
        0.00787497677547282,
        0.028209424006004197,
        0.09730172221024444,
        0.016392173621438744,
        0.014533479958003127,
        0.007852095103643363,
        0.00793336495797004,
        0.008056471294033831,
        0.0704965049665964,
        0.017114524440576626,
        0.008401566419257439,
        0.0077504859969557294,
        0.011381740557830955,
        0.019145132575602804,
        0.0078598191342223,
        0.00787499475122878,
        0.02050377553553509
    ],
    "n=3,d=7,n_circuit=16,n_gen=10": [
        0.007470868870950356,
        0.00899987444450395,
        0.020903614403940018,
        0.009490371745999118,
        0.008041764850317858,
        0.013249678823503136,
        0.009600403119909262,
        0.014907768872289857,
        0.011475789568652157,
        0.021721530449007015,
        0.00794282893208648,
        0.007764216486570009,
        0.008291298106946432,
        0.007796532224721131,
        0.00846572043781728,
        0.032263554156123433,
        0.009718586858718554,
        0.035460134855291515,
        0.00937242845197424,
        0.007471334678461806
    ],
    "n=3,d=9,n_circuit=32,n_gen=20": [
        0.03880127772192936,
        0.007798163986812806,
        0.02866967799331947,
        0.00774692304322747,
        0.007596723436521695,
        0.012720501561886246,
        0.0077670421482553455,
        0.023804511419034727,
        0.007753477253009023,
        0.0244092466634983,
        0.008083249438535157,
        0.01069081256408954,
        0.009321833114464608,
        0.017947850386759372,
        0.00783115775571747,
        0.02179486257958299,
        0.00814350317523765,
        0.010789293758724231,
        0.008503950734736915,
        0.007762060444012113
    ],
    "n=3,d=5,n_circuit=16,n_gen=50": [
        0.01619697620803967,
        0.017065316067557356,
        0.020081900525460016,
        0.015953583143585436,
        0.016293838822925025,
        0.016193984579080806,
        0.022028943133046642,
        0.016071987267792485,
        0.05223215466358021,
        0.08379820552469316,
        0.016081399119072637,
        0.015952564540889915,
        0.015974122226899975,
        0.016077257716344304,
        0.027784926477991405,
        0.025046269978562304,
        0.06441672633451774,
        0.01807151018392965,
        0.01550822381614419,
        0.015668096379951143
    ],
    "n=3,d=6,n_circuit=4,n_gen=40": [
        0.00944356395008171,
        0.010194530265631432,
        0.009773546472121638,
        0.021947381705818364,
        0.009863384254094703,
        0.01137100333628356,
        0.00950903314032441,
        0.013757073251438906,
        0.014245200068344732,
        0.009729206534278032,
        0.008767444310655346,
        0.02885244908769135,
        0.009661128643186356,
        0.010050675439991837,
        0.009723308322302924,
        0.00973297510024293,
        0.010183303220771208,
        0.009930766045798784,
        0.06585059946127532,
        0.011323648498685768
    ],
    "n=3,d=6,n_circuit=32,n_gen=30": [
        0.020771011822716262,
        0.00414601953753483,
        0.0066752244110708054,
        0.00700416013228089,
        0.004704884307078554,
        0.029357811998394268,
        0.004130774354557599,
        0.004101063981115719,
        0.004249482298112989,
        0.061464315813203066,
        0.1624430697814422,
        0.006139052067803251,
        0.004439197218818852,
        0.025552109637403342,
        0.004126963712405741,
        0.004156971872845703,
        0.004150905341078706,
        0.007048245515821334,
        0.004394813791547895,
        0.007441503494147147
    ],