{"num_qubits": 5, "depth": 9, "num_circuit": 4, "num_generation": 40, "current_generation": 40, "fitnessss": [[0.21200375127852786, 0.2858514669527109, 0.2086744071308063, 0.24643417119604577], [0.3159458031851857, 0.28610499410594253, 0.22140654252812605, 0.3214369914360411], [0.3214369914360411, 0.2897702531447529, 0.2622721874016974, 0.3159458031851857], [0.3214369914360411, 0.3159458031851857, 0.25097287139904745, 0.2948006517584642], [0.26551396480621337, 0.26929614632660626, 0.3214369914360411, 0.3159458031851857], [0.2632855230796519, 0.22428576392894106, 0.29161358536503723, 0.3159458031851857], [0.3159458031851857, 0.31570215434299126, 0.2729193635447338, 0.2723005572347271], [0.3159458031851857, 0.3522719364450535, 0.2765559031233079, 0.3156059058073202], [0.37863034647239535, 0.33215385298005273, 0.340471928230115, 0.2039762459352424], [0.38313476933439317, 0.340471928230115, 0.3580665508926374, 0.32475455884467463], [0.3513918821630114, 0.30466280133146845, 0.32774481467738864, 0.37863034647239535], [0.37863034647239535, 0.3513918821630114, 0.3261647993774638, 0.38313476933439317], [0.32399929748526424, 0.2983077357542209, 0.38313476933439317, 0.28325191874907585], [0.38313476933439317, 0.33950214465120043, 0.32399929748526424, 0.3220004440262068], [0.38313476933439317, 0.36204860970698644, 0.33950214465120043, 0.38313476933439317], [0.3411796345309865, 0.3406964840352287, 0.36452963276129047, 0.38313476933439317], [0.38313476933439317, 0.36452963276129047, 0.3483998332753867, 0.35118972435735196], [0.38313476933439317, 0.3422419895034304, 0.35716481470689787, 0.3187305258542364], [0.38313476933439317, 0.35716481470689787, 0.35716481470689787, 0.38313476933439317], [0.36324089298959245, 0.2965726810203659, 0.38313476933439317, 0.38313476933439317], [0.38313476933439317, 0.38313476933439317, 0.38313476933439317, 0.2825295719677955], [0.35656814057419844, 0.38313476933439317, 0.38313476933439317, 0.37395988970278093], [0.38313476933439317, 0.38313476933439317, 0.38313476933439317, 0.3322229740812803], [0.335640764250766, 0.38313476933439317, 0.38313476933439317, 0.38313476933439317], [0.36631623737155344, 0.30875179077193754, 0.3088709609040133, 0.38313476933439317], [0.24163828611804372, 0.36631623737155344, 0.31519452368008355, 0.36631623737155344], [0.2862498628941793, 0.36631623737155344, 0.36174840399967967, 0.33836953072726955], [0.36631623737155344, 0.36174840399967967, 0.37054871762481595, 0.3552560025069079], [0.3822697341700715, 0.3644001243050119, 0.36631623737155344, 0.37054871762481595], [0.3822697341700715, 0.2832019802939911, 0.3796990467493697, 0.3822697341700715], [0.38695947052625124, 0.3822697341700715, 0.309276201041358, 0.3822697341700715], [0.38695947052625124, 0.3822697341700715, 0.38695947052625124, 0.32987565902527116], [0.3796462326235911, 0.38695947052625124, 0.3612877916947075, 0.38695947052625124], [0.26981675845433234, 0.38695947052625124, 0.31881022746787685, 0.38695947052625124], [0.38695947052625124, 0.3221130563161946, 0.30097581909434235, 0.38695947052625124], [0.31179485660470274, 0.30459269150498014, 0.38695947052625124, 0.38695947052625124], [0.38695947052625124, 0.31648018192052635, 0.34931737371834953, 0.37119525476035947], [0.38695947052625124, 0.2845323113500867, 0.37119525476035947, 0.38695947052625124], [0.37573596359097194, 0.3562909845256508, 0.3232482863394895, 0.38695947052625124], [0.38695947052625124, 0.36000389060926336, 0.37573596359097194, 0.3323850649723181]], "best_fitnesss": [0.2858514669527109, 0.3214369914360411, 0.3214369914360411, 0.3214369914360411, 0.3214369914360411, 0.3159458031851857, 0.3159458031851857, 0.3522719364450535, 0.37863034647239535, 0.38313476933439317, 0.37863034647239535, 0.38313476933439317, 0.38313476933439317, 0.38313476933439317, 0.38313476933439317, 0.38313476933439317, 0.38313476933439317, 0.38313476933439317, 0.38313476933439317, 0.38313476933439317, 0.38313476933439317, 0.38313476933439317, 0.38313476933439317, 0.38313476933439317, 0.38313476933439317, 0.36631623737155344, 0.36631623737155344, 0.37054871762481595, 0.3822697341700715, 0.3822697341700715, 0.38695947052625124, 0.38695947052625124, 0.38695947052625124, 0.38695947052625124, 0.38695947052625124, 0.38695947052625124, 0.38695947052625124, 0.38695947052625124, 0.38695947052625124, 0.38695947052625124], "prob_mutate": 0.08333333333333333}