{"num_qubits": 5, "depth": 9, "num_circuit": 4, "num_generation": 40, "current_generation": 15, "fitnessss": [[0.21200375127852786, 0.2858514669527109, 0.2086744071308063, 0.24643417119604577], [0.3159458031851857, 0.28610499410594253, 0.22140654252812605, 0.3214369914360411], [0.3214369914360411, 0.2897702531447529, 0.2622721874016974, 0.3159458031851857], [0.3214369914360411, 0.3159458031851857, 0.25097287139904745, 0.2948006517584642], [0.26551396480621337, 0.26929614632660626, 0.3214369914360411, 0.3159458031851857], [0.2632855230796519, 0.22428576392894106, 0.29161358536503723, 0.3159458031851857], [0.3159458031851857, 0.31570215434299126, 0.2729193635447338, 0.2723005572347271], [0.3159458031851857, 0.3522719364450535, 0.2765559031233079, 0.3156059058073202], [0.37863034647239535, 0.33215385298005273, 0.340471928230115, 0.2039762459352424], [0.38313476933439317, 0.340471928230115, 0.3580665508926374, 0.32475455884467463], [0.3513918821630114, 0.30466280133146845, 0.32774481467738864, 0.37863034647239535], [0.37863034647239535, 0.3513918821630114, 0.3261647993774638, 0.38313476933439317], [0.32399929748526424, 0.2983077357542209, 0.38313476933439317, 0.28325191874907585], [0.38313476933439317, 0.33950214465120043, 0.32399929748526424, 0.3220004440262068], [0.38313476933439317, 0.36204860970698644, 0.33950214465120043, 0.38313476933439317]], "best_fitnesss": [0.2858514669527109, 0.3214369914360411, 0.3214369914360411, 0.3214369914360411, 0.3214369914360411, 0.3159458031851857, 0.3159458031851857, 0.3522719364450535, 0.37863034647239535, 0.38313476933439317, 0.37863034647239535, 0.38313476933439317, 0.38313476933439317, 0.38313476933439317, 0.38313476933439317], "prob_mutate": 0.08333333333333333}