{"num_qubits": 5, "depth": 5, "num_circuit": 32, "num_generation": 20, "current_generation": 14, "fitnessss": [[0.15371539683124574, 0.18924910551702262, 0.1780036756390016, 0.16677669927863753, 0.17650916030717814, 0.1366196260720197, 0.15691098094838987, 0.1252346040272753, 0.14825856462826467, 0.17822400607080646, 0.1793764210447666, 0.12313449363847143, 0.08026641192632292, 0.1907508999416871, 0.09181902636172218, 0.15175541660189518, 0.07481589417172284, 0.14529704847785152, 0.16452041388985053, 0.1753907534035184, 0.15918020888226436, 0.1455681191681645, 0.22135501963338822, 0.10176103583665022, 0.14364923183070083, 0.15188159733143788, 0.11628671667003912, 0.10340793693659815, 0.14347702622349948, 0.0942258683841917, 0.19439339715804507, 0.06578896095419604], [0.22135501963338822, 0.19439339715804507, 0.21186801939333605, 0.17527415788470777, 0.1907508999416871, 0.18924910551702262, 0.19333216064520156, 0.193637932100586, 0.1793764210447666, 0.1594299119716956, 0.14869772019288577, 0.18837269667948134, 0.1780036756390016, 0.17650916030717814, 0.18682478647573983, 0.19232688752238247, 0.1753907534035184, 0.16677669927863753, 0.12240603977769852, 0.14052300513250696, 0.16452041388985053, 0.15918020888226436, 0.1300813760890255, 0.13520529254065122, 0.15958208812953573, 0.15371539683124574, 0.1909219243627474, 0.11974082075439436, 0.15188159733143788, 0.15175541660189518, 0.19701817817096265, 0.166606182765551], [0.22135501963338822, 0.21186801939333605, 0.2219581984043199, 0.22135501963338822, 0.19701817817096265, 0.19439339715804507, 0.18076514622751585, 0.14594431599028895, 0.193637932100586, 0.19333216064520156, 0.18924910551702262, 0.1907508999416871, 0.19232688752238247, 0.1909219243627474, 0.17697405899671298, 0.10590940520438012, 0.1907508999416871, 0.18924910551702262, 0.1231172643953093, 0.193637932100586, 0.21307777901705846, 0.16189132627856356, 0.21247909598566467, 0.13351174087792866, 0.1793764210447666, 0.17104650073927816, 0.13676045085330907, 0.12317612539302694, 0.17650916030717814, 0.1753907534035184, 0.20506868837904496, 0.18977888681910735], [0.2219581984043199, 0.14249071113639644, 0.22135501963338822, 0.2219581984043199, 0.22135501963338822, 0.21307777901705846, 0.10628211903379037, 0.21076470094032188, 0.21247909598566467, 0.21186801939333605, 0.21944947015036634, 0.19332658727535348, 0.20506868837904496, 0.19701817817096265, 0.1933694555709103, 0.23256696103385308, 0.19439339715804507, 0.18686758915284885, 0.1752279178722185, 0.15130685755569928, 0.193637932100586, 0.19333216064520156, 0.18924910551702262, 0.1907508999416871, 0.1535688001969206, 0.1909219243627474, 0.17697405899671298, 0.19868281562475062, 0.1907508999416871, 0.1907508999416871, 0.1907508999416871, 0.1907508999416871], [0.23256696103385308, 0.2219581984043199, 0.2009078662288041, 0.21493449912541118, 0.2219581984043199, 0.11515367476646868, 0.22135501963338822, 0.2219581984043199, 0.22135501963338822, 0.21944947015036634, 0.21186801939333605, 0.20166993653398863, 0.21307777901705846, 0.21247909598566467, 0.16928393680120385, 0.18837269667948134, 0.21186801939333605, 0.21076470094032188, 0.22135501963338822, 0.18700886162565894, 0.20506868837904496, 0.19868281562475062, 0.19232688752238247, 0.15859927038017543, 0.19701817817096265, 0.19439339715804507, 0.18076514622751585, 0.13423759057929582, 0.193637932100586, 0.1933694555709103, 0.15559065350722304, 0.187797772113675], [0.23256696103385308, 0.2219581984043199, 0.18896717668098953, 0.21493449912541118, 0.2219581984043199, 0.2219581984043199, 0.2219581984043199, 0.2219581984043199, 0.22135501963338822, 0.22135501963338822, 0.22135501963338822, 0.22135501963338822, 0.22135501963338822, 0.21944947015036634, 0.21186801939333605, 0.20166993653398863, 0.21493449912541118, 0.21307777901705846, 0.10628211903379037, 0.19504874886841161, 0.21247909598566467, 0.21186801939333605, 0.21944947015036634, 0.24075232257679122, 0.21186801939333605, 0.21076470094032188, 0.22135501963338822, 0.18700886162565894, 0.20506868837904496, 0.20166993653398863, 0.23420529858296274, 0.2503157929011671], [0.2503157929011671, 0.24075232257679122, 0.21247909598566467, 0.15606044849707704, 0.23420529858296274, 0.23256696103385308, 0.20506868837904496, 0.20235225766722573, 0.2219581984043199, 0.2219581984043199, 0.2219581984043199, 0.2219581984043199, 0.2219581984043199, 0.2219581984043199, 0.2219581984043199, 0.2219581984043199, 0.2219581984043199, 0.22135501963338822, 0.22135501963338822, 0.2219581984043199, 0.22135501963338822, 0.22135501963338822, 0.22135501963338822, 0.22135501963338822, 0.22135501963338822, 0.20532402099873032, 0.22135501963338822, 0.22135501963338822, 0.22135501963338822, 0.21944947015036634, 0.21186801939333605, 0.20166993653398863], [0.2503157929011671, 0.24075232257679122, 0.21247909598566467, 0.21493449912541118, 0.23420529858296274, 0.23256696103385308, 0.20506868837904496, 0.20235225766722573, 0.2219581984043199, 0.2219581984043199, 0.18715519295428845, 0.2219581984043199, 0.2201964559833754, 0.2219581984043199, 0.2219581984043199, 0.19376558472916447, 0.2219581984043199, 0.2219581984043199, 0.2219581984043199, 0.2219581984043199, 0.2219581984043199, 0.2219581984043199, 0.2219581984043199, 0.2219581984043199, 0.2219581984043199, 0.2219581984043199, 0.2219581984043199, 0.2219581984043199, 0.22135501963338822, 0.22135501963338822, 0.22135501963338822, 0.22135501963338822], [0.2503157929011671, 0.24075232257679122, 0.19093301243867464, 0.21493449912541118, 0.23420529858296274, 0.23256696103385308, 0.20506868837904496, 0.20235225766722573, 0.2219581984043199, 0.2219581984043199, 0.2219581984043199, 0.2219581984043199, 0.2219581984043199, 0.2219581984043199, 0.2219581984043199, 0.2219581984043199, 0.2219581984043199, 0.2219581984043199, 0.2219581984043199, 0.2219581984043199, 0.2219581984043199, 0.2219581984043199, 0.2219581984043199, 0.2219581984043199, 0.2219581984043199, 0.2219581984043199, 0.2219581984043199, 0.2219581984043199, 0.2219581984043199, 0.2219581984043199, 0.2219581984043199, 0.2219581984043199], [0.2503157929011671, 0.24075232257679122, 0.21247909598566467, 0.21493449912541118, 0.23420529858296274, 0.23256696103385308, 0.17919755348243185, 0.20235225766722573, 0.2219581984043199, 0.2219581984043199, 0.2219581984043199, 0.2219581984043199, 0.2219581984043199, 0.2219581984043199, 0.2219581984043199, 0.2219581984043199, 0.2219581984043199, 0.14896734827028854, 0.2219581984043199, 0.2219581984043199, 0.2219581984043199, 0.2219581984043199, 0.2219581984043199, 0.2219581984043199, 0.2219581984043199, 0.2219581984043199, 0.2219581984043199, 0.2219581984043199, 0.2219581984043199, 0.2219581984043199, 0.2219581984043199, 0.2219581984043199], [0.2503157929011671, 0.24075232257679122, 0.21247909598566467, 0.21493449912541118, 0.23420529858296274, 0.23256696103385308, 0.20506868837904496, 0.20235225766722573, 0.2219581984043199, 0.2219581984043199, 0.2219581984043199, 0.2219581984043199, 0.2219581984043199, 0.2219581984043199, 0.2219581984043199, 0.2219581984043199, 0.2219581984043199, 0.2219581984043199, 0.2219581984043199, 0.14811605370736222, 0.2219581984043199, 0.2219581984043199, 0.2219581984043199, 0.2219581984043199, 0.2219581984043199, 0.2219581984043199, 0.2219581984043199, 0.2219581984043199, 0.2219581984043199, 0.2219581984043199, 0.2219581984043199, 0.2219581984043199], [0.2503157929011671, 0.24075232257679122, 0.21247909598566467, 0.21493449912541118, 0.23420529858296274, 0.23256696103385308, 0.20506868837904496, 0.22381851939001648, 0.2219581984043199, 0.2219581984043199, 0.2219581984043199, 0.2219581984043199, 0.11496687554402434, 0.2219581984043199, 0.2219581984043199, 0.2219581984043199, 0.2219581984043199, 0.2219581984043199, 0.2219581984043199, 0.2219581984043199, 0.2219581984043199, 0.2219581984043199, 0.2219581984043199, 0.2219581984043199, 0.2219581984043199, 0.2219581984043199, 0.2219581984043199, 0.2219581984043199, 0.2219581984043199, 0.2219581984043199, 0.17180355370525283, 