{"num_qubits": 6, "depth": 20, "num_circuit": 8, "num_generation": 30, "current_generation": 3, "fitnessss": [[0.4342996503615537, 0.44567116607646573, 0.38360902929472535, 0.3325013058115189, 0.42600093194533306, 0.39025412479848576, 0.36427670758362984, 0.35866937352042205], [0.46130617874140817, 0.4342996503615537, 0.4649089167684083, 0.44742103488437984, 0.42600093194533306, 0.4008635891967892, 0.36946888260701155, 0.3623769050964525], [0.4649089167684083, 0.46130617874140817, 0.44567116607646573, 0.4691141836316347, 0.44742103488437984, 0.4342996503615537, 0.4342996503615537, 0.42812244020152485]], "best_fitnesss": [0.44567116607646573, 0.4649089167684083, 0.4691141836316347], "prob_mutate": 0.01875}