{"num_qubits": 4, "depth": 8, "num_circuit": 4, "num_generation": 10, "current_generation": 10, "fitnessss": [[0.3890203894827445, 0.3329112420428721, 0.3258868017332107, 0.26312716274596437], [0.3812989610813298, 0.3329112420428721, 0.4135840741127825, 0.32076116049789244], [0.4135840741127825, 0.3264566062526981, 0.3812989610813298, 0.37735995421001484], [0.40333537171830347, 0.4589079333863125, 0.3654336245699201, 0.4135840741127825], [0.4589079333863125, 0.4499735038095884, 0.4109574896460413, 0.3844076148884972], [0.4589079333863125, 0.4190548647599922, 0.4409699311251177, 0.461166704881122], [0.4033076155296489, 0.43843115963190515, 0.461166704881122, 0.47539227528488553], [0.40532966070992726, 0.4511904409643862, 0.4589079333863125, 0.4786525518760514], [0.4786525518760514, 0.4589079333863125, 0.461166704881122, 0.4058164636591175], [0.4202215674770898, 0.42821281740203326, 0.461166704881122, 0.4678567786774156]], "best_fitnesss": [0.3890203894827445, 0.4135840741127825, 0.4135840741127825, 0.4589079333863125, 0.4589079333863125, 0.461166704881122, 0.47539227528488553, 0.4786525518760514, 0.4786525518760514, 0.4678567786774156], "prob_mutate": 0.09375}