{"num_qubits": 5, "depth": 11, "num_circuit": 4, "num_generation": 30, "current_generation": 16, "fitnessss": [[0.3422368658001743, 0.4057107321562352, 0.2814212220720038, 0.4106934936784091], [0.42334404962823147, 0.4180316369838657, 0.3584793596172531, 0.40046611800162146], [0.42334404962823147, 0.2590254383872431, 0.374305500641389, 0.43069138772365123], [0.43069138772365123, 0.40448522516054214, 0.40579732533506263, 0.42334404962823147], [0.392820099868428, 0.3786480502132158, 0.4281789048066652, 0.41662114031958125], [0.4281789048066652, 0.41625990634353915, 0.3831587655032508, 0.370147279314753], [0.3819938592957143, 0.3773197808644285, 0.41424488114219066, 0.37748425204519787], [0.41424488114219066, 0.38055755291248333, 0.4281789048066652, 0.40514964899460615], [0.4281789048066652, 0.42948346983227176, 0.41103381605506517, 0.40458594280462423], [0.36597614189409633, 0.4281789048066652, 0.40385816163000576, 0.42948346983227176], [0.4045302054541011, 0.464083373573435, 0.40984243354639993, 0.42948346983227176], [0.464083373573435, 0.37508479280489154, 0.45196780316325763, 0.464083373573435], [0.464083373573435, 0.464083373573435, 0.464083373573435, 0.3516312080878298], [0.464083373573435, 0.464083373573435, 0.464083373573435, 0.3069822406400112], [0.4061398478410532, 0.41876865630728133, 0.43954606906908494, 0.464083373573435], [0.464083373573435, 0.43117784071787224, 0.43954606906908494, 0.3841483354751455]], "best_fitnesss": [0.4106934936784091, 0.42334404962823147, 0.43069138772365123, 0.43069138772365123, 0.4281789048066652, 0.4281789048066652, 0.41424488114219066, 0.4281789048066652, 0.42948346983227176, 0.42948346983227176, 0.464083373573435, 0.464083373573435, 0.464083373573435, 0.464083373573435, 0.464083373573435, 0.464083373573435], "prob_mutate": 0.06818181818181818}