{"num_qubits": 4, "depth": 11, "num_circuit": 4, "num_generation": 40, "current_generation": 2, "fitnessss": [[0.393472783947389, 0.5155134182076366, 0.4808588278239806, 0.5413759444491031], [0.5413759444491031, 0.5444676563212631, 0.5044710247036215, 0.5777642230920532]], "best_fitnesss": [0.5413759444491031, 0.5777642230920532], "prob_mutate": 0.06818181818181818}