{"num_qubits": 3, "depth": 3, "num_circuit": 4, "num_generation": 20, "current_generation": 2, "fitnessss": [[0.24072984088832858, 0.30846899893420543, 0.36775693665601394, 0.31286202258512047], [0.36775693665601394, 0.24371083933812837, 0.26874919678750525, 0.3916774638354626]], "best_fitnesss": [0.36775693665601394, 0.3916774638354626], "prob_mutate": 0.25}