{"num_qubits": 3, "depth": 4, "num_circuit": 4, "num_generation": 10, "current_generation": 2, "fitnessss": [[0.08943196934841605, 0.3095918465270756, 0.29760278486822206, 0.30366719935836334], [0.3095918465270756, 0.34073174782350446, 0.319289751770682, 0.3958043738784734]], "best_fitnesss": [0.3095918465270756, 0.3958043738784734], "prob_mutate": 0.1875}