{"num_qubits": 5, "depth": 14, "num_circuit": 4, "num_generation": 20, "current_generation": 6, "fitnessss": [[0.3830946183303293, 0.46274646713856493, 0.45487400203702155, 0.4397997196908333], [0.4642579978474718, 0.4494366937336073, 0.4962867061506805, 0.4224904540482591], [0.4400898212096398, 0.4642579978474718, 0.4450441279810621, 0.45285353109532533], [0.4090278566262774, 0.45761812626798737, 0.4689685191971621, 0.4642579978474718], [0.4628422097234898, 0.44444978397567636, 0.44197344776323755, 0.4433635594168627], [0.42783362821846244, 0.4468409502254345, 0.47637080614640076, 0.44679437610617107]], "best_fitnesss": [0.46274646713856493, 0.4962867061506805, 0.4642579978474718, 0.4689685191971621, 0.4628422097234898, 0.47637080614640076], "prob_mutate": 0.05357142857142857}