{"num_qubits": 5, "depth": 14, "num_circuit": 4, "num_generation": 20, "current_generation": 2, "fitnessss": [[0.3830946183303293, 0.46274646713856493, 0.45487400203702155, 0.4397997196908333], [0.4642579978474718, 0.4494366937336073, 0.4962867061506805, 0.4224904540482591]], "best_fitnesss": [0.46274646713856493, 0.4962867061506805], "prob_mutate": 0.05357142857142857}