{"num_qubits": 4, "depth": 8, "num_circuit": 8, "num_generation": 30, "current_generation": 30, "fitnessss": [[0.3226587221750357, 0.4416627021722827, 0.37552775622042134, 0.4532641760166717, 0.4168521339649379, 0.26033152932609227, 0.42372341651156065, 0.2713989903126689], [0.4173282806011119, 0.2720831673279157, 0.4420169574504295, 0.35173258522522033, 0.42372341651156065, 0.4168521339649379, 0.43382554399928264, 0.3395077021652032], [0.4420169574504295, 0.43382554399928264, 0.3657981586760858, 0.3786923033059803, 0.42372341651156065, 0.4296162704429781, 0.3888050662988142, 0.4164735946145802], [0.4420169574504295, 0.43382554399928264, 0.4653756465260943, 0.3786923033059803, 0.5111548044247165, 0.42372341651156065, 0.2834875319471045, 0.3888050662988142], [0.4506654548758563, 0.4653756465260943, 0.4159720784880371, 0.4173282806011119, 0.4420169574504295, 0.43382554399928264, 0.3657981586760858, 0.4341565038731584], [0.36772730931862396, 0.4506654548758563, 0.3427451143443548, 0.47288136114625595, 0.4420169574504295, 0.4341565038731584, 0.37762788628811633, 0.3786923033059803], [0.47288136114625595, 0.4506654548758563, 0.42241828566264755, 0.4852264207307562, 0.4420169574504295, 0.3331134179806187, 0.37762788628811633, 0.4030020719109495], [0.4852264207307562, 0.4758031857600611, 0.5110185278801546, 0.4012317789099681, 0.4128931267534245, 0.3171436769484125, 0.4823538184520829, 0.3427451143443548], [0.5110185278801546, 0.49576384554941494, 0.4852264207307562, 0.5110185278801546, 0.4823538184520829, 0.4758031857600611, 0.43477261817912094, 0.4917777799166414], [0.4993280800290886, 0.5110185278801546, 0.5110185278801546, 0.5110185278801546, 0.49576384554941494, 0.4917777799166414, 0.47364137810091034, 0.46872626739674744], [0.5110185278801546, 0.5027962855489017, 0.5110185278801546, 0.4610146949907321, 0.4931302225167459, 0.4585373864960758, 0.5017575677380199, 0.4364835232082614], [0.5110185278801546, 0.46891204008373943, 0.5110185278801546, 0.46713838362599003, 0.5027962855489017, 0.5017575677380199, 0.3870849382378852, 0.5110185278801546], [0.5110185278801546, 0.498967974188945, 0.5110185278801546, 0.4727384582329516, 0.5110185278801546, 0.5027962855489017, 0.5110185278801546, 0.48630054764389385], [0.47750260326428107, 0.5110185278801546, 0.5110185278801546, 0.5110185278801546, 0.5110185278801546, 0.48813030315924044, 0.5110185278801546, 0.5110185278801546], [0.39516143120003966, 0.5110185278801546, 0.5110185278801546, 0.5110185278801546, 0.5110185278801546, 0.4544733769963771, 0.49268307884132606, 0.5110185278801546], [0.5110185278801546, 0.5577150639914665, 0.4409287016070949, 0.43914987696831637, 0.5353268871886092, 0.5110185278801546, 0.5110185278801546, 0.5110185278801546], [0.5577150639914665, 0.5353268871886092, 0.5577150639914665, 0.5353268871886092, 0.5110185278801546, 0.46325207802043955, 0.5110185278801546, 0.5110185278801546], [0.4452661245052022, 0.5577150639914665, 0.5577150639914665, 0.43490404825893486, 0.5353268871886092, 0.5353268871886092, 0.5353268871886092, 0.5353268871886092], [0.5153653661374636, 0.485844455713264, 0.5577150639914665, 0.5577150639914665, 0.4503318795169835, 0.5353268871886092, 0.5353268871886092, 0.5353268871886092], [0.532021499115128, 0.5577150639914665, 0.5230313824130699, 0.5577150639914665, 0.5353268871886092, 0.5353268871886092, 0.5353268871886092, 0.5353268871886092], [0.5577150639914665, 0.49419455669434437, 0.5577150639914665, 0.5577150639914665, 0.3884535530778268, 0.5353268871886092, 0.4413160093329946, 0.5353268871886092], [0.5577150639914665, 0.4358824464525236, 0.5577150639914665, 0.4810626021756631, 0.5577150639914665, 0.5353268871886092, 0.5577150639914665, 0.4886804019052241], [0.5577150639914665, 0.5577150639914665, 0.48030664621967734, 0.5577150639914665, 0.5577150639914665, 0.5577150639914665, 0.5577150639914665, 0.5577150639914665], [0.5577150639914665, 0.5577150639914665, 0.5024905992103859, 0.5577150639914665, 0.47224276987888486, 0.5577150639914665, 0.5577150639914665, 0.5058103122622738], [0.5577150639914665, 0.4753526902634421, 0.5577150639914665, 0.5577150639914665, 0.4544389138109205, 0.5594804341914444, 0.460777956339874, 0.5577150639914665], [0.5594804341914444, 0.5577150639914665, 0.4805079205202894, 0.5577150639914665, 0.5577150639914665, 0.5577150639914665, 0.5577150639914665, 0.5577150639914665], [0.5594804341914444, 0.5577150639914665, 0.5594804341914444, 0.5577150639914665, 0.48276505299045275, 0.5007863307614561, 0.5577150639914665, 0.5577150639914665], [0.5594804341914444, 0.5594804341914444, 0.5594804341914444, 0.5594804341914444, 0.5434538380036538, 0.5577150639914665, 0.5577150639914665, 0.5577150639914665], [0.5594804341914444, 0.5594804341914444, 0.5594804341914444, 0.5519776282238172, 0.5594804341914444, 0.5594804341914444, 0.5594804341914444, 0.5594804341914444], [0.48812702247448436, 0.5594804341914444, 0.45731697734082016, 0.48729345546427216, 0.4843672635880873, 0.5594804341914444, 0.46690280257736533, 0.5860640319160193]], "best_fitnesss": [0.4532641760166717, 0.4420169574504295, 0.4420169574504295, 0.5111548044247165, 0.4653756465260943, 0.47288136114625595, 0.4852264207307562, 0.5110185278801546, 0.5110185278801546, 0.5110185278801546, 0.5110185278801546, 0.5110185278801546, 0.5110185278801546, 0.5110185278801546, 0.5110185278801546, 0.5577150639914665, 0.5577150639914665, 0.5577150639914665, 0.5577150639914665, 0.5577150639914665, 0.5577150639914665, 0.5577150639914665, 0.5577150639914665, 0.5577150639914665, 0.5594804341914444, 0.5594804341914444, 0.5594804341914444, 0.5594804341914444, 0.5594804341914444, 0.5860640319160193], "prob_mutate": 0.046875}