{"num_qubits": 6, "depth": 27, "num_circuit": 4, "num_generation": 10, "current_generation": 4, "fitnessss": [[0.5578872314867637, 0.4923197360078584, 0.5502640279903893, 0.4703670757519416], [0.5176597707307187, 0.561041086361713, 0.5597143775861222, 0.5607671779664507], [0.561041086361713, 0.5347819299230444, 0.5474084431831386, 0.561041086361713], [0.536385049682333, 0.561041086361713, 0.5736723974778635, 0.55034034614174]], "best_fitnesss": [0.5578872314867637, 0.561041086361713, 0.561041086361713, 0.5736723974778635], "prob_mutate": 0.027777777777777776}