{"num_qubits": 4, "depth": 13, "num_circuit": 4, "num_generation": 40, "current_generation": 2, "fitnessss": [[0.6837018461445183, 0.5439412109261716, 0.6769301056738952, 0.6004199115320825], [0.7265743421828169, 0.6769301056738952, 0.6221849101933857, 0.4593408925455519]], "best_fitnesss": [0.6837018461445183, 0.7265743421828169], "prob_mutate": 0.057692307692307696}