{"num_qubits": 5, "depth": 28, "num_circuit": 32, "num_generation": 30, "current_generation": 2, "fitnessss": [[0.7692497686450932, 0.6864079580399898, 0.7673895557943909, 0.6906422224208983, 0.751379928923865, 0.692629621708897, 0.7800490589171079, 0.6604061393064057, 0.7221564392277023, 0.7295471146877264, 0.7485567066637118, 0.7614249546960585, 0.7890163713895626, 0.7925002676439771, 0.7261234774442323, 0.7445429392678832, 0.7237351718989693, 0.7721987434100035, 0.7674772515001864, 0.7582370397577078, 0.6635339698463263, 0.7071458577814187, 0.6764390505366251, 0.7630494051003889, 0.7550608280832218, 0.6877555255614085, 0.7192928373923119, 0.7695227147903291, 0.6851757352496334, 0.7447347488751367, 0.756781656139904, 0.7189597521016472], [0.7925002676439771, 0.7890163713895626, 0.7931512627523352, 0.8183250819269926, 0.7800490589171079, 0.7721987434100035, 0.7094146049691762, 0.7860717203544485, 0.7695227147903291, 0.7692497686450932, 0.7328919406989154, 0.7576545732127558, 0.7674772515001864, 0.7673895557943909, 0.6967032220444815, 0.8202665158281439, 0.7630494051003889, 0.7614249546960585, 0.7855015243180776, 0.6921206628545723, 0.7519878326451643, 0.756781656139904, 0.7889929223564978, 0.790329607346694, 0.7550608280832218, 0.751379928923865, 0.7920765179187257, 0.7571216962633115, 0.7485567066637118, 0.7447347488751367, 0.7663276727788004, 0.7233333226585985]], "best_fitnesss": [0.7925002676439771, 0.8202665158281439], "prob_mutate": 0.0033482142857142855}