{"num_qubits": 5, "depth": 9, "num_circuit": 16, "num_generation": 30, "current_generation": 5, "fitnessss": [[0.27901231989634173, 0.26108425143448766, 0.1559214635058036, 0.237375598976796, 0.3019238697176478, 0.22957883712441501, 0.2233045945948128, 0.3314159497278511, 0.24533528490202955, 0.2426011664861552, 0.2609813425249182, 0.3112094568608372, 0.37248985559619785, 0.19344148451511414, 0.2828705577430316, 0.26249048608668923], [0.37248985559619785, 0.3314159497278511, 0.35027579861173486, 0.40309302181175843, 0.3112094568608372, 0.3019238697176478, 0.3656507783555599, 0.35737066252374755, 0.2828705577430316, 0.27901231989634173, 0.2614069010785825, 0.23534759306594405, 0.26249048608668923, 0.26108425143448766, 0.29170936017982985, 0.2841727092954091], [0.40309302181175843, 0.37248985559619785, 0.2853795389787989, 0.37248985559619785, 0.3656507783555599, 0.35737066252374755, 0.36090755252855955, 0.3019238697176478, 0.3998713915509491, 0.3314159497278511, 0.35027579861173486, 0.3314159497278511, 0.3112094568608372, 0.3019238697176478, 0.35244750801930336, 0.35737066252374755], [0.40309302181175843, 0.3998713915509491, 0.3570178686203595, 0.37248985559619785, 0.37248985559619785, 0.37248985559619785, 0.37248985559619785, 0.37248985559619785, 0.3656507783555599, 0.36090755252855955, 0.36090755252855955, 0.3656507783555599, 0.35737066252374755, 0.35737066252374755, 0.35737066252374755, 0.35737066252374755], [0.40309302181175843, 0.3998713915509491, 0.3502943441894679, 0.37248985559619785, 0.37248985559619785, 0.37248985559619785, 0.37248985559619785, 0.37248985559619785, 0.37248985559619785, 0.37248985559619785, 0.37248985559619785, 0.37248985559619785, 0.37248985559619785, 0.31800465092593627, 0.3027352029045848, 0.37380861301126783]], "best_fitnesss": [0.37248985559619785, 0.40309302181175843, 0.40309302181175843, 0.40309302181175843, 0.40309302181175843], "prob_mutate": 0.020833333333333332}