{"num_qubits": 3, "depth": 6, "num_circuit": 8, "num_generation": 20, "current_generation": 3, "fitnessss": [[0.44656220659851453, 0.44677430190027223, 0.5767595802983522, 0.6080293409909306, 0.5015502578418132, 0.478891338837707, 0.597894219539915, 0.5426460301603744], [0.5518639535940547, 0.6127178912420406, 0.5593224563635721, 0.5834956707523171, 0.5767595802983522, 0.5426460301603744, 0.4877902605741752, 0.5219003942471901], [0.6127178912420406, 0.5834956707523171, 0.5834956707523171, 0.6127178912420406, 0.5767595802983522, 0.5593224563635721, 0.4852251684949181, 0.6560507682811967]], "best_fitnesss": [0.6080293409909306, 0.6127178912420406, 0.6560507682811967], "prob_mutate": 0.0625}