{"num_qubits": 6, "depth": 27, "num_circuit": 8, "num_generation": 10, "current_generation": 3, "fitnessss": [[0.5177711541041604, 0.5199795150307331, 0.5164468673696986, 0.4233340790096613, 0.5353875607230514, 0.550705782689934, 0.5194606802890546, 0.4917213376459874], [0.550705782689934, 0.5353875607230514, 0.5492612710438439, 0.5181791149464392, 0.5199795150307331, 0.5194606802890546, 0.5267342463139923, 0.49292943236193326], [0.550705782689934, 0.5901425481524428, 0.5754126514137223, 0.550705782689934, 0.5390798196659681, 0.5267342463139923, 0.5305713461036599, 0.5422610502968777]], "best_fitnesss": [0.550705782689934, 0.550705782689934, 0.5901425481524428], "prob_mutate": 0.013888888888888888}