{"num_qubits": 4, "depth": 24, "num_circuit": 8, "num_generation": 10, "current_generation": 1, "fitnessss": [[0.8357333287376122, 0.8918001711294693, 0.8471054633927034, 0.8336148754119936, 0.7459956193111885, 0.8301697836801099, 0.8818086944634332, 0.8938238545123275]], "best_fitnesss": [0.8938238545123275], "prob_mutate": 0.015625}