{"num_qubits": 4, "depth": 7, "num_circuit": 16, "num_generation": 50, "current_generation": 27, "fitnessss": [[0.3712702463075126, 0.319994127093691, 0.3205520543413896, 0.38114894613336203, 0.4298518270165763, 0.4170160457337067, 0.31148613998516134, 0.35733905401903643, 0.3873285314203603, 0.3422683998028805, 0.30868905560707555, 0.42628804664365266, 0.23511703807152134, 0.4421971207247989, 0.3381906164015376, 0.28695546279079787], [0.4421971207247989, 0.4298518270165763, 0.3965827573886983, 0.31394072281933777, 0.42628804664365266, 0.4170160457337067, 0.3491405346057265, 0.3813996425187384, 0.3236788248309244, 0.38114894613336203, 0.39198730569292867, 0.36385509720718956, 0.28728668318383843, 0.35733905401903643, 0.3987646856428827, 0.2429062051599923], [0.4421971207247989, 0.4298518270165763, 0.3786526843061545, 0.31394072281933777, 0.3459903127558636, 0.4170160457337067, 0.3461986093720286, 0.3813996425187384, 0.3987646856428827, 0.3965827573886983, 0.3998479073692841, 0.36920958954462574, 0.26074037586288235, 0.3813996425187384, 0.25024105468137836, 0.39898930585850734], [0.4421971207247989, 0.4298518270165763, 0.3786526843061545, 0.31394072281933777, 0.4170160457337067, 0.3998479073692841, 0.42428762741599807, 0.3353301746479239, 0.39898930585850734, 0.42797106966424636, 0.3644753057710156, 0.3403505980675732, 0.3965827573886983, 0.3813996425187384, 0.38068529502792936, 0.42428762741599807], [0.4421971207247989, 0.4298518270165763, 0.3786526843061545, 0.31394072281933777, 0.42797106966424636, 0.42428762741599807, 0.4188287469965461, 0.37458181554483366, 0.42428762741599807, 0.3710058198560523, 0.4170160457337067, 0.42428762741599807, 0.3998479073692841, 0.39898930585850734, 0.3403505980675732, 0.42428762741599807], [0.4421971207247989, 0.4298518270165763, 0.3786526843061545, 0.31394072281933777, 0.42797106966424636, 0.42428762741599807, 0.3477089976014495, 0.37458181554483366, 0.42428762741599807, 0.42428762741599807, 0.42428762741599807, 0.42428762741599807, 0.42428762741599807, 0.4188287469965461, 0.3442738819764657, 0.43835796870757127], [0.25381934611790896, 0.43835796870757127, 0.38219993732671326, 0.485818643817313, 0.4298518270165763, 0.42797106966424636, 0.36493684183890346, 0.3564615253321062, 0.42428762741599807, 0.42428762741599807, 0.42428762741599807, 0.42428762741599807, 0.42428762741599807, 0.42428762741599807, 0.42428762741599807, 0.41926561756130154], [0.485818643817313, 0.43835796870757127, 0.43835796870757127, 0.2771407510048225, 0.4298518270165763, 0.42797106966424636, 0.36493684183890346, 0.3564615253321062, 0.42428762741599807, 0.42428762741599807, 0.42428762741599807, 0.3372654253712221, 0.42428762741599807, 0.42428762741599807, 0.42428762741599807, 0.42428762741599807], [0.485818643817313, 0.42357831257568074, 0.43835796870757127, 0.485818643817313, 0.3937493642328772, 0.37391061065369147, 0.3724127617636987, 0.2525592339614131, 0.42797106966424636, 0.42428762741599807, 0.3998479073692841, 0.4044552763627105, 0.42428762741599807, 0.41015409619913346, 0.42428762741599807, 0.3860610892131342], [0.485818643817313, 0.485818643817313, 0.485818643817313, 0.485818643817313, 0.43835796870757127, 0.3991919414181998, 0.43607439817324894, 0.3998479073692841, 0.339058039574671, 0.42428762741599807, 0.42428762741599807, 0.4259703332298758, 0.34559649780355073, 0.4281000004983907, 0.36165001469532276, 0.43835796870757127], [0.485818643817313, 0.485818643817313, 0.485818643817313, 0.485818643817313, 0.5120344165802996, 0.485818643817313, 0.485818643817313, 0.485818643817313, 0.43835796870757127, 0.43835796870757127, 0.4468082365884736, 0.43835796870757127, 0.43607439817324894, 0.4281000004983907, 0.42357831257568074, 0.4428889536313603], [0.47630491186305457, 0.40772690949936496, 0.485818643817313, 0.5120344165802996, 0.485818643817313, 0.485818643817313, 0.485818643817313, 0.485818643817313, 0.485818643817313, 0.485818643817313, 0.4588918080851528, 0.485818643817313, 0.38931859910049077, 0.485818643817313, 0.485818643817313, 0.485818643817313], [0.5120344165802996, 0.40738378168460726, 0.485818643817313, 0.5120344165802996, 0.485818643817313, 0.3520437464745633, 0.485818643817313, 0.485818643817313, 0.485818643817313, 0.485818643817313, 0.485818643817313, 0.485818643817313, 0.485818643817313, 0.485818643817313, 0.485818643817313, 0.485818643817313], [0.5120344165802996, 0.5120344165802996, 0.5120344165802996, 0.5120344165802996, 0.5196131703832616, 0.4210890561217752, 0.485818643817313, 0.485818643817313, 0.485818643817313, 0.485818643817313, 0.485818643817313, 0.485818643817313, 0.3167564543193219, 0.46073123047661096, 0.485818643817313, 0.485818643817313], [0.5196131703832616, 0.5120344165802996, 0.3864933293642046, 0.5196131703832616, 0.5120344165802996, 0.5120344165802996, 0.5120344165802996, 0.5120344165802996, 0.5120344165802996, 0.485818643817313, 0.485818643817313, 0.548610881674948, 0.485818643817313, 0.485818643817313, 0.485818643817313, 0.485818643817313], [0.548610881674948, 0.5196131703832616, 0.5196131703832616, 0.548610881674948, 0.30972003594886766, 0.5120344165802996, 0.5120344165802996, 0.48860021587112856, 0.5120344165802996, 0.5120344165802996, 0.5120344165802996, 0.5120344165802996, 0.5120344165802996, 0.5120344165802996, 0.5120344165802996, 0.3115425736798997], [0.39500759915510697, 0.548610881674948, 0.548610881674948, 0.548610881674948, 0.5196131703832616, 0.5196131703832616, 0.5196131703832616, 0.4584978587044947, 0.5120344165802996, 0.4443297953142903, 0.4611121236377963, 0.5120344165802996, 0.5120344165802996, 0.5120344165802996, 0.5120344165802996, 0.5120344165802996], [0.548610881674948, 0.548610881674948, 0.548610881674948, 0.548610881674948, 0.548610881674948, 0.5196131703832616, 0.5196131703832616, 0.548610881674948, 0.5196131703832616, 0.424532240171248, 0.30972003594886766, 0.5196131703832616, 0.5120344165802996, 0.5120344165802996, 0.46289027254049275, 0.5120344165802996], [0.548610881674948, 0.3869783357851951, 0.548610881674948, 0.548610881674948, 0.47622030079835015, 0.548610881674948, 0.548610881674948, 0.548610881674948, 0.548610881674948, 0.548610881674948, 0.548610881674948, 0.548610881674948, 0.5196131703832616, 0.5196131703832616, 0.5196131703832616, 0.5196131703832616], [0.548610881674948, 0.548610881674948, 0.548610881674948, 0.548610881674948, 0.548610881674948, 0.548610881674948, 0.44431841617160756, 0.548610881674948, 0.481592021939553, 0.548610881674948, 0.548610881674948, 0.548610881674948, 0.548610881674948, 0.548610881674948, 0.548610881674948, 0.4103862371718627], [0.548610881674948, 0.46050227608398286, 0.38918095024280136, 0.548610881674948, 0.548610881674948, 0.548610881674948, 0.548610881674948, 0.4759902367111998, 0.548610881674948, 0.548610881674948, 0.548610881674948, 0.548610881674948, 0.548610881674948, 0.548610881674948, 0.548610881674948, 0.548610881674948], [0.548610881674948, 0.548610881674948, 0.548610881674948, 0.548610881674948, 0.3892923066213358, 0.548610881674948, 0.548610881674948, 0.548610881674948, 0.529500186430349, 0.5040857170759082, 0.548610881674948, 0.548610881674948, 0.548610881674948, 0.548610881674948, 0.548610881674948, 0.548610881674948], [0.548610881674948, 0.548610881674948, 0.548610881674948, 0.548610881674948, 0.548610881674948, 0.36878529704356644, 0.41670175381706115, 0.548610881674948, 0.4322510794862854, 0.4389996765024621, 0.548610881674948, 0.548610881674948, 0.548610881674948, 0.548610881674948, 0.548610881674948, 0.548610881674948], [0.548610881674948, 0.548610881674948, 0.548610881674948, 0.548610881674948, 0.43482778825601676, 0.548610881674948, 0.548610881674948, 0.548610881674948, 0.548610881674948, 0.548610881674948, 0.548610881674948, 0.548610881674948, 0.548610881674948, 0.548610881674948, 0.548610881674948, 0.548610881674948], [0.548610881674948, 0.548610881674948, 0.548610881674948, 0.548610881674948, 0.548610881674948, 0.548610881674948, 0.548610881674948, 0.548610881674948, 0.548610881674948, 0.548610881674948, 