{"num_qubits": 4, "depth": 9, "num_circuit": 16, "num_generation": 20, "current_generation": 20, "fitnessss": [[0.2580124635238814, 0.3181992941466809, 0.3708542923630376, 0.3373592375844431, 0.23529555079060016, 0.500844658724467, 0.4717769557591319, 0.3207423403417796, 0.29783197065342726, 0.3455868392552912, 0.31583407378186656, 0.3590287290247657, 0.2518392748190872, 0.22700397924215232, 0.1328202170078896, 0.41393401353149994], [0.500844658724467, 0.4717769557591319, 0.42867321160656124, 0.23260711541750168, 0.32488653406842694, 0.3708542923630376, 0.20595159648708328, 0.33640771102895406, 0.3590287290247657, 0.3455868392552912, 0.26462673163160755, 0.3856436176957323, 0.20250217273980542, 0.2539397283151905, 0.20545968745465015, 0.3826129707391014], [0.500844658724467, 0.4717769557591319, 0.42867321160656124, 0.23260711541750168, 0.44549907293540403, 0.30534910911620017, 0.4356991215079101, 0.38763280536804334, 0.3826129707391014, 0.3708542923630376, 0.6130083470498091, 0.05326383447360039, 0.3590287290247657, 0.3455868392552912, 0.3253536652134542, 0.3856436176957323], [0.6130083470498091, 0.500844658724467, 0.36451172133282506, 0.4456800630794735, 0.4717769557591319, 0.44549907293540403, 0.5285468250396931, 0.42867321160656124, 0.4356991215079101, 0.42867321160656124, 0.21937809786703433, 0.34838404951712154, 0.38763280536804334, 0.3856436176957323, 0.3856436176957323, 0.38763280536804334], [0.6130083470498091, 0.38077123808312985, 0.39806401126641333, 0.4614533576642995, 0.38441862555993966, 0.4717769557591319, 0.42867321160656124, 0.23260711541750168, 0.4456800630794735, 0.44549907293540403, 0.44549907293540403, 0.4456800630794735, 0.4356991215079101, 0.42867321160656124, 0.2646195665800575, 0.4356991215079101], [0.48972771691717887, 0.4717769557591319, 0.3541257132039768, 0.4614533576642995, 0.4614533576642995, 0.4456800630794735, 0.4614533576642995, 0.4456800630794735, 0.28313209578855525, 0.25337361356206056, 0.44549907293540403, 0.5555993094014016, 0.34707094544568784, 0.4356991215079101, 0.4356991215079101, 0.3707193641609581], [0.44807090266061667, 0.48972771691717887, 0.5397602275574374, 0.25610432024630236, 0.535950323044666, 0.4614533576642995, 0.4614533576642995, 0.4717769557591319, 0.4614533576642995, 0.4614533576642995, 0.23990478636509838, 0.4614533576642995, 0.4456800630794735, 0.4456800630794735, 0.4456800630794735, 0.4499674343055926], [0.5397602275574374, 0.535950323044666, 0.2868731781124588, 0.4776986719343326, 0.48972771691717887, 0.47284561608337883, 0.3541257132039768, 0.5230794078957495, 0.44859948862717114, 0.4614533576642995, 0.4614533576642995, 0.4614533576642995, 0.4614533576642995, 0.39631062919942794, 0.5599989085554136, 0.4614533576642995], [0.4365072673095286, 0.5163451195884952, 0.5230794078957495, 0.5815199667001861, 0.3089644213063003, 0.5230794078957495, 0.6030308429099468, 0.4717769557591319, 0.48972771691717887, 0.4776986719343326, 0.5217726018982406, 0.5733931809797991, 0.47284561608337883, 0.4614533576642995, 0.4614533576642995, 0.47284561608337883], [0.6030308429099468, 0.5815199667001861, 0.5651097498864146, 0.5397602275574374, 0.5733931809797991, 0.5273552270385633, 0.6030308429099468, 0.48181245082575974, 0.5230794078957495, 0.5217726018982406, 0.4622874444237921, 0.48972771691717887, 0.5163451195884952, 0.48972771691717887, 0.5163451195884952, 0.48972771691717887], [0.6030308429099468, 0.47182856698359776, 0.6030308429099468, 0.6030308429099468, 0.5815199667001861, 0.5733931809797991, 0.4649659466139323, 0.5651097498864146, 0.5651097498864146, 0.5397602275574374, 0.6030308429099468, 0.5815199667001861, 0.5273552270385633, 0.5230794078957495, 0.5273552270385633, 0.5230794078957495], [0.6030308429099468, 0.6030308429099468, 0.6030308429099468, 0.6030308429099468, 0.6030308429099468, 0.6030308429099468, 0.40892881548353, 0.6030308429099468, 0.5815199667001861, 0.27504970935405837, 0.5815199667001861, 0.5815199667001861, 0.5733931809797991, 0.5651097498864146, 0.5651097498864146, 0.44499596918640316], [0.6030308429099468, 0.6030308429099468, 0.6030308429099468, 0.6030308429099468, 0.6030308429099468, 0.6030308429099468, 0.6030308429099468, 0.6030308429099468, 0.6030308429099468, 0.6030308429099468, 0.6030308429099468, 0.6030308429099468, 0.6030308429099468, 0.5815199667001861, 0.5651097498864146, 0.18282138571087858], [0.6030308429099468, 0.6030308429099468, 0.6030308429099468, 0.6030308429099468, 0.6030308429099468, 0.350763761265956, 0.6030308429099468, 0.6030308429099468, 0.6030308429099468, 0.6030308429099468, 0.6030308429099468, 0.6030308429099468, 0.6030308429099468, 0.6030308429099468, 0.6030308429099468, 0.6030308429099468], [0.6030308429099468, 0.4930409710783472, 0.6030308429099468, 0.6030308429099468, 0.6430131487276919, 0.6030308429099468, 0.6030308429099468, 0.6030308429099468, 0.6030308429099468, 0.6030308429099468, 0.356802983074189, 0.6030308429099468, 0.6030308429099468, 0.6030308429099468, 0.6030308429099468, 0.6030308429099468], [0.6430131487276919, 0.6030308429099468, 0.6430131487276919, 0.6030308429099468, 0.6030308429099468, 0.6416734271796924, 0.6030308429099468, 0.6030308429099468, 0.6030308429099468, 0.6030308429099468, 0.4009147656102565, 0.6030308429099468, 0.6030308429099468, 0.6030308429099468, 0.6030308429099468, 0.6030308429099468], [0.6430131487276919, 0.6430131487276919, 0.6430131487276919, 0.6430131487276919, 0.6416734271796924, 0.6030308429099468, 0.6030308429099468, 0.6416734271796924, 0.6030308429099468, 0.6030308429099468, 0.6030308429099468, 0.6030308429099468, 0.6030308429099468, 0.6030308429099468, 0.6030308429099468, 0.6030308429099468], [0.6430131487276919, 0.6430131487276919, 0.6430131487276919, 0.41876415053493865, 0.6430131487276919, 0.5455013461596997, 0.6430131487276919, 0.5273183682590948, 0.6416734271796924, 0.6416734271796924, 0.44971834234797503, 0.6416734271796924, 0.6030308429099468, 0.6030308429099468, 0.6030308429099468, 0.6030308429099468], [0.6430131487276919, 0.5565550929879972, 0.6430131487276919, 0.6430131487276919, 0.6430131487276919, 0.26870109320265845, 0.6430131487276919, 0.6430131487276919, 0.432734223188759, 0.3096848219797721, 0.6121984691056978, 0.5243398888445143, 0.6416734271796924, 0.6416734271796924, 0.6416734271796924, 0.6416734271796924], [0.6430131487276919, 0.6430131487276919, 0.5691073497933437, 0.6430131487276919, 0.6430131487276919, 0.6430131487276919, 0.613149308964136, 0.6430131487276919, 0.6430131487276919, 0.29301128244694385, 0.2834010503865112, 0.6430131487276919, 0.6416734271796924, 0.6416734271796924, 0.6416734271796924, 0.6416734271796924]], "best_fitnesss": [0.500844658724467, 0.500844658724467, 0.6130083470498091, 0.6130083470498091, 0.6130083470498091, 0.5555993094014016, 0.5397602275574374, 0.5599989085554136, 0.6030308429099468, 0.6030308429099468, 0.6030308429099468, 0.6030308429099468, 0.6030308429099468, 0.6030308429099468, 0.6430131487276919, 0.6430131487276919, 0.6430131487276919, 0.6430131487276919, 0.6430131487276919, 0.6430131487276919], "prob_mutate": 0.020833333333333332}