{"num_qubits": 5, "depth": 22, "num_circuit": 32, "num_generation": 20, "current_generation": 2, "fitnessss": [[0.5710181042671946, 0.6712364044042546, 0.5909789740143445, 0.6073164066737635, 0.678460843566807, 0.6943742940951142, 0.6346145882736949, 0.6507173161822578, 0.616482198852856, 0.5986880651346119, 0.6625067559403769, 0.6589251583129574, 0.5720015607589664, 0.6214093002678325, 0.6383402067734731, 0.6700133954506635, 0.6200513100071732, 0.6783869906485686, 0.6545242473800842, 0.6525999729342626, 0.5969358659686312, 0.6338749595011853, 0.5710395877530589, 0.5443801306347117, 0.6645284890666944, 0.6239801693688275, 0.7034424171406579, 0.5410361721857881, 0.600354380217355, 0.6043806810382305, 0.6424223135310039, 0.5739830557852571], [0.7034424171406579, 0.6943742940951142, 0.687892706238016, 0.6774518959175169, 0.678460843566807, 0.6783869906485686, 0.7195590258125538, 0.6095273685730596, 0.6712364044042546, 0.6700133954506635, 0.6738855275095007, 0.6478089043490666, 0.6645284890666944, 0.6625067559403769, 0.6878984831905935, 0.6110140791094254, 0.6589251583129574, 0.6545242473800842, 0.6490373017414448, 0.6484642977503355, 0.6525999729342626, 0.6507173161822578, 0.6157967507173231, 0.6476625529138305, 0.6424223135310039, 0.6383402067734731, 0.6906632620058286, 0.584330484031149, 0.6346145882736949, 0.6338749595011853, 0.6277869050019689, 0.5540751599406447]], "best_fitnesss": [0.7034424171406579, 0.7195590258125538], "prob_mutate": 0.004261363636363636}