{"num_qubits": 4, "depth": 9, "num_circuit": 4, "num_generation": 10, "current_generation": 10, "fitnessss": [[0.46291555591356326, 0.45852003785246265, 0.48699379201146453, 0.2950232571205067], [0.48699379201146453, 0.4907151626459013, 0.48779158450726057, 0.4554616420517439], [0.49285853059428586, 0.5265506740087218, 0.46291555591356326, 0.44431563240916133], [0.5367277150351408, 0.5272176716542791, 0.4906411487557353, 0.4818447639879695], [0.45667112841094026, 0.5093459718496969, 0.4906411487557353, 0.4297424353056015], [0.5173271521602626, 0.5238198820509818, 0.5272176716542791, 0.4946087809815136], [0.42200140934608943, 0.5689038339097102, 0.5328194217967213, 0.5425458222469791], [0.5689038339097102, 0.5425458222469791, 0.5016651754123528, 0.48073844951177386], [0.5689038339097102, 0.3935186193619971, 0.5771313696740769, 0.5335567301583364], [0.5655244972434176, 0.48381774772076547, 0.45331453468893457, 0.4858222507338148]], "best_fitnesss": [0.48699379201146453, 0.4907151626459013, 0.5265506740087218, 0.5367277150351408, 0.5093459718496969, 0.5272176716542791, 0.5689038339097102, 0.5689038339097102, 0.5771313696740769, 0.5655244972434176], "prob_mutate": 0.08333333333333333}