{"num_qubits": 4, "depth": 22, "num_circuit": 8, "num_generation": 10, "current_generation": 9, "fitnessss": [[0.8868107847870981, 0.7774285930602833, 0.8125426930527352, 0.8518549694939702, 0.7707725304745581, 0.8096269659407183, 0.8210761032212762, 0.8124329112222407], [0.8868107847870981, 0.8518549694939702, 0.8562682000723587, 0.8671475035443793, 0.8210761032212762, 0.8125426930527352, 0.7951010298929464, 0.8221681818048981], [0.8868107847870981, 0.8267259327387106, 0.8761123079187214, 0.8671475035443793, 0.8562682000723587, 0.7679189423128703, 0.8562682000723587, 0.8182232148996818], [0.8868107847870981, 0.8761123079187214, 0.8438819295132927, 0.8761123079187214, 0.8671475035443793, 0.8255628624778637, 0.8518549694939702, 0.8868107847870981], [0.8868107847870981, 0.8868107847870981, 0.8618645468216629, 0.8868107847870981, 0.8649569234346988, 0.8574874408155024, 0.8525981827337648, 0.8761123079187214], [0.8868107847870981, 0.8658571994528618, 0.8868107847870981, 0.8868107847870981, 0.8868107847870981, 0.8761123079187214, 0.8868107847870981, 0.8761123079187214], [0.8868107847870981, 0.8868107847870981, 0.8423250323157376, 0.8868107847870981, 0.8489903202843397, 0.8868107847870981, 0.8609679773783927, 0.8868107847870981], [0.8526601342612462, 0.8868107847870981, 0.8868107847870981, 0.8868107847870981, 0.8868107847870981, 0.8868107847870981, 0.8240165756192095, 0.8868107847870981], [0.8878596963730365, 0.8868107847870981, 0.8868107847870981, 0.8868107847870981, 0.8653300516669497, 0.8868107847870981, 0.8868107847870981, 0.876518808445287]], "best_fitnesss": [0.8868107847870981, 0.8868107847870981, 0.8868107847870981, 0.8868107847870981, 0.8868107847870981, 0.8868107847870981, 0.8868107847870981, 0.8868107847870981, 0.8878596963730365], "prob_mutate": 0.017045454545454544}