{"num_qubits": 5, "depth": 25, "num_circuit": 8, "num_generation": 40, "current_generation": 3, "fitnessss": [[0.6359563191215181, 0.698799530553038, 0.6749590660392654, 0.6349204208373637, 0.6482070402941325, 0.6311381563290235, 0.7364836075295015, 0.7268783385219966], [0.7364836075295015, 0.7268783385219966, 0.6973985594126002, 0.6645888120131016, 0.7105898024517882, 0.6749590660392654, 0.7209275217149886, 0.6745095971848084], [0.7364836075295015, 0.7268783385219966, 0.7543651037118986, 0.6645888120131016, 0.7209275217149886, 0.6730587566169085, 0.7105898024517882, 0.7322562481153806]], "best_fitnesss": [0.7364836075295015, 0.7364836075295015, 0.7543651037118986], "prob_mutate": 0.015}