{"num_qubits": 2, "depth": 5, "num_circuit": 32, "num_generation": 40, "current_generation": 1, "fitnessss": [[0.6419154067258906, 0.6432405755472775, 0.5932061399448416, 0.776830258832464, 0.5174406953551842, 0.7149109746625626, 0.44541966115438747, 0.8871138636749635, 0.5062158406992893, 0.8311769538706443, 0.8632759920251907, 0.7224438289770302, 0.8180368463963104, 0.5447831395508709, 0.6448563144601664, 0.7311365688143285, 0.6682143190482088, 0.7469358258055164, 0.5483819839589475, 0.6189989555511893, 0.5080493887696864, 0.7635668331204455, 0.8638574041450531, 0.7607456437603213, 0.5168727223664635, 0.8442422322450429, 0.8821461383394389, 0.40872324548871075, 0.8375418817914305, 0.5741884224045346, 0.4101179492900159, 0.8764766455938267]], "best_fitnesss": [0.8871138636749635], "prob_mutate": 0.01875}