{"num_qubits": 3, "depth": 9, "num_circuit": 32, "num_generation": 20, "current_generation": 2, "fitnessss": [[0.5351459140551776, 0.44067383516453057, 0.6226206833157103, 0.7455830053033441, 0.5795719795755446, 0.4167707976201166, 0.5082653247460349, 0.613193136735083, 0.54062187459204, 0.6653937167574504, 0.61467297179203, 0.4939098689310966, 0.44664563529206297, 0.49443237538370993, 0.6949016501861646, 0.6347061301801384, 0.5638823306251268, 0.4153515233796609, 0.6026312673228275, 0.5974809235351942, 0.5360623016117223, 0.626435696988045, 0.5427852025142539, 0.6393451865320378, 0.5559336530585354, 0.44276983388750957, 0.632069850127672, 0.5370231176165532, 0.7727125173318538, 0.6379837622662082, 0.6035975404376461, 0.5430872563440546], [0.7727125173318538, 0.7455830053033441, 0.6043553845497672, 0.534309901956132, 0.6949016501861646, 0.6653937167574504, 0.6707563978740094, 0.7789637597941556, 0.6393451865320378, 0.6379837622662082, 0.5531571235191077, 0.6584282649849011, 0.6347061301801384, 0.632069850127672, 0.6849569652200446, 0.6152593523379766, 0.626435696988045, 0.6226206833157103, 0.5940095671023239, 0.6577054169736832, 0.61467297179203, 0.613193136735083, 0.5734257425295632, 0.6044884053634658, 0.6465406398106487, 0.6026312673228275, 0.6740564267947475, 0.64001705855751, 0.5974809235351942, 0.5795719795755446, 0.480461755476973, 0.5822282812217776]], "best_fitnesss": [0.7727125173318538, 0.7789637597941556], "prob_mutate": 0.010416666666666666}