{"num_qubits": 5, "depth": 18, "num_circuit": 8, "num_generation": 10, "current_generation": 2, "fitnessss": [[0.5560024553350221, 0.5649065096658876, 0.5071632321791397, 0.472081082132069, 0.5953272381168494, 0.5756475010060246, 0.4610180807055563, 0.5280849228386815], [0.6635351736014979, 0.5756475010060246, 0.5499353541184306, 0.5172013827077893, 0.5629874337692448, 0.5560024553350221, 0.5862062885301639, 0.511976746315925]], "best_fitnesss": [0.5953272381168494, 0.6635351736014979], "prob_mutate": 0.020833333333333332}