{"num_qubits": 4, "depth": 16, "num_circuit": 8, "num_generation": 10, "current_generation": 1, "fitnessss": [[0.6838701601069449, 0.7281342781123872, 0.72905682039008, 0.7384296095308647, 0.5898645362658902, 0.7017454253072851, 0.6717229138091878, 0.7078710437555527]], "best_fitnesss": [0.7384296095308647], "prob_mutate": 0.0234375}