{"num_qubits": 3, "depth": 7, "num_circuit": 4, "num_generation": 30, "current_generation": 5, "fitnessss": [[0.5996826303944778, 0.3357028942874171, 0.5416704633325319, 0.5605104348108543], [0.5996826303944778, 0.3713322238230441, 0.3772149498244159, 0.3978978380184125], [0.5168912481495713, 0.40841005246232465, 0.518257453426121, 0.47757988491335485], [0.518257453426121, 0.5168912481495713, 0.5168912481495713, 0.5890472885619576], [0.6510692819078161, 0.518257453426121, 0.6231242123581291, 0.49749235841677875]], "best_fitnesss": [0.5996826303944778, 0.5996826303944778, 0.518257453426121, 0.5890472885619576, 0.6510692819078161], "prob_mutate": 0.10714285714285714}