{"num_qubits": 4, "depth": 15, "num_circuit": 32, "num_generation": 20, "current_generation": 1, "fitnessss": [[0.7076, 0.5441, 0.6985, 0.7332699999999999, 0.67699, 0.55289, 0.56525, 0.5011, 0.67545, 0.6062, 0.6325000000000001, 0.59634, 0.6386899999999999, 0.62008, 0.6377900000000001, 0.52471, 0.58599, 0.6668200000000001, 0.59788, 0.6556, 0.70353, 0.6381300000000001, 0.73519, 0.69804, 0.58981, 0.70421, 0.5184199999999999, 0.65333, 0.7304199999999998, 0.52943, 0.71461, 0.46370999999999996]], "best_fitnesss": [0.73519], "prob_mutate": 0.00625}