{"num_qubits": 2, "depth": 3, "num_circuit": 16, "num_generation": 10, "current_generation": 8, "fitnessss": [[0.6381926497765493, 0.5682982967919781, 0.6496591755567058, 0.42103542463314725, 0.2718499088647586, 0.6157785653435596, 0.5103266819088265, 0.13516436141463467, 0.13516436141463467, 0.6877188478504148, 0.6556867837340314, 0.4730477646840458, 0.6917903880035692, 0.43600721665877157, 0.5153286997962168, 0.31727857443526325], [0.6917903880035692, 0.6877188478504148, 0.6539079277895921, 0.635903072442949, 0.6556867837340314, 0.575295629541803, 0.7434383679226728, 0.6008505421867575, 0.6381926497765493, 0.6157785653435596, 0.6382975037887537, 0.6423778334888852, 0.2675801853614475, 0.5153286997962168, 0.6018284312224198, 0.2675801853614475], [0.7434383679226728, 0.6917903880035692, 0.6917903880035692, 0.7434383679226728, 0.6877188478504148, 0.6556867837340314, 0.674874130582299, 0.2679891851553655, 0.6539079277895921, 0.6423778334888852, 0.36510081148045864, 0.628310224831392, 0.6382975037887537, 0.4868811728347652, 0.6381926497765493, 0.6382975037887537], [0.7434383679226728, 0.7434383679226728, 0.7495567499631002, 0.6496591755567058, 0.6917903880035692, 0.6917903880035692, 0.6917903880035692, 0.6917903880035692, 0.6877188478504148, 0.674874130582299, 0.674874130582299, 0.6877188478504148, 0.6556867837340314, 0.6539079277895921, 0.6539079277895921, 0.6170487119590857], [0.7495567499631002, 0.7224555561592843, 0.7434383679226728, 0.7495567499631002, 0.7434383679226728, 0.6917903880035692, 0.6917903880035692, 0.7434383679226728, 0.6917903880035692, 0.6917903880035692, 0.6975904559024148, 0.6917903880035692, 0.6917903880035692, 0.6877188478504148, 0.6539079277895921, 0.635903072442949], [0.7495567499631002, 0.7495567499631002, 0.7495567499631002, 0.7495567499631002, 0.7434383679226728, 0.7434383679226728, 0.7434383679226728, 0.7434383679226728, 0.7434383679226728, 0.5088961663350158, 0.7224555561592843, 0.7434383679226728, 0.6975904559024148, 0.6917903880035692, 0.6917903880035692, 0.6975904559024148], [0.7495567499631002, 0.7495567499631002, 0.7495567499631002, 0.7495567499631002, 0.7495567499631002, 0.7495567499631002, 0.7495567499631002, 0.7495567499631002, 0.7231119691429584, 0.7434383679226728, 0.7434383679226728, 0.7434383679226728, 0.7434383679226728, 0.7434383679226728, 0.7434383679226728, 0.7434383679226728], [0.7495567499631002, 0.6132833901795457, 0.7495567499631002, 0.7495567499631002, 0.7495567499631002, 0.7166020136107901, 0.7495567499631002, 0.7495567499631002, 0.8156162572709386, 0.8015470878458821, 0.7495567499631002, 0.7495567499631002, 0.7495567499631002, 0.7495567499631002, 0.7495567499631002, 0.7495567499631002]], "best_fitnesss": [0.6917903880035692, 0.7434383679226728, 0.7434383679226728, 0.7495567499631002, 0.7495567499631002, 0.7495567499631002, 0.7495567499631002, 0.8156162572709386], "prob_mutate": 0.0625}