{"num_qubits": 4, "depth": 9, "num_circuit": 16, "num_generation": 20, "current_generation": 20, "fitnessss": [[0.4543209730218257, 0.17266994300071836, 0.362159009571675, 0.36535985009531036, 0.5911467144369663, 0.35611560476379345, 0.2667771506811276, 0.5861608693731968, 0.3987100132882766, 0.43890064512980165, 0.33152532839219107, 0.18003001132781138, 0.048605147706682894, 0.41069277301577556, 0.2284571292057226, 0.43169013759987795], [0.5911467144369663, 0.5861608693731968, 0.3801550063777728, 0.4544399322058721, 0.16239034721636103, 0.3407995050357503, 0.46462092984937264, 0.3406205252196559, 0.43169013759987795, 0.41069277301577556, 0.32887035478500304, 0.3103965948318569, 0.18626540937891245, 0.36535985009531036, 0.26649630004676783, 0.22234546588070292], [0.5911467144369663, 0.5861608693731968, 0.283944805609601, 0.27641903075380136, 0.46462092984937264, 0.4544399322058721, 0.3111778481194418, 0.39078061810244447, 0.43169013759987795, 0.41069277301577556, 0.32887035478500304, 0.3103965948318569, 0.3801550063777728, 0.36535985009531036, 0.23229660157616816, 0.34292857019022693], [0.5911467144369663, 0.5861608693731968, 0.283944805609601, 0.4544399322058721, 0.46462092984937264, 0.4208666896305079, 0.3111778481194418, 0.42615146290321904, 0.1784024914756881, 0.41069277301577556, 0.19870040218776563, 0.3103965948318569, 0.39078061810244447, 0.3801550063777728, 0.5049160622277916, 0.3220914721331992], [0.5911467144369663, 0.5861608693731968, 0.283944805609601, 0.4544399322058721, 0.5049160622277916, 0.46462092984937264, 0.3547036787950265, 0.28662142123557743, 0.4544399322058721, 0.33008606811858054, 0.4493988960426054, 0.4544399322058721, 0.4208666896305079, 0.41069277301577556, 0.19912590455344148, 0.22854948884001125], [0.5495506943766592, 0.5860159800140667, 0.283944805609601, 0.4544399322058721, 0.5049160622277916, 0.46462092984937264, 0.3441319029306972, 0.473941879771969, 0.4544399322058721, 0.4544399322058721, 0.4544399322058721, 0.4544399322058721, 0.4544399322058721, 0.4493988960426054, 0.4493988960426054, 0.4544399322058721], [0.5860159800140667, 0.5495506943766592, 0.3491446778893188, 0.283944805609601, 0.5049160622277916, 0.471072813861504, 0.4144181461880925, 0.28409084297972276, 0.46462092984937264, 0.4544399322058721, 0.18047598884664084, 0.42615146290321904, 0.4544399322058721, 0.4544399322058721, 0.43509054025747695, 0.4544399322058721], [0.5860159800140667, 0.5495506943766592, 0.3491446778893188, 0.3595300760204845, 0.5049160622277916, 0.471072813861504, 0.4144181461880925, 0.33726002561046964, 0.37415655740825193, 0.4544399322058721, 0.3111778481194418, 0.42615146290321904, 0.4544399322058721, 0.4544399322058721, 0.4544399322058721, 0.4544399322058721], [0.5860159800140667, 0.6238048539981367, 0.3491446778893188, 0.43799934660120343, 0.5049160622277916, 0.471072813861504, 0.4144181461880925, 0.33726002561046964, 0.4544399322058721, 0.4544399322058721, 0.4544399322058721, 0.4544399322058721, 0.3315419485871438, 0.4146670157666543, 0.4544399322058721, 0.4225932861175934], [0.6238048539981367, 0.5860159800140667, 0.283944805609601, 0.3915423174991677, 0.4669234155057369, 0.471072813861504, 0.4144181461880925, 0.33726002561046964, 0.4544399322058721, 0.5009228119887689, 0.4544399322058721, 0.4544399322058721, 0.31801667644866394, 0.3044404735698203, 0.4544399322058721, 0.4544399322058721], [0.6238048539981367, 0.5860159800140667, 0.283944805609601, 0.3915423174991677, 0.5009228119887689, 0.471072813861504, 0.4144181461880925, 0.16103330938263127, 0.4669234155057369, 0.4544399322058721, 0.4708466817880861, 0.3742606600976891, 0.4544399322058721, 0.4266157299711726, 0.42727211961533484, 0.44751385673353006], [0.6238048539981367, 0.5860159800140667, 0.283944805609601, 0.3915423174991677, 0.5009228119887689, 0.471072813861504, 0.4144181461880925, 0.16103330938263127, 0.4708466817880861, 0.4669234155057369, 0.4669234155057369, 0.4708466817880861, 0.4544399322058721, 0.5458020689114212, 0.4544399322058721, 0.4544399322058721], [0.4687879858249676, 0.5860159800140667, 0.283944805609601, 0.528097491681398, 0.5458020689114212, 0.30516122684255453, 0.5009228119887689, 0.5458020689114212, 0.471072813861504, 0.4708466817880861, 0.23410353161570696, 0.4728012217295453, 0.4708466817880861, 0.4669234155057369, 0.4669234155057369, 0.4708466817880861], [0.5860159800140667, 0.4780623155208673, 0.28537316284449366, 0.5861608693731968, 0.5458020689114212, 0.3682796907655692, 0.5278594351053109, 0.5464017181025437, 0.5009228119887689, 0.4728012217295453, 0.4178058549992236, 0.32054826972125616, 0.3563978651715668, 0.4708466817880861, 0.23410353161570696, 0.3743685934217156], [0.5861608693731968, 0.5860159800140667, 0.5861608693731968, 0.4273997420820539, 0.5464017181025437, 0.5458020689114212, 0.4002782976429985, 0.5458020689114212, 0.5278594351053109, 0.5009228119887689, 0.2573166942143461, 0.5278594351053109, 0.4384451356922253, 0.4728012217295453, 0.4178058549992236, 0.6213832230012855], [0.6213832230012855, 0.5861608693731968, 0.5030669068937513, 0.4780623155208673, 0.5861608693731968, 0.5860159800140667, 0.5861608693731968, 0.5860159800140667, 0.38939139556170876, 0.5458020689114212, 0.5464017181025437, 0.5458020689114212, 0.5458020689114212, 0.5278594351053109, 0.5278594351053109, 0.5458020689114212], [0.6213832230012855, 0.5861608693731968, 0.5030669068937513, 0.4780623155208673, 0.5861608693731968, 0.5861608693731968, 0.5861608693731968, 0.5861608693731968, 0.5860159800140667, 0.5860159800140667, 0.5860159800140667, 0.5860159800140667, 0.5464017181025437, 0.5458020689114212, 0.5464017181025437, 0.5458020689114212], [0.6213832230012855, 0.5861608693731968, 0.5030669068937513, 0.4780623155208673, 0.5861608693731968, 0.5861608693731968, 0.5308790944559034, 0.5861608693731968, 0.5861608693731968, 0.5861608693731968, 0.5861608693731968, 0.5861608693731968, 0.5860159800140667, 0.5860159800140667, 0.5860159800140667, 0.5860159800140667], [0.6213832230012855, 0.5861608693731968, 0.5030669068937513, 0.4780623155208673, 0.5861608693731968, 0.5861608693731968, 0.5861608693731968, 0.5861608693731968, 0.5861608693731968, 0.5861608693731968, 0.2931586814312592, 0.5861608693731968, 0.5283986355139317, 0.4737212194886713, 0.5861608693731968, 0.5861608693731968], [0.6213832230012855, 0.5861608693731968, 0.5030669068937513, 0.4780623155208673, 0.3618584698968197, 0.5861608693731968, 0.5861608693731968, 0.5861608693731968, 0.5861608693731968, 0.5861608693731968, 0.5861608693731968, 0.5861608693731968, 0.41440287301720524, 0.5861608693731968, 0.5861608693731968, 0.47125531868799264]], "best_fitnesss": [0.5911467144369663, 0.5911467144369663, 0.5911467144369663, 0.5911467144369663, 0.5911467144369663, 0.5860159800140667, 0.5860159800140667, 0.5860159800140667, 0.6238048539981367, 0.6238048539981367, 0.6238048539981367, 0.6238048539981367, 0.5860159800140667, 0.5861608693731968, 0.6213832230012855, 0.6213832230012855, 0.6213832230012855, 0.6213832230012855, 0.6213832230012855, 0.6213832230012855], "prob_mutate": 0.020833333333333332}