{"num_qubits": 5, "depth": 14, "num_circuit": 16, "num_generation": 40, "current_generation": 9, "fitnessss": [[0.41294118671022695, 0.4368984328278648, 0.41453798815650805, 0.37864423261746216, 0.4249674223170169, 0.39807966335908407, 0.4024825806992721, 0.40326683637580996, 0.4679673509795694, 0.4224234687259985, 0.39739596585142806, 0.39285174744205453, 0.44000654441274756, 0.4720809323681358, 0.44895950460573647, 0.39688227678807664], [0.4720809323681358, 0.4679673509795694, 0.4058940555497312, 0.5161388534746962, 0.4064956542323424, 0.44000654441274756, 0.4421223219355369, 0.475221753419648, 0.4368984328278648, 0.4249674223170169, 0.42734305662145144, 0.40838638227902563, 0.4224234687259985, 0.41453798815650805, 0.5229046010284699, 0.4032636399736444], [0.5229046010284699, 0.5161388534746962, 0.47831474704537913, 0.4485706586765702, 0.5046374895097321, 0.4720809323681358, 0.4743601288666935, 0.4217690530553675, 0.4679673509795694, 0.4421223219355369, 0.48393770775928713, 0.4053256749151883, 0.44000654441274756, 0.4368984328278648, 0.49240556232374555, 0.42205570551866334], [0.5229046010284699, 0.5161388534746962, 0.47831474704537913, 0.4485706586765702, 0.5046374895097321, 0.49240556232374555, 0.49240556232374555, 0.501219256294157, 0.48393770775928713, 0.47831474704537913, 0.5161388534746962, 0.5073431635284165, 0.4743601288666935, 0.4720809323681358, 0.4743601288666935, 0.4720809323681358], [0.5229046010284699, 0.5161388534746962, 0.5766914081334519, 0.4485706586765702, 0.5161388534746962, 0.5073431635284165, 0.48393770775928713, 0.47831474704537913, 0.5046374895097321, 0.501219256294157, 0.501219256294157, 0.5046374895097321, 0.45267717931016344, 0.49240556232374555, 0.49240556232374555, 0.4487873327357089], [0.5766914081334519, 0.5229046010284699, 0.5097469307761316, 0.47831474704537913, 0.5161388534746962, 0.5161388534746962, 0.4798792320168393, 0.5161388534746962, 0.5073431635284165, 0.5046374895097321, 0.48905983065506203, 0.4280920698102674, 0.4953465214073655, 0.501219256294157, 0.501219256294157, 0.5046374895097321], [0.5766914081334519, 0.5229046010284699, 0.5097469307761316, 0.47831474704537913, 0.5161388534746962, 0.5161388534746962, 0.5161388534746962, 0.49958299496590286, 0.46126508863957316, 0.5097469307761316, 0.4485706586765702, 0.477332395726987, 0.5073431635284165, 0.5046374895097321, 0.46615103717628636, 0.4310275498875735], [0.5766914081334519, 0.5229046010284699, 0.5097469307761316, 0.47831474704537913, 0.5161388534746962, 0.48222245398085184, 0.5161388534746962, 0.5161388534746962, 0.5161388534746962, 0.5097469307761316, 0.46345471953129114, 0.5766914081334519, 0.5097469307761316, 0.49995406112272434, 0.5101991522820504, 0.5229046010284699], [0.5766914081334519, 0.5766914081334519, 0.5766914081334519, 0.5766914081334519, 0.5229046010284699, 0.43672672320086425, 0.5229046010284699, 0.49677391385776665, 0.5161388534746962, 0.5161388534746962, 0.5161388534746962, 0.5161388534746962, 0.5161388534746962, 0.5161388534746962, 0.49984553719475217, 0.5161388534746962]], "best_fitnesss": [0.4720809323681358, 0.5229046010284699, 0.5229046010284699, 0.5229046010284699, 0.5766914081334519, 0.5766914081334519, 0.5766914081334519, 0.5766914081334519, 0.5766914081334519], "prob_mutate": 0.013392857142857142}