{"num_qubits": 4, "depth": 29, "num_circuit": 32, "num_generation": 30, "current_generation": 1, "fitnessss": [[0.930161292156123, 0.9022858264511162, 0.9159942957442955, 0.9318717600494054, 0.895190077479467, 0.9102794880270626, 0.8997436206449596, 0.8524387108873098, 0.9525469998594115, 0.9146402492078908, 0.9256381411750502, 0.9200644265273855, 0.9046192723183124, 0.9140472802547999, 0.9097737208238488, 0.942971912412337, 0.9304861199854217, 0.9365068601345202, 0.8699582929660652, 0.8550257574576822, 0.9129345079160889, 0.8166928606551048, 0.8925176988540786, 0.8443087472196644, 0.9080569767692884, 0.8875574058142455, 0.9031037224038277, 0.9230898919904165, 0.9160844589522641, 0.8938351501023576, 0.897769764291608, 0.9066222030946308]], "best_fitnesss": [0.9525469998594115], "prob_mutate": 0.003232758620689655}