{"num_qubits": 4, "depth": 27, "num_circuit": 4, "num_generation": 30, "current_generation": 3, "fitnessss": [[0.898048517072362, 0.8818779095290148, 0.8784710398570249, 0.9262055940980192], [0.9262055940980192, 0.8785034846504802, 0.923823650090891, 0.874009867747862], [0.8984975691547288, 0.923823650090891, 0.9351228865365627, 0.911919180074268]], "best_fitnesss": [0.9262055940980192, 0.9262055940980192, 0.9351228865365627], "prob_mutate": 0.027777777777777776}