{
    "num_qubits": 4,
    "depth": 15,
    "num_circuit": 16,
    "num_generation": 50,
    "current_generation": 2,
    "fitnessss": [
        [
            0.58196,
            0.54915,
            0.74119,
            0.68488,
            0.5753,
            0.7517100000000001,
            0.5265600000000001,
            0.7376700000000002,
            0.5047999999999999,
            0.59517,
            0.56857,
            0.66472,
            0.6799,
            0.6910299999999999,
            0.6751199999999999,
            0.5745
        ],
        [
            0.74871,
            0.73772,
            0.71094,
            0.73268,
            0.7486900000000001,
            0.68936,
            0.7636199999999999,
            0.6752,
            0.68541,
            0.67595,
            0.6509799999999999,
            0.6210199999999999,
            0.67303,
            0.67057,
            0.7138500000000001,
            0.6783300000000001
        ]
    ],
    "best_fitnesss": [
        0.7517100000000001,
        0.7636199999999999
    ],
    "prob_mutate": 0.0125
}