{"num_qubits": 4, "depth": 15, "num_circuit": 16, "num_generation": 10, "current_generation": 1, "fitnessss": [[0.603172246401632, 0.7514973041103248, 0.643455987732781, 0.5939306467960815, 0.5422475509836125, 0.6667682738078882, 0.7026692140213705, 0.6191771247828676, 0.6374458734663104, 0.682299212460488, 0.6992966239245734, 0.723540275921657, 0.6838538034140663, 0.5260971381638042, 0.6361562389739468, 0.6955769098428128]], "best_fitnesss": [0.7514973041103248], "prob_mutate": 0.0125}