{"num_qubits": 4, "depth": 9, "num_circuit": 16, "num_generation": 20, "current_generation": 20, "fitnessss": [[0.4267066488822058, 0.22241702964326748, 0.23913395238823398, 0.4035129056028659, 0.31773906468616653, 0.3653886656893428, 0.1387214167028039, 0.30956509006817845, 0.45314057898605287, 0.23995653054139798, 0.0761657960642953, 0.2266147378251221, 0.34807622905409896, 0.21848845485273982, 0.1912744999974334, 0.1803293341040162], [0.45314057898605287, 0.4267066488822058, 0.4371828003337661, 0.4084472830148156, 0.4035129056028659, 0.3653886656893428, 0.2946737592223204, 0.27195502568103613, 0.34807622905409896, 0.40848529623734087, 0.08357510364957932, 0.34246622896895995, 0.30956509006817845, 0.23995653054139798, 0.30787613852715134, 0.3583741529844454], [0.45314057898605287, 0.4371828003337661, 0.4834537795881817, 0.44720899686608306, 0.4267066488822058, 0.40848529623734087, 0.2680557150167, 0.3975026490498407, 0.4084472830148156, 0.37829329148769975, 0.2199117527439337, 0.21413689021730176, 0.3653886656893428, 0.3583741529844454, 0.352832849607828, 0.2255432565823432], [0.4834537795881817, 0.33850437736439265, 0.4163868203466967, 0.4834537795881817, 0.44720899686608306, 0.20376944842487466, 0.3353664751418086, 0.44720899686608306, 0.4267066488822058, 0.3185377947593363, 0.23240788715696714, 0.4304905032422177, 0.4084472830148156, 0.43444591325675286, 0.35564006839122886, 0.4287573661299877], [0.4834537795881817, 0.4834537795881817, 0.4834537795881817, 0.4834537795881817, 0.41138491899543905, 0.44720899686608306, 0.44720899686608306, 0.3069215536412605, 0.43444591325675286, 0.4304905032422177, 0.4304905032422177, 0.43444591325675286, 0.4287573661299877, 0.4267066488822058, 0.4304905032422177, 0.4084472830148156], [0.4834537795881817, 0.4834537795881817, 0.4834537795881817, 0.4834537795881817, 0.4834537795881817, 0.4834537795881817, 0.4834537795881817, 0.1493134153283494, 0.44720899686608306, 0.44720899686608306, 0.44720899686608306, 0.44720899686608306, 0.18017738868213207, 0.43444591325675286, 0.43444591325675286, 0.43444591325675286], [0.4834537795881817, 0.4834537795881817, 0.4834537795881817, 0.4224222768621444, 0.4834537795881817, 0.5328523913129445, 0.2791911165852128, 0.4151852181876744, 0.4834537795881817, 0.4834537795881817, 0.4834537795881817, 0.5062659517410331, 0.4834537795881817, 0.44720899686608306, 0.45314057898605287, 0.4371828003337661], [0.5328523913129445, 0.15017107954241948, 0.5328523913129445, 0.5062659517410331, 0.4834537795881817, 0.2735101871562349, 0.4834537795881817, 0.38318239747299054, 0.4834537795881817, 0.4834537795881817, 0.4834537795881817, 0.4834537795881817, 0.4834537795881817, 0.2584637828767854, 0.4013868470633286, 0.4834537795881817], [0.5328523913129445, 0.39533031837381816, 0.5328523913129445, 0.5328523913129445, 0.5062659517410331, 0.4834537795881817, 0.4588014977478374, 0.4834537795881817, 0.4834537795881817, 0.4834537795881817, 0.44198053964578676, 0.4834537795881817, 0.4834537795881817, 0.4834537795881817, 0.26459643276614886, 0.4834537795881817], [0.5328523913129445, 0.49643356733726274, 0.5328523913129445, 0.5328523913129445, 0.5328523913129445, 0.5062659517410331, 0.43241018996121694, 0.5062659517410331, 0.4834537795881817, 0.4834537795881817, 0.4834537795881817, 0.4834537795881817, 0.4834537795881817, 0.4834537795881817, 0.42586067974354813, 0.4834537795881817], [0.5328523913129445, 0.5328523913129445, 0.5328523913129445, 0.45734619753439265, 0.5328523913129445, 0.5328523913129445, 0.4548580383607169, 0.4485155545304641, 0.5062659517410331, 0.5062659517410331, 0.3706855070909182, 0.5062659517410331, 0.4255287358588954, 0.4834537795881817, 0.49643356733726274, 0.4834537795881817], [0.5328523913129445, 0.5328523913129445, 0.5328523913129445, 0.5328523913129445, 0.3480294264780298, 0.5328523913129445, 0.5328523913129445, 0.5328523913129445, 0.5328523913129445, 0.5062659517410331, 0.5328523913129445, 0.5062659517410331, 0.5062659517410331, 0.5062659517410331, 0.5186527632652943, 0.5062659517410331], [0.5328523913129445, 0.5328523913129445, 0.5328523913129445, 0.5328523913129445, 0.5328523913129445, 0.5328523913129445, 0.5328523913129445, 0.5328523913129445, 0.5328523913129445, 0.5328523913129445, 0.5328523913129445, 0.5328523913129445, 0.5328523913129445, 0.5328523913129445, 0.49650149830423884, 0.5328523913129445], [0.5328523913129445, 0.5328523913129445, 0.5328523913129445, 0.5328523913129445, 0.33081642544613676, 0.5328523913129445, 0.5328523913129445, 0.4386534893861924, 0.5328523913129445, 0.5328523913129445, 0.5328523913129445, 0.5328523913129445, 0.5328523913129445, 0.5328523913129445, 0.5328523913129445, 0.5328523913129445], [0.5298525264840507, 0.49347178588950547, 0.39521804484898904, 0.5328523913129445, 0.5328523913129445, 0.5328523913129445, 0.5328523913129445, 0.5328523913129445, 0.3436231158677543, 0.5328523913129445, 0.3199094226971564, 0.5328523913129445, 0.38562545569677975, 0.5328523913129445, 0.5328523913129445, 0.4519664155590978], [0.5328523913129445, 0.5328523913129445, 0.39805317860420053, 0.5328523913129445, 0.5328523913129445, 0.5328523913129445, 0.5328523913129445, 0.5328523913129445, 0.5328523913129445, 0.5328523913129445, 0.5328523913129445, 0.5328523913129445, 0.5328523913129445, 0.47839012191268737, 0.5328523913129445, 0.3588945254406143], [0.42706226494480637, 0.5328523913129445, 0.4789138344373429, 0.5328523913129445, 0.5328523913129445, 0.5328523913129445, 0.5328523913129445, 0.5328523913129445, 0.5328523913129445, 0.5328523913129445, 0.5328523913129445, 0.42901924498664656, 0.5328523913129445, 0.5328523913129445, 0.5328523913129445, 0.5328523913129445], [0.5057787228204318, 0.5328523913129445, 0.5328523913129445, 0.5328523913129445, 0.5328523913129445, 0.5328523913129445, 0.5328523913129445, 0.5328523913129445, 0.5328523913129445, 0.34910372796470734, 0.5328523913129445, 0.5328523913129445, 0.5328523913129445, 0.5328523913129445, 0.5328523913129445, 0.5328523913129445], [0.4544786998546809, 0.5328523913129445, 0.5271680826549808, 0.5328523913129445, 0.5328523913129445, 0.5328523913129445, 0.5328523913129445, 0.5328523913129445, 0.4548580383607169, 0.5328523913129445, 0.5328523913129445, 0.5328523913129445, 0.5328523913129445, 0.5328523913129445, 0.5328523913129445, 0.3743188684841262], [0.5328523913129445, 0.5328523913129445, 0.5328523913129445, 0.5328523913129445, 0.5328523913129445, 0.5328523913129445, 0.5328523913129445, 0.5314485545593312, 0.5328523913129445, 0.5328523913129445, 0.5328523913129445, 0.5328523913129445, 0.5328523913129445, 0.5328523913129445, 0.5328523913129445, 0.5328523913129445]], "best_fitnesss": [0.45314057898605287, 0.45314057898605287, 0.4834537795881817, 0.4834537795881817, 0.4834537795881817, 0.4834537795881817, 0.5328523913129445, 0.5328523913129445, 0.5328523913129445, 0.5328523913129445, 0.5328523913129445, 0.5328523913129445, 0.5328523913129445, 0.5328523913129445, 0.5328523913129445, 0.5328523913129445, 0.5328523913129445, 0.5328523913129445, 0.5328523913129445, 0.5328523913129445], "prob_mutate": 0.020833333333333332}