{"num_qubits": 4, "depth": 23, "num_circuit": 4, "num_generation": 10, "current_generation": 4, "fitnessss": [[0.8935176993247987, 0.8555528182595122, 0.8155277760921822, 0.8325434736131185], [0.8935176993247987, 0.8555528182595122, 0.8033258959645165, 0.8902091618222429], [0.8935176993247987, 0.8887582753446199, 0.88601871635517, 0.8833610827824081], [0.8935176993247987, 0.8887582753446199, 0.8362813641424467, 0.9021203720889763]], "best_fitnesss": [0.8935176993247987, 0.8935176993247987, 0.8935176993247987, 0.9021203720889763], "prob_mutate": 0.03260869565217391}