{"num_qubits": 5, "depth": 26, "num_circuit": 4, "num_generation": 10, "current_generation": 3, "fitnessss": [[0.66804108993476, 0.6586472998738333, 0.7459940189404891, 0.692688369227696], [0.7459940189404891, 0.7192615093486594, 0.71558414287412, 0.6559462315797838], [0.7019728083145533, 0.7192615093486594, 0.7711134184677085, 0.7293183238423384]], "best_fitnesss": [0.7459940189404891, 0.7459940189404891, 0.7711134184677085], "prob_mutate": 0.028846153846153848}