{"num_qubits": 6, "depth": 39, "num_circuit": 32, "num_generation": 30, "current_generation": 2, "fitnessss": [[0.6237501246855823, 0.6985675489468769, 0.6701991840323386, 0.7120176615359266, 0.6869267133324761, 0.6660460629309604, 0.7211868530617931, 0.7480907187856654, 0.7340802636869036, 0.6731445758701307, 0.6663565979449328, 0.7190947107655528, 0.6334577827049795, 0.6864184537619435, 0.6608031577877842, 0.7509506220856428, 0.697262556775447, 0.7208519877979545, 0.7191973378604108, 0.7319064984071015, 0.6562697092567199, 0.7265077672960706, 0.7236138978313224, 0.6533983085601192, 0.683251037753707, 0.7206703486365148, 0.6704111937706134, 0.625906625374533, 0.7075731392605241, 0.7431665663085874, 0.7200616144296395, 0.7238278758562519], [0.7509506220856428, 0.7480907187856654, 0.7354435075176811, 0.739990018843243, 0.7431665663085874, 0.7192224122134072, 0.7179342960017141, 0.7422845968133661, 0.7319064984071015, 0.7265077672960706, 0.6779506048880842, 0.7704189060402005, 0.7238278758562519, 0.7236138978313224, 0.7517706321920696, 0.653332936199852, 0.7211868530617931, 0.7208519877979545, 0.7252782402882254, 0.6926273387748162, 0.7276671098768377, 0.7200616144296395, 0.719249166038453, 0.75079132679073, 0.7191973378604108, 0.7190947107655528, 0.7391554675969699, 0.6802565233322869, 0.7120176615359266, 0.7075731392605241, 0.7129035954011476, 0.6995011050055895]], "best_fitnesss": [0.7509506220856428, 0.7704189060402005], "prob_mutate": 0.002403846153846154}