{"num_qubits": 4, "depth": 8, "num_circuit": 4, "num_generation": 40, "current_generation": 40, "fitnessss": [[0.32517981792577866, 0.43502216513373276, 0.2501400425302112, 0.4121488419965161], [0.3920662024646147, 0.4121488419965161, 0.4890945917218533, 0.44660872287624775], [0.4890945917218533, 0.37264606400978034, 0.3310557043673208, 0.4121488419965161], [0.42440665053396476, 0.46486614963845707, 0.4890945917218533, 0.38993155572578786], [0.4890945917218533, 0.46486614963845707, 0.37306547255688055, 0.4464444962890509], [0.4890945917218533, 0.46486614963845707, 0.41034434129743713, 0.4364649953264491], [0.4890945917218533, 0.4429580644408393, 0.3464859655688807, 0.46486614963845707], [0.4890945917218533, 0.47423063649456554, 0.5228843748411476, 0.46486614963845707], [0.5228843748411476, 0.4258158222023852, 0.4496805636264517, 0.48288136734752773], [0.48203153813609995, 0.4399451133123226, 0.48742039722252395, 0.41829271938683127], [0.48742039722252395, 0.4619763633787784, 0.402373922573943, 0.4424281756018572], [0.49318144274506637, 0.44101002113247495, 0.4851712671724724, 0.4816630665806282], [0.49318144274506637, 0.4851712671724724, 0.5294115467111615, 0.47402534735457086], [0.5294115467111615, 0.44762631555488674, 0.5045361279675971, 0.5047247734592439], [0.557048786549754, 0.4578102527885444, 0.5294115467111615, 0.4425386851176949], [0.557048786549754, 0.5294115467111615, 0.5684481680784457, 0.48271681257962956], [0.5684481680784457, 0.557048786549754, 0.557048786549754, 0.3858565946733757], [0.5684481680784457, 0.39426214800031, 0.557048786549754, 0.5684481680784457], [0.4861229129599881, 0.5401693311568967, 0.33657249447816484, 0.4287403210612707], [0.5401693311568967, 0.5606728971687629, 0.5125759990253282, 0.32871619253320794], [0.4795397796933364, 0.5145410807931243, 0.4390478220172135, 0.4845503237279343], [0.5145410807931243, 0.4845503237279343, 0.4470983038561999, 0.4425935190184112], [0.33628454489594234, 0.4845503237279343, 0.4470983038561999, 0.5401693311568967], [0.2795622677437825, 0.42713473428001547, 0.44841305421168753, 0.5401693311568967], [0.4833110640156736, 0.42108461007864484, 0.5347480470333464, 0.4885091470809181], [0.5347480470333464, 0.4885091470809181, 0.47872636349459813, 0.4832721007952404], [0.5347480470333464, 0.5057138792465439, 0.4177865385499072, 0.44841305421168753], [0.5347480470333464, 0.4283583768786901, 0.47872636349459813, 0.44659815097450667], [0.4184567451580343, 0.47872636349459813, 0.471151023587551, 0.40610504261146324], [0.47872636349459813, 0.471151023587551, 0.471151023587551, 0.4502088886462719], [0.466450164708092, 0.43038171736768727, 0.471151023587551, 0.47872636349459813], [0.47872636349459813, 0.47304566961020944, 0.5047270521480198, 0.4748565782662803], [0.428528110271472, 0.49200441663025735, 0.5171490783414244, 0.44876697753884376], [0.4769616767399441, 0.49200441663025735, 0.47575430923375295, 0.39033526184912576], [0.4836357965920599, 0.4769616767399441, 0.5064855820325226, 0.45199922165752565], [0.37873734833428496, 0.48977475844977675, 0.49898162026041726, 0.4523031126270854], [0.49898162026041726, 0.48977475844977675, 0.49898162026041726, 0.5073835993138202], [0.46227595886630385, 0.5123422831065367, 0.45785767296980184, 0.5188966634809489], [0.5188966634809489, 0.54020271184428, 0.5123422831065367, 0.5763513052375957], [0.5763513052375957, 0.5456777108485117, 0.5454412526537271, 0.5399718748138123]], "best_fitnesss": [0.43502216513373276, 0.4890945917218533, 0.4890945917218533, 0.4890945917218533, 0.4890945917218533, 0.4890945917218533, 0.4890945917218533, 0.5228843748411476, 0.5228843748411476, 0.48742039722252395, 0.48742039722252395, 0.49318144274506637, 0.5294115467111615, 0.5294115467111615, 0.557048786549754, 0.5684481680784457, 0.5684481680784457, 0.5684481680784457, 0.5401693311568967, 0.5606728971687629, 0.5145410807931243, 0.5145410807931243, 0.5401693311568967, 0.5401693311568967, 0.5347480470333464, 0.5347480470333464, 0.5347480470333464, 0.5347480470333464, 0.47872636349459813, 0.47872636349459813, 0.47872636349459813, 0.5047270521480198, 0.5171490783414244, 0.49200441663025735, 0.5064855820325226, 0.49898162026041726, 0.5073835993138202, 0.5188966634809489, 0.5763513052375957, 0.5763513052375957], "prob_mutate": 0.09375}