{"num_qubits": 4, "depth": 4, "num_circuit": 16, "num_generation": 20, "current_generation": 2, "fitnessss": [[0.2885929435267035, 0.11399774266653251, 0.29608239118487734, 0.19987500976409944, 0.23645563324715702, 0.1517075975820601, 0.1398837287901129, 0.13524569963486155, 0.06271669170949168, 0.1345521390632478, 0.13536134715130854, 0.0646925639128062, 0.2965087065215377, 0.14665364593267294, 0.13022991543741858, 0.1331666826892265], [0.13166826615630356, 0.2883821250137122, 0.21215483754737696, 0.13115018559016767, 0.29586933030864215, 0.2325366458260043, 0.13195622230212367, 0.2881713689377198, 0.19787781479378097, 0.15365491671540976, 0.06533428435616617, 0.10177953708457521, 0.1508239287403348, 0.1386057813056788, 0.2889444466147528, 0.13495664848517563]], "prob_mutate": 0.046875}