{"num_qubits": 4, "depth": 25, "num_circuit": 8, "num_generation": 40, "current_generation": 1, "fitnessss": [[0.9030207236170685, 0.8663197188700655, 0.866721055825858, 0.8801727666904675, 0.8891002105843688, 0.8504259357198716, 0.8596613585827576, 0.8366637901319921]], "best_fitnesss": [0.9030207236170685], "prob_mutate": 0.015}