{"num_qubits": 5, "depth": 29, "num_circuit": 16, "num_generation": 10, "current_generation": 3, "fitnessss": [[0.7259801168942432, 0.7584849583460205, 0.7006896500361842, 0.7716553131808493, 0.7485520477357916, 0.7099306987292201, 0.7309908091677092, 0.6649245680992001, 0.7422825340505999, 0.7685361194816053, 0.7108821261383386, 0.7453226593176383, 0.7369591876250279, 0.8345364566747733, 0.7838596634642434, 0.7935675172611105], [0.7879506360987992, 0.7935675172611105, 0.8234437363089061, 0.7884063971620157, 0.7838596634642434, 0.7716553131808493, 0.774453479248799, 0.8247676613424682, 0.7829624148121617, 0.7584849583460205, 0.7474286664578612, 0.7573995889413855, 0.7485520477357916, 0.7453226593176383, 0.7904696127483352, 0.7238993331285787], [0.8247676613424682, 0.8234437363089061, 0.8015893731402306, 0.8448175193751275, 0.7935675172611105, 0.7904696127483352, 0.7788191993254657, 0.7971335035551388, 0.8335999349600701, 0.7879506360987992, 0.7884063971620157, 0.7879506360987992, 0.7899796719024055, 0.7829624148121617, 0.7827808395528443, 0.7451104831310194]], "best_fitnesss": [0.8345364566747733, 0.8247676613424682, 0.8448175193751275], "prob_mutate": 0.00646551724137931}