{"num_qubits": 5, "depth": 38, "num_circuit": 32, "num_generation": 10, "current_generation": 2, "fitnessss": [[0.8051792956630589, 0.8076198089274756, 0.8408705624519941, 0.9006755181482147, 0.8512907520235317, 0.8411477927946178, 0.8322460144932882, 0.8539455531399254, 0.8233175232316281, 0.8570625694044758, 0.850311426437966, 0.877963858566831, 0.8495913602243566, 0.8345879810923889, 0.8407073676148469, 0.8864482149489545, 0.8933600658341778, 0.8587682597730097, 0.8784233334194613, 0.7886567257788275, 0.8535456562172119, 0.864693402148405, 0.8652644987484338, 0.8181476860833294, 0.8654217850359334, 0.8984024123541635, 0.8644340321196718, 0.8498297762279119, 0.8731856820460792, 0.8430524048869655, 0.8307915421424573, 0.8829368787197159], [0.9006755181482147, 0.8984024123541635, 0.8852589206150012, 0.9037260151619902, 0.8933600658341778, 0.8864482149489545, 0.8983652574696533, 0.9007938483204517, 0.8840144899690031, 0.8784233334194613, 0.8741168167501968, 0.8548661442391872, 0.877963858566831, 0.8731856820460792, 0.883814163890728, 0.8565084639661039, 0.8654217850359334, 0.8652644987484338, 0.876285464619124, 0.8520210148480363, 0.864693402148405, 0.8644340321196718, 0.8837827076058421, 0.8046607077660937, 0.8587682597730097, 0.847412849489676, 0.8349165639368354, 0.899160085320702, 0.8539455531399254, 0.8535456562172119, 0.8764228330876792, 0.8209831452301156]], "best_fitnesss": [0.9006755181482147, 0.9037260151619902], "prob_mutate": 0.0024671052631578946}