{"num_qubits": 4, "depth": 19, "num_circuit": 4, "num_generation": 30, "current_generation": 3, "fitnessss": [[0.8275658497432307, 0.5720867311150115, 0.8149845211221795, 0.7464059523753217], [0.8275658497432307, 0.8241588204462846, 0.7810477542697447, 0.8120681869801217], [0.8275658497432307, 0.8241588204462846, 0.7880592269284528, 0.8581610978471963]], "best_fitnesss": [0.8275658497432307, 0.8275658497432307, 0.8581610978471963], "prob_mutate": 0.039473684210526314}