{"num_qubits": 4, "depth": 21, "num_circuit": 8, "num_generation": 40, "current_generation": 1, "fitnessss": [[0.7865970718715076, 0.7667865993974414, 0.8057558839552754, 0.8471754663483415, 0.8367037079804958, 0.7537267604566138, 0.8418376624432609, 0.831071886844617]], "best_fitnesss": [0.8471754663483415], "prob_mutate": 0.017857142857142856}