{"num_qubits": 4, "depth": 13, "num_circuit": 8, "num_generation": 50, "current_generation": 2, "fitnessss": [[0.6064418084533219, 0.5647341965060807, 0.6590647607747483, 0.7008327664919694, 0.6005974465789571, 0.6004439218382748, 0.6243029740395478, 0.5399135398579561], [0.7106673895774109, 0.6590647607747483, 0.7790840859755528, 0.6238974489539941, 0.6360964024826964, 0.6064418084533219, 0.5610704117409577, 0.7193622960828996]], "best_fitnesss": [0.7008327664919694, 0.7790840859755528], "prob_mutate": 0.028846153846153848}