{"num_qubits": 4, "depth": 13, "num_circuit": 32, "num_generation": 10, "current_generation": 2, "fitnessss": [[0.59235594739536, 0.6240862967975018, 0.5835643192598203, 0.5097704230159047, 0.6020948651378663, 0.5990100206683675, 0.4416103270358064, 0.46490391256200675, 0.5947480150217456, 0.5530656584515319, 0.4834365472147578, 0.5238141673454842, 0.4368876264253682, 0.5763110238872404, 0.6423567846635626, 0.5167854781197609, 0.589758139710935, 0.6087640791298224, 0.5791836267666931, 0.6454275313353272, 0.6218851508726806, 0.4852642008699428, 0.5819708089312388, 0.4894139450559865, 0.673197794762043, 0.6432976161981133, 0.5966873948501997, 0.5461536041423942, 0.5173368423764885, 0.41424587073749286, 0.5188762625273734, 0.5782202446739151], [0.673197794762043, 0.6454275313353272, 0.6390980254080775, 0.606019039052258, 0.6432976161981133, 0.6423567846635626, 0.6527487975173499, 0.63539373968367, 0.6240862967975018, 0.705250467694763, 0.5437379088386048, 0.6636811277473662, 0.6087640791298224, 0.6020948651378663, 0.542431785836674, 0.640864986733743, 0.5990100206683675, 0.5966873948501997, 0.582870434990903, 0.5617411303597588, 0.5947480150217456, 0.59235594739536, 0.6303531156573986, 0.5234330376522188, 0.589758139710935, 0.5835643192598203, 0.6079925750992567, 0.5719393553541356, 0.5819708089312388, 0.5791836267666931, 0.5879493295001581, 0.676224230279221]], "best_fitnesss": [0.673197794762043, 0.705250467694763], "prob_mutate": 0.007211538461538462}