{"num_qubits": 6, "depth": 26, "num_circuit": 8, "num_generation": 30, "current_generation": 2, "fitnessss": [[0.5715454052564806, 0.5066836378443067, 0.5404420079645218, 0.5354999232242232, 0.5067743327321308, 0.48750487963756817, 0.53816620289766, 0.5408056989392461], [0.5715454052564806, 0.5408056989392461, 0.6005875709333438, 0.5333237657107142, 0.5404420079645218, 0.5330051333960857, 0.4970658337770783, 0.5760942515252703]], "best_fitnesss": [0.5715454052564806, 0.6005875709333438], "prob_mutate": 0.014423076923076924}