{"num_qubits": 10, "depth": 4, "num_circuit": 16, "num_generation": 20, "current_generation": 4, "fitnessss": [[0.03781498660600624, 0.12290251397008323, 0.023066020654414987, 0.003004513550838639, 0.004761335156235003, 0.03165088939990246, 0.036620531669892764, 0.05527781861544079, 0.0062193400956124245, 0.06795922835961732, 0.29211582868381636, 0.03170252504718363, 0.06463910708219145, 0.07972830098932193, 0.08032614476652644, 0.03843876950035052], [0.28760965756124957, 0.1218200639959941, 0.13195622230212367, 0.2907045749477867, 0.10702743603176701, 0.07690737192847219, 0.015215759671185602, 0.13362825530838096, 0.06506684730939183, 0.0598404390743027, 0.06399786325030221, 0.015215759671185602, 0.05654888838901673, 0.01724875985832508, 0.07037642026463209, 0.13703997775099686], [0.2894368430603793, 0.29367146454358795, 0.29352990155279746, 0.2939546756758459, 0.13264770709935858, 0.13339743826826822, 0.29225710883118017, 0.07102206700051261, 0.04579876336277999, 0.11219371482287877, 0.13132284478064005, 0.11580545127217612, 0.11163070741948766, 0.07717824039525378, 0.016943541804439355, 0.13063241376273982], [0.2959403434367227, 0.29042266101572833, 0.29148041664326596, 0.2941671585991482, 0.08070679323732632, 0.29225710883118017, 0.25267142433866485, 0.0633570584262112, 0.29338836692281955, 0.1356505336381586, 0.13345513676440268, 0.1340323331671095, 0.13074744751597078, 0.1152966598910119, 0.13472547708834048, 0.032115709394971104]], "prob_mutate": 0.046875}