{"num_qubits": 4, "depth": 23, "num_circuit": 4, "num_generation": 30, "current_generation": 12, "fitnessss": [[0.8148517553083068, 0.7790184117178527, 0.8414260727647338, 0.7090393937418312], [0.7916983911561285, 0.7885311625282019, 0.7812429623869964, 0.8343574048194107], [0.8343574048194107, 0.7916983911561285, 0.8236771391718551, 0.8036696813083676], [0.8343574048194107, 0.8236771391718551, 0.8069619673995525, 0.8343574048194107], [0.8343574048194107, 0.8343574048194107, 0.8343574048194107, 0.8235680192535673], [0.8107446852389846, 0.7863112606784556, 0.8158016693182202, 0.8343574048194107], [0.8343574048194107, 0.8175189046955665, 0.8343574048194107, 0.8158016693182202], [0.805115330285941, 0.8343574048194107, 0.8389545912640106, 0.8219482895563484], [0.8389545912640106, 0.8343574048194107, 0.8343574048194107, 0.7904552684326869], [0.8389545912640106, 0.8343574048194107, 0.7879364443633726, 0.8389545912640106], [0.7677763630114048, 0.8389545912640106, 0.8389545912640106, 0.8316940327718662], [0.8515847856111487, 0.8145672625671903, 0.8389545912640106, 0.8821408451481968]], "best_fitnesss": [0.8414260727647338, 0.8343574048194107, 0.8343574048194107, 0.8343574048194107, 0.8343574048194107, 0.8343574048194107, 0.8343574048194107, 0.8389545912640106, 0.8389545912640106, 0.8389545912640106, 0.8389545912640106, 0.8821408451481968], "prob_mutate": 0.03260869565217391}