{"num_qubits": 4, "depth": 9, "num_circuit": 16, "num_generation": 20, "current_generation": 20, "fitnessss": [[0.4010958525861641, 0.36609810410327315, 0.36600845961097384, 0.26189941404052086, 0.2854519046844961, 0.5201160841753516, 0.26648685525050686, 0.245832985023536, 0.2779783759690442, 0.20897512263500695, 0.25388383058574715, 0.4774764921398982, 0.3310357533863335, 0.3649921423741739, 0.14248004271904813, 0.17385781643420017], [0.5201160841753516, 0.4774764921398982, 0.4147380257619272, 0.15622467840288257, 0.4010958525861641, 0.19280526145028143, 0.34796439546713964, 0.2630801240974081, 0.36600845961097384, 0.3649921423741739, 0.2181087063683007, 0.13011485464980832, 0.3310357533863335, 0.3028054040761411, 0.1599593781597186, 0.3440408430834926], [0.5201160841753516, 0.24095470334729163, 0.37567555393917185, 0.1769294965447077, 0.4147380257619272, 0.4010958525861641, 0.39823741333168194, 0.4675435087384744, 0.36600845961097384, 0.3649921423741739, 0.25669408949778805, 0.3285903679579283, 0.34796439546713964, 0.3440408430834926, 0.34576222050543814, 0.2907599239289993], [0.5201160841753516, 0.5000350964260667, 0.24648272171274, 0.31386566599845234, 0.4147380257619272, 0.4010958525861641, 0.39823741333168194, 0.4675435087384744, 0.39823741333168194, 0.37567555393917185, 0.4147380257619272, 0.42474323249693025, 0.36600845961097384, 0.3607156791701117, 0.2371175743297368, 0.3285903679579283], [0.5201160841753516, 0.5000350964260667, 0.36852992443963917, 0.17154897328733176, 0.4675435087384744, 0.42474323249693025, 0.4010958525861641, 0.37567555393917185, 0.4147380257619272, 0.4147380257619272, 0.37607592525010214, 0.4147380257619272, 0.4010958525861641, 0.39823741333168194, 0.4010958525861641, 0.39823741333168194], [0.5201160841753516, 0.5000350964260667, 0.36852992443963917, 0.17154897328733176, 0.4675435087384744, 0.42474323249693025, 0.4010958525861641, 0.3418129006308426, 0.4147380257619272, 0.4147380257619272, 0.4147380257619272, 0.4147380257619272, 0.4147380257619272, 0.4010958525861641, 0.39823741333168194, 0.4675435087384744], [0.5201160841753516, 0.5000350964260667, 0.36852992443963917, 0.17154897328733176, 0.5258431000406653, 0.4675435087384744, 0.4675435087384744, 0.4675435087384744, 0.42474323249693025, 0.4147380257619272, 0.37567555393917185, 0.39823741333168194, 0.4147380257619272, 0.4147380257619272, 0.4147380257619272, 0.48026331841700376], [0.5258431000406653, 0.5201160841753516, 0.35153288835512986, 0.24648272171274, 0.5000350964260667, 0.48026331841700376, 0.29472740239449846, 0.28431026251907254, 0.4675435087384744, 0.4675435087384744, 0.4675435087384744, 0.4675435087384744, 0.4675435087384744, 0.42474323249693025, 0.4010958525861641, 0.37567555393917185], [0.5258431000406653, 0.35783739226602784, 0.32447997285244, 0.24648272171274, 0.5000350964260667, 0.48026331841700376, 0.393772948596925, 0.29190952538099546, 0.4341177442019488, 0.4675435087384744, 0.4675435087384744, 0.4675435087384744, 0.4675435087384744, 0.4675435087384744, 0.4675435087384744, 0.4675435087384744], [0.5258431000406653, 0.5000350964260667, 0.4401421067683393, 0.26376570451705184, 0.23082899328742823, 0.2159440552600158, 0.4147380257619272, 0.4443249944814437, 0.4675435087384744, 0.4675435087384744, 0.4675435087384744, 0.4675435087384744, 0.4675435087384744, 0.4675435087384744, 0.4675435087384744, 0.4675435087384744], [0.5258431000406653, 0.5000350964260667, 0.4401421067683393, 0.5022950982942215, 0.4675435087384744, 0.43483139409561256, 0.4675435087384744, 0.4675435087384744, 0.371840612957969, 0.4675435087384744, 0.4675435087384744, 0.4675435087384744, 0.4675435087384744, 0.380401617703483, 0.3866770182417165, 0.4675435087384744], [0.5258431000406653, 0.5022950982942215, 0.3387729166524325, 0.5022950982942215, 0.5000350964260667, 0.6284190702025978, 0.26376570451705184, 0.4146146933949606, 0.4675435087384744, 0.4675435087384744, 0.4675435087384744, 0.4675435087384744, 0.4675435087384744, 0.4675435087384744, 0.4675435087384744, 0.23802569845224342], [0.6284190702025978, 0.27870612039389, 0.6284190702025978, 0.3910883238806474, 0.5295201970668719, 0.5022950982942215, 0.5022950982942215, 0.5022950982942215, 0.5000350964260667, 0.4675435087384744, 0.3598405893933262, 0.4451309550224748, 0.4675435087384744, 0.4675435087384744, 0.2889534565707582, 0.4675435087384744], [0.6284190702025978, 0.6284190702025978, 0.6284190702025978, 0.6284190702025978, 0.5295201970668719, 0.5022950982942215, 0.5022950982942215, 0.5295201970668719, 0.366766669887327, 0.5022950982942215, 0.5022950982942215, 0.5022950982942215, 0.5000350964260667, 0.4675435087384744, 0.26376570451705184, 0.4146146933949606], [0.6284190702025978, 0.6284190702025978, 0.6284190702025978, 0.6284190702025978, 0.6284190702025978, 0.3473347037065475, 0.2536877258864201, 0.6284190702025978, 0.5295201970668719, 0.5295201970668719, 0.5295201970668719, 0.5295201970668719, 0.5022950982942215, 0.310812960555342, 0.5022950982942215, 0.333629165698751], [0.4308383645513427, 0.6284190702025978, 0.6284190702025978, 0.6284190702025978, 0.6284190702025978, 0.6284190702025978, 0.6284190702025978, 0.6284190702025978, 0.6284190702025978, 0.6284190702025978, 0.6284190702025978, 0.4051164572372292, 0.5295201970668719, 0.5295201970668719, 0.5295201970668719, 0.3799618569238692], [0.6284190702025978, 0.6284190702025978, 0.6284190702025978, 0.6284190702025978, 0.6284190702025978, 0.6284190702025978, 0.6284190702025978, 0.6284190702025978, 0.6284190702025978, 0.5338912185579362, 0.3790137405910545, 0.5144910551673499, 0.5919407090817799, 0.6284190702025978, 0.6284190702025978, 0.6284190702025978], [0.6284190702025978, 0.6284190702025978, 0.5922317804310546, 0.6284190702025978, 0.6284190702025978, 0.6284190702025978, 0.6284190702025978, 0.6284190702025978, 0.6284190702025978, 0.6284190702025978, 0.45819360896755834, 0.6284190702025978, 0.6284190702025978, 0.6284190702025978, 0.6284190702025978, 0.6284190702025978], [0.6284190702025978, 0.6284190702025978, 0.6284190702025978, 0.38338502734614266, 0.2805096254831658, 0.6284190702025978, 0.6284190702025978, 0.4332849827784172, 0.3755136124833214, 0.6284190702025978, 0.6284190702025978, 0.6284190702025978, 0.6284190702025978, 0.6284190702025978, 0.6284190702025978, 0.6284190702025978], [0.5055419026999096, 0.6284190702025978, 0.6284190702025978, 0.6284190702025978, 0.6284190702025978, 0.6284190702025978, 0.6284190702025978, 0.43521452135697736, 0.6284190702025978, 0.6284190702025978, 0.6284190702025978, 0.6284190702025978, 0.6284190702025978, 0.6284190702025978, 0.6284190702025978, 0.6284190702025978]], "best_fitnesss": [0.5201160841753516, 0.5201160841753516, 0.5201160841753516, 0.5201160841753516, 0.5201160841753516, 0.5201160841753516, 0.5258431000406653, 0.5258431000406653, 0.5258431000406653, 0.5258431000406653, 0.5258431000406653, 0.6284190702025978, 0.6284190702025978, 0.6284190702025978, 0.6284190702025978, 0.6284190702025978, 0.6284190702025978, 0.6284190702025978, 0.6284190702025978, 0.6284190702025978], "prob_mutate": 0.020833333333333332}