{"num_qubits": 4, "depth": 23, "num_circuit": 8, "num_generation": 40, "current_generation": 6, "fitnessss": [[0.8018213266384935, 0.7831003038601537, 0.8726059666166934, 0.7480924604406886, 0.8631473393562313, 0.7628052255809882, 0.7923409769882443, 0.6873092783915359], [0.8559039094431048, 0.8631473393562313, 0.8409412212886342, 0.8254598877297333, 0.8018213266384935, 0.7923409769882443, 0.849933919524226, 0.7750634249794063], [0.8631473393562313, 0.8331407222692698, 0.8137410828546638, 0.8409412212886342, 0.849933919524226, 0.8409412212886342, 0.7969024592617949, 0.8713530734836679], [0.7806223946718663, 0.8631473393562313, 0.8409412212886342, 0.8694030729815946, 0.849933919524226, 0.8409412212886342, 0.827250293482517, 0.8713530734836679], [0.8713530734836679, 0.8694030729815946, 0.8713530734836679, 0.8694030729815946, 0.8631473393562313, 0.8338829245548867, 0.8694030729815946, 0.8233408591005956], [0.8713530734836679, 0.8713530734836679, 0.8713530734836679, 0.8713530734836679, 0.8783432975106518, 0.8692752317174273, 0.8694030729815946, 0.8676886265834138]], "best_fitnesss": [0.8726059666166934, 0.8631473393562313, 0.8713530734836679, 0.8713530734836679, 0.8713530734836679, 0.8783432975106518], "prob_mutate": 0.016304347826086956}