{"num_qubits": 5, "depth": 10, "num_circuit": 4, "num_generation": 30, "current_generation": 8, "fitnessss": [[0.2680150960008899, 0.31603628383220944, 0.3006244116556235, 0.28568089041681183], [0.2780247006576278, 0.2960547651400914, 0.33073825043549376, 0.3900360300363555], [0.36517865431898544, 0.3228925677454289, 0.3625279524909149, 0.24593858162739846], [0.2787695812095283, 0.34486997245619866, 0.3625279524909149, 0.36559802785360307], [0.3347370212637649, 0.3625279524909149, 0.29629285805508276, 0.36517865431898544], [0.382025548058146, 0.30911112617561065, 0.23266644937880532, 0.3362937303273016], [0.3500194767269997, 0.3167728138084665, 0.382025548058146, 0.35686196401434617], [0.382025548058146, 0.35686196401434617, 0.35846490189685853, 0.3335608659274472]], "best_fitnesss": [0.31603628383220944, 0.3900360300363555, 0.36517865431898544, 0.36559802785360307, 0.36517865431898544, 0.382025548058146, 0.382025548058146, 0.382025548058146], "prob_mutate": 0.075}