{"num_qubits": 6, "depth": 23, "num_circuit": 8, "num_generation": 20, "current_generation": 4, "fitnessss": [[0.48583424872248715, 0.45405435776402897, 0.47539532006576446, 0.4467078713346838, 0.4789420494930523, 0.4768472156151577, 0.4591413330496835, 0.46283566523790964], [0.48583424872248715, 0.481794945437054, 0.474772412272194, 0.4879177621568817, 0.4768472156151577, 0.4765369529904662, 0.4108529549662812, 0.5092320772421131], [0.5092320772421131, 0.4879177621568817, 0.48820714021728817, 0.47728220071633043, 0.48583424872248715, 0.4880788035627618, 0.45741918825644684, 0.4879177621568817], [0.5092320772421131, 0.48820714021728817, 0.47368701289719883, 0.48791275165441084, 0.4880788035627618, 0.4879177621568817, 0.48923876719776704, 0.481794945437054]], "best_fitnesss": [0.48583424872248715, 0.5092320772421131, 0.5092320772421131, 0.5092320772421131], "prob_mutate": 0.016304347826086956}