{"num_qubits": 3, "depth": 9, "num_circuit": 32, "num_generation": 30, "current_generation": 3, "fitnessss": [[0.6667939495522008, 0.5549552071448222, 0.6776782893488481, 0.6001170574661077, 0.7494976833195838, 0.5206273665800512, 0.6090168163809339, 0.797193219314331, 0.5955607100028614, 0.6159075026796839, 0.6245465450592953, 0.7247117984698658, 0.7459032261671856, 0.5426893614504817, 0.75830676792554, 0.41247442623956426, 0.5714746700612996, 0.6513268132261347, 0.5167517469793548, 0.5744158346228978, 0.7278416121507003, 0.70501346328557, 0.6215371925163639, 0.7350843863774899, 0.3711236658651969, 0.6010406233278088, 0.6090818995746771, 0.7045881494407304, 0.6229133677807083, 0.6688602750104276, 0.7010789217559334, 0.5865993947608642], [0.797193219314331, 0.75830676792554, 0.6922298038510337, 0.7156858865266591, 0.7494976833195838, 0.7459032261671856, 0.7523386474199975, 0.6984566562484531, 0.7350843863774899, 0.7278416121507003, 0.7533558415820014, 0.6708413393117705, 0.7247117984698658, 0.70501346328557, 0.5393002344619516, 0.7880318521176957, 0.7045881494407304, 0.7010789217559334, 0.7263664464464851, 0.750228836581148, 0.6776782893488481, 0.6688602750104276, 0.730148084262851, 0.44988490993365754, 0.6667939495522008, 0.6513268132261347, 0.620204878369432, 0.5905721828922632, 0.6245465450592953, 0.6229133677807083, 0.6604077271655819, 0.5319071197921439], [0.7085009408548902, 0.7880318521176957, 0.8331281847562753, 0.7670819304406784, 0.75830676792554, 0.7533558415820014, 0.7902326766463939, 0.7185425762991487, 0.7523386474199975, 0.750228836581148, 0.727378253469346, 0.7250523184486245, 0.7494976833195838, 0.7459032261671856, 0.7341078858130057, 0.6475742109674687, 0.7147468726712625, 0.6627029679294036, 0.757322302400738, 0.7833451625795118, 0.7278416121507003, 0.7263664464464851, 0.6718185082207866, 0.7310458925748728, 0.7247117984698658, 0.7156858865266591, 0.5780436185813571, 0.7510891033809642, 0.70501346328557, 0.7045881494407304, 0.8139870242337842, 0.7213606010290925]], "best_fitnesss": [0.797193219314331, 0.797193219314331, 0.8331281847562753], "prob_mutate": 0.010416666666666666}