{"num_qubits": 6, "depth": 30, "num_circuit": 32, "num_generation": 10, "current_generation": 2, "fitnessss": [[0.5881364026858169, 0.5250972448663049, 0.5884539638717898, 0.6016895231121289, 0.5722409778172314, 0.5688471473065916, 0.5779670732474134, 0.49794668939155795, 0.634615184945599, 0.5984568336103859, 0.6044002041599859, 0.5910765278814918, 0.5736796577573109, 0.5706455866138958, 0.5684071432644611, 0.5886569819578138, 0.5565351327928972, 0.6211769717943121, 0.5459912455430727, 0.5962865026559248, 0.5586630602143245, 0.5351713289486489, 0.6205658427967979, 0.5417889319477486, 0.5976074657029983, 0.5919852038452966, 0.6334926448879654, 0.5929682073747269, 0.6328987325494813, 0.5451015373570128, 0.49919019574598417, 0.5598060932459769], [0.634615184945599, 0.6334926448879654, 0.608180848488506, 0.6103241904996717, 0.6328987325494813, 0.6211769717943121, 0.6057385675808633, 0.6377483060048602, 0.6205658427967979, 0.6044002041599859, 0.5735290598649311, 0.6040764453424512, 0.6016895231121289, 0.5984568336103859, 0.6251235374640389, 0.5582670606482013, 0.5976074657029983, 0.6071013164384406, 0.5464421788141334, 0.5953883709044199, 0.5929682073747269, 0.5919852038452966, 0.6080147315744362, 0.6152394429436301, 0.5910765278814918, 0.5886569819578138, 0.5745586184499544, 0.5457037906507168, 0.5884539638717898, 0.6455710818496082, 0.6237243174140297, 0.6194152867543151]], "best_fitnesss": [0.634615184945599, 0.6455710818496082], "prob_mutate": 0.003125}