{"num_qubits": 5, "depth": 29, "num_circuit": 4, "num_generation": 20, "current_generation": 2, "fitnessss": [[0.7983007553146872, 0.7752762977280612, 0.75647789750963, 0.7898538379753064], [0.7898461234273965, 0.7250698567119038, 0.8084248504283316, 0.7349464968439261]], "best_fitnesss": [0.7983007553146872, 0.8084248504283316], "prob_mutate": 0.02586206896551724}