{"num_qubits": 4, "depth": 7, "num_circuit": 8, "num_generation": 30, "current_generation": 1, "fitnessss": [[0.246740490489919, 0.44244658397871284, 0.29032070017418665, 0.32834015066150746, 0.2725240023035656, 0.3954484987732112, 0.40419766261935325, 0.3802677942358498]], "best_fitnesss": [0.44244658397871284], "prob_mutate": 0.05357142857142857}