{"num_qubits": 6, "depth": 33, "num_circuit": 16, "num_generation": 30, "current_generation": 1, "fitnessss": [[0.5376261336518195, 0.6277830167244564, 0.6202547836983674, 0.5925136010346606, 0.5464690870563897, 0.5039962513781532, 0.629562194545726, 0.6338658494129332, 0.6328290633069872, 0.6186934534755434, 0.6293173341794022, 0.6339620072016408, 0.6263536609479914, 0.6396519962907892, 0.6051110219497993, 0.6277494424911383]], "best_fitnesss": [0.6396519962907892], "prob_mutate": 0.005681818181818182}