{
    "num_qubits": 2,
    "depth": 3,
    "num_circuit": 4,
    "num_generation": 20,
    "current_generation": 20,
    "fitnessss": [
        [
            0.4889652249462387,
            0.5813007450025902,
            0.6060996573841722,
            0.627505670152593
        ],
        [
            0.5159883798149119,
            0.3856237740034793,
            0.4847163011176751,
            0.6406055272011348
        ],
        [
            0.6406055272011348,
            0.6203243122474684,
            0.5484491301419758,
            0.5930043625402852
        ],
        [
            0.6406055272011348,
            0.6621056552019027,
            0.5567694722747663,
            0.6336580992179213
        ],
        [
            0.6621056552019027,
            0.47533329958728177,
            0.6406055272011348,
            0.6621056552019027
        ],
        [
            0.6656113848779248,
            0.6764155763611633,
            0.6067554542960771,
            0.6067554542960771
        ],
        [
            0.6764155763611633,
            0.41680690572659174,
            0.6621056552019027,
            0.6925433092052249
        ],
        [
            0.6925433092052249,
            0.6764155763611633,
            0.6925433092052249,
            0.55703405295867
        ],
        [
            0.6925433092052249,
            0.505385448847988,
            0.5097315419557166,
            0.6925433092052249
        ],
        [
            0.6001620171228405,
            0.5814297006847384,
            0.6925433092052249,
            0.41680690572659174
        ],
        [
            0.5705669949964436,
            0.6729669335836492,
            0.5148964532525826,
            0.702620380913173
        ],
        [
            0.6308347063591354,
            0.639923353320025,
            0.6600923055846535,
            0.6257329247939276
        ],
        [
            0.6060122063520536,
            0.6352415096447733,
            0.6638441391395425,
            0.6093255871931312
        ],
        [
            0.6081479309724986,
            0.6352415096447733,
            0.6638441391395425,
            0.6352415096447733
        ],
        [
            0.464651693316779,
            0.6513945519560033,
            0.576950556514982,
            0.6352415096447733
        ],
        [
            0.6513945519560033,
            0.6352415096447733,
            0.6352415096447733,
            0.6513945519560033
        ],
        [
            0.5129604637786028,
            0.4253444363935965,
            0.6513945519560033,
            0.6513945519560033
        ],
        [
            0.5035531700804633,
            0.6513945519560033,
            0.5923160877024328,
            0.6513945519560033
        ],
        [
            0.6513945519560033,
            0.6513945519560033,
            0.5215212543891817,
            0.6897451378851047
        ],
        [
            0.27994376894846085,
            0.6513945519560033,
            0.6744398408534424,
            0.5171757723879915
        ]
    ],
    "best_fitnesss": [
        0.627505670152593,
        0.6406055272011348,
        0.6406055272011348,
        0.6621056552019027,
        0.6621056552019027,
        0.6764155763611633,
        0.6925433092052249,
        0.6925433092052249,
        0.6925433092052249,
        0.6925433092052249,
        0.702620380913173,
        0.6600923055846535,
        0.6638441391395425,
        0.6638441391395425,
        0.6513945519560033,
        0.6513945519560033,
        0.6513945519560033,
        0.6513945519560033,
        0.6897451378851047,
        0.6744398408534424
    ],
    "prob_mutate": 0.25
}