{"num_qubits": 4, "depth": 2, "num_circuit": 8, "num_generation": 20, "current_generation": 20, "fitnessss": [[0.045080068305779195, 0.11605761643029884, 0.18004894204794394, 0.1916722693307082, 0.11386130335199998, 0.17294111131810752, 0.1404772717144982, 0.14493660509702128], [0.23073081762183228, 0.18004894204794394, 0.19137812927310371, 0.11892078124834134, 0.1456736909346536, 0.14493660509702128, 0.1742027480844499, 0.16633358682571467], [0.23073081762183228, 0.14353076519516889, 0.19137812927310371, 0.23073081762183228, 0.18004894204794394, 0.14493660509702128, 0.20555194925201228, 0.11932740228819075], [0.23073081762183228, 0.23073081762183228, 0.21242618895479123, 0.23073081762183228, 0.201578928663878, 0.18327314530187455, 0.18004894204794394, 0.14493660509702128], [0.23073081762183228, 0.23073081762183228, 0.23073081762183228, 0.23073081762183228, 0.16921422595033914, 0.21242618895479123, 0.23073081762183228, 0.21242618895479123], [0.23073081762183228, 0.23073081762183228, 0.23073081762183228, 0.13762749654575282, 0.1421488006268171, 0.23073081762183228, 0.23073081762183228, 0.23073081762183228], [0.21242618895479123, 0.12801117100503165, 0.23073081762183228, 0.23073081762183228, 0.23073081762183228, 0.23073081762183228, 0.23073081762183228, 0.23073081762183228], [0.23073081762183228, 0.23073081762183228, 0.23073081762183228, 0.21242618895479123, 0.23073081762183228, 0.23073081762183228, 0.12012468020218461, 0.23073081762183228], [0.23073081762183228, 0.23073081762183228, 0.23073081762183228, 0.23073081762183228, 0.06699172778271027, 0.23073081762183228, 0.23073081762183228, 0.23073081762183228], [0.19037750823141392, 0.23073081762183228, 0.23073081762183228, 0.23073081762183228, 0.23073081762183228, 0.11732530236552292, 0.23073081762183228, 0.23073081762183228], [0.23073081762183228, 0.23073081762183228, 0.20493744149165488, 0.23073081762183228, 0.23073081762183228, 0.23073081762183228, 0.23073081762183228, 0.23073081762183228], [0.21242618895479123, 0.23073081762183228, 0.16689469794607467, 0.23073081762183228, 0.23073081762183228, 0.23073081762183228, 0.16398900646411518, 0.1624602686375905], [0.23073081762183228, 0.23073081762183228, 0.16908582223586763, 0.17192748833801258, 0.2119302268505355, 0.23073081762183228, 0.23073081762183228, 0.23073081762183228], [0.23073081762183228, 0.23073081762183228, 0.1835163980876217, 0.23073081762183228, 0.23073081762183228, 0.18039018624129582, 0.23288394553879072, 0.23073081762183228], [0.23288394553879072, 0.23073081762183228, 0.23288394553879072, 0.23073081762183228, 0.23073081762183228, 0.22082190625667925, 0.1656500952605317, 0.23073081762183228], [0.23288394553879072, 0.23288394553879072, 0.23288394553879072, 0.20209324192762868, 0.21524031521803044, 0.18171703508949572, 0.21793913859804398, 0.23073081762183228], [0.1635650342065364, 0.09360686737351695, 0.1645411767503732, 0.23288394553879072, 0.23288394553879072, 0.1723451500184113, 0.13995909012002733, 0.23094524992952298], [0.20985667075423056, 0.13632460013117917, 0.14324919036821612, 0.2367453677153773, 0.23094524992952298, 0.06624876414658341, 0.13675551093089142, 0.1891749192980147], [0.2367453677153773, 0.21242618895479123, 0.2367453677153773, 0.15515079665615908, 0.20985667075423056, 0.07106775680669021, 0.09573043711584411, 0.2447331619558674], [0.2447331619558674, 0.2367453677153773, 0.2447331619558674, 0.2367453677153773, 0.2367453677153773, 0.21242618895479123, 0.14549951917118403, 0.2617073999345883]], "best_fitnesss": [0.1916722693307082, 0.23073081762183228, 0.23073081762183228, 0.23073081762183228, 0.23073081762183228, 0.23073081762183228, 0.23073081762183228, 0.23073081762183228, 0.23073081762183228, 0.23073081762183228, 0.23073081762183228, 0.23073081762183228, 0.23073081762183228, 0.23288394553879072, 0.23288394553879072, 0.23288394553879072, 0.23288394553879072, 0.2367453677153773, 0.2447331619558674, 0.2617073999345883], "prob_mutate": 0.1875}