{"num_qubits": 4, "depth": 13, "num_circuit": 32, "num_generation": 20, "current_generation": 1, "fitnessss": [[0.7011869410175832, 0.49568920744346257, 0.605859676392984, 0.6130269830173343, 0.550329174895756, 0.4518881973471108, 0.49707891488328854, 0.5660049242523594, 0.7186551295944275, 0.6836719160329847, 0.6268426764155881, 0.580708074292935, 0.4721761744117529, 0.6273005816790864, 0.6219973371630255, 0.6003798837878591, 0.6242129773066688, 0.5480126296875123, 0.6878427172252211, 0.5850474361748546, 0.6186369037168322, 0.7113084335396964, 0.6364269413474446, 0.5970564086415918, 0.6453593800886593, 0.4892808965739305, 0.5648756714088918, 0.6508242227751395, 0.5880860592856345, 0.680390740755868, 0.5322944896013466, 0.6208695408029887]], "best_fitnesss": [0.7186551295944275], "prob_mutate": 0.007211538461538462}