{"num_qubits": 4, "depth": 2, "num_circuit": 16, "num_generation": 20, "current_generation": 20, "fitnessss": [[0.11687436482921083, 0.11276124595126676, 0.06027455801840317, 0.11992599518024097, 0.06477836168716573, 0.11687436482921085, 0.10483683039121487, 0.11584847251188302, 0.15727200913224093, 0.12342256365554624, 0.11976299357840672, 0.07560340244933701, 0.0691759672046727, 0.0801808044075057, 0.10910651031764936, 0.06477836168716573], [0.08140346544373174, 0.12342256365554624, 0.10373501238760707, 0.12363399500442496, 0.11992599518024097, 0.11976299357840672, 0.051362830567743135, 0.047207220335661756, 0.11687436482921085, 0.11687436482921083, 0.12577679950166815, 0.10708169010097021, 0.11584847251188302, 0.11276124595126676, 0.11113295116494423, 0.077296768188361], [0.12577679950166815, 0.12363399500442496, 0.11736457826579905, 0.12577679950166815, 0.08374545149552073, 0.09200398227629232, 0.06600926204508459, 0.08374545149552073, 0.11976299357840672, 0.11687436482921085, 0.1873139820786735, 0.09371834919727819, 0.11687436482921083, 0.11584847251188302, 0.08190599860401185, 0.11881508781028065], [0.1873139820786735, 0.12577679950166815, 0.09760195193015869, 0.11687436482921085, 0.12577679950166815, 0.12363399500442496, 0.12363399500442496, 0.15704125007730046, 0.11976299357840672, 0.11881508781028065, 0.11517339985717541, 0.15335020068205407, 0.11736457826579905, 0.11687436482921085, 0.10634829482083283, 0.1335811647992883], [0.1873139820786735, 0.15704125007730046, 0.19559851976513026, 0.11687436482921085, 0.15335020068205407, 0.1335811647992883, 0.16779166358640135, 0.09371834919727819, 0.12577679950166815, 0.12577679950166815, 0.10358123097016869, 0.12577679950166815, 0.12363399500442496, 0.052092095726398856, 0.12363399500442496, 0.12363399500442496], [0.19559851976513026, 0.11471701021341855, 0.1105537037043843, 0.12997906354977404, 0.16779166358640135, 0.15704125007730046, 0.19406301682989274, 0.1335811647992883, 0.15335020068205407, 0.1335811647992883, 0.10254227010463027, 0.09371834919727819, 0.12577679950166815, 0.12577679950166815, 0.12577679950166815, 0.12577679950166815], [0.19559851976513026, 0.19406301682989274, 0.19559851976513026, 0.19406301682989274, 0.16779166358640135, 0.15704125007730046, 0.19406301682989274, 0.1335811647992883, 0.15335020068205407, 0.1335811647992883, 0.16779166358640135, 0.09371834919727819, 0.1335811647992883, 0.12997906354977404, 0.10618008358396729, 0.16847951983094817], [0.19559851976513026, 0.19559851976513026, 0.19559851976513026, 0.19559851976513026, 0.19406301682989274, 0.19406301682989274, 0.11191594097385145, 0.19406301682989274, 0.19406301682989274, 0.16847951983094817, 0.16779166358640135, 0.18617049251558263, 0.16779166358640135, 0.16779166358640135, 0.16779166358640135, 0.16779166358640135], [0.18125605119809887, 0.19559851976513026, 0.19559851976513026, 0.19559851976513026, 0.19559851976513026, 0.19559851976513026, 0.19559851976513026, 0.12560157264236582, 0.19406301682989274, 0.19406301682989274, 0.19406301682989274, 0.19406301682989274, 0.19406301682989274, 0.19406301682989274, 0.19406301682989274, 0.19406301682989274], [0.19559851976513026, 0.19559851976513026, 0.16555386936427735, 0.19559851976513026, 0.19559851976513026, 0.19559851976513026, 0.11386847333647979, 0.19559851976513026, 0.19559851976513026, 0.19559851976513026, 0.19559851976513026, 0.19559851976513026, 0.19406301682989274, 0.19406301682989274, 0.19406301682989274, 0.19406301682989274], [0.1971466305550105, 0.19559851976513026, 0.19559851976513026, 0.19406301682989274, 0.19559851976513026, 0.19433426349106278, 0.19559851976513026, 0.19559851976513026, 0.19559851976513026, 0.19559851976513026, 0.19559851976513026, 0.19559851976513026, 0.19559851976513026, 0.19559851976513026, 0.19559851976513026, 0.19559851976513026], [0.1971466305550105, 0.19559851976513026, 0.1971466305550105, 0.19559851976513026, 0.19559851976513026, 0.19559851976513026, 0.10902504095645682, 0.10843605203768814, 0.19559851976513026, 0.19559851976513026, 0.19559851976513026, 0.19559851976513026, 0.11600739948420324, 0.19559851976513026, 0.19559851976513026, 0.19559851976513026], [0.1971466305550105, 0.1971466305550105, 0.1971466305550105, 0.1971466305550105, 0.19559851976513026, 0.19559851976513026, 0.19559851976513026, 0.19559851976513026, 0.15614371456662632, 0.19559851976513026, 0.19559851976513026, 0.19559851976513026, 0.19559851976513026, 0.19559851976513026, 0.19559851976513026, 0.19559851976513026], [0.12130996902992278, 0.1971466305550105, 0.1971466305550105, 0.1971466305550105, 0.1971466305550105, 0.14157845454972948, 0.15312001996487504, 0.15217968546744806, 0.19559851976513026, 0.19559851976513026, 0.19559851976513026, 0.19559851976513026, 0.19559851976513026, 0.1584078490412963, 0.19559851976513026, 0.19559851976513026], [0.1971466305550105, 0.14157845454972948, 0.1971466305550105, 0.1971466305550105, 0.1971466305550105, 0.1971466305550105, 0.1971466305550105, 0.15967232735723266, 0.19559851976513026, 0.19559851976513026, 0.030884310013277017, 0.19559851976513026, 0.19559851976513026, 0.19559851976513026, 0.19983209721899295, 0.19559851976513026], [0.19983209721899295, 0.1971466305550105, 0.19983209721899295, 0.1971466305550105, 0.1971466305550105, 0.1971466305550105, 0.1971466305550105, 0.1453506772913475, 0.1971466305550105, 0.1971466305550105, 0.16123840594044755, 0.1971466305550105, 0.1971466305550105, 0.19559851976513026, 0.1971466305550105, 0.19559851976513026], [0.19983209721899295, 0.19983209721899295, 0.19983209721899295, 0.19983209721899295, 0.1971466305550105, 0.1971466305550105, 0.1971466305550105, 0.1971466305550105, 0.1971466305550105, 0.1971466305550105, 0.1971466305550105, 0.1971466305550105, 0.14157845454972948, 0.1971466305550105, 0.1971466305550105, 0.1971466305550105], [0.19983209721899295, 0.19983209721899295, 0.19983209721899295, 0.19983209721899295, 0.19983209721899295, 0.19983209721899295, 0.1507289102793284, 0.19983209721899295, 0.1971466305550105, 0.1971466305550105, 0.1971466305550105, 0.18502626113602733, 0.13116039265224014, 0.1971466305550105, 0.1971466305550105, 0.1971466305550105], [0.19983209721899295, 0.19983209721899295, 0.14006685904093868, 0.22107531582708972, 0.19983209721899295, 0.19983209721899295, 0.198448828125331, 0.19983209721899295, 0.19983209721899295, 0.146526623674, 0.11149881974135856, 0.19983209721899295, 0.19983209721899295, 0.1971466305550105, 0.13414926168640195, 0.1971466305550105], [0.15984095054397723, 0.19983209721899295, 0.22107531582708972, 0.19983209721899295, 0.19983209721899295, 0.11268942081433724, 0.19983209721899295, 0.19983209721899295, 0.19983209721899295, 0.19983209721899295, 0.19983209721899295, 0.19983209721899295, 0.19983209721899295, 0.19983209721899295, 0.19983209721899295, 0.19983209721899295]], "best_fitnesss": [0.15727200913224093, 0.12577679950166815, 0.1873139820786735, 0.1873139820786735, 0.19559851976513026, 0.19559851976513026, 0.19559851976513026, 0.19559851976513026, 0.19559851976513026, 0.19559851976513026, 0.1971466305550105, 0.1971466305550105, 0.1971466305550105, 0.1971466305550105, 0.19983209721899295, 0.19983209721899295, 0.19983209721899295, 0.19983209721899295, 0.22107531582708972, 0.22107531582708972], "prob_mutate": 0.09375}