{"num_qubits": 4, "depth": 13, "num_circuit": 32, "num_generation": 20, "current_generation": 3, "fitnessss": [[0.6325229641991164, 0.5639135980071008, 0.605913266269023, 0.5525155785433633, 0.6090725393082168, 0.6139454801831145, 0.6831382289069767, 0.6127407038270811, 0.6085806238124658, 0.5196383719008167, 0.5977220484588386, 0.5258719275596582, 0.43361736555320896, 0.5658109800737546, 0.4969259859336209, 0.46342516704168785, 0.5280518670533694, 0.5678651687513128, 0.6492585619522975, 0.5387083412165081, 0.5714510937763686, 0.5500093977174492, 0.4421664625331756, 0.5640369510095009, 0.6347100149067839, 0.5064197584421445, 0.6059360991302807, 0.592506068176352, 0.5643850261104941, 0.5865788368865625, 0.41962129817483335, 0.5823505026427658], [0.6831382289069767, 0.6492585619522975, 0.6341724461941811, 0.6419441412676473, 0.6347100149067839, 0.6325229641991164, 0.6349480875535414, 0.6723712288304609, 0.6139454801831145, 0.5718470408528987, 0.5543770995592687, 0.5774979375140525, 0.6090725393082168, 0.6085806238124658, 0.6178505384693961, 0.589207996607606, 0.6059360991302807, 0.605913266269023, 0.6036886931930129, 0.5272105523718149, 0.6227151092637238, 0.592506068176352, 0.6242948231149166, 0.5689038620254013, 0.5865788368865625, 0.5823505026427658, 0.6552294298649368, 0.5691309675263725, 0.5714510937763686, 0.5678651687513128, 0.6701194395411991, 0.6464183984472593], [0.6831382289069767, 0.6723712288304609, 0.6479770438995215, 0.6443555354934016, 0.6701194395411991, 0.6552294298649368, 0.5862546216187826, 0.6117042184635739, 0.6931757936193762, 0.6464183984472593, 0.6441548210318572, 0.6416687723903183, 0.6419441412676473, 0.6349480875535414, 0.6123809189491458, 0.5613082023043698, 0.6347100149067839, 0.6341724461941811, 0.570299187941746, 0.6479770438995215, 0.6325229641991164, 0.6242948231149166, 0.6792634894758992, 0.5505304163054319, 0.6227151092637238, 0.6178505384693961, 0.5800629967429345, 0.615351940897003, 0.6139454801831145, 0.6090725393082168, 0.5877454911067448, 0.5337374844541313]], "best_fitnesss": [0.6831382289069767, 0.6831382289069767, 0.6931757936193762], "prob_mutate": 0.007211538461538462}