{"num_qubits": 4, "depth": 6, "num_circuit": 16, "num_generation": 50, "current_generation": 13, "fitnessss": [[0.25465010472216604, 0.3246751128950226, 0.32205256628590123, 0.3346142952843982, 0.3571102316882297, 0.32990354273434164, 0.2967527748036648, 0.3102672836808916, 0.1258593531976596, 0.2774916445644647, 0.34979168007981054, 0.27077051583059736, 0.2695776686280529, 0.3562870619606646, 0.24357700089484582, 0.23400198543976797], [0.3571102316882297, 0.3562870619606646, 0.20878808275777555, 0.35076391522285244, 0.34979168007981054, 0.311165329214887, 0.3124154119718171, 0.3376589782175738, 0.32990354273434164, 0.3246751128950226, 0.3650585976749378, 0.3333985301751142, 0.32205256628590123, 0.3102672836808916, 0.19812061523534225, 0.3129032063861258], [0.24707153192134063, 0.3571102316882297, 0.2890318780819108, 0.333750903517626, 0.3562870619606646, 0.35076391522285244, 0.3318570753481764, 0.3722377570252453, 0.34979168007981054, 0.3376589782175738, 0.32729081235307106, 0.3376589782175738, 0.2602323698552834, 0.32990354273434164, 0.3333985301751142, 0.32990354273434164], [0.3722377570252453, 0.3571102316882297, 0.35076391522285244, 0.2815054104613793, 0.3562870619606646, 0.3507639152228524, 0.3318570753481764, 0.3722377570252453, 0.34979168007981054, 0.3376589782175738, 0.345636694921279, 0.3376589782175738, 0.3376589782175738, 0.333750903517626, 0.31289128887096485, 0.37297780191261215], [0.37297780191261215, 0.2084537970770565, 0.20878808275777555, 0.3785639785218447, 0.3722377570252453, 0.3571102316882297, 0.35076391522285244, 0.20878808275777555, 0.3562870619606646, 0.35076391522285244, 0.3318570753481764, 0.3722377570252453, 0.3507639152228524, 0.34979168007981054, 0.3785639785218447, 0.30995579738003987], [0.3680400781231895, 0.3785639785218447, 0.31453439901305813, 0.3785639785218447, 0.37297780191261215, 0.3722377570252453, 0.20878808275777555, 0.3785639785218447, 0.21765730287009655, 0.3571102316882297, 0.35076391522285244, 0.27319249355268976, 0.3562870619606646, 0.35076391522285244, 0.3318570753481764, 0.3722377570252453], [0.3785639785218447, 0.3785639785218447, 0.3785639785218447, 0.3785639785218447, 0.3785639785218447, 0.37297780191261215, 0.3785639785218447, 0.37297780191261215, 0.3722377570252453, 0.37994068606722725, 0.3722377570252453, 0.3722377570252453, 0.3680400781231895, 0.3571102316882297, 0.35076391522285244, 0.2749561857077484], [0.37994068606722725, 0.3359815360288524, 0.3785639785218447, 0.37994068606722714, 0.3785639785218447, 0.3785639785218447, 0.3785639785218447, 0.3785639785218447, 0.3873525323648802, 0.3785639785218447, 0.3785639785218447, 0.3785639785218447, 0.3785639785218447, 0.3621277145887042, 0.3785639785218447, 0.37297780191261215], [0.3873525323648802, 0.37994068606722725, 0.41316041487986943, 0.3639680909270286, 0.39181700303122347, 0.3785639785218447, 0.3785639785218447, 0.37994068606722725, 0.3785639785218447, 0.3785639785218447, 0.3785639785218447, 0.3785639785218447, 0.3785639785218447, 0.3785639785218447, 0.3785639785218447, 0.3395728108005557], [0.41316041487986943, 0.39181700303122347, 0.39181700303122347, 0.41316041487986943, 0.3873525323648802, 0.37994068606722725, 0.37994068606722714, 0.37938124404121043, 0.37994068606722725, 0.3785639785218447, 0.3785639785218447, 0.37994068606722725, 0.378673710395541, 0.3785639785218447, 0.3785639785218447, 0.3785639785218447], [0.41316041487986943, 0.41316041487986943, 0.3672368446859236, 0.3779267355264223, 0.39822060574583196, 0.3368894498663024, 0.40036513827835296, 0.39181700303122347, 0.3873525323648802, 0.37994068606722725, 0.37994068606722714, 0.35656397420242547, 0.26585629771359026, 0.37994068606722725, 0.21017264336667849, 0.37994068606722725], [0.41316041487986943, 0.41316041487986943, 0.41316041487986943, 0.41118803420671785, 0.40036513827835296, 0.39822060574583196, 0.39181700303122347, 0.20666413155728827, 0.346220564668932, 0.3873525323648802, 0.3873525323648802, 0.3511114447245263, 0.37994068606722725, 0.37994068606722725, 0.37994068606722725, 0.37994068606722725], [0.41316041487986943, 0.41316041487986943, 0.41316041487986943, 0.41316041487986943, 0.41316041487986943, 0.41118803420671785, 0.41118803420671785, 0.41316041487986943, 0.40036513827835296, 0.39822060574583196, 0.39181700303122347, 0.3719182858703733, 0.39181700303122347, 0.3873525323648802, 0.3873525323648802, 0.39181700303122347]], "best_fitnesss": [0.3571102316882297, 0.3650585976749378, 0.3722377570252453, 0.37297780191261215, 0.3785639785218447, 0.3785639785218447, 0.37994068606722725, 0.3873525323648802, 0.41316041487986943, 0.41316041487986943, 0.41316041487986943, 0.41316041487986943, 0.41316041487986943], "prob_mutate": 0.03125}