{"num_qubits": 6, "depth": 25, "num_circuit": 32, "num_generation": 20, "current_generation": 1, "fitnessss": [[0.4953554437220456, 0.45339400911175787, 0.39292491638396176, 0.5476677405009007, 0.48803323382745434, 0.4914408733756831, 0.49642076331604823, 0.48695026721635876, 0.4750699218350055, 0.46041453179508507, 0.46803669397589714, 0.5493550276914595, 0.5182255495091276, 0.4416693991294487, 0.5291499289938444, 0.5308489394838417, 0.5197825683947583, 0.48812442330755557, 0.5381254711762102, 0.4915889726952898, 0.5630299735478699, 0.5082866248225854, 0.4243297899805304, 0.4452123870673367, 0.4536143133590559, 0.4211480598504938, 0.5028781261258393, 0.4078862499160195, 0.5334193386743633, 0.4901633805195078, 0.38358905973052676, 0.5340181796944223]], "best_fitnesss": [0.5630299735478699], "prob_mutate": 0.00375}