{"num_qubits": 2, "depth": 6, "num_circuit": 32, "num_generation": 10, "current_generation": 1, "fitnessss": [[0.8573538572776428, 0.5178429003086645, 0.6530216093385499, 0.6940882392952039, 0.6062278236998961, 0.8237911603349863, 0.7430028232404712, 0.6479810078033859, 0.7720973525124994, 0.8236014945720257, 0.8749170468967543, 0.6460791534022763, 0.7560855403299247, 0.6644204335647708, 0.6523698682090157, 0.7141596581170128, 0.7134200526760186, 0.5289154535689197, 0.6573859913300257, 0.686943405773968, 0.4565324844632733, 0.7598661985560633, 0.7268913291984319, 0.653074676217063, 0.5790540237393417, 0.7035654604465714, 0.5457162604914633, 0.809640618931045, 0.5787748483788656, 0.7996939854099423, 0.47466000601281755, 0.7699883728977234]], "best_fitnesss": [0.8749170468967543], "prob_mutate": 0.015625}