{"num_qubits": 4, "depth": 9, "num_circuit": 16, "num_generation": 20, "current_generation": 20, "fitnessss": [[0.20632065860470095, 0.38109815289177595, 0.28388466857288397, 0.20030942401253005, 0.21853559512779197, 0.24048346201616444, 0.31000697572127434, 0.2554176866903398, 0.18335094964133059, 0.0839224423975562, 0.3151811377829651, 0.34250163542217593, 0.10993199000685083, 0.18439118552128198, 0.22464896655223754, 0.20658939373451268], [0.31868519076402857, 0.387123362751679, 0.32036817972352005, 0.1925808701590903, 0.3151811377829651, 0.31000697572127434, 0.4782538400242198, 0.19158364165336772, 0.28388466857288397, 0.2554176866903398, 0.18125212552466974, 0.2884570238441999, 0.24048346201616444, 0.22464896655223754, 0.18692731896155446, 0.27619348654300757], [0.4782538400242198, 0.387123362751679, 0.27981943561521105, 0.22207084926682685, 0.32036817972352005, 0.31868519076402857, 0.31868519076402857, 0.32036817972352005, 0.3151811377829651, 0.31000697572127434, 0.4782538400242198, 0.23105800331014037, 0.2884570238441999, 0.28388466857288397, 0.1294591999042376, 0.28388466857288397], [0.4782538400242198, 0.4782538400242198, 0.4782538400242198, 0.4782538400242198, 0.387123362751679, 0.32036817972352005, 0.3014938764695254, 0.3146340543922276, 0.3484771177759499, 0.31868519076402857, 0.31868519076402857, 0.32036817972352005, 0.31868519076402857, 0.3151811377829651, 0.3991349990214018, 0.30340707424883284], [0.4782538400242198, 0.4782538400242198, 0.4782538400242198, 0.4782538400242198, 0.23462796253291773, 0.4782538400242198, 0.4782538400242198, 0.4782538400242198, 0.3991349990214018, 0.387123362751679, 0.267752948426079, 0.6157848272308445, 0.3484771177759499, 0.32036817972352005, 0.3484771177759499, 0.32036817972352005], [0.6157848272308445, 0.25994870396733627, 0.22207084926682685, 0.3151811377829651, 0.23786671023467054, 0.4782538400242198, 0.4782538400242198, 0.4782538400242198, 0.4782538400242198, 0.4782538400242198, 0.4782538400242198, 0.27066113611577136, 0.4782538400242198, 0.4782538400242198, 0.4782538400242198, 0.1730219093248191], [0.6157848272308445, 0.23903593413258228, 0.1788958883057935, 0.3151811377829651, 0.4782538400242198, 0.4782538400242198, 0.4782538400242198, 0.4782538400242198, 0.4782538400242198, 0.4782538400242198, 0.4782538400242198, 0.4782538400242198, 0.4782538400242198, 0.4782538400242198, 0.4782538400242198, 0.3187231933482464], [0.6157848272308445, 0.4782538400242198, 0.22207084926682685, 0.3151811377829651, 0.4782538400242198, 0.4782538400242198, 0.21971537972633148, 0.4782538400242198, 0.4782538400242198, 0.4782538400242198, 0.3126926131377564, 0.4782538400242198, 0.4782538400242198, 0.3018868357884479, 0.24531696108987444, 0.4782538400242198], [0.6157848272308445, 0.19400120367441787, 0.22207084926682685, 0.3151811377829651, 0.4782538400242198, 0.4782538400242198, 0.40224095027079154, 0.4782538400242198, 0.4782538400242198, 0.4782538400242198, 0.4782538400242198, 0.4782538400242198, 0.4782538400242198, 0.4782538400242198, 0.4782538400242198, 0.2517294693830511], [0.6157848272308445, 0.4782538400242198, 0.22207084926682685, 0.3151811377829651, 0.21512318374497053, 0.4782538400242198, 0.14764343885846343, 0.4782538400242198, 0.4782538400242198, 0.4782538400242198, 0.20015461774450305, 0.4782538400242198, 0.4782538400242198, 0.4782538400242198, 0.4782538400242198, 0.4782538400242198], [0.6157848272308445, 0.4782538400242198, 0.19629183150832996, 0.3151811377829651, 0.33033498244565407, 0.4782538400242198, 0.3735182673407075, 0.4782538400242198, 0.4782538400242198, 0.4782538400242198, 0.4025796669482984, 0.4782538400242198, 0.2797435838490381, 0.4782538400242198, 0.4782538400242198, 0.4782538400242198], [0.6157848272308445, 0.4782538400242198, 0.22207084926682685, 0.3151811377829651, 0.4782538400242198, 0.4782538400242198, 0.4782538400242198, 0.4782538400242198, 0.4782538400242198, 0.4782538400242198, 0.18970254806446607, 0.4782538400242198, 0.4782538400242198, 0.4782538400242198, 0.4782538400242198, 0.4782538400242198], [0.6157848272308445, 0.4782538400242198, 0.1746374502311745, 0.3151811377829651, 0.4782538400242198, 0.4782538400242198, 0.4782538400242198, 0.29835842465696294, 0.4782538400242198, 0.4782538400242198, 0.4782538400242198, 0.2119605809956926, 0.4782538400242198, 0.4782538400242198, 0.4782538400242198, 0.4782538400242198], [0.4382840255493575, 0.4782538400242198, 0.22207084926682685, 0.3151811377829651, 0.4782538400242198, 0.4782538400242198, 0.4782538400242198, 0.4782538400242198, 0.4782538400242198, 0.4782538400242198, 0.4782538400242198, 0.48324798786004486, 0.4782538400242198, 0.4782538400242198, 0.22453021504745718, 0.4782538400242198], [0.48324798786004486, 0.2680307829125669, 0.48324798786004486, 0.4782538400242198, 0.4782538400242198, 0.38894960505407616, 0.4782538400242198, 0.19642111895184455, 0.4782538400242198, 0.4782538400242198, 0.4782538400242198, 0.4782538400242198, 0.4782538400242198, 0.4782538400242198, 0.4782538400242198, 0.24960121572250504], [0.48324798786004486, 0.48324798786004486, 0.48324798786004486, 0.48324798786004486, 0.2079177705241333, 0.4782538400242198, 0.4782538400242198, 0.2558699295134461, 0.4782538400242198, 0.4782538400242198, 0.4782538400242198, 0.16965243826324028, 0.260379679025293, 0.4782538400242198, 0.4782538400242198, 0.4782538400242198], [0.48324798786004486, 0.48324798786004486, 0.48324798786004486, 0.48324798786004486, 0.48324798786004486, 0.48324798786004486, 0.48324798786004486, 0.48324798786004486, 0.4782538400242198, 0.4782538400242198, 0.4782538400242198, 0.4782538400242198, 0.4782538400242198, 0.4782538400242198, 0.4782538400242198, 0.4782538400242198], [0.48324798786004486, 0.48324798786004486, 0.48324798786004486, 0.48324798786004486, 0.48324798786004486, 0.48324798786004486, 0.48324798786004486, 0.48324798786004486, 0.48324798786004486, 0.48324798786004486, 0.48324798786004486, 0.48324798786004486, 0.48324798786004486, 0.3244526208562569, 0.48324798786004486, 0.48324798786004486], [0.48324798786004486, 0.48324798786004486, 0.16000654179526064, 0.48324798786004486, 0.48324798786004486, 0.48324798786004486, 0.48324798786004486, 0.48324798786004486, 0.31111900132846737, 0.48324798786004486, 0.18787953107453448, 0.48324798786004486, 0.48324798786004486, 0.48324798786004486, 0.48324798786004486, 0.24837012706180173], [0.48324798786004486, 0.48324798786004486, 0.48324798786004486, 0.48324798786004486, 0.48324798786004486, 0.48324798786004486, 0.47777654011454196, 0.1711910660208551, 0.2803483800505717, 0.48324798786004486, 0.48324798786004486, 0.48324798786004486, 0.48324798786004486, 0.48324798786004486, 0.48324798786004486, 0.17117777436846604]], "best_fitnesss": [0.38109815289177595, 0.4782538400242198, 0.4782538400242198, 0.4782538400242198, 0.6157848272308445, 0.6157848272308445, 0.6157848272308445, 0.6157848272308445, 0.6157848272308445, 0.6157848272308445, 0.6157848272308445, 0.6157848272308445, 0.6157848272308445, 0.48324798786004486, 0.48324798786004486, 0.48324798786004486, 0.48324798786004486, 0.48324798786004486, 0.48324798786004486, 0.48324798786004486], "prob_mutate": 0.020833333333333332}