{"num_qubits": 2, "depth": 8, "num_circuit": 8, "num_generation": 10, "current_generation": 1, "fitnessss": [[0.7981599997359872, 0.8677277559567314, 0.5776756527374636, 0.6633755322563817, 0.8270048166758613, 0.8032398350791503, 0.6942184093137016, 0.6635408901608344]], "best_fitnesss": [0.8677277559567314], "prob_mutate": 0.046875}