{"num_qubits": 5, "depth": 29, "num_circuit": 4, "num_generation": 50, "current_generation": 3, "fitnessss": [[0.7778055074849087, 0.7995958758944621, 0.7513375018706963, 0.7905114009373], [0.784085110728965, 0.7785060868027422, 0.788230589548836, 0.7550450550293735], [0.782429363656461, 0.784085110728965, 0.809407690595305, 0.794065466909063]], "best_fitnesss": [0.7995958758944621, 0.788230589548836, 0.809407690595305], "prob_mutate": 0.02586206896551724}