{"num_qubits": 5, "depth": 12, "num_circuit": 32, "num_generation": 10, "current_generation": 3, "fitnessss": [[0.38345580973950316, 0.3334753658982309, 0.32555715875204727, 0.4268501530042399, 0.34172915545174004, 0.39106065645655513, 0.4455200620388496, 0.3808624621927475, 0.29128667054829804, 0.3517506362995267, 0.42129076217611505, 0.31984452698845206, 0.365230897338871, 0.3298683494528071, 0.3578552876486947, 0.419192862901885, 0.4580306077841623, 0.37699406734348484, 0.3082524298517746, 0.33882182577551817, 0.34417131648721416, 0.3464373825782257, 0.4492779799548141, 0.4191745214918227, 0.3255166850614607, 0.33747145876223944, 0.40134411410644033, 0.4246316669295361, 0.29170427956259715, 0.36280120030918844, 0.3437422781210532, 0.41476786669887966], [0.45039219563165994, 0.3874874199206234, 0.34526703306253687, 0.3918126426036067, 0.4455200620388496, 0.4268501530042399, 0.4569386068394105, 0.4214321900551997, 0.4246316669295361, 0.42129076217611505, 0.4951814356501619, 0.3850831062980033, 0.419192862901885, 0.3756470126675735, 0.38351657616635426, 0.4023724999891506, 0.41476786669887966, 0.40134411410644033, 0.3733814657981753, 0.4211294162812676, 0.39106065645655513, 0.38345580973950316, 0.3713622575186286, 0.416068954234169, 0.3808624621927475, 0.37699406734348484, 0.3589409986263183, 0.45719209867584854, 0.365230897338871, 0.36280120030918844, 0.3646509162518628, 0.38834664809781894], [0.4951814356501619, 0.45719209867584854, 0.4169063585405143, 0.4178262241924101, 0.4569386068394105, 0.45039219563165994, 0.4112398775079959, 0.32712531604983947, 0.4455200620388496, 0.39838221568770615, 0.4569386068394105, 0.4214321900551997, 0.4246316669295361, 0.4214321900551997, 0.46190698335023345, 0.34765423551961444, 0.42129076217611505, 0.4211294162812676, 0.37937520301998645, 0.4179070576053327, 0.419192862901885, 0.416068954234169, 0.3442754745798035, 0.4009220356343686, 0.41476786669887966, 0.4023724999891506, 0.449803001599314, 0.3466089016682974, 0.40134411410644033, 0.3918126426036067, 0.3630516302877448, 0.4564554853913131]], "best_fitnesss": [0.4580306077841623, 0.4951814356501619, 0.4951814356501619], "prob_mutate": 0.0078125}