{"num_qubits": 4, "depth": 29, "num_circuit": 32, "num_generation": 10, "current_generation": 5, "fitnessss": [[0.9232672733317555, 0.8949190754481258, 0.9103116386412132, 0.8734182607902705, 0.8960230952498709, 0.8592664093931841, 0.9062172750121775, 0.9028172453345681, 0.9187919642682884, 0.9060237353968187, 0.8723754874744503, 0.9132290688659074, 0.9195005354403248, 0.8951232829489133, 0.9137627667033146, 0.9144633791556875, 0.903173786816932, 0.9265474666232949, 0.8643599434280776, 0.9139079661237199, 0.9205659106348012, 0.9137567730308221, 0.8528255271161719, 0.9085590850503517, 0.9201565572642076, 0.9334005926886926, 0.8956714457589591, 0.9513311697519076, 0.9303871770947458, 0.8899319190448427, 0.9433411403376966, 0.9308332917836604], [0.9513311697519076, 0.9433411403376966, 0.9331964204582531, 0.9025438553159683, 0.9334005926886926, 0.9308332917836604, 0.9093202472835721, 0.913324733732615, 0.9303871770947458, 0.9265474666232949, 0.8952147567136125, 0.9124334126625255, 0.9232672733317555, 0.9205659106348012, 0.9284687587013369, 0.9285824582343096, 0.9172577284614313, 0.9195005354403248, 0.9290174591837597, 0.9110854942226897, 0.9187919642682884, 0.9144633791556875, 0.905031389362685, 0.9097419850142229, 0.9139079661237199, 0.9137627667033146, 0.9237844245246905, 0.9153061741596646, 0.9137567730308221, 0.9132290688659074, 0.884519818643297, 0.9176529232571682], [0.9513311697519076, 0.9433411403376966, 0.9331964204582531, 0.9025438553159683, 0.9334005926886926, 0.9331964204582531, 0.9333326734795548, 0.9275879626495402, 0.9308332917836604, 0.9303871770947458, 0.9303697312090069, 0.8914486868913023, 0.9290174591837597, 0.9285824582343096, 0.9159486452881241, 0.9412650885240528, 0.9284687587013369, 0.9265474666232949, 0.9312783415717012, 0.9309733384202445, 0.9237844245246905, 0.9232672733317555, 0.9023469711062322, 0.9258338467548315, 0.9280018364655653, 0.9195005354403248, 0.9412650885240528, 0.8928480697380937, 0.9187919642682884, 0.9176529232571682, 0.921123811659507, 0.9156691819463928], [0.9513311697519076, 0.8951123109940365, 0.9331964204582531, 0.9025438553159683, 0.9412650885240528, 0.9412650885240528, 0.9412650885240528, 0.9412650885240528, 0.9334005926886926, 0.9333326734795548, 0.9333326734795548, 0.9334005926886926, 0.9331964204582531, 0.9331964204582531, 0.9331964204582531, 0.9331964204582531, 0.9312783415717012, 0.9173040098534007, 0.9284687587013369, 0.9265474666232949, 0.9308332917836604, 0.9303871770947458, 0.9403040585476162, 0.8914486868913023, 0.9303697312090069, 0.9290174591837597, 0.9351387684240102, 0.9149246460827467, 0.9285824582343096, 0.9284687587013369, 0.9205659106348012, 0.9232672733317555], [0.9385224601806399, 0.9412650885240528, 0.9470610830238076, 0.9266177838783086, 0.9412650885240528, 0.9412650885240528, 0.9412650885240528, 0.9412650885240528, 0.9412650885240528, 0.9403040585476162, 0.9376865788802435, 0.9570040117942182, 0.9351387684240102, 0.9334005926886926, 0.9329975800944037, 0.939233011905688, 0.9334005926886926, 0.9313235163353367, 0.9333326734795548, 0.9334005926886926, 0.9333326734795548, 0.9331964204582531, 0.8991860283644895, 0.9351962930860275, 0.9331964204582531, 0.9331964204582531, 0.9331964204582531, 0.9331964204582531, 0.9331964204582531, 0.9398433441431301, 0.9331964204582531, 0.9331964204582531]], "best_fitnesss": [0.9513311697519076, 0.9513311697519076, 0.9513311697519076, 0.9513311697519076, 0.9570040117942182], "prob_mutate": 0.003232758620689655}