{"num_qubits": 2, "depth": 8, "num_circuit": 16, "num_generation": 20, "current_generation": 1, "fitnessss": [[0.6421878132088739, 0.7658735295311099, 0.9452453830592997, 0.8893604684916283, 0.6297626941845565, 0.607539957610958, 0.8771244797834603, 0.7540584743623535, 0.8786077430122244, 0.8108455871093267, 0.8390377177284227, 0.8978615662833281, 0.8791417354679234, 0.7662528733397072, 0.6145253991725006, 0.742995967030979]], "best_fitnesss": [0.9452453830592997], "prob_mutate": 0.0234375}