{"num_qubits": 4, "depth": 22, "num_circuit": 16, "num_generation": 20, "current_generation": 1, "fitnessss": [[0.855284470628894, 0.8583937383496082, 0.7996927468883883, 0.7663542531499811, 0.8356589301381103, 0.854043062997467, 0.7773062674569241, 0.8261162139965798, 0.847506810806534, 0.8318132296825528, 0.8089186540323041, 0.8634301048504831, 0.8452706501963355, 0.8414467249541083, 0.7493543164710663, 0.7945015140254221]], "best_fitnesss": [0.8634301048504831], "prob_mutate": 0.008522727272727272}