{"num_qubits": 5, "depth": 28, "num_circuit": 8, "num_generation": 20, "current_generation": 6, "fitnessss": [[0.7116681467452926, 0.7228866493490091, 0.7449774193273904, 0.7366015892727216, 0.8007422519858087, 0.7420793174037709, 0.7483140188958325, 0.7817058056678227], [0.8007422519858087, 0.7817058056678227, 0.7627899661854911, 0.7875064345093715, 0.724281311752986, 0.7325881334189324, 0.759889626426782, 0.7138759508243975], [0.8007422519858087, 0.7875064345093715, 0.8007422519858087, 0.7875064345093715, 0.7817058056678227, 0.7627899661854911, 0.7832259759391573, 0.7627899661854911], [0.8007422519858087, 0.8007422519858087, 0.8007422519858087, 0.8007422519858087, 0.7875064345093715, 0.7875064345093715, 0.7875064345093715, 0.7875064345093715], [0.7602600731374413, 0.8007422519858087, 0.8007422519858087, 0.7697917339206448, 0.8007422519858087, 0.7981048385139436, 0.8007422519858087, 0.8007422519858087], [0.8007422519858087, 0.8007422519858087, 0.8192127198455204, 0.8007422519858087, 0.8007422519858087, 0.8007422519858087, 0.8007422519858087, 0.7684450666843763]], "best_fitnesss": [0.8007422519858087, 0.8007422519858087, 0.8007422519858087, 0.8007422519858087, 0.8007422519858087, 0.8192127198455204], "prob_mutate": 0.013392857142857142}