{"num_qubits": 5, "depth": 36, "num_circuit": 8, "num_generation": 10, "current_generation": 2, "fitnessss": [[0.7944336180113217, 0.8121281641616171, 0.8381825589741926, 0.781324136514004, 0.8415851503210682, 0.8462651630895028, 0.8064567085146026, 0.8343166691588669], [0.8424157510088385, 0.8415851503210682, 0.8773221994923475, 0.8585746704042485, 0.8381825589741926, 0.8343166691588669, 0.8656555207485059, 0.849188327085544]], "best_fitnesss": [0.8462651630895028, 0.8773221994923475], "prob_mutate": 0.010416666666666666}