{"num_qubits": 4, "depth": 25, "num_circuit": 16, "num_generation": 30, "current_generation": 5, "fitnessss": [[0.7750180065618072, 0.8797191606070799, 0.8201752540781013, 0.8772496648314483, 0.8910982298060537, 0.9077199538159519, 0.91870296436174, 0.8186556451139271, 0.9155956518342105, 0.8711270430907782, 0.9085301520574905, 0.8522882213373928, 0.9178416934778995, 0.9219102609640876, 0.8704923392025767, 0.8633091414754384], [0.9219102609640876, 0.91870296436174, 0.8972058278083088, 0.9072863851141888, 0.9178416934778995, 0.9155956518342105, 0.8932042420644306, 0.8916277704333089, 0.9085301520574905, 0.9077199538159519, 0.8909889702181744, 0.8975434188343498, 0.8910982298060537, 0.8797191606070799, 0.8697750800503992, 0.8944842432882864], [0.9219102609640876, 0.91870296436174, 0.9176190365783728, 0.9072863851141888, 0.9178416934778995, 0.9155956518342105, 0.8932042420644306, 0.8916277704333089, 0.9168925882679251, 0.9077199538159519, 0.8909889702181744, 0.8975434188343498, 0.9072863851141888, 0.8975434188343498, 0.9148567878474942, 0.9196456658360411], [0.9219102609640876, 0.9196456658360411, 0.9219102609640876, 0.9196456658360411, 0.91870296436174, 0.9155261626513556, 0.9169564689775704, 0.8946296053267865, 0.8924575201908755, 0.9168925882679251, 0.9104917845040337, 0.9049888818098346, 0.9155956518342105, 0.9143336054150005, 0.9034310293980813, 0.8748120689702539], [0.8814662701880083, 0.8706303747603892, 0.9196866641125334, 0.9219102609640876, 0.9196456658360411, 0.9196456658360411, 0.9048260965316237, 0.9196456658360411, 0.91870296436174, 0.9169564689775704, 0.9169564689775704, 0.91870296436174, 0.9168925882679251, 0.9073806020942206, 0.9125376817289899, 0.9077646737471803]], "best_fitnesss": [0.9219102609640876, 0.9219102609640876, 0.9219102609640876, 0.9219102609640876, 0.9219102609640876], "prob_mutate": 0.0075}