{"num_qubits": 4, "depth": 25, "num_circuit": 16, "num_generation": 30, "current_generation": 2, "fitnessss": [[0.7750180065618072, 0.8797191606070799, 0.8201752540781013, 0.8772496648314483, 0.8910982298060537, 0.9077199538159519, 0.91870296436174, 0.8186556451139271, 0.9155956518342105, 0.8711270430907782, 0.9085301520574905, 0.8522882213373928, 0.9178416934778995, 0.9219102609640876, 0.8704923392025767, 0.8633091414754384], [0.9219102609640876, 0.91870296436174, 0.8972058278083088, 0.9072863851141888, 0.9178416934778995, 0.9155956518342105, 0.8932042420644306, 0.8916277704333089, 0.9085301520574905, 0.9077199538159519, 0.8909889702181744, 0.8975434188343498, 0.8910982298060537, 0.8797191606070799, 0.8697750800503992, 0.8944842432882864]], "best_fitnesss": [0.9219102609640876, 0.9219102609640876], "prob_mutate": 0.0075}