{"num_qubits": 3, "depth": 14, "num_circuit": 8, "num_generation": 50, "current_generation": 2, "fitnessss": [[0.8956476013209584, 0.8185881009998311, 0.8717684139472455, 0.7594372235679162, 0.7919705262708894, 0.8250025354462196, 0.7970863512725843, 0.6622718905173489], [0.8956476013209584, 0.8518314110399728, 0.9041382228982158, 0.8888370823128339, 0.8250025354462196, 0.8645019219168979, 0.8313791639707553, 0.7600595427532829]], "best_fitnesss": [0.8956476013209584, 0.9041382228982158], "prob_mutate": 0.026785714285714284}