{"num_qubits": 5, "depth": 29, "num_circuit": 4, "num_generation": 40, "current_generation": 6, "fitnessss": [[0.7527295394228685, 0.7424127157140169, 0.8096780013867125, 0.7533173842747546], [0.8057864593637888, 0.7481359977249191, 0.7407713629861383, 0.7294305823465266], [0.8057864593637888, 0.7481359977249191, 0.7741043411328377, 0.7711471464995148], [0.7854394236233601, 0.7741043411328377, 0.8025355753352261, 0.8052005608983895], [0.7946368525640264, 0.7096557991378671, 0.7695853444171036, 0.8057864593637888], [0.8057864593637888, 0.7946368525640264, 0.8199684922154595, 0.8052005608983895]], "best_fitnesss": [0.8096780013867125, 0.8057864593637888, 0.8057864593637888, 0.8052005608983895, 0.8057864593637888, 0.8199684922154595], "prob_mutate": 0.02586206896551724}