{"num_qubits": 5, "depth": 14, "num_circuit": 8, "num_generation": 10, "current_generation": 5, "fitnessss": [[0.42309563077643475, 0.41674738971389563, 0.5354972718631315, 0.43050249860206125, 0.45087813604359683, 0.46070107284866335, 0.364868880986771, 0.4088173267860246], [0.4589076216858211, 0.40766392993545564, 0.44455353011581067, 0.43625542194564326, 0.45087813604359683, 0.3926221154382822, 0.45293092300231025, 0.47954900207206136], [0.47954900207206136, 0.5073653098581229, 0.4830015931425674, 0.3564352570031526, 0.45293092300231025, 0.45087813604359683, 0.4672758680256025, 0.48155525783321806], [0.48199135550663835, 0.4855273749593829, 0.4589076216858211, 0.48260259123671834, 0.4813364983690933, 0.47954900207206136, 0.44487154698509046, 0.42170159830800225], [0.4855273749593829, 0.48260259123671834, 0.5111118925462785, 0.4830015931425674, 0.48199135550663835, 0.48812588634635395, 0.41544322076863904, 0.4760822506673258]], "best_fitnesss": [0.5354972718631315, 0.47954900207206136, 0.5073653098581229, 0.4855273749593829, 0.5111118925462785], "prob_mutate": 0.026785714285714284}