{"num_qubits": 4, "depth": 26, "num_circuit": 4, "num_generation": 40, "current_generation": 2, "fitnessss": [[0.8373283486250893, 0.8439922030509465, 0.843563928242202, 0.9022552890301277], [0.9015810400151005, 0.880450105009553, 0.9082564336897183, 0.8725899576076721]], "best_fitnesss": [0.9022552890301277, 0.9082564336897183], "prob_mutate": 0.028846153846153848}