{"num_qubits": 6, "depth": 32, "num_circuit": 32, "num_generation": 30, "current_generation": 2, "fitnessss": [[0.5873689358939007, 0.6233410025330789, 0.6184883059478018, 0.6214736698230988, 0.627762105417687, 0.688469571255309, 0.6338139732422062, 0.5227602874791744, 0.602348251181004, 0.6149073427470115, 0.6312277417469092, 0.654740207816044, 0.6198251396835189, 0.6150699196632777, 0.60316910858468, 0.6032940937754612, 0.6104345324942878, 0.5920921418235237, 0.6063101817843412, 0.6927751819661875, 0.5871626398161535, 0.6252361184909547, 0.6285219393484223, 0.6289355646999473, 0.6208403097144386, 0.5719965253937644, 0.5975180297250688, 0.5760070587138156, 0.5825635920763104, 0.5637400699614126, 0.5987811238706586, 0.6000186909041137], [0.6927751819661875, 0.688469571255309, 0.6656427094347689, 0.6833981902534602, 0.654740207816044, 0.6338139732422062, 0.6607169672674245, 0.6011420385616567, 0.6312277417469092, 0.6057452018012539, 0.6215701489845555, 0.6403722291462662, 0.6285219393484223, 0.627762105417687, 0.6483689337356664, 0.614799489575617, 0.6252361184909547, 0.6233410025330789, 0.5785095602429624, 0.6571174137821056, 0.6214736698230988, 0.6208403097144386, 0.643471112600621, 0.6016223613142876, 0.6198251396835189, 0.6184883059478018, 0.5988371476340085, 0.6406270453094236, 0.6150699196632777, 0.6149073427470115, 0.586110737932187, 0.6175262609714859]], "best_fitnesss": [0.6927751819661875, 0.6927751819661875], "prob_mutate": 0.0029296875}