{"num_qubits": 5, "depth": 35, "num_circuit": 4, "num_generation": 20, "current_generation": 2, "fitnessss": [[0.7954427637930103, 0.8571082914671875, 0.8188130488340144, 0.7595400345381196], [0.8571082914671875, 0.8188130488340144, 0.8734735649805867, 0.8030403409482574]], "best_fitnesss": [0.8571082914671875, 0.8734735649805867], "prob_mutate": 0.02142857142857143}