{"num_qubits": 2, "depth": 9, "num_circuit": 32, "num_generation": 50, "current_generation": 3, "fitnessss": [[0.8258661144559156, 0.8093006024337412, 0.9409940800405181, 0.870462689877997, 0.5001060453023644, 0.7523435858502522, 0.8854577355201527, 0.8341211196462961, 0.9030113617391038, 0.741144493967189, 0.956648127445815, 0.6924830577583263, 0.7882739063006108, 0.7936780467021772, 0.9179380050919533, 0.8927899890073216, 0.7406674294404718, 0.8836951525345936, 0.7338130728473612, 0.7971989332922013, 0.7326950349041905, 0.686608456468743, 0.4772964208600182, 0.8977561265122407, 0.8686922333380697, 0.8745415529536199, 0.9351224189131934, 0.8006655553813673, 0.9191420704259883, 0.6872493412474728, 0.7191953457735898, 0.9160371927762142], [0.956648127445815, 0.9409940800405181, 0.8868963584540295, 0.8825361271719139, 0.9351224189131934, 0.9191420704259883, 0.9194799775376593, 0.9378307776020958, 0.9179380050919533, 0.9160371927762142, 0.8956198864782774, 0.871849260570688, 0.9030113617391038, 0.8977561265122407, 0.9343393024486112, 0.9239382320278576, 0.8927899890073216, 0.8854577355201527, 0.9443291285383044, 0.7765673201026481, 0.8836951525345936, 0.8745415529536199, 0.9462850612817698, 0.8388479832772795, 0.870462689877997, 0.8686922333380697, 0.8250183459906205, 0.8918092123442486, 0.8341211196462961, 0.8258661144559156, 0.7882117127036101, 0.8851210656946209], [0.956648127445815, 0.9462850612817698, 0.9614415423998036, 0.9309123238289614, 0.9232831601846913, 0.9362374156972555, 0.9061647214561338, 0.8990776469880937, 0.9057195376587585, 0.9351224189131934, 0.9378307776020958, 0.9351224189131934, 0.9343393024486112, 0.9239382320278576, 0.8906644694322209, 0.8977561265122407, 0.9194799775376593, 0.9191420704259883, 0.9194799775376593, 0.9191420704259883, 0.9179380050919533, 0.9160371927762142, 0.8956198864782774, 0.871849260570688, 0.9030113617391038, 0.8977561265122407, 0.9452655301611564, 0.9239382320278576, 0.8956198864782774, 0.9012695553250893, 0.8699828164113926, 0.848246694130727]], "best_fitnesss": [0.956648127445815, 0.956648127445815, 0.9614415423998036], "prob_mutate": 0.010416666666666666}