{"num_qubits": 4, "depth": 6, "num_circuit": 8, "num_generation": 20, "current_generation": 20, "fitnessss": [[0.30343198599156845, 0.38306254535627643, 0.2812342409984714, 0.3360913178359354, 0.24062861712241404, 0.4330635958713799, 0.40023063002320497, 0.3131317772049213], [0.39653403998824643, 0.40023063002320497, 0.3792155561247801, 0.406011959608093, 0.38306254535627643, 0.3099185403032688, 0.4216490101210296, 0.22797069693596855], [0.4216490101210296, 0.406011959608093, 0.40163211106437924, 0.2637983401106564, 0.4470189725759705, 0.39653403998824643, 0.41986465638625675, 0.34007453693217315], [0.3442896464709607, 0.43860985388636725, 0.3513838251471917, 0.4561623408454543, 0.33795004604204204, 0.406011959608093, 0.406011959608093, 0.41986465638625675], [0.4561623408454543, 0.43860985388636725, 0.4216490101210296, 0.4267808612694711, 0.41986465638625675, 0.406011959608093, 0.406011959608093, 0.41986465638625675], [0.44367741827029555, 0.43860985388636725, 0.4216490101210296, 0.43891206452538595, 0.4267808612694711, 0.4216490101210296, 0.43860985388636725, 0.4561623408454543], [0.4471292950262919, 0.44367741827029555, 0.44367741827029555, 0.4561623408454543, 0.43891206452538595, 0.43860985388636725, 0.4034224807346659, 0.4267808612694711], [0.4561623408454543, 0.48449099177773675, 0.4561623408454543, 0.4471292950262919, 0.45151722553937423, 0.44367741827029555, 0.4682901467447884, 0.44367741827029555], [0.48449099177773675, 0.4682901467447884, 0.4376168906129291, 0.4666109679628628, 0.529873813833088, 0.36910487138564807, 0.4561623408454543, 0.4561623408454543], [0.529873813833088, 0.48449099177773675, 0.529873813833088, 0.48449099177773675, 0.4682901467447884, 0.4666109679628628, 0.4666109679628628, 0.4682901467447884], [0.529873813833088, 0.529873813833088, 0.529873813833088, 0.529873813833088, 0.3141407555340051, 0.48449099177773675, 0.48449099177773675, 0.48449099177773675], [0.529873813833088, 0.529873813833088, 0.529873813833088, 0.529873813833088, 0.529873813833088, 0.529873813833088, 0.529873813833088, 0.4478899907196713], [0.529873813833088, 0.529873813833088, 0.47146705123984256, 0.4230741932753645, 0.529873813833088, 0.529873813833088, 0.529873813833088, 0.529873813833088], [0.36910487138564807, 0.529873813833088, 0.36910487138564807, 0.529873813833088, 0.529873813833088, 0.529873813833088, 0.529873813833088, 0.529873813833088], [0.529873813833088, 0.529873813833088, 0.529873813833088, 0.529873813833088, 0.4021219643770354, 0.529873813833088, 0.529873813833088, 0.4760979054729268], [0.529873813833088, 0.529873813833088, 0.529873813833088, 0.529873813833088, 0.529873813833088, 0.40592290732557, 0.529873813833088, 0.529873813833088], [0.529873813833088, 0.529873813833088, 0.529873813833088, 0.529873813833088, 0.48537579127769953, 0.36910487138564807, 0.529873813833088, 0.4417752296644932], [0.32847555197634104, 0.529873813833088, 0.32927856992508076, 0.4446988871321059, 0.529873813833088, 0.529873813833088, 0.41042838361136325, 0.529873813833088], [0.4231127528801458, 0.529873813833088, 0.529873813833088, 0.529873813833088, 0.529873813833088, 0.529873813833088, 0.43606707373363546, 0.529873813833088], [0.529873813833088, 0.529873813833088, 0.36910487138564807, 0.529873813833088, 0.529873813833088, 0.529873813833088, 0.529873813833088, 0.4737928484073361]], "best_fitnesss": [0.4330635958713799, 0.4216490101210296, 0.4470189725759705, 0.4561623408454543, 0.4561623408454543, 0.4561623408454543, 0.4561623408454543, 0.48449099177773675, 0.529873813833088, 0.529873813833088, 0.529873813833088, 0.529873813833088, 0.529873813833088, 0.529873813833088, 0.529873813833088, 0.529873813833088, 0.529873813833088, 0.529873813833088, 0.529873813833088, 0.529873813833088], "prob_mutate": 0.0625}