{"num_qubits": 5, "depth": 5, "num_circuit": 4, "num_generation": 10, "current_generation": 10, "fitnessss": [[0.18196977264628264, 0.2247896468554574, 0.15023567233518562, 0.11817741004076412], [0.19830511859362684, 0.18336350859609768, 0.17740569638219297, 0.20996539089846505], [0.20996539089846505, 0.19830511859362684, 0.1819833544247942, 0.2247896468554574], [0.23327343644652423, 0.20996539089846505, 0.2518380311819598, 0.20996539089846505], [0.2008479897530604, 0.21393445266380812, 0.23327343644652423, 0.2518380311819598], [0.2176077726344034, 0.13087041798547466, 0.23327343644652423, 0.14670358058392946], [0.23327343644652423, 0.2176077726344034, 0.18870604355972503, 0.1419563410571783], [0.23327343644652423, 0.1763482238148772, 0.2518380311819598, 0.221385175836194], [0.2011069419519267, 0.23327343644652423, 0.08402227278534055, 0.2518380311819598], [0.22026664732001552, 0.23327343644652423, 0.23327343644652423, 0.0857264188574626]], "best_fitnesss": [0.2247896468554574, 0.20996539089846505, 0.2247896468554574, 0.2518380311819598, 0.2518380311819598, 0.23327343644652423, 0.23327343644652423, 0.2518380311819598, 0.2518380311819598, 0.23327343644652423], "prob_mutate": 0.15}