{"num_qubits": 4, "depth": 9, "num_circuit": 16, "num_generation": 20, "current_generation": 20, "fitnessss": [[0.29931376124190123, 0.27778554957598156, 0.3124393458989172, 0.36017384473333325, 0.2840865983054448, 0.13555384920295643, 0.3146266277823161, 0.15429881183474858, 0.15266275578591038, 0.18178151995492564, 0.13921075329031551, 0.12739250462120622, 0.418684928502173, 0.228494758593499, 0.38030476901373766, 0.2806536186722558], [0.418684928502173, 0.38030476901373766, 0.2940032762426018, 0.26451512986506864, 0.36017384473333325, 0.3146266277823161, 0.281839100179086, 0.33712146212640026, 0.580287814648339, 0.29931376124190123, 0.21944783164318238, 0.3274305337148915, 0.3242071850572389, 0.23361241287635548, 0.31951425885860496, 0.1723163394761238], [0.580287814648339, 0.418684928502173, 0.4061350832947501, 0.6060727579888396, 0.38030476901373766, 0.36017384473333325, 0.4213866928085065, 0.6150109985398081, 0.33712146212640026, 0.4178801554642503, 0.434550165807974, 0.36015939067467184, 0.3242071850572389, 0.31951425885860496, 0.25827721644985235, 0.2840865983054448], [0.6150109985398081, 0.6060727579888396, 0.35371105488442844, 0.2940032762426018, 0.6095133046164684, 0.434550165807974, 0.2754312504582268, 0.42578271694978986, 0.4213866928085065, 0.418684928502173, 0.26451512986506864, 0.28690711393427115, 0.3125651413797508, 0.4061350832947501, 0.25130595515924503, 0.1827501474498966], [0.6150109985398081, 0.6095133046164684, 0.247834807908192, 0.31523550933006406, 0.6060727579888396, 0.434550165807974, 0.6061416611866713, 0.42578271694978986, 0.42578271694978986, 0.21165092616930803, 0.43419512413462547, 0.23312967682182362, 0.418684928502173, 0.39950948853125934, 0.418684928502173, 0.4061350832947501], [0.6150109985398081, 0.6095133046164684, 0.35371105488442844, 0.24517584747994603, 0.6061416611866713, 0.2784267343730191, 0.6060727579888396, 0.6061416611866713, 0.434550165807974, 0.43419512413462547, 0.43419512413462547, 0.434550165807974, 0.42578271694978986, 0.42578271694978986, 0.42578271694978986, 0.42578271694978986], [0.6150109985398081, 0.6095133046164684, 0.35371105488442844, 0.31523550933006406, 0.39005015634347606, 0.6061416611866713, 0.3352138654931893, 0.6061416611866713, 0.6060727579888396, 0.434550165807974, 0.6061416611866713, 0.42578271694978986, 0.434550165807974, 0.43419512413462547, 0.43419512413462547, 0.434550165807974], [0.6150109985398081, 0.6095133046164684, 0.35371105488442844, 0.31523550933006406, 0.6061416611866713, 0.3766997133783605, 0.6061416611866713, 0.6061416611866713, 0.6061416611866713, 0.24069922809112276, 0.6060727579888396, 0.6061416611866713, 0.434550165807974, 0.434550165807974, 0.434550165807974, 0.434550165807974], [0.6150109985398081, 0.6095133046164684, 0.35371105488442844, 0.36901963759082057, 0.6061416611866713, 0.6061416611866713, 0.6061416611866713, 0.6061416611866713, 0.6061416611866713, 0.6061416611866713, 0.6061416611866713, 0.6061416611866713, 0.6061416611866713, 0.6060727579888396, 0.6060727579888396, 0.6061416611866713], [0.6150109985398081, 0.6095133046164684, 0.35371105488442844, 0.31523550933006406, 0.6061416611866713, 0.6061416611866713, 0.6061416611866713, 0.6061416611866713, 0.6061416611866713, 0.6061416611866713, 0.6061416611866713, 0.6061416611866713, 0.6061416611866713, 0.6061416611866713, 0.6061416611866713, 0.6061416611866713], [0.44046033710799626, 0.6095133046164684, 0.35371105488442844, 0.31523550933006406, 0.3705506570678727, 0.6061416611866713, 0.6061416611866713, 0.350774231071018, 0.6061416611866713, 0.32830123196921135, 0.6061416611866713, 0.6061416611866713, 0.6061416611866713, 0.6061416611866713, 0.6061416611866713, 0.6061416611866713], [0.6095133046164684, 0.6061416611866713, 0.48828177060301625, 0.6060727579888396, 0.25975467985103506, 0.6061416611866713, 0.6061416611866713, 0.6061416611866713, 0.3342353941730032, 0.6061416611866713, 0.6061416611866713, 0.2569222187471263, 0.6061416611866713, 0.2917470898196485, 0.6061416611866713, 0.4411648401920505], [0.6095133046164684, 0.6061416611866713, 0.285558836348487, 0.6060727579888396, 0.6061416611866713, 0.6061416611866713, 0.5580499331987914, 0.6061416611866713, 0.6061416611866713, 0.6061416611866713, 0.6061416611866713, 0.6061416611866713, 0.6061416611866713, 0.6061416611866713, 0.6061416611866713, 0.6061416611866713], [0.6095133046164684, 0.6061416611866713, 0.285558836348487, 0.6060727579888396, 0.6061416611866713, 0.6061416611866713, 0.6061416611866713, 0.6061416611866713, 0.32917692425031364, 0.6061416611866713, 0.6061416611866713, 0.6061416611866713, 0.6061416611866713, 0.6061416611866713, 0.6061416611866713, 0.6061416611866713], [0.45844874377259204, 0.6061416611866713, 0.285558836348487, 0.6060727579888396, 0.6061416611866713, 0.6061416611866713, 0.6061416611866713, 0.6061416611866713, 0.6061416611866713, 0.6061416611866713, 0.6061416611866713, 0.6061416611866713, 0.6061416611866713, 0.6061416611866713, 0.6061416611866713, 0.6061416611866713], [0.6061416611866713, 0.6061416611866713, 0.1314556730889912, 0.6061416611866713, 0.6061416611866713, 0.6061416611866713, 0.6061416611866713, 0.6061416611866713, 0.6061416611866713, 0.6061416611866713, 0.6061416611866713, 0.6061416611866713, 0.6061416611866713, 0.6061416611866713, 0.6061416611866713, 0.6061416611866713], [0.6061416611866713, 0.6061416611866713, 0.6061416611866713, 0.6061416611866713, 0.6061416611866713, 0.6061416611866713, 0.6061416611866713, 0.6061416611866713, 0.6061416611866713, 0.2392471750408205, 0.6061416611866713, 0.6061416611866713, 0.6061416611866713, 0.30992215889606634, 0.6061416611866713, 0.6061416611866713], [0.4846087166515616, 0.6061416611866713, 0.6061416611866713, 0.6061416611866713, 0.1861026441138003, 0.6061416611866713, 0.6061416611866713, 0.6061416611866713, 0.6061416611866713, 0.6061416611866713, 0.6061416611866713, 0.4990823597261025, 0.6061416611866713, 0.6061416611866713, 0.6061416611866713, 0.6061416611866713], [0.6061416611866713, 0.6061416611866713, 0.6061416611866713, 0.6061416611866713, 0.6061416611866713, 0.1892756750641027, 0.6061416611866713, 0.6061416611866713, 0.6061416611866713, 0.6061416611866713, 0.6061416611866713, 0.6061416611866713, 0.6061416611866713, 0.6061416611866713, 0.6061416611866713, 0.6061416611866713], [0.6061416611866713, 0.6061416611866713, 0.6061416611866713, 0.6061416611866713, 0.5081966799186405, 0.35960238999179195, 0.6061416611866713, 0.6061416611866713, 0.6061416611866713, 0.6061416611866713, 0.6061416611866713, 0.6061416611866713, 0.6061416611866713, 0.6061416611866713, 0.6061416611866713, 0.47357949481567585]], "best_fitnesss": [0.418684928502173, 0.580287814648339, 0.6150109985398081, 0.6150109985398081, 0.6150109985398081, 0.6150109985398081, 0.6150109985398081, 0.6150109985398081, 0.6150109985398081, 0.6150109985398081, 0.6095133046164684, 0.6095133046164684, 0.6095133046164684, 0.6095133046164684, 0.6061416611866713, 0.6061416611866713, 0.6061416611866713, 0.6061416611866713, 0.6061416611866713, 0.6061416611866713], "prob_mutate": 0.020833333333333332}