{"num_qubits": 6, "depth": 23, "num_circuit": 8, "num_generation": 10, "current_generation": 9, "fitnessss": [[0.42182032695453076, 0.4925103415171182, 0.4402372063975556, 0.49863038061561904, 0.47521821680844545, 0.4342365594024809, 0.4970418763881993, 0.3924465405385681], [0.49863038061561904, 0.4970418763881993, 0.4681737447105781, 0.47619492039051253, 0.4925103415171182, 0.47521821680844545, 0.4748768223594288, 0.4726684587876969], [0.49863038061561904, 0.5387489379908607, 0.4681737447105781, 0.48771107789259316, 0.4925103415171182, 0.49092575373318714, 0.43545903951442233, 0.48753685942209846], [0.5049477376779564, 0.49863038061561904, 0.4601791876578112, 0.519718451047035, 0.4925103415171182, 0.49092575373318714, 0.48934758421269997, 0.48753685942209846], [0.519718451047035, 0.5049477376779564, 0.5173195342026784, 0.49920044105215655, 0.4709454850443039, 0.4925103415171182, 0.5192098804461559, 0.43545903951442233], [0.519718451047035, 0.5192098804461559, 0.4933602472535322, 0.5335654944336398, 0.5173195342026784, 0.46277966906237217, 0.5275266841921898, 0.4780579018692552], [0.5335654944336398, 0.5275266841921898, 0.5095409657324452, 0.519718451047035, 0.519718451047035, 0.5192098804461559, 0.4933602472535322, 0.5279846646656026], [0.5335654944336398, 0.5279846646656026, 0.5279846646656026, 0.5355993292514424, 0.5275266841921898, 0.519718451047035, 0.518779409941187, 0.5275266841921898], [0.5355993292514424, 0.5335654944336398, 0.5335654944336398, 0.5355993292514424, 0.5279846646656026, 0.5279846646656026, 0.5279846646656026, 0.545256357486522]], "best_fitnesss": [0.49863038061561904, 0.49863038061561904, 0.5387489379908607, 0.519718451047035, 0.519718451047035, 0.5335654944336398, 0.5335654944336398, 0.5355993292514424, 0.545256357486522], "prob_mutate": 0.016304347826086956}