{"num_qubits": 4, "depth": 20, "num_circuit": 16, "num_generation": 30, "current_generation": 3, "fitnessss": [[0.8376885933735349, 0.7946492078669259, 0.8039837152872229, 0.7934330007807234, 0.8183376591562774, 0.8569903814908824, 0.6977165868897697, 0.7275320112364337, 0.6732767699931143, 0.824775589879903, 0.8225256884918553, 0.7957924283533673, 0.8398355017142819, 0.8124483398961514, 0.7868413879716898, 0.7900788792660881], [0.8569903814908824, 0.8398355017142819, 0.7857437195626022, 0.8384429698416499, 0.8376885933735349, 0.824775589879903, 0.7996185548944256, 0.8322646207979671, 0.8225256884918553, 0.8183376591562774, 0.8015809404171641, 0.7596934668521144, 0.8124483398961514, 0.8039837152872229, 0.7348769449382463, 0.8515219667511833], [0.8569903814908824, 0.8515219667511833, 0.8511095106757957, 0.8698195724877609, 0.8398355017142819, 0.8384429698416499, 0.8384429698416499, 0.8398355017142819, 0.8376885933735349, 0.8322646207979671, 0.8345929899005942, 0.8322646207979671, 0.824775589879903, 0.8225256884918553, 0.8179963983308847, 0.8187689465521902]], "best_fitnesss": [0.8569903814908824, 0.8569903814908824, 0.8698195724877609], "prob_mutate": 0.009375}