{"num_qubits": 5, "depth": 23, "num_circuit": 16, "num_generation": 40, "current_generation": 3, "fitnessss": [[0.6664421525562643, 0.6162016717203385, 0.5785853677957422, 0.6791283839294533, 0.698700760085387, 0.5880820132481681, 0.6772561621114158, 0.661791778612453, 0.670115857663431, 0.6196752531266644, 0.6358595037511606, 0.5541787409255344, 0.7454848710469424, 0.5383660174754563, 0.6654656169240575, 0.6587542178405499], [0.7183143950508812, 0.698700760085387, 0.6930332493581658, 0.7090580473474516, 0.6791283839294533, 0.6316320360743637, 0.7048542493550085, 0.6955405439007397, 0.670115857663431, 0.6664421525562643, 0.6834156007918525, 0.6671772947996526, 0.6654656169240575, 0.661791778612453, 0.6797293360369648, 0.6730980184764932], [0.7183143950508812, 0.7090580473474516, 0.7454848710469424, 0.7463149661352066, 0.7048542493550085, 0.698700760085387, 0.6412092717242099, 0.694016103986119, 0.6955405439007397, 0.6930332493581658, 0.6781676368951967, 0.7142742018303987, 0.6834156007918525, 0.6797293360369648, 0.6570514113585049, 0.6743186958458953]], "best_fitnesss": [0.7454848710469424, 0.7183143950508812, 0.7463149661352066], "prob_mutate": 0.008152173913043478}