{"num_qubits": 6, "depth": 31, "num_circuit": 32, "num_generation": 20, "current_generation": 2, "fitnessss": [[0.5910298447791469, 0.5893894668760191, 0.5932946868144626, 0.5602172470290055, 0.5479133470388821, 0.6269100672467518, 0.5998886450808125, 0.5974127131529703, 0.5545768443236719, 0.5868866684230348, 0.6684193672281509, 0.5713114145321436, 0.6303261016829349, 0.5800489490196556, 0.5872240594215802, 0.6116211255688349, 0.6372459105302684, 0.6084775056677989, 0.4995984412699793, 0.6244686991151109, 0.6004091792757935, 0.6425420573608142, 0.6055801296231016, 0.629280098593318, 0.6004609963474203, 0.560020201052317, 0.568941450710702, 0.5867056152012372, 0.6318802098545936, 0.5867166246932567, 0.5812851073866517, 0.637221646961477], [0.6684193672281509, 0.6425420573608142, 0.6423344699676915, 0.6480843906472729, 0.6372459105302684, 0.637221646961477, 0.6456181832166599, 0.5771297286445891, 0.6318802098545936, 0.6303261016829349, 0.6008260638542215, 0.5962587430492208, 0.629280098593318, 0.6269100672467518, 0.5809056062425639, 0.6438442897827255, 0.6244686991151109, 0.6116211255688349, 0.6090703771638099, 0.5607888541732264, 0.6084775056677989, 0.6082125935202265, 0.6024431813502494, 0.6088928759102401, 0.6004609963474203, 0.6004091792757935, 0.6134877150646881, 0.5907227561487135, 0.5998886450808125, 0.5974127131529703, 0.6204781793172167, 0.5875577738377882]], "best_fitnesss": [0.6684193672281509, 0.6684193672281509], "prob_mutate": 0.0030241935483870967}