{"num_qubits": 2, "depth": 8, "num_circuit": 16, "num_generation": 40, "current_generation": 1, "fitnessss": [[0.7382030340285801, 0.7615367794476151, 0.8568453278395436, 0.5296828556366108, 0.7796914201581935, 0.9297858884520226, 0.9041398680402629, 0.8725312212062459, 0.7474702931343988, 0.7968283471914684, 0.8457160975287896, 0.805685475002371, 0.856449622637111, 0.8988363223485696, 0.9245199468200734, 0.739429704837749]], "best_fitnesss": [0.9297858884520226], "prob_mutate": 0.0234375}