{"num_qubits": 5, "depth": 10, "num_circuit": 8, "num_generation": 50, "current_generation": 9, "fitnessss": [[0.3375770231493939, 0.28018684506754454, 0.2552259947515622, 0.2940565317637195, 0.3392871118856629, 0.25666529619001255, 0.3086923314095212, 0.3196051220400715], [0.3392871118856629, 0.3306220488422064, 0.29376297275431995, 0.3727613551186115, 0.3123474440574814, 0.32516234700417507, 0.3224603240186466, 0.2855702511351076], [0.3727613551186115, 0.3392871118856629, 0.3727613551186115, 0.37008019771173406, 0.33596316317638836, 0.3504311407497919, 0.36668558946339863, 0.2946014678271084], [0.3485365079853493, 0.3392558004899976, 0.3727613551186115, 0.3727613551186115, 0.37008019771173406, 0.348276980864325, 0.3039852107033438, 0.3727613551186115], [0.3727613551186115, 0.32994954676991517, 0.3727613551186115, 0.32178159927704747, 0.38542893052989796, 0.3304505069564776, 0.3727613551186115, 0.37008019771173406], [0.38542893052989796, 0.3417048658682046, 0.332339669024545, 0.3727613551186115, 0.38858530623878634, 0.3727613551186115, 0.34576603618196644, 0.3727613551186115], [0.38858530623878634, 0.3292050729884136, 0.3727613551186115, 0.39610204288874395, 0.3727613551186115, 0.3727613551186115, 0.34471585099677393, 0.3727613551186115], [0.39610204288874395, 0.38858530623878634, 0.39610204288874395, 0.3437345567712283, 0.3727613551186115, 0.38124729858799355, 0.3270870453373752, 0.3727613551186115], [0.39610204288874395, 0.39610204288874395, 0.39610204288874395, 0.39610204288874395, 0.38858530623878634, 0.3462911984259141, 0.36875168625483756, 0.3488948490553721]], "best_fitnesss": [0.3392871118856629, 0.3727613551186115, 0.3727613551186115, 0.3727613551186115, 0.38542893052989796, 0.38858530623878634, 0.39610204288874395, 0.39610204288874395, 0.39610204288874395], "prob_mutate": 0.0375}