{"num_qubits": 6, "depth": 24, "num_circuit": 32, "num_generation": 30, "current_generation": 4, "fitnessss": [[0.46665934779292667, 0.520658843747492, 0.4987248100911191, 0.4560117289953351, 0.440303255326143, 0.475134697335341, 0.5060938904690494, 0.43799390871933375, 0.41854424158295284, 0.44848362805816755, 0.49332021415364224, 0.49320684165460493, 0.43267680330825725, 0.488568868446691, 0.3682196821816352, 0.4512334132450788, 0.4363600674598098, 0.5243181732534278, 0.4298991225453368, 0.4749754505710345, 0.46339950243764205, 0.5078392485573436, 0.4654388452740893, 0.5074573353760948, 0.5131271346286657, 0.4467760136414295, 0.5114158748253768, 0.48295145309484216, 0.49715552816412023, 0.523150521547332, 0.465074356460894, 0.47472449318460913], [0.5243181732534278, 0.49168554241085216, 0.4740825965612398, 0.5214502929664768, 0.520658843747492, 0.5131271346286657, 0.5196044329281426, 0.5044823126263426, 0.5114158748253768, 0.5078392485573436, 0.48317250022712555, 0.5427836875881586, 0.5074573353760948, 0.5060938904690494, 0.5024157740806264, 0.4675257876674216, 0.4987248100911191, 0.5344260198125589, 0.5197454403096977, 0.5037517122314064, 0.49332021415364224, 0.49320684165460493, 0.48043069714414977, 0.5259980673505723, 0.488568868446691, 0.4620993141874571, 0.5333420989198627, 0.43826059222220815, 0.475134697335341, 0.4749754505710345, 0.5245837365712831, 0.44433132502275613], [0.5427836875881586, 0.5344260198125589, 0.5496377362333413, 0.5004289606917145, 0.5489351044752413, 0.49350168498778835, 0.5203797449921154, 0.4945274670362082, 0.5245837365712831, 0.5243181732534278, 0.47787930756211666, 0.5276623926560042, 0.5214502929664768, 0.520658843747492, 0.5269187439521454, 0.49477013627927907, 0.5197454403096977, 0.5196044329281426, 0.4808023777474076, 0.545178930296961, 0.49752592427889847, 0.5114158748253768, 0.5165965496721008, 0.4760796354688367, 0.5078392485573436, 0.48992290449039155, 0.4895321193228435, 0.4752563269505141, 0.5060938904690494, 0.5044823126263426, 0.4514896130830941, 0.5335019580507986], [0.5496377362333413, 0.5489351044752413, 0.5504538482632368, 0.5361080093779913, 0.545178930296961, 0.5427836875881586, 0.5289159505462532, 0.5404446765947946, 0.5344260198125589, 0.5335019580507986, 0.472132237504656, 0.5021648132173735, 0.5276623926560042, 0.5269187439521454, 0.49041434920308163, 0.5371730329480442, 0.5245837365712831, 0.5243181732534278, 0.47787930756211666, 0.48292949601415563, 0.5152825674915258, 0.520658843747492, 0.5269187439521454, 0.49477013627927907, 0.5203797449921154, 0.5197454403096977, 0.5389156070622827, 0.4678904848551646, 0.5196044329281426, 0.5165965496721008, 0.5149740916166141, 0.5131271346286657]], "best_fitnesss": [0.5243181732534278, 0.5427836875881586, 0.5496377362333413, 0.5504538482632368], "prob_mutate": 0.00390625}