{"num_qubits": 3, "depth": 12, "num_circuit": 16, "num_generation": 50, "current_generation": 2, "fitnessss": [[0.7679214897608154, 0.6426877866417378, 0.772396354248197, 0.8207487258963269, 0.7708788641751239, 0.4959369044898156, 0.7579803373120878, 0.5250978928992793, 0.6850710394736175, 0.7194060201854692, 0.8291528537837924, 0.8008858843027591, 0.7858676812582625, 0.6349545892343146, 0.7069613161303699, 0.7573431587919719], [0.8291528537837924, 0.8207487258963269, 0.8011573299276293, 0.7890594063610052, 0.6542575087784765, 0.7858676812582625, 0.6878964402322346, 0.7868261014914872, 0.772396354248197, 0.7708788641751239, 0.8830712446817233, 0.7066265565896899, 0.7679214897608154, 0.7579803373120878, 0.799453497108223, 0.7778600140583528]], "best_fitnesss": [0.8291528537837924, 0.8830712446817233], "prob_mutate": 0.015625}